ENC_ID,class,tile_pixel_xc,tile_pixel_yc,bbox_pixel_xc,bbox_pixel_yc,bbox_local_xc,bbox_local_yc,bbox_width,bbox_height,bbox_rotation
583ea31427e47d3fc4294439f0da2657f3ff16e056faab4af8fda44ddc87c19b,Zigzag,24722160,14386853,24722070,14387376,470,1083,41,74,0.012536807945007394
57c1355caa9e2667822e68c0cc89534ba68dfd73844bf7ba8794bea0518347e5,Zigzag,24701654,14211027,24701573,14210527,479,61,42,76,0.6557172651707484
6d5ea300cd3ea1d0308ee8d2d8c2bf1978bd49243006d920aa26952565be6bc0,Zigzag,24812570,14318888,24812499,14319342,488,1014,42,71,1.444443714140523
dd437698c19aac7fd8b4735dd6fd052e685757dc794e1b37e24f3f025ce4ab4a,Zigzag,24803250,14229764,24803100,14229858,411,654,41,86,0.33829013470667363
49d1ac8c59ba3fed5f02892d4689cdf3af8dbe009311688f5703b6ea91153958,Zigzag,24630817,14156731,24630846,14156476,588,305,37,76,0.29590988741018404
60911c1ae641f3db8b1c751c35f8e04cb28a3f31f01ac9b981c7e2b6d45736ed,Zigzag,24968226,14238082,24967708,14238378,43,856,81,60,0.015262262037459267
fcc56d3225503f5363b16c4228d094537046df151ba60a7a9de79dd8098068f1,Zigzag,24871291,14298219,24871411,14297925,681,266,37,76,0.3239328335329747
e4a6c2d5287f5ac13c78a8ba5e1036677736b4b5f93c36b90359ba88cf8b37bd,FCBK,24775288,14376579,24775159,14376359,431,340,30,64,0.936354456361546
9e0749ec52bd64d29cd3232f5e629be7863ed101d98f9548011f34ba9477c27b,Zigzag,24655051,14141022,24655401,14141401,910,939,85,37,0.5068721931608109
aa78978420df9b4236ad4c8d8a911b8245020f9eb00de3e48576cae917bdf5fc,Zigzag,24708179,14217276,24708112,14216796,493,81,75,44,1.076748252968226
1ded58c306effd516d5b6152a27d495041d8874773649e2f1d4ab101c79c10aa,FCBK,24634545,14208943,24635071,14208536,1086,153,39,90,0.0007369901703448357
3e92c1cd8a762eaaa1eeb6bf0d1989955dabd0c5f23f2055b4f4a2eb2c52f91a,Zigzag,24628953,14232884,24628818,14233079,425,755,75,38,0.2061072632148715
16a188d2900959aed276fabd30fb802075250a92bb3538c08d071168118daaad,Zigzag,24695130,14302356,24694724,14301939,154,143,39,86,1.5556089848884471
9b0a960d68b887e85df6b3c773d868856ca6f12e8e64a018d3ee118cb2e53ffe,FCBK,24701654,14362181,24701930,14361919,835,298,33,76,0.05976896648237686
0880e70238173e65e7d56a34b403422b26eae1b6bbd55e0283502dc1df1154da,Zigzag,24666236,14148356,24666226,14148236,550,441,46,90,0.21632719383232105
20fe52098a73b2d9c90eb1c1d8597abc028593f50c8c81aed36baec4b8a32084,Zigzag,24798589,14202690,24798628,14203194,599,1065,40,77,0.19147107914077086
20fe52098a73b2d9c90eb1c1d8597abc028593f50c8c81aed36baec4b8a32084,Zigzag,24798589,14202690,24798100,14203118,71,989,39,85,0.21694666174663027
fb393abf30a6beef25e8e5683d88992e5464bfbee65822f8158e0ab4ab0516a9,Zigzag,24715635,14204774,24715754,14204672,679,458,43,90,0.23475996371168187
1497768024034d1c9abd7e62d6b010ed0490a41ec75c0b5c2c6003d93d2bda03,Zigzag,24846125,14230804,24846269,14231304,704,1061,47,91,0.2591065657524294
1497768024034d1c9abd7e62d6b010ed0490a41ec75c0b5c2c6003d93d2bda03,Zigzag,24846125,14230804,24846320,14231120,755,876,57,107,0.11041534122971455
1497768024034d1c9abd7e62d6b010ed0490a41ec75c0b5c2c6003d93d2bda03,Zigzag,24846125,14230804,24846549,14230307,984,63,47,99,0.07518307655564649
1497768024034d1c9abd7e62d6b010ed0490a41ec75c0b5c2c6003d93d2bda03,Zigzag,24846125,14230804,24846025,14230667,460,423,36,75,0.05873049594362489
e2d7a1362bfc8ef83c8587cf8b06ffb3410f3f1323ae6ef079b3f1f73d76c2ad,Zigzag,24752918,14184954,24752603,14185215,245,821,49,99,0.3180875944144143
697510923313abcf165847a2b8b3f33dfe1591f2176186b182ecbbbeb751aa28,Zigzag,24566505,14343645,24566934,14343875,989,789,37,80,1.5687747212114174
0610d9b03fabfb457789f0bf7272e98f9a8a951f67fc25735557291a9fd2d260,Zigzag,24707247,14187042,24707295,14186575,608,93,89,48,0.27119343887305175
d172a9fb8fcb4aa46cbde71c95310740ed69ca3d37bd2035854267b04a4a4b07,Zigzag,24702586,14273371,24702287,14272874,261,64,37,74,0.00889319681753438
c15bf3267c5b2ae6c900d27d03eb25bade65af2669116d90b25e42d267d23bbb,FCBK,24708179,14192260,24708154,14192547,535,846,88,39,1.0603188127293637
8e66281db31f34dd41b38e73c72123f9661244ac03e8f5ab40f8bb28a23d11f1,Zigzag,24742665,14297185,24742520,14296850,415,225,38,85,1.4974640556506926
a3a7b359cc26aafeaf93bb084468c54dd428d1813b799e9b49e10c64ac360dd1,Zigzag,24797657,14342615,24797201,14342174,103,119,72,37,1.4614203008253421
4facd2d126d4934a3854aaa2d536fe9d8159100d8b3165ee3eea7526060b7cc9,Zigzag,24641070,14249510,24640532,14249529,22,579,56,47,0.2374931992279438
c447f13dac5944dd426550139905a36804148f448e390023d1ce8cbcdf2142c3,FCBK,24773424,14376579,24773620,14376756,756,737,32,73,0.05640236884105602
138962a6e82dbeb4fe08cf53069181783f63c8dbd79fe2499d18de43d8edfea3,Zigzag,24964497,14241200,24964104,14240761,167,121,52,111,1.5684961545613951
138962a6e82dbeb4fe08cf53069181783f63c8dbd79fe2499d18de43d8edfea3,Zigzag,24964497,14241200,24964683,14241158,746,518,93,53,0.13322390116191413
138962a6e82dbeb4fe08cf53069181783f63c8dbd79fe2499d18de43d8edfea3,Zigzag,24964497,14241200,24964497,14241037,560,397,96,51,0.013297274634576821
c31fb57251c4f1808fd65ea8493883aae0f2a4fc01f9ffb2ea36cb7d587696e7,FCBK,24710975,14361152,24710975,14361038,560,445,34,84,0.15406456814087008
83d53fd90f7c0cd5a56e85b2d7174f919572974cb1fd4690451fd19528191184,Zigzag,24666236,14416602,24666526,14417030,850,989,92,42,0.29439062058732113
4c9bc179819f4eac8f5de429687e3b02313e88652970076c1ac47fb7da3b2f47,Zigzag,24751986,14218317,24752278,14218196,852,439,48,88,0.19196048492534334
31aef5ea2ea413ad8e49382b2ce4923117f6ac774322050ff1a61cad827de4a8,Zigzag,24702586,14383772,24702667,14383812,641,600,43,93,0.12373485846088002
d8af7723eed75b5cc4c2a1b7c540f479cdf0bb5ddce3de2da380e83d70f830ba,Zigzag,24740801,14347767,24740405,14348163,164,957,70,33,0.009198148527997168
7be3abc1e3cbeffdcc13eeac6c732ca98b97dbc3febfb194cfb0382b3f7ef460,Zigzag,24771559,14232884,24771898,14233117,899,793,43,97,0.23414810245123613
556c59286dc25436dc95b3ec70187022751fb52216bedfd1d155ec4cd4b42e90,Zigzag,24911370,14231844,24911415,14232310,605,1026,37,80,1.568941568253711
e12eda9cc38f70a5561d9bd48c2848bbd1d14dfe4337635a55c68e83508fb429,Zigzag,24835872,14335398,24836014,14335141,702,303,80,43,0.10232583961578755
e12eda9cc38f70a5561d9bd48c2848bbd1d14dfe4337635a55c68e83508fb429,Zigzag,24835872,14335398,24836193,14335606,881,768,41,83,0.03141108624061671
e12eda9cc38f70a5561d9bd48c2848bbd1d14dfe4337635a55c68e83508fb429,Zigzag,24835872,14335398,24836043,14335300,731,462,88,49,1.4795906494687894
e12eda9cc38f70a5561d9bd48c2848bbd1d14dfe4337635a55c68e83508fb429,Zigzag,24835872,14335398,24836077,14334900,765,62,89,44,0.0017197399149592209
5729e65ccf92ab855d2005fc12cfbbc665be934b7be0dca838fe233346fdbe42,Zigzag,24735209,14206859,24734832,14206768,183,469,34,82,0.3688441491294756
326666c6caeb217b4aff034f5ea5c16251b135e7c5fa9576bdf18670b6a75772,Zigzag,24751986,14211027,24751731,14210937,305,470,48,91,0.3513038711104276
e91e1049e1d313f764fda5105e4ea6bdf40bfeba259b7c50d593781287280056,Zigzag,24728684,14300288,24728720,14300016,595,289,75,43,0.4913621759987848
4afea3f0a9db947b47f104ed337153c9e16498b97db6cb055f697880840b5281,Zigzag,24713771,14363210,24714159,14362726,948,76,80,40,0.15840616986321496
20433acd0f7e69d9d93039a7461823424daa1e47e77c9c5da6873e832cc267fc,Zigzag,24815367,14208943,24815342,14208719,535,336,92,49,0.16315734911645718
e874a1549095777a43c5ddaede5b70b8f299e42919a541044a03891ad8fbd64e,Zigzag,24792997,14276480,24792760,14276622,323,703,44,98,0.13997699525132573
a4ddcd6e6a8406418ad0268c59853442a8668216d2666f96a39edd0c6ec30a18,Zigzag,24779948,14284766,24779566,14284877,178,671,39,84,0.10450540394142202
a4ddcd6e6a8406418ad0268c59853442a8668216d2666f96a39edd0c6ec30a18,Zigzag,24779948,14284766,24779454,14285081,66,875,84,42,1.5656795953925273
0f660c9ec2e0195a882a72367b06a20c1a26edc00bc7128bd2f061095367945c,Zigzag,24903913,14331273,24903744,14330876,391,163,76,41,0.4824375237117658
efe1c5fc42e633e9861f6c525284f2d6d82d95c3207aeb68d93155d7f41fa188,Zigzag,24787405,14248472,24787047,14248786,202,874,41,79,0.002286735493489822
2a1c80f3d12d7b7407010980dc3eb76c213f82417b2fe9070a0da802861c5e59,Zigzag,24869427,14241200,24869600,14241466,734,826,93,54,0.3321433258841754
9a7af632ecdb75fc891f21c553258190f8dd103c585883272ed13e76853f3c2c,Zigzag,24665304,14266114,24665180,14266348,436,794,34,67,0.26297846908226835
3cc2eed769b1c8b527ae09be2c5d277d3b77a43ac8727c273d44c70e8b5aabcd,Zigzag,24724956,14194347,24725061,14193877,665,91,43,82,0.115107090378756
ec5858a9d3c89938f1d5d43f2b0152136f9d5af211bf073defff3729c0f15e1b,Zigzag,24760375,14211027,24759979,14211234,165,768,77,33,0.49967736387033923
4e2c6464533b1c3719300af0812489c007ac3a85ea8a20ea8dfe817171fed94f,Zigzag,24640138,14254701,24639968,14254743,390,601,89,42,0.05901195045895422
9fcbbe92ad5c3865c28716a81bbb54eeaa4eba085ff45ad3b94f2cb730b5da30,Zigzag,24817231,14316823,24817132,14316729,461,466,38,71,0.21465394636418106
39c26804f80ff39e6ec1f1619dcfb6e2c1ed5ff55fcac331431800d82c92f36d,Zigzag,24902049,14346737,24901665,14346788,176,612,90,41,0.025999800899306303
0b9dc46575911680339ca533e0c4df97fcf97257b3c4a54c13108faffe99ba05,Zigzag,24649459,14334367,24649328,14334201,429,394,40,82,0.15470765496509695
9a3cfb35cf44d087e4403f07a79ff834be470f7481c13101920499f9dc7f16d6,Zigzag,24815367,14390961,24815100,14391136,293,735,46,83,0.6075673126621157
2be0e583eec2aeaef5acee61ba5b9b761f78f4333106cfbb4210085c8d5ef3d8,Zigzag,24864766,14249510,24865118,14249336,912,386,47,88,0.1942417154255916
2be0e583eec2aeaef5acee61ba5b9b761f78f4333106cfbb4210085c8d5ef3d8,Zigzag,24864766,14249510,24864927,14249703,721,753,42,87,0.008353865605049951
f466f434bc01d33961925d2f860e66d4c26c9f8db0df82b1f55521453f66b05a,Zigzag,24696062,14301322,24696271,14301126,769,364,84,43,0.10569932402523975
f466f434bc01d33961925d2f860e66d4c26c9f8db0df82b1f55521453f66b05a,Zigzag,24696062,14301322,24695699,14301182,197,420,85,46,0.05708362625384431
f466f434bc01d33961925d2f860e66d4c26c9f8db0df82b1f55521453f66b05a,Zigzag,24696062,14301322,24696109,14301755,607,993,44,83,1.509157330206958
f466f434bc01d33961925d2f860e66d4c26c9f8db0df82b1f55521453f66b05a,Zigzag,24696062,14301322,24696586,14301010,1084,248,74,40,0.5658577491966489
f466f434bc01d33961925d2f860e66d4c26c9f8db0df82b1f55521453f66b05a,Zigzag,24696062,14301322,24696549,14301426,1047,665,97,47,0.048065388821644205
f466f434bc01d33961925d2f860e66d4c26c9f8db0df82b1f55521453f66b05a,Zigzag,24696062,14301322,24696167,14301209,666,448,38,75,0.06506653900633008
f466f434bc01d33961925d2f860e66d4c26c9f8db0df82b1f55521453f66b05a,Zigzag,24696062,14301322,24696233,14301494,731,732,82,43,0.0015002947909508787
f466f434bc01d33961925d2f860e66d4c26c9f8db0df82b1f55521453f66b05a,Zigzag,24696062,14301322,24695731,14301814,229,1052,41,98,1.5479526630705782
df2ebed3f6b91ff913a54a3b5d5794bbc4e197baaed7a4521f8339d7e6e43cb0,Zigzag,24751054,14349827,24751557,14349713,1063,446,56,78,0.5083395616319311
17e893825221bbfca63e0ddb0a6120efb09fb50cd5b024916d86506447bd382f,Zigzag,24608448,14310625,24608258,14310183,371,118,34,81,0.11504118546415494
29e925e6a41eb04a0962178fe94479b606295ec9f0c67e9336e6059a83197bc1,FCBK,24780880,14370411,24780768,14370376,448,525,37,81,0.1601198807351673
acf862a9b7e8ae839a383482738415bbd07e3eb18abbfba3d92705e2819a1afa,Zigzag,24628953,14320953,24628657,14321430,264,1037,31,63,0.2211187532655916
ff70914aad48ccb483c7d0d4b66898aae80af9d957bc71a94a35b846f31011b7,Zigzag,24751054,14221440,24750789,14220923,296,43,40,84,0.15116165597365644
8cb31bdd2d8d4bc7f3a10373d75adc0947e0e91dd94bb57e6da453c231f93f30,Zigzag,24816299,14254701,24815860,14254192,121,50,40,89,0.1272437812565196
ac4b4add49fdddaea5f1becc233e7778b412efd9842c0ebedae519ecd541b83a,FCBK,24750122,14204774,24750455,14204700,893,485,85,35,0.2906609300596924
ba501e0a5212de99c70f61c1748701a6868d92b55fe2049e90c7709ee2d6d76a,FCBK,24652255,14271298,24652008,14271702,313,964,37,72,0.2597140660865901
4705dd75dd16643d6c71b2f464e780892378737b450f054cded138cf8b2b815c,FCBK,24706315,14188086,24705963,14187796,209,270,79,39,0.28938204681472274
71b6805633b8c129cb8d31d9ba4c6091dc5c15aebe9ec3beb1d1930604aabbff,Zigzag,24978478,14232884,24978836,14232493,917,169,46,95,0.0399429722011195
71b6805633b8c129cb8d31d9ba4c6091dc5c15aebe9ec3beb1d1930604aabbff,Zigzag,24978478,14232884,24977938,14232451,19,127,46,90,0.09947512540593947
71b6805633b8c129cb8d31d9ba4c6091dc5c15aebe9ec3beb1d1930604aabbff,Zigzag,24978478,14232884,24978286,14232918,368,594,91,43,0.0300468528438992
71b6805633b8c129cb8d31d9ba4c6091dc5c15aebe9ec3beb1d1930604aabbff,Zigzag,24978478,14232884,24978488,14233319,570,995,44,88,0.00017743749638076704
06d06f3eb513db9b9eeae37835a2f199c2cdc81e4600ae70024d23e45b7d1085,Zigzag,24869427,14242239,24869414,14242612,548,933,48,92,0.11031957562139097
c46031fd13f6bff208a7320748cbd83eeab71e22c18cf0826ae1dec53c430c78,Zigzag,24831212,14275444,24830879,14275414,228,530,44,86,1.3954693801164566
0f51870ca3de4ca001ab87dd40cedf4534a3ebd62fe910a3eec488545284f1ac,Zigzag,24783676,14310625,24783329,14311005,213,941,86,49,1.4615828868098915
d969ed59b1f1f92839fc83b2f1bf77ff5228d0dd170f5e0e236ece41bccc2c36,Zigzag,24696994,14191217,24696993,14191070,559,414,40,68,0.4404862783773743
45947cfebc6bdfb9e0bcbe06600b836ca9ad7a628933fcc71a8988dead95824a,FCBK,24614972,14418651,24614490,14419169,78,1078,23,48,0.1691647747454034
25582a5ed22098a55cad10105413697025a544a97cbe24a9d52eea99e4931032,Zigzag,24673692,14309591,24673140,14309704,8,672,20,76,0.04523382024332028
b342886d76e8d8aacfc8cbcda39a88e021beb58fddfe3b9196164085a8123abc,Zigzag,24917894,14254701,24918119,14254694,785,553,88,52,0.371729817328631
67b6926e57be93433700be50fd64ec3f960b9c803dac7ec57e44bf9e094036c9,Zigzag,24803250,14216234,24803643,14215825,953,150,48,104,0.2807019392948002
9bbd3706a299f4913126b337d188757ea60d75e2b1375512c3dc07cc790241f8,FCBK,24641070,14413528,24641306,14412996,796,28,35,64,0.19671332865426688
40368e7b14a9690ab0b89c0dc723ee35ba6b585133235c0f90457e6ab8348df0,Zigzag,24867562,14344676,24867950,14344443,948,327,49,90,0.6150283581930545
235e62c92c96c22cef1f0a26917214f79304592da1cef86fe9e5b41a9a7f6e7c,Zigzag,24660643,14229764,24660595,14230298,512,1094,48,68,0.2891764840680822
078b95ace51ffac7a96b392dcc5a8724407865c5d08f5c88deb66d74dfd51f6b,Zigzag,24568369,14341584,24568057,14341925,248,901,82,41,0.16554377447976354
e771b448a5fce1c5c087a40121826a5ca726ace0fe529efba094b7cc94a78fac,Zigzag,24819095,14284766,24819375,14284345,840,139,40,85,0.12360919054694193
33ae96bfbcb07e43d2807d9a2557276174f46f9e6c2211dc6c2a0306ff581d59,FCBK,24695130,14192260,24695229,14192717,659,1017,38,83,0.48135914320736545
a11ea75ec045b1145da5623a590369f7965e8b4ea3c74bb887ceb45793e82b5c,Zigzag,24810706,14274407,24810528,14273978,382,131,88,47,0.111070703562091
a11ea75ec045b1145da5623a590369f7965e8b4ea3c74bb887ceb45793e82b5c,Zigzag,24810706,14274407,24810425,14274060,278,212,47,83,0.08977178146093807
5aa4e09c06d2553a5e173a17a166fd1003ce5f877c492e7257a24b1b1aa7ffe2,Zigzag,24689537,14371439,24689346,14371516,369,637,39,77,0.20093282444063162
37640cbe867161f8a301aa4e9122e2dedde2340825b4c50d7b8bb37b6e1af08f,Zigzag,24700722,14381717,24700470,14381464,307,307,46,87,0.4067446265773157
f5d680c829bae5c6dc23a4feab837c2f64361a7df6bd0ec295b7d1870552f12c,Zigzag,24699790,14180777,24699430,14180874,200,657,43,92,0.13568085868221555
129fbb1d83d998b0d2b1ba441b4719f047d9670b2f11df6ba6e3cb37f78d5436,Zigzag,24896456,14302356,24896189,14302671,292,875,72,37,0.12386854082522361
4a4c15238ebcf9fc0674e06077036cd80416ee8d510b217565bf7a534e4e7309,Zigzag,24754782,14187042,24754952,14187095,730,613,46,86,0.3388701379025793
169545a9b58532787917e70545e0729e6a26097a118d6939658ea25ea12cb4e3,Zigzag,24850785,14269225,24850646,14269345,420,680,43,110,0.517747877262422
072465092a053e98608cb743687b4df35916f7f01864f0b4344b4c9917f9745b,Zigzag,24672760,14248472,24672781,14248966,581,1054,50,77,0.27748292655095097
7e8040f9d0a24bd367086d445fe11aa5ad84da3e3d0d11c1457154ea5cdbcf70,Zigzag,24632681,14153591,24632545,14153355,424,324,36,81,0.21277916418054935
d5150c4b862426db54a8df888ba9aeb830c2990a75b966dd4dc582d55ffcb602,Zigzag,24625225,14240161,24625566,14239990,901,389,31,64,0.1880134138737369
e502ef0126847e3e772c04abb5d8205327c82ba8c10ff6b9373e07102035200a,Zigzag,24809774,14227683,24809303,14228124,88,1000,102,46,1.2527428541319487
541d02ea567e57b0456fa8b78d1a6f8f73018f6a4909d91b879818ab9037ec54,FCBK,24613108,14225603,24612980,14225744,432,702,40,86,0.23324985150506605
00bf4ac938fe12a0e65055ecdccabd249880b2a2c29a03f7b94c0d5930000d8e,Zigzag,24642002,14388907,24641515,14388746,73,398,82,43,0.07293404533745297
cd2bfd7f4ab4e2239e23e70273fa9bec442a8b8917003e39e601f3d58c0f62f4,Zigzag,24762239,14321986,24762380,14321738,702,313,36,75,1.5595753638579568
ebf85864f3dbef33904a29498edfb60d4de825352d4708aa3570a322f2b290f5,Zigzag,24975682,14257815,24976066,14257942,943,687,87,55,1.530218673371741
3c8b77c77605c860058c9b4a82cfacaa93d218bc803e495298fc2bfe62f1220e,Zigzag,24628021,14334367,24628353,14334560,892,753,37,73,0.17497454388719533
5312a1df554efc2d37e7535268c45b1993b2c56f8c15cdeab14528020c7630e5,Zigzag,24915098,14303390,24915195,14303767,657,937,103,53,0.0875886052230752
5312a1df554efc2d37e7535268c45b1993b2c56f8c15cdeab14528020c7630e5,Zigzag,24915098,14303390,24914737,14303211,199,381,95,46,0.009069801848509463
4134fea892e14a4105b70b5c6f9fda709f41f59e0117667eeb55706cda5e6d11,Zigzag,24905777,14298219,24905889,14298248,671,589,42,82,0.003776737712983628
18c79fa094409a99fc51569912ea489cc819020db0422aed8a03ed39208009d1,Zigzag,24678353,14273371,24678151,14273581,359,771,40,80,0.1853891016460592
dc13189ec432c52335d6f0ba579d2084370b9240425f6e67d889b08a22ebc919,FCBK,24719364,14194347,24719344,14193936,540,149,76,38,0.275641017762025
fc22ed17b2da47e048634a26c597d1def8edd60d9699a236e8ab2cc1fa49b227,Zigzag,24727752,14386853,24727894,14386955,702,662,38,65,0.012589357522860624
7dbc5a975ce34c6404cd1bb1c95eadb06095ba6e501ca706e5450ed9eab4a491,FCBK,24616836,14373495,24616817,14373859,541,924,37,85,0.002276193640792042
14aa9460919747a58271675ede5316b982808bd8e52bd1d8a80bfd486950602d,Zigzag,24934671,14255739,24934958,14255277,847,98,106,48,1.5558574578181517
df698bda514505aa00cdb4b06cad8e48b299cf180fdee44e77822cc7af46ddb7,Zigzag,24716567,14323018,24716371,14322553,364,95,34,83,0.20235338785559354
d0b75ff60a9bf4958aad140e1be382a7a606cf8a0c6e356f5d2efd8e859c5e0e,Zigzag,24796725,14228724,24797094,14228356,928,192,85,47,0.35577275528812147
2c5396bfc2cb096f0423ea30847ce15df1416a5e143f75367902e13829d39594,Zigzag,24596331,14382745,24596588,14382261,817,76,37,82,0.21159014597761303
680661c3cec997df56f9ffc3a278a7c6ab5e007d505aa87403ebaba92640bfb5,Zigzag,24861038,14258853,24860689,14259221,211,928,39,77,0.19190500795088566
173804072eab5e4c20b53bb382c4b06431540eb893931f6741b67ac832b9ad0f,Zigzag,24741733,14387880,24741611,14388321,437,1000,39,86,1.5554993958095904
173804072eab5e4c20b53bb382c4b06431540eb893931f6741b67ac832b9ad0f,Zigzag,24741733,14387880,24741654,14387459,481,139,40,78,0.10054848751616069
c80c8e7a61d5c400c1b2b5f8675714d39e326cb4eb25639b7bedcd964a9da78b,FCBK,24622429,14414552,24622528,14414541,660,548,80,30,0.006650618563497808
181b0aa77f05865f3d83fce59cbcc8f83caffb7728347fba6a3e4e45eb6c2208,FCBK,24644798,14427868,24644700,14428050,462,742,31,66,0.15866441326516856
82503035f1d4cc666c1648209f84ba33a7f8bed634c7c7536ffdc918f817bb60,Zigzag,24977546,14245356,24977076,14245097,90,301,89,45,0.10830443652593368
457b8106b3b5ac5d69159a4a11b923e3bd93f470796197598d66b75492491f21,Zigzag,24642934,14147308,24643067,14146812,693,63,35,82,0.09190686267398983
ac1e90eb5bcb4c1caf6f4523da4a6affdc47e66bd5641ec439d7402dd2c33559,Zigzag,24914166,14319921,24914386,14320127,780,767,43,91,0.3963271393412527
75b6a0d02d00b48d9c31c454d3ad1a092fa3cf25c0e361637f80d7a2aab7a7ce,FCBK,24844261,14288907,24844674,14289143,973,796,38,83,0.27392279616097626
5fa96ee9b8b727780f60982363418260f20923185b7d7087795d079d53202fe6,Zigzag,24884340,14313724,24884186,14313358,406,194,35,73,0.2760752961120328
afe812cc9763c23af81dde5e63e0b945e395f131e0ef4c38d90e2c184314a333,Zigzag,24936535,14289942,24936430,14290278,454,896,83,50,1.5631425349800634
9b80226ab23219cdec7f5b14892d532fdf267f05a795daf7f5d25a51738eace8,Zigzag,24754782,14283731,24754465,14283658,243,488,69,36,0.07845589347589371
af8510c45fc4fb69a89f95cfee1a4d64f41b4ff9310c80ffd2ba20d15568990c,Zigzag,24874087,14310625,24873908,14310897,381,833,43,88,0.1562096278856312
b767290dd23dd8f0af4a6a885c9efb9fcd44c87e432330d8646229a8f9867847,Zigzag,24872223,14238082,24872138,14238163,476,641,49,98,0.12261844468716201
b767290dd23dd8f0af4a6a885c9efb9fcd44c87e432330d8646229a8f9867847,Zigzag,24872223,14238082,24871917,14238084,255,562,55,104,0.08537822313020145
5e70f718755c1575b109d6187ee7b763ef746fa62c7be06f01776dc9822fcd21,Zigzag,24566505,14369382,24566938,14369778,993,956,68,35,1.5638125863103274
4e79ac96f0603ccca9b07d5219187882c077bd06d70eb787d32bc3253acbfcdd,FCBK,24739869,14359094,24740398,14359183,1089,649,44,63,1.4611365410111943
c456f94af873085882584bd2a0150d68c5805bab1d49c4674cb53f0b2c67c5da,Zigzag,24654119,14320953,24654515,14321111,957,718,43,93,0.13155792745250142
c456f94af873085882584bd2a0150d68c5805bab1d49c4674cb53f0b2c67c5da,Zigzag,24654119,14320953,24653972,14320989,413,595,82,47,0.08012278264693111
29ce5c63edc4a09fbaa8d4f6f7f3f706c3ec6316a1cd6afa435512317cf25b52,Zigzag,24628021,14320953,24628041,14321022,580,628,43,92,0.2926555711371345
2a89eb0335e9f7368fb90953d8682598cc8012483093a9827204d346d56cb6fb,FCBK,24643866,14409428,24643624,14409089,317,222,38,77,0.07269127323695704
5f14ff97d3a633921d0e9bbc0cd4f4a57f8514e498e591712cbe4d4f565c45aa,Zigzag,24822823,14259890,24822743,14260088,480,758,36,70,1.550209026304148
6a2bf9156643b08c0be9873ebe0d02df933511c822e71810beae3e5a456453b9,Zigzag,24696994,14348797,24696625,14348813,191,576,37,86,0.22872683857821635
b58ff60cff05cb6bc0336770bfb5ea6bce05f1bbdb7cb665e4d2192febadc844,FCBK,24617768,14373495,24617412,14373844,204,909,40,92,0.22367152632848705
08d15023e4d081d92a13271298b08128e010b6781c0b66a2849ba847ef4d86af,FCBK,24714703,14178688,24714458,14178372,315,244,78,38,0.1719332638565953
665bda03c9cd3b9cf7c7336aa5791cceb5617e89386df5cad99b41945e2de957,FCBK,24641070,14337461,24641203,14338002,693,1102,38,41,0.0997364564102819
c93cccb25c8b9840fb202bb5cb131cbb4a623f4d2ce483774afc05d52dcfeef0,Zigzag,24783676,14386853,24783358,14387008,242,715,70,42,0.5098050326007744
348aaef14d035f5db5dce0ed9fd4976f8376aba4ab03888739e0edc73c9905a7,Zigzag,24694198,14338492,24694351,14338515,713,583,31,61,0.21946875852271938
d9720674cb48f65482ca6b99757bf753cfc8076563b12dce659596d4b11aa6ce,Zigzag,24817231,14225603,24817603,14226034,933,992,37,76,0.19067810628144294
16ce609e3c5b5e80816f3e81104d8c3db626a62e8f6a77d52e9e5eef9ff90771,FCBK,24639206,14384799,24638901,14384689,255,450,31,81,1.5440696410431884
bb7e7c507ee398bb26da75c9996661f5b318c0a3acd255887fc3d396456aab27,Zigzag,24949584,14263002,24949477,14262717,453,275,92,46,1.0981419586370504
2645c4c1482cd248ee658474f5727df34ab04e3b7845435b021d3ab5038a88f0,Zigzag,24820959,14229764,24821337,14229647,938,443,36,81,0.07935741511677756
2fa89e97a9bc4f3151ef9136a4c8c1ecac6d2521aeb0c0d90dc565926337a5c4,Zigzag,24773424,14242239,24773404,14242014,541,335,46,92,0.3307846143855306
9825d124ea468e8c6ae133bf9c2891bbd82c543337d8d7d87e3e6de65a8275e7,Zigzag,24685809,14319921,24685544,14320069,295,708,39,79,0.18624344372375665
35072f542026ba33b0eddd3bb71d61c978782fecfb740c49b977fb233a7a9852,Zigzag,24724956,14341584,24724598,14341165,202,140,60,34,1.5598636510459578
bf26d3a8b5466192d1d8a5d81db9c81e5f8329872a9d27ec63cbe2b9b6793b2f,Zigzag,24644798,14149403,24644689,14149822,451,979,34,78,0.0860713357710298
667ebf3661b6a5aa91159e9043e390d2708d40a8843651404f010d61fa8e5858,Zigzag,24943992,14332304,24944309,14332728,877,983,95,48,0.06383853878293774
0594207c292d148371e5ee17d23db0c94f8e2403e372807a64e72ce215a06ad6,Zigzag,24883408,14329210,24883725,14329662,878,1012,51,84,0.1667444939467394
9085127988d77212f80337adff29d6f354898cdb2d3570c1f81f6807988de931,Zigzag,24738005,14202690,24738345,14202723,900,594,84,46,0.24265899937339777
83f0d58b2999773a183858672390c80c857e2389284931a2104a919431d08fc3,Zigzag,24665304,14228724,24665351,14228291,608,128,51,83,0.20437830574567847
06db441d1eb9aaed8e1e5480eefcc3bd3cc53afcf8c85e6ad5d3c5ea93762bc0,Zigzag,24729616,14214152,24730085,14214111,1029,519,52,102,0.12073424989355254
820f4385f4715d6a2d2ce1f66538eb4783aa7087afc30c4e3bc2e4fbd4229f03,Zigzag,24809774,14365268,24810038,14365255,824,548,33,79,1.0619884815747889
3ccef9821ef88ebd73aeae3fd98e3ae2dfcd05128122a39f5977cfcc0f4870e0,Zigzag,24887136,14300288,24887288,14299923,712,196,43,80,0.4052476304390685
a049d79072f117f6ba45b2b76b26109e35e92ecd1830b0e25960e4d1f966ea9c,Zigzag,24930943,14256777,24930424,14257275,41,1058,91,50,1.5608315769441472
ad81a6bd422212d86e09b71619ecd8588f7a257822712f9f1cad2006f23209a0,Zigzag,24717500,14370411,24717560,14370309,621,458,35,85,0.10316255489602
20f35644d3ef3c17a8d4dec1814ca53081e7615e9a40a9901fa8e7734ed85924,Zigzag,24808842,14328178,24809135,14327886,853,268,70,37,0.29460034452316486
6c963d9c08d02c7bddf2a72bd655fc1a21a885d8bae1023cf1a99a8ee5c2db99,Zigzag,24644798,14378635,24645097,14378334,859,259,73,37,0.6873733289421387
4ddb0217ca0a9cc688faa55336ae37ed5fe459fde48dc7f63ae9fbdd783a99df,FCBK,24745462,14365268,24745895,14364793,993,85,42,78,0.16207798657140488
4ddb0217ca0a9cc688faa55336ae37ed5fe459fde48dc7f63ae9fbdd783a99df,FCBK,24745462,14365268,24745301,14365031,400,324,40,77,0.06478278751456056
a3ac7d2f39c944216e4769301fde02f3a9a36db73ac406875656bc38a8b7e59b,Zigzag,24792997,14265077,24793147,14265083,710,566,39,87,0.06088805590075259
ef5223762132115d5e32d9d08f8424b8222671d6d1ad6e1073134d864e97e169,Zigzag,24815367,14230804,24815858,14231157,1051,913,38,83,0.05450718850794998
56a103b1e04212a0b2dd64602a3e2f3781d98525c702ed8edcb23f84b9c1dab2,Zigzag,24759443,14219358,24759360,14219760,477,962,44,93,0.054408181333237084
56a103b1e04212a0b2dd64602a3e2f3781d98525c702ed8edcb23f84b9c1dab2,Zigzag,24759443,14219358,24759473,14219122,591,324,84,46,0.16183763628302522
7cd6f52e042d981787f47d37647d61fc09026c94aa3b4961c81b0aedbe88885f,Zigzag,24814435,14307525,24814419,14308003,545,1038,44,99,0.26391946376393427
4eff4e501e609a395b0b802ab528123c2b9f1c12a4da5b5d2f9628bb7d294c79,Zigzag,24869427,14243278,24869617,14243686,751,968,38,79,0.288810865339928
16d3fa1fb9edff2bb0e71a0917e20683cc8b3333df5874b1a098c24808f412c6,Zigzag,24948652,14298219,24948384,14298019,291,360,52,90,0.09618692040801864
3c327b571ec830694b8b502c1238a02691d4dadb61556a6c37debdeee187ea50,FCBK,24636410,14211027,24636725,14211013,875,546,74,34,0.3492456470619599
6bae7a9b64b77c4e8d77e4c5ede69ac88296586e51f6c6b7ceacd582dafdf631,Zigzag,24739869,14380690,24739605,14380444,295,314,84,44,0.14896190155800781
7eb327c9597663a3f31b60a71edfe740dc6691891b80b1b66ebd1fe4db3da009,Zigzag,24779016,14208943,24779051,14208523,595,140,44,93,0.127235600358546
92058d7c5073432389cd0ce6166075436dedc506d6b62975b4f1ae4805e0e8e0,Zigzag,24724956,14193304,24724764,14193657,368,914,40,95,0.26921888801708294
01c1a7d389fc27f4e0c8d45603f65d202159f42c44e3f669408978e680c39a31,Zigzag,24649459,14307525,24649554,14307547,655,582,48,83,0.49682991203282656
5ce2eefac76b4432074b810be364d7d25cd78c9c3642b464eb80bc5bd93dc649,FCBK,24719364,14344676,24719365,14344441,561,325,29,66,0.04508034310193686
addf15ded08d4e136968f1dff744148b3f7960fb7021dc536e54c049ea195ece,Zigzag,24745462,14220399,24744973,14220013,72,174,41,91,0.19972055351242754
41d3bb14949665a8095fe3b05ef799038e304b8361aeb7e4dd47da9c95f64e26,Zigzag,24871291,14238082,24871303,14238200,573,678,49,88,0.0913829772756792
41d3bb14949665a8095fe3b05ef799038e304b8361aeb7e4dd47da9c95f64e26,Zigzag,24871291,14238082,24871485,14238286,755,764,95,50,1.556255467243064
441e10f20a16472f6e0d3cd578611de13464979cdfb05af0ad0ee91387d25459,Zigzag,24977546,14311658,24977504,14311425,518,327,42,84,0.19139910721231146
441e10f20a16472f6e0d3cd578611de13464979cdfb05af0ad0ee91387d25459,Zigzag,24977546,14311658,24977764,14311609,777,511,85,42,0.35245522222869613
d37a8420e8a076940ce5f8309d0bf09eff88de247704fc34ac8c03313d2bc05c,Zigzag,24849853,14292012,24849840,14292442,547,991,47,91,0.13867448477406003
d37a8420e8a076940ce5f8309d0bf09eff88de247704fc34ac8c03313d2bc05c,Zigzag,24849853,14292012,24849945,14292282,652,830,47,87,0.18013884600453614
094642a397f92a7d51e816caf827c9d4cdf8fd1c929264ed71d79907c2a85c50,Zigzag,24935603,14246395,24935248,14246110,204,275,50,98,0.15597338885218437
fbd5eb8ab7489bd39ae938f3a890f73b8ada71634c14f171223a1a39bedef33c,Zigzag,24965429,14320953,24965113,14321206,243,813,42,86,0.13943636522766126
e61cb7587904de27c102e50a8f88a94639ad70f34ed7b36a5fcad42b235338ef,Zigzag,24683013,14270261,24682969,14270392,516,690,29,69,0.006811140598202334
3ced9ef443e0e181f1050385fa2b18b14734005459338ea7e2f18eb5bd284b39,Zigzag,24751986,14209985,24751837,14210371,411,946,90,46,0.3161342989128957
d4f61ee50f31f47ecc51f2b7f790458144815b228163bdd843848569796bbd89,Zigzag,24741733,14208943,24742117,14208703,944,320,89,48,0.2203563068902587
d4f61ee50f31f47ecc51f2b7f790458144815b228163bdd843848569796bbd89,Zigzag,24741733,14208943,24741664,14208917,491,534,45,81,0.27906459456710586
1f0e1da24ee598b89e44a018be3be2027dd5e1d224c737bbe893f506e9d65f7e,Zigzag,24611244,14306491,24611608,14306575,924,644,39,71,0.22081811566803528
9c1613dc92f65a4702176f2a042ad8a76cba86f8e000fbe6a80c91d0cbc9ad07,Zigzag,24941196,14326114,24940797,14326489,161,935,39,82,0.2927167572631791
688713fd5604a33d70be62dbd6d264e0cce5ecd56d2c334f05df72c4f5dab1d6,Zigzag,24748258,14192260,24748211,14192475,513,775,46,78,0.2780624636936659
ebb9225e1373d0750c09ff6c7c27a05a20f7f2e456cb686bd8637af5976b6e15,FCBK,24811638,14347767,24811554,14347625,476,418,45,105,1.546141846687379
ebb9225e1373d0750c09ff6c7c27a05a20f7f2e456cb686bd8637af5976b6e15,Zigzag,24811638,14347767,24811737,14347532,658,325,103,52,1.2757923802085303
bc5928d7ce21a8a5dfebba39f467c05f966e91a35b971045f01b2ab00df43a82,Zigzag,24614040,14207901,24613908,14207873,428,532,40,93,0.2761064051625163
db877d0eb9c6d2c0f7c8e5e2f5187654544c414ba28f1c8c493dfcc131061cc4,Zigzag,24785540,14273371,24785451,14273547,471,736,44,93,0.23099520268144816
f4c539f605e9f2f6f244a76eb7e02a90555124aca651d0f48647268ea5ac6691,FCBK,24722160,14199562,24722455,14199069,855,67,90,46,0.08917782163644475
314acf5b5ea9bee8c11ed0415851ad4eac6d6193343208f5ed0b556af0787e4e,FCBK,24608448,14214152,24608558,14214267,670,676,44,102,0.2365529036260641
8f39bba367b1f05be421234fcaa515f46cd0ce77baf56a1968a6d7d53a024f13,Zigzag,24857310,14268188,24856786,14267782,36,154,76,46,0.04960053058131755
c30cb5c2121cc25b758e551ecb48b1916324d12c6090219d78632e1326326bd5,Zigzag,24608448,14385826,24608793,14385525,906,258,55,89,0.2153037410254036
00be0297b6c033e3f3cf051ee3e38468ac7957f6be15116d4710fb1ae4443774,Zigzag,24796725,14238082,24796913,14238291,747,769,75,36,1.5687313116856492
cb7797e8fca6f19f4f5f94a84d124a1e153e8d99d093bc04c9a0da06b9cb667e,Zigzag,24685809,14378635,24685323,14378575,74,500,76,39,0.5325486613366464
92de0009ba6f2e8579c3922b3585fbdc9d6a4e6aa5f244e77964e0bbc432a4bc,Zigzag,24862902,14261965,24862570,14261900,228,495,96,48,0.7978324625270283
caaf10a19f3999a67c263914ec75578dc0146cd6d542f29213b58d02c4cb329b,Zigzag,24631749,14225603,24631694,14225296,504,253,76,42,0.2188712616874033
573be192bab57d2c725dc7fc511fd201a3cdd17d99c1eca2ac359ebe0b73fd71,Zigzag,24636410,14143118,24635977,14143323,128,765,44,86,0.17342351886833318
c0c781d4c895f52a127fb6bdb1ebddaf4f710aa69af6dcc7baa549776fad2084,Zigzag,24835872,14232884,24836240,14233030,928,706,36,74,0.043051301473351504
a4fcd7dc0ce6ba6ae963204ccf0ca2167f3ec34e762f3fa92ef8bda2a26845b3,FCBK,24760375,14386853,24760434,14387227,619,934,32,67,0.03371846357322358
a4fcd7dc0ce6ba6ae963204ccf0ca2167f3ec34e762f3fa92ef8bda2a26845b3,FCBK,24760375,14386853,24760205,14387282,390,989,40,82,1.564794094330076
9b3ad17eeccf8137f23cf83a3ebcfb473996663fc80e0ea0c2017115a160fd12,Zigzag,24676489,14261965,24676398,14262198,469,793,37,78,0.1500589241900387
e070a0ff0b006b4925cf337e7bb3fda73771bb2c01769e1e8cfd2cc1397cc040,Zigzag,24617768,14203732,24617289,14203970,80,798,42,92,0.2691972331884692
e070a0ff0b006b4925cf337e7bb3fda73771bb2c01769e1e8cfd2cc1397cc040,Zigzag,24617768,14203732,24618278,14204169,1070,997,74,36,0.2487686570986894
62786ce5e98556d80d90457aeb617fec35de48fdb15ec9105b408ad0101c0e83,Zigzag,24925351,14295116,24925640,14295365,850,809,97,53,1.540182091641945
fa4572bc2271c291461148a01ecd732d911354bfc28049cc3cdea999bc5278dd,FCBK,24622429,14416602,24622010,14416829,142,788,37,78,0.39129423093419374
ff0b521ee7cae729a3f4f7a49dbd0b73eaaf439f7aed0a8aa8dcbed66b74e3df,Zigzag,24924419,14339523,24924631,14339411,773,448,37,74,0.2887752788498618
ff0b521ee7cae729a3f4f7a49dbd0b73eaaf439f7aed0a8aa8dcbed66b74e3df,Zigzag,24924419,14339523,24924333,14339358,474,395,72,41,0.2592858464280622
25d6c4742ddf2bb2192eba4c255cc48b7d5d9805283cb9f3788737bf35f4c47f,Zigzag,24656915,14325082,24657095,14324671,740,149,42,79,0.4476560406640857
6c5170c9cb5da834edd59bc0438324343ba5165eba031b0527a882cf13a4b6da,Zigzag,24969158,14304424,24968812,14304899,215,1035,104,53,1.309029429561046
b5a7768c8d16f7fde60cc3a7aa5ca4f60e8154704ff4eebebf009629f64005e9,Zigzag,24615904,14215193,24615960,14215056,616,423,43,86,0.1128265839254291
fb6aec1f5e26db19cff4994d5774bf6f1601443e0090ccf6094bc5eb3afa69ce,Zigzag,24763171,14233924,24763572,14234235,961,871,81,40,0.2682128289810351
7173dae8d1201646f2d197b0cc654bf6b69c133ef517995b81b9d6331c182cd4,FCBK,24722160,14198519,24721732,14198021,132,62,43,92,0.2897212003795443
a0f64f950562ac16bce18d2cbe427cd0f8d629ae016f6e9e0930d774879d3ae5,FCBK,24644798,14150450,24645085,14150638,847,748,50,97,0.2619339773027393
da10a8411f0536d27bebc1b9e82ae44f7aa04a9159faec459ed4f0b5edb3395d,Zigzag,24747326,14289942,24747777,14289710,1011,328,80,39,0.4202768804453081
3d03852a8f7f0070ecc040e78297955870ea392c0f9ba55d423665c4edfdf808,Zigzag,24791133,14283731,24790752,14283488,180,317,96,44,0.27020826900680417
8843db3bfb5d530856f0d754a945ea0060e57a19596a98c347c3b9224912c5ca,FCBK,24812570,14369382,24812884,14368927,874,104,36,76,0.23282667520785247
b44fbd3a1595143883d13db91a1b10a4d2a05a75b814ef09d97e3770eab1ba72,Zigzag,24776220,14238082,24775864,14237564,204,42,40,76,0.33044785766569007
ee6f444ad38974e276f23bb4f276d2caa7a61c0bede62ab9f678f1756e5c5137,Zigzag,24710043,14383772,24710375,14383412,892,200,34,79,0.2847875280126044
058f5a878eb6ff2bb243b99ec993770e7d1f9dad66cc168a11a759fda77485f6,FCBK,24761307,14381717,24761240,14382189,494,1032,34,76,0.21924661759829314
d419bd60c8a6c24619159bf75bb302ec85a19134ac627ad5acb26d6cd99a5edb,Zigzag,24628021,14231844,24628281,14231799,820,515,96,47,0.7219027437926429
f259eb30c46dc76a97150c009567cd591110927b3598ef736e935cf42224daeb,Zigzag,24680217,14298219,24680262,14298100,606,441,36,79,0.005180097471407663
c6959bfd65899b917bdecacf8d5ca7d6d29a2c9c921acaf1776f5586013567bc,Zigzag,24738005,14380690,24738072,14380844,627,714,75,51,0.2626161793054767
febe7360f32387a3e657b325b1bf899222f5d716cf3750024e27656ea3a9d000,Zigzag,24979410,14231844,24979304,14231778,454,494,40,84,0.16651534557969488
febe7360f32387a3e657b325b1bf899222f5d716cf3750024e27656ea3a9d000,Zigzag,24979410,14231844,24979398,14231499,547,215,41,101,0.10566510240523223
febe7360f32387a3e657b325b1bf899222f5d716cf3750024e27656ea3a9d000,Zigzag,24979410,14231844,24979573,14231379,722,95,91,55,0.330713108510262
febe7360f32387a3e657b325b1bf899222f5d716cf3750024e27656ea3a9d000,Zigzag,24979410,14231844,24979426,14231361,576,77,100,53,1.5683540749172395
febe7360f32387a3e657b325b1bf899222f5d716cf3750024e27656ea3a9d000,Zigzag,24979410,14231844,24979893,14231410,1043,126,37,82,0.029384449779390833
353af4fc8fdf7f3f974f3ebe30c62923715133a35f924b786b6fab5ba72e5dcb,FCBK,24708179,14286837,24708014,14287208,396,931,39,84,0.08700141981460474
9121b858b4734ca44a05c2651fc9a6b9fcf445b8e767e7ea5b3e96b232a3c51a,Zigzag,24652255,14251587,24651902,14251356,208,329,38,73,0.32630434519417667
fcb5a3681e9417eb0f51393b69e34a8162a8a5bae1ae2ac2f3e37ac56e54e373,Zigzag,24731481,14267151,24731227,14267340,307,749,84,43,0.1432453763438823
b94deb6a2a3554c2a508d302eb306c9910f8844cba8bbaac5a71e77c50ee408e,Zigzag,24910437,14320953,24910554,14321194,676,801,51,85,0.001493759123158526
c8ca09f32058c9bc83517770ace0ad7408f102f473f0c6a0e457a14bc947e7e3,FCBK,24855446,14220399,24855584,14220717,698,878,39,94,0.0018178516537704457
47925d5785d0b3272cc12487660398d938158d90b2fef48ac2115712959599e8,Zigzag,24566505,14368354,24566699,14368027,755,233,47,90,0.14966602470546797
47925d5785d0b3272cc12487660398d938158d90b2fef48ac2115712959599e8,Zigzag,24566505,14368354,24566513,14368390,568,596,37,82,0.19919011840231102
9bb1fa0c8c4622d0fe114961019c02108307a2865f8323ad391c805aff6540f6,Zigzag,24740801,14199562,24741179,14199719,938,717,39,86,0.05299438817310887
922477eae2173a7ae8713261cb014f97dfb6be8ff113e7eccf00c750326664b1,Zigzag,24965429,14238082,24965593,14237822,724,300,90,44,0.04231759227065626
aef968226afc5e8e7cc86cb860e38624ac91b665e34c585949982ec35f5b0683,Zigzag,24786473,14375551,24786749,14375175,836,184,39,82,0.1342954240265075
2d73097b4d80397d0b7cbeff74747c0c0fc3650c4ce3439875e27b950f6c384f,Zigzag,24715635,14248472,24715562,14248658,487,747,92,48,0.3649810009417203
24dea245876c33a464c4e97f02578a8c443a461b33a8369dad3e968891ecbf6d,Zigzag,24770627,14239121,24770614,14239430,546,868,44,95,0.24855425598618122
e2b05941ac9ea1586d150892ce8bfcab52b8fc4e8c930234536a183a9c757ea2,Zigzag,24812570,14381717,24812481,14381964,470,807,41,74,0.36377249172855597
43555df0e4fbd77a4a2e96ca091d97e99953192432d95404e9196c0f6208f407,Zigzag,24732413,14258853,24732792,14258757,939,465,47,102,0.21001618448386258
43555df0e4fbd77a4a2e96ca091d97e99953192432d95404e9196c0f6208f407,Zigzag,24732413,14258853,24732092,14259086,240,794,39,80,0.1446754106254708
7d688bcae537ccf86ed50fcf1d26b8bf3363311186566d1d1632130dc740b596,FCBK,24712839,14211027,24712685,14211169,406,702,39,82,0.4889596718003971
f642aa7e9adae890993261d4dfa3a8860aa5c71ca0254315d5462b3bd19218cd,Zigzag,24703518,14220399,24703148,14220092,189,253,46,102,0.4178415860759987
3f5659eb5b04a2368442f2af2ef4f6c8f81ca066f544abb6ad119ac1399a6276,FCBK,24744529,14362181,24744654,14362517,685,895,75,34,0.33471291015145194
a7fd6776c123881440dbbcb2e03e82125fbd296682ab880f109454531dd6bde7,Zigzag,24820959,14251587,24820763,14251409,364,382,36,77,0.24060482000083555
9311f5e0f6ccf1c03ffd7af4d2058c372ae0cebf2873280e9f361baac9610ffe,Zigzag,24697926,14183910,24697626,14184019,260,669,40,81,0.012276437135073613
ec78a76acb264a4a527d4a9843fc7c1be8c9277102a8201b168c5584bbc2a58a,FCBK,24795793,14374523,24795252,14374173,19,210,58,104,0.17871184106868762
ad59001268f99899ecb31ab6bbd485e273c61e160ea4166577f7f6aa906d74ab,Zigzag,24862902,14259890,24863313,14259972,971,642,93,40,1.5535684708612285
ea23d33815203873482ed6547426c068e9fe47cf07819256f2429eccdcd90977,Zigzag,24683013,14180777,24683047,14180448,594,231,41,83,0.43814595899043995
5231bb1cb6402de160d40988ed7d599e58ec68944578c0ee775d55d0cda1efe9,Zigzag,24953313,14330241,24953149,14330130,396,449,45,90,0.5395867303074533
f3860f61c1ed66d5614a29fb5076271312e237f35caf192b1c5ebdc39f2e5200,Zigzag,24667168,14185998,24667455,14186509,847,1071,38,75,0.1927892273670624
fb3ac5358c4760524301bade23a78d60543637e43fa8f9e2feea40a1f2c86488,Zigzag,24627089,14148356,24627169,14148548,641,753,42,99,0.14924309807960656
921c147efcbfe6abfc551c39e760d273cf771569f07b8607744737ffbd102bd1,Zigzag,24756646,14182866,24756530,14183352,443,1046,42,82,0.20673959752619722
239a5da3615469c736ee035efc08bc2eae1aaf89debba712de00b70c5910bca3,Zigzag,24955177,14282695,24955509,14282248,892,113,43,90,1.5421507003197317
588e65f5381b8919f583e0bf8637e4b3198e9b2b5311c89bd47f9e104a378629,FCBK,24698858,14222481,24698401,14222154,103,234,43,89,0.2705409144717119
28a7e92fba55f187e20a1d6a11bac3f67e439e6d9da7e02dbc927747cf85485f,Zigzag,24727752,14256777,24727686,14257112,494,895,68,139,0.3985738819053844
28a7e92fba55f187e20a1d6a11bac3f67e439e6d9da7e02dbc927747cf85485f,Zigzag,24727752,14256777,24727316,14257164,124,946,43,66,0.25785967373005436
1c6988a615aae9b88a29d09bb6ff891cfacdf3fc7dbf4067d1cecf3978b39e5a,Zigzag,24797657,14282695,24797502,14282715,404,580,86,45,0.3603607493455691
1c6988a615aae9b88a29d09bb6ff891cfacdf3fc7dbf4067d1cecf3978b39e5a,Zigzag,24797657,14282695,24797279,14282502,182,367,84,46,0.4823121554034503
3aa234e56a7e0ee3488dbd39bb731dc72076284bcb3de424d4c15a387cd1959c,Zigzag,24860106,14250549,24859607,14250687,61,699,82,39,0.2309662241598367
644e12dad76cceaa37316eb42a1961cc4302194b8e57e2206eb49ed7f2c8a235,Zigzag,24759443,14201647,24758952,14201260,69,173,46,94,0.21211210890651172
3bea6fcad59f21570971a742ccc652575e216b59bc05be3feb54ab3e1e64bf91,Zigzag,24866630,14246395,24866830,14246577,759,742,84,42,0.07489053663227968
ecec10f79a86fc19d8929c0ea21bdd0f0ee8ad3e363915da361716587e790c0e,Zigzag,24689537,14384799,24689764,14384493,787,254,78,37,0.16601220787075166
2ce776a757820e1c94fc5b5fdcfadaef70c7f87f4431c1b90e8e0cdf2040b8b0,Zigzag,24754782,14215193,24754972,14215160,749,527,47,87,0.1328843231557938
52f3b1af7ca602a484a905b462ec3fb5610b2547bcf462662bf2e3883728bce5,Zigzag,24620564,14200605,24620197,14200415,193,371,40,86,0.19273201933789613
ead0346c752c9789b417202ef70a0ee247c97658e122df79d304d861c74ca654,Zigzag,24839600,14418651,24839942,14418663,901,572,35,85,0.26925760372142993
9e3eefdc5c5c502454adf34b53ad8f04acc78160c2870ebbae39fa47996a9228,Zigzag,24758510,14227683,24758850,14227525,899,402,45,86,0.13373553601921037
e626f7ea61c1bfa9c0bef9a948aa382674814c6c4ad9ce277b57d2400e26af99,FCBK,24683013,14182866,24683101,14182483,648,177,41,83,0.5233533320143344
ca702103a4d5287f2027b186ee8af7c7164293e540da00e71dd882e8114ab568,Zigzag,24708179,14280624,24708526,14280808,907,744,67,35,0.22960281883977066
9c53196b76d3614118a32312f4e3dfbda285f09e701646f0df2e163c976779cb,Zigzag,24669964,14178688,24670368,14178241,964,112,46,82,0.37097744103117
fb4852acbb1e4cb0189ae2da73f32df53c5cdabc773de06e830a9019a54c48c0,Zigzag,24614972,14380690,24614516,14380155,104,25,49,55,0.07786309878437729
af80c5246582626641872af81ce625463379dfe25eb2adbef7680df869f68b9d,Zigzag,24940264,14292012,24940636,14292231,932,779,111,53,0.1525679714767864
dcc3c7e4defa0a19716dd51ef4eeefa0097e4b3be6772102fd97c670e4b33471,Zigzag,24805114,14241200,24805549,14241333,996,693,54,98,0.07307505971717268
105c640e65c8ed2f21d91a6c9ad0d296ffedd1e0a64dfa1d60499c0a28b8f039,Zigzag,24947720,14249510,24947935,14249808,775,858,77,47,1.5643225816590773
7df0587eb306b3f199d6c0a73cff8e2171fe71b48e7077b2c3eb914e79b3a9a5,Zigzag,24652255,14307525,24652256,14307637,562,673,88,39,1.2390362297915836
c01e18510c4958cb2bc3fdfa1370b5e2e23a9997eb5728e6a4fd9bc1f730c368,Zigzag,24643866,14260928,24643415,14260960,109,593,35,83,0.14445470115013045
cb4a439ad2132854284d2a7897f7b1fe824bccae12d6152f54d36eb48f6de4c4,Zigzag,24761307,14264040,24760957,14263611,210,131,85,44,1.552380434698944
45cf222e8ab8b1051bf0b87a538624a9069c25759ecf153ca1d1da1efc628fa3,Zigzag,24738937,14318888,24739422,14319119,1045,791,45,80,1.5700229448143375
45cf222e8ab8b1051bf0b87a538624a9069c25759ecf153ca1d1da1efc628fa3,Zigzag,24738937,14318888,24739073,14319053,696,725,83,40,1.5652749280648899
120f8bc5a8b44829a012203c9c5e7799e9f32f4c1321a52f8c9c4eadf38c8dcc,FCBK,24684877,14276480,24685333,14275956,1016,36,33,67,0.16375992260260122
b2fade52bf2c604a131b25d9755847c6cba3ecb0b8ed4370f69441ffd396a828,Zigzag,24682081,14180777,24681815,14181244,294,1026,39,75,0.297037702842319
db08d5f060ae5a5d568d176960e7463c5eaa9ecb5720dc29c03268478a85d239,Zigzag,24711907,14240161,24712075,14239710,727,109,38,78,0.2833233220452788
650a1e6c77ea7db4045fd042bb1a5333f45c23f03e41a77cd383da5ee6c884b0,Zigzag,24927215,14305457,24927198,14305832,544,935,90,45,1.5632169703325312
92bfb664df7efebf8f19eefe90e0ee9e84d0fbb59291cfb7e6fb98ff6a16f299,Zigzag,24759443,14224562,24759341,14224229,459,227,82,42,0.33278647928742955
8a2e67728a3a11536c927314ae5f982b717c85e1a1c8b67ada131e7bae07e920,Zigzag,24799521,14275444,24799790,14275925,828,1042,95,50,0.06741396570442362
094c4d6b93ad515b1f409f7c5d008abc917703ab83a9edb1dd7dc94f3edba292,Zigzag,24720296,14258853,24720095,14259290,360,997,108,59,0.21687204330183762
094c4d6b93ad515b1f409f7c5d008abc917703ab83a9edb1dd7dc94f3edba292,Zigzag,24720296,14258853,24720295,14259367,559,1074,44,94,0.2647412486973054
5299df167c07a6ac7eb56e49b7e24a3e207a4628941a623ca45da51bdb9afec4,Zigzag,24755714,14193304,24755846,14193250,692,506,91,44,0.15346831966231497
5299df167c07a6ac7eb56e49b7e24a3e207a4628941a623ca45da51bdb9afec4,Zigzag,24755714,14193304,24755619,14193167,465,423,48,93,0.22667776914599572
0260f47ba1836a11f15222a45137269904df2aa32a53138a67a9173811189380,Zigzag,24744529,14201647,24744561,14202157,592,1070,42,82,0.0024042610004544793
f54fe40f428fbf7b267a88b7595997e9db57f56acd31b4bce42edd737a45312a,FCBK,24628021,14153591,24627792,14153993,331,962,36,67,0.33879859873779705
ff89d2e652e892e2f2b71dd068c475a2a7d5da566ee3c2961455d95329da05ff,Zigzag,24742665,14204774,24742976,14204708,871,493,48,96,0.3074979005243641
ff89d2e652e892e2f2b71dd068c475a2a7d5da566ee3c2961455d95329da05ff,Zigzag,24742665,14204774,24742831,14204894,726,680,94,41,0.4321829748621844
7f4e5cfe3ab6be172d3410f7193874f4ec9633a3b9533bb5740f9d39a890292c,Zigzag,24760375,14189130,24760133,14189237,319,668,48,94,0.31437295074694455
c2f2f9c15ded9d61dc0f66cdd9e6fa4d52cbbd701ec32031ce1e91cd4a6504b0,Zigzag,24744529,14270261,24744928,14269876,959,175,83,43,0.2558489038832604
ade50806fe3738378a91bb11603a3b1d69ccebb751c91386ea5b09dfc0d86daf,Zigzag,24812570,14213110,24812623,14212731,612,180,96,48,0.21188802054553837
d3cf157580ae266465d059c678f76c04a4707badaaef25c00ac71471cc472bdc,Zigzag,24738005,14297185,24737825,14297586,380,961,76,45,0.1823199416477974
9d7fdfbe51b8ee2da41723f934cb52fb01d7f73555147e55476291b6789bf74f,FCBK,24659711,14301322,24659395,14301362,244,600,36,73,0.20878297445158775
11cae9eef0d53363466a1d6f2434ed53654546a08fdc2ae1e79de32bd3049a6f,Zigzag,24870359,14330241,24870271,14330099,473,418,81,42,1.4457017914394765
3d93ffbd9f81a2f35f623350e8dc6c186a732b1ec1c7897600bc819f0ce182e8,Zigzag,24626157,14153591,24626174,14153534,577,503,87,38,1.5386530377020762
6c8d937ec87e59657bf2b92282a3c5f83c638c05d1be7da53ebf6cadee0bcf28,Zigzag,24744529,14382745,24744904,14382513,935,329,39,82,0.24040911095022835
235064a14a433c74bd8b69ad273b5efdf261e9b5680fdaa11a48a818803004a5,FCBK,24843329,14410453,24843348,14410164,580,272,38,82,0.0018890870517408623
3b9ebb83eed0b8369f7726cec973a48aeda2d6266bc9a08f44edb7bd2600d09f,Zigzag,24750122,14270261,24750095,14270474,533,773,43,96,0.15665485848562202
c0eaa4871522bbabeb85004f97fbfb35654eb22793ce70ba93c9a184b9d7c69e,Zigzag,24759443,14365268,24759574,14365088,692,381,45,97,0.12715534766357214
c0eaa4871522bbabeb85004f97fbfb35654eb22793ce70ba93c9a184b9d7c69e,Zigzag,24759443,14365268,24759370,14365612,487,904,45,86,0.12291978136450447
60b03aa9dba4527b75a6aeca2173a672e9e112b99d9547447e95f59f07b846d8,Zigzag,24764103,14229764,24764367,14229918,824,714,40,94,0.20926763648046853
58efc0647ad5405170b65fc7841b273bcb5126d5177817c67606150eeb9fe8a9,FCBK,24646662,14425820,24646353,14426213,251,953,36,89,0.4120840315363292
2ce1e49200388e3153ef01e2877534422ab4827a07bae8b5cba83df1098710dd,Zigzag,24812570,14236003,24812532,14236367,522,924,98,49,0.41686603687918905
aef70f0450a707701b33bf4ff5a01bf0380ac4d1f82683103abf5b76ae2c25e1,Zigzag,24791133,14230804,24790676,14231023,103,779,43,81,0.3596240524090259
62829d9b2ada598ff15221115b6765bd3c67aa06ce02f45306da835c2d04543a,Zigzag,24814435,14209985,24813963,14210001,89,576,91,47,0.3254902168489395
39f7206dfe300ce0b3da1100e6e2f17d8bda3be94c371cace0d0d21b32e02474,Zigzag,24879679,14296151,24879638,14295765,519,174,48,89,0.5242210897660231
25d7f412c0b1282e04f424fab5c45ae03030024b22070bc00e4615a882b96e7e,Zigzag,24719364,14189130,24719372,14189047,568,478,42,84,0.1841036437221484
bb30a04ad5a9b8ca64ebfce3624273314e569be999f0988ff3629d5862b65dd2,Zigzag,24643866,14223521,24643905,14223316,598,355,38,83,0.2809670902708312
1b2e96e003db573047cf4d03a82a0ba5c3f683707a0a037721156ab9bf22c57d,Zigzag,24824687,14340553,24824577,14340967,450,974,82,52,0.14289760079503155
90ecb5f9b6beb98694bee20c490bbd796794a4d281eee70af5101a15936f5198,Zigzag,24656915,14372467,24657068,14372457,713,550,42,81,0.32681627133471713
5ae1f3ec18a9ee6a394cbbbd6b057c8560bb85a18cdca59c193f9904735826c1,Zigzag,24683013,14289942,24682790,14289876,337,494,38,67,0.35380777516732015
1abc8cf331ab5076f29dd629267fe49eee11059fdfd531b714a4720c85283bb1,Zigzag,24915098,14338492,24915455,14338446,917,514,37,81,0.19807919739834126
307b6cd6ebf73e917e8f769f5660253f4bd05cc9885ab68a667e83834ce20c23,Zigzag,24826551,14406352,24826051,14406211,60,420,37,78,0.609057617608124
39940292ec8718b23cf1c1390e897a45b512bfc343966c1e8794acaec46e6ebe,Zigzag,24805114,14244317,24805162,14244755,608,998,49,101,0.2583641763090562
7d89407c9f308ac7ec7fb8b79be8ad51ad0aaea98511a55bd7e23cd87f231751,Zigzag,24655051,14165101,24655256,14165529,765,989,41,78,0.32538891685897553
1e1675e4d3f04632f793391f31314f92e67487111d8d637f18e9080c0a1807f0,Zigzag,24798589,14306491,24798116,14306479,87,548,44,79,0.17794123876251636
61a9d1c644352992321c83a5ef68189307218b1481835edf3cd9a919e8d0738b,Zigzag,24612176,14217276,24612371,14217589,756,874,41,92,0.19852354582622103
bb8b1afb2233d9c686ef9d8cc58ec48fab53d165ad77a67dce3cfd49686ea5e0,Zigzag,24713771,14343645,24713771,14344131,560,1046,42,81,0.06846068372017644
57e9f598535fb5dec0ab2e2f20f50465827fda7d97eeb0fd057ce08f3eedaf68,FCBK,24755714,14387880,24755558,14387685,404,365,40,82,0.3977438744621476
55d0b3faaef3084a486e348eb40382c581b878161080b99f88ebae7a6171ac31,Zigzag,24625225,14261965,24624747,14261815,83,410,45,85,0.4546375840407556
8aea92afb0fc891daab17c19bd34bc08e52b8a9e777430cf1b03b72b4326d1c0,Zigzag,24823755,14239121,24823925,14239162,730,601,39,80,0.047361444605319804
caec909e64ce87c792eaba6b9c873a69e40d6307339f3637657b116e77e1976c,Zigzag,24655051,14368354,24654554,14368289,63,495,38,77,0.5208183022622016
d989b570480ed76061d808f64772b6c58ade1d90c47d62ea24f75d2bc8723089,Zigzag,24827483,14225603,24827965,14225616,1042,574,35,78,0.03599951722293069
084495291fe8bbc1d262bb149f616e9c22a668ae72921b3dd984a5600b65f6bd,Zigzag,24947720,14327146,24947644,14327102,484,516,46,95,1.1132366891165923
715bfd5dd7461c2fc507728b20d985b93929cb70166cb71524e1612f99c3abd3,Zigzag,24702586,14349827,24702869,14349734,843,467,91,44,1.5423925153467108
9593b0fb3dc7da13b5844a4945d7cf755abf64ef5e7d770029873ba273a86b32,Zigzag,24726820,14351887,24726903,14352337,643,1011,92,47,1.568107998832516
e4a32153eb5bc04e7dc1a32220eee338df892387a01c084b4f5f13a444af50d3,Zigzag,24769695,14277516,24770066,14277877,931,921,49,87,0.1609698452418229
e4a32153eb5bc04e7dc1a32220eee338df892387a01c084b4f5f13a444af50d3,Zigzag,24769695,14277516,24769563,14277103,428,147,42,76,1.2197541445510829
699c3ce6c9676ddb4bae541014708a0b2820a546b289ed68d6fb715ac1befd1f,FCBK,24651323,14401223,24651795,14400692,1032,29,46,74,0.39450913242311014
73685b535bc7c1c247011b21389af9d901bb91e371c1ed3c3a05b499c17058b0,Zigzag,24664372,14281659,24663918,14281511,106,411,31,67,0.15171392900471165
3131ae10d7d33a244b40e5a69c3e3bce03ccf73475d154c3c67b12facc1465c0,Zigzag,24773424,14308558,24773924,14308556,1061,558,52,97,0.07248833203951459
8ef10daa78c4a0c6219f4924d2eb266f070f2e8973821f056690f11508468b67,Zigzag,24766899,14350857,24767409,14351359,1069,1062,95,43,0.10497026703207375
cde776be23eac822e3b796ce14ed4b29e57ea21894ff4b5db43ddbb5cd470737,Zigzag,24637342,14153591,24637868,14153439,1086,408,72,39,0.09588942034712157
802b162f86dbe31c38356b984c8f5a027069313ec1e6e3633135a037b5ccfa0d,Zigzag,24702586,14356006,24702392,14355794,366,348,41,96,1.5165021953353421
5de62da6aefbd4e73122404cd882e3ae7adf7e66ab60a173480c1b73d191a1be,Zigzag,24857310,14281659,24856827,14281986,77,886,99,51,0.11520385467248834
5cdb282561b0f5d46ae291f1c707d3102b780cefaa62ff443757dfbafc7840bb,Zigzag,24943992,14328178,24943789,14328157,358,539,92,43,1.3266867202204895
7c7b3dfaa9fc19cb34a09f7fe67d53fdc707e923c2eca581a11bfc57f0d51729,Zigzag,24793929,14265077,24793557,14265281,188,764,40,93,0.10811814008530422
b37103d4bc233d3dbc76ab3e00411bf262decd1a643f57b83787604015c99f45,Zigzag,24746394,14206859,24745940,14207029,106,730,48,83,0.3121103623743269
5d90b51ce048af8a4d4fc9551cfc63cc551136b967fd7683e8cd84ae1fa7c108,Zigzag,24668100,14254701,24667996,14254701,456,560,90,40,1.5526073360238188
e03ec714b2fcf7af2d8807ced1cea30c5d6be56b30c311374d1731126689aa7a,Zigzag,24795793,14234963,24795926,14235029,693,625,45,96,0.22511161404319058
09536e85e0dd44a46b5189abba8e7b725d6df6a7d107d9680f8a80ebc572bc62,FCBK,24692334,14349827,24692449,14349618,676,350,40,81,0.2228863265705908
d38553e2fd40643e73de31301b10e6e6ea9fbbe6a79f8cf142c08a28de2b71ca,Zigzag,24707247,14372467,24707757,14372028,1071,121,43,76,0.15546788758777372
d38553e2fd40643e73de31301b10e6e6ea9fbbe6a79f8cf142c08a28de2b71ca,Zigzag,24707247,14372467,24707694,14372170,1007,262,36,83,0.13576618802801738
449b813b4ebec447e05aabbc42572a04c16b2db7d782740a43d381cc087f82c7,Zigzag,24688605,14174509,24689050,14174575,1004,626,46,93,0.34888868360734837
292ce253d7eb8957562e60f7d982988a5865da3287f612e0260c8e464d63b83d,Zigzag,24786473,14295116,24786920,14294793,1008,237,42,83,0.35599762595266504
139fd121c31e2b8d2d6001b430a48e37976da15352c706bb1e009165835108c1,Zigzag,24763171,14368354,24763343,14368162,732,368,84,49,1.5703700878624294
6a47a711880176e9979f3741530e4702100665a1eba8b221732fe56449bd09dc,Zigzag,24662508,14227683,24662375,14227359,428,235,39,83,0.11599836717182144
b0f51688ebbe850bf293bba5228ece5f34a0c7e12d670183ebf5a922ca934223,Zigzag,24874087,14308558,24874277,14308310,750,312,49,91,0.01647782758721501
ea280a645d3e28bf16015d04ff603e8a19445cf64a6f5d210b8fd5ffe4ae310e,Zigzag,24946788,14267151,24947102,14266926,874,335,78,41,0.30401035791885084
a7301100d8b8639d0f6e6fd79eecb6e5d175e0b0fc7a11520b7feca62e5db04a,Zigzag,24812570,14300288,24812356,14300342,346,614,42,85,0.08781834447898655
a7301100d8b8639d0f6e6fd79eecb6e5d175e0b0fc7a11520b7feca62e5db04a,Zigzag,24812570,14300288,24812257,14300008,246,280,87,52,1.5623206834676648
a7301100d8b8639d0f6e6fd79eecb6e5d175e0b0fc7a11520b7feca62e5db04a,Zigzag,24812570,14300288,24812676,14300400,665,672,46,83,0.01683322851528069
9bb1d135def2e03fa21b95d57a9c9d4fc5e6536abdaf421b1546545e8b74dd1f,FCBK,24780880,14374523,24781028,14374487,708,523,33,75,0.26558492148588575
5420f4bcf3e49e28c4efbe38ee6a89059596523ec4b3f32b53b90e11b0c1bb49,Zigzag,24674624,14284766,24674986,14284756,921,550,38,72,0.0690723618882972
ca55e6b55ef71fa096b399d775accc06977b7bb568d9fbb6a1d42fceaba61b78,Zigzag,24814435,14266114,24814370,14266409,496,855,74,41,0.10349751398212473
7235e945119b0b96c17969895cdf4becd7fe0cdc92de0a6e611558d38d568bc3,Zigzag,24851717,14298219,24851718,14298733,561,1073,42,87,0.25335179088714765
aac16d6686b770e3c13622bd7be75a49aded0467e6e4adffaede1130cccc577f,FCBK,24686741,14174509,24687131,14174508,950,559,39,84,0.2829541413391666
f5ba49964ffbff3191ced943a744ebd3117b5f46c39f9b1df62a340e5da25479,FCBK,24741733,14266114,24741499,14265784,326,230,92,40,0.2604893122799122
bde379444eff7b5ebb6107756ad8f5103a2d329070d2687203b391af970006b3,Zigzag,24710043,14184954,24710077,14185140,594,746,93,46,0.3732564411340053
b5def05fa4fa5d397e3f07f490f730a9f1642718323c6b1691cb03437161205c,FCBK,24682081,14353946,24681794,14353479,273,93,40,88,0.4193750009421527
8bf9e3ccc4411b30eabb6b0fcaa186ee7166fefda415dbf095dc70ce1c661a75,Zigzag,24691402,14175554,24691278,14175989,436,995,45,96,0.17421043303618117
f14584bec52fea49482b46a8ebdd4c68edb29961f153e643d44976c1a572ab0f,Zigzag,24710975,14234963,24710970,14235418,555,1014,42,88,0.1315679143065892
3a5e622dd51c9a269bd2aa07bec7797873538429c43926e5a10cc21f3c17279f,Zigzag,24715635,14347767,24715251,14347748,176,541,37,73,0.11240924161547847
e456a11a7286d57c4ff08aa41100541dc3e39dc80bdd909134ff4cc86640ea0f,Zigzag,24779016,14277516,24779210,14277468,754,512,36,81,0.07380719599034907
1cd92a10aad7a46f2d47a4f8353e92ddc4a43d30ab05912260e69987fc90d42a,Zigzag,24730548,14350857,24730440,14350555,452,258,40,82,0.1529158302494212
3896b492731293e2cfd4cd9ed45ac3a7035a66e4ce371c7279e04d67a5e8e129,Zigzag,24709111,14184954,24709064,14184771,513,377,43,87,0.14252808719378307
315d2737f082efd1f890c91d2ad8c93f421d04792857a0f5aeb81f58d1ca3b8a,FCBK,24605651,14380690,24605126,14380443,35,313,36,77,0.13457345804431178
d58016f5e10b0c4152236fd11729655e62100d3732d681c5a5c237847ba78e5d,Zigzag,24691402,14319921,24691639,14319814,797,453,42,77,0.31383961944914257
d58016f5e10b0c4152236fd11729655e62100d3732d681c5a5c237847ba78e5d,Zigzag,24691402,14319921,24691623,14320353,782,992,40,83,0.18712997676113038
d58016f5e10b0c4152236fd11729655e62100d3732d681c5a5c237847ba78e5d,Zigzag,24691402,14319921,24691445,14319378,603,17,40,47,0.20317846845081372
538be9c1e795bc0d743982fab6d72dfbb8d675a11b48969669b675c489f8a0ee,Zigzag,24752918,14187042,24753291,14186559,933,77,85,42,0.22782089775439865
538be9c1e795bc0d743982fab6d72dfbb8d675a11b48969669b675c489f8a0ee,Zigzag,24752918,14187042,24752878,14186674,520,192,44,91,0.417124696400063
b12426f1e63d364ae9b8caf55b1653f20fd92c0d2402161478fd5f9b5e8497b9,Zigzag,24816299,14298219,24816039,14298371,300,712,66,38,1.28084586153501
972282a28dde140d3c036e17e2c0ca368797e2e34be5ea27a5a886c0c67612b8,FCBK,24643866,14241200,24644206,14241394,899,754,34,71,0.20608780549415712
93142520cfcc5225142b4860e4a668a72a9ab0b24bf820b6b0b46a280a950ec3,Zigzag,24923486,14318888,24923628,14318944,701,616,83,35,1.500855458140854
0c2b6fdac06f2c82a4b47989fa585c376ae69465a16d504d9cd2f68d9fa97130,Zigzag,24788337,14266114,24787977,14266142,200,588,42,95,0.18890166132106243
42b1666fff94a0685189613707ec964c4b6bc756786c5e8b6fcce939314ec8cf,Zigzag,24801386,14288907,24801345,14288680,519,333,72,42,0.12073039663235031
4ea2c5afb646140909cee23a0f5686a439a195267dba920c99b2cd853cb59aeb,Zigzag,24691402,14318888,24691650,14318723,809,394,37,76,1.035042085033149
4ea2c5afb646140909cee23a0f5686a439a195267dba920c99b2cd853cb59aeb,Zigzag,24691402,14318888,24691934,14318478,1092,150,37,78,0.21233543160867172
afcd7cb59a4bc005662893c3a578a01610842f076586beb38659e9bc32f40727,Zigzag,24830280,14223521,24829985,14223174,265,213,42,83,0.1263418185295802
18cc2468e29fca73b98c20c6dbead301fae97ee0c20855a9b1e139dd52ccc7d5,Zigzag,24617768,14253663,24617776,14254018,568,915,84,47,1.5431294120203358
d3ff6a0c20c56b107070c84acdf05cc1392daa0f153150c7bdee01d66ac33ebc,Zigzag,24916030,14341584,24915929,14341840,459,816,36,83,0.02438051781334866
a0ab989a90cab1856ed41510f761a7a9c2a6dc90249bdf7ce9ebb796921b110d,Zigzag,24846125,14231844,24846153,14231633,589,349,47,94,0.08594028327826267
899a942e3ac9b3376b7165f3e9e7ce17bc38a6a8bade214e2b95c870c6762b81,Zigzag,24614972,14208943,24615400,14208543,988,160,98,42,0.03367394509053262
d54817bde87bc5475d7a4bab98d668fabc9471b215df4e1e123a05e28fbca27d,FCBK,24806046,14251587,24806276,14251569,790,542,38,95,0.0703119468624314
2aaced8e84516ee2f54b2f84205a5cb1308db151b53c166183bb037ec1ebf65e,Zigzag,24944924,14225603,24944747,14225926,383,884,83,46,1.538733065692833
1b0aeb4c16f028159747c2dae7d88188edf43c788f05bbe8a1f107334d4fe2d5,Zigzag,24956109,14273371,24955837,14273257,288,446,41,95,0.33006699234029513
ab468cdcf405e317ec3fc914f2e7216498878b49a84bb663a300679f8848fd38,Zigzag,24588874,14376579,24588853,14376500,539,480,80,45,0.45424806344181795
7f6ce924eecc5f2ce04554d75f4d482727dc9cb85c092e6e00a12eea6bba3da2,FCBK,24742665,14401223,24742882,14400923,777,259,39,93,0.0905834630269238
416b1ce5891b65d7624110193a4d4062847cee91fccfae315ec6215993057406,FCBK,24941196,14251587,24940982,14251389,346,362,39,94,1.3725467536658174
c4e67a11fafbc14b72b4a32876c3fea300047c659cbd58d50c1e235c77657194,Zigzag,24649459,14141022,24649808,14141413,909,951,42,88,0.0601020280662049
3df3e3e1c8d477c46929faedfd03746908a8e33bc7afa2c047ec14d93b7efb5c,Zigzag,24784608,14376579,24784974,14376754,925,734,37,84,0.19371727242792774
3df3e3e1c8d477c46929faedfd03746908a8e33bc7afa2c047ec14d93b7efb5c,Zigzag,24784608,14376579,24785110,14376541,1062,521,36,82,0.09335755309878324
5687d62f413bce24d1dc615e86782d083299ffa9f23412e83984e054ddae1a10,Zigzag,24999916,14218317,25000029,14218665,673,909,42,92,0.08892760932965339
5687d62f413bce24d1dc615e86782d083299ffa9f23412e83984e054ddae1a10,Zigzag,24999916,14218317,24999592,14218074,236,317,94,44,1.5693524940099102
5687d62f413bce24d1dc615e86782d083299ffa9f23412e83984e054ddae1a10,Zigzag,24999916,14218317,24999925,14218002,569,245,32,82,0.0061540040387793316
154e0d2e9967824630b348c60b547a91c97b16193b80ba18f3b594dd2e83eec5,Zigzag,24915098,14318888,24914566,14319054,28,726,51,107,0.013985088000954826
42b3d1eb0e49c171f1315248277600ce394acbc86b106927228dbe46c5909709,Zigzag,24779016,14279588,24778766,14279382,310,354,45,112,0.23937249214067183
42b3d1eb0e49c171f1315248277600ce394acbc86b106927228dbe46c5909709,Zigzag,24779016,14279588,24778922,14279331,466,303,101,44,1.5699409194527632
530eddc2eac563eca766b20b7eb066ddbf39bb0bdbcf5e5342d7bbaca6073f06,Zigzag,24745462,14211027,24745579,14211028,678,562,49,81,0.2149949974312793
76abf76366eac7ad5a25dbdbce30f3b974c30d62def86992ba9fc94906d69de7,Zigzag,24697926,14418651,24697999,14418866,633,775,41,94,0.1075695372231263
613919c4afc246e81b34b2919a56fe168e725d744c1e0bdf800d7c0f35e5c491,Zigzag,24866630,14282695,24866497,14282906,427,771,42,93,0.0931080065822644
89d3421784a9d530606e2a2019552f4975ffccc4beeef9da2cbd86325a9fed0b,Zigzag,24754782,14293047,24754305,14292657,82,170,78,43,0.22001240956974544
c685c2ed60566e7d758acba961cf8b7dac9befb4e90c976e52fec4637b31a9a0,Zigzag,24669032,14178688,24668823,14178436,351,308,82,46,0.4333269689979416
e249e439f631a8e4b1af24256194eed6fb0b20c3e63e0db72985e6553e0a3569,Zigzag,24804182,14247433,24804596,14247483,974,610,104,53,0.19042820190265264
d1487883eb4e8da1cb2412e230c917dad5bbdd8954b9f934108c2b9f7086d916,Zigzag,24797657,14281659,24797414,14281356,317,257,91,47,0.0660448595551491
7bb722c6d929cd863532826869d4b5fee2ae1f93a7a9d4ac20d5f21397e07e1b,Zigzag,24856378,14276480,24856308,14276557,490,638,54,125,1.4442101549129231
2470af3d9f3919926ba122741aef6997f8ec1ef6c3ab303cd07729147b56bdf3,FCBK,24633613,14374523,24633522,14374658,469,694,45,95,0.4459876701096919
c10e04f191b6f6e45f04b1f48df925731d1bd38e61817097dc427b19e220dc12,Zigzag,24802318,14256777,24802292,14257002,534,785,50,90,0.2165037614125933
81084e679467b957650d0827169196066b2a147fdb534b10517e5370cb93c7ae,FCBK,24642002,14367325,24641467,14367169,25,404,102,45,1.392052278121776
94bf19cad59827ac23ad018093b0aae3688670836e68f8c1fd3d73a6d424e5d3,Zigzag,24788337,14220399,24788591,14220734,814,895,38,80,0.04741466205404016
7de56c7b85ba5624f03aa1fb59bb4a62d3dd39038eb99cfafd75292ece23f5d7,Zigzag,24744529,14233924,24744610,14233442,640,78,39,84,0.11314429904347556
7de56c7b85ba5624f03aa1fb59bb4a62d3dd39038eb99cfafd75292ece23f5d7,Zigzag,24744529,14233924,24744203,14233978,233,614,40,86,0.05755877996539568
e73454ec5e87c47d803e4eae464f129624cbfb00d508108324097538c9599298,Zigzag,24811638,14312691,24811824,14313170,746,1039,45,80,0.7362109096442297
484e70b7e5696a77f4883a7d9bb922d2fc4378be28765294699191807484b8ef,FCBK,24657847,14248472,24658128,14248549,840,637,58,30,1.4325094235056055
d41b279e7e16325ee529291395cb46849049b0e6b5a6ec5a527f45c0e97b3af0,Zigzag,24597263,14341584,24596930,14341109,228,85,78,35,1.537542765843622
d9f43b9128cd71bf79af5b95e34e05d6b51b0dad10f1f6588e032ecdda0dbce0,Zigzag,24801386,14259890,24801696,14259889,871,559,43,85,0.07978982093164395
49084c970e24c400f4d95e48ecefa3cf81eacb41e38572483dba0b515a92bf02,Zigzag,24847989,14284766,24848257,14285056,828,850,40,90,0.2646724059831269
759663bbf87ab056413326ae244d756268e940fc91c3aaf1b2b831853ee1096a,Zigzag,24849853,14295116,24849854,14294842,561,286,50,90,0.26896302481535356
759663bbf87ab056413326ae244d756268e940fc91c3aaf1b2b831853ee1096a,Zigzag,24849853,14295116,24849912,14294702,619,145,93,52,0.07818463387411231
9e50a167bf54cf9f90d8ccb40c5b3af544c3a6c0a88ed8629d5dbc0f241a2d18,Zigzag,24806978,14267151,24806623,14266944,205,353,43,95,0.161868362504102
e6ad79b4860a1343121293350b27fe667caaafa89c74153db223c18da2b3304b,Zigzag,24806046,14294081,24806493,14293883,1007,361,80,45,0.43718625560211627
2144ac7d95d8a073707672294eaacd2157bd29420ebb54055e71dbd77bcd8109,Zigzag,24724024,14344676,24723934,14344288,470,172,93,45,0.18753975402910952
83a6b6cdadd18bf495fdfaf656bab0a6abd8b1a6181ef37280de86de4f0e19b6,Zigzag,24940264,14297185,24940533,14297156,829,531,97,51,0.05984057222618637
66111c2cc2a471ab31f0233e601afdd89690baf78c6476c7d5600d4b1465ec43,FCBK,24923486,14268188,24923296,14268131,369,503,82,39,0.1351948234608977
2255dde2518fd30b09b8ea16978590eaacb3533630e500f47a7ff5ef35305cba,Zigzag,24738005,14299254,24737953,14299171,508,477,77,48,0.16712456032380735
a354ebd19947feb89eee4f96f66e350ca6b1651a80b4995772b5d76ea629fe11,Zigzag,24747326,14287872,24747621,14287644,855,332,35,84,0.06197041866322042
edd094bc6d104ce87b2a26a0e73edb609a454e0a297906a67ec175bc34f121d6,Zigzag,24806978,14314757,24807414,14315149,996,952,107,58,0.44347504420022943
afa897faf4ee4eab0d4d950bb3d872ce08ff697b77b7cfa9589ee114e65db03d,Zigzag,24984071,14298219,24984307,14297877,796,218,43,77,0.25784193041929165
afa897faf4ee4eab0d4d950bb3d872ce08ff697b77b7cfa9589ee114e65db03d,Zigzag,24984071,14298219,24984001,14298570,490,911,79,44,0.18590247588044242
c5f8e3b86a1d393f3bfbce550ec3971d17f5426010a4146709be163a7f5b1944,Zigzag,24787405,14265077,24787437,14265264,592,747,49,101,0.38763008745889455
61a7a82a17c182917a4899e071c82a9ef4faeb099b8ce3f7c6b58fd6d38b220a,Zigzag,24810706,14386853,24811204,14386836,1057,542,78,42,0.4420133682359394
20cb1b451ce222b128afbb62e502b13c18fc84f365b0ace138673030c8f3ee88,FCBK,24608448,14323018,24608444,14322859,556,401,62,30,1.5678740401307525
d553b1d6970c27d7090ec16636864730e39de27f0c0da5d59f87b64365c77f3b,Zigzag,24812570,14294081,24812773,14294534,762,1013,51,82,0.01084690531708142
aca02ee3a7beac516da3401bbc49fa3c91ff4af87c3aa83690849575efd18a1a,Zigzag,24592602,14325082,24592509,14324824,467,302,77,36,0.22778928936121076
fd634c5c9bc0e6c194b27ae9e627e551c4b42638cbe46733ad48319a02454d52,Zigzag,24730548,14316823,24730393,14317127,404,864,41,74,0.1665365842893883
5b5d045f52ca1ceb44b0f52ff93d338ae8006867d8fcfa338a7f33513d1407a3,Zigzag,24978478,14311658,24978107,14311703,188,605,81,43,0.10540232330704709
65b16146b3bea622e859508512d5bc3f00b517b8ade66b0e5913a402346aa80c,Zigzag,24820959,14258853,24821328,14259103,929,811,42,78,0.01260916790435999
d47107ed753a4325e8818b45cea2b7e05c2e92b4578915fc521846692f1ea7a8,Zigzag,24789269,14253663,24789044,14254015,335,912,43,91,0.14101577787926795
84ebabcb5ab9793179aab574e7ba3f0482a7422e35793d7518de8ca3d419f40e,FCBK,24682081,14174509,24681771,14174219,250,270,44,96,0.25845241016492193
974c645b1a961ceeb4065e514107a5b8fe286fc64d810bb80a588ff29530ca29,Zigzag,24856378,14281659,24856502,14281764,685,664,86,42,0.023979695424534923
3378b6cb57d8e5eef9a0984af72ace09f50f5c890ba6c147aa96eed57f246f72,Zigzag,24875019,14261965,24874553,14262459,94,1054,91,48,1.451412274606879
afa1712dbed15380137a614dcbf8a77feecefb7ac85b2373217bbc004df258bb,Zigzag,24750122,14283731,24750186,14283617,625,446,73,35,1.56636882148264
92c7683e2609877ddb19165154e26e8394d67b500d94604597836d38b5bebbdb,Zigzag,24681149,14285801,24681218,14285454,629,212,32,63,0.10429612109163382
92c7683e2609877ddb19165154e26e8394d67b500d94604597836d38b5bebbdb,Zigzag,24681149,14285801,24680884,14286051,295,809,32,74,0.06065783394689364
bea240252e1037a91cb2be71ed090b70e7f691f5e0af6fe38eeb47c06913e1ff,Zigzag,24726820,14250549,24726534,14250060,274,71,47,96,0.23345474846143402
163c3a37818b66804439af378723bec1276d9c31d028dd40f08aa4d2ffdca26f,Zigzag,24653187,14273371,24653326,14272920,700,109,42,79,0.03582733137488945
8a721f1a6704cc5ca7d4bccacb20fca0724bf2e9899309f362f4c254d20ad3a4,FCBK,24724024,14268188,24724052,14268113,588,485,36,78,0.04329099429383704
846e48d73aba374869b88299179fe3cc0fc3a9b4e4d929e40fc079be71a916a5,Zigzag,24766899,14345706,24767422,14345641,1083,495,88,59,1.5551774196338
ba0e04b6a4ee7f08a36dbf17f3fa3691fb8bb7fed9a5de501e08f0c77263aead,Zigzag,24746394,14200605,24746234,14200089,401,44,103,48,0.25674797042251435
ba0e04b6a4ee7f08a36dbf17f3fa3691fb8bb7fed9a5de501e08f0c77263aead,Zigzag,24746394,14200605,24746479,14201121,646,1076,93,49,1.5224271961285505
1d4ae8d2c8a2c59fb9a4ca8a636547c29125677bc2841fd97b296663bd206e50,Zigzag,24669032,14415577,24669138,14415710,666,693,94,42,0.1953947476642982
8f6ced387fc9acbd41a2518c9e6e5cd41770113a040b146fbe4bfe380e93825f,Zigzag,24695130,14182866,24695639,14183382,1069,1076,42,79,0.2515506451076566
1206a9f90c42fa7dc300b23e7b2c20b0a226c6c32b07f0db1d6804b7982915a5,Zigzag,24655051,14272334,24654713,14272133,222,358,32,75,0.09381722302530932
bcf923de075899e4ef7e7ebf23e5522829c7d0764394bda93564daf228a00801,Zigzag,24824687,14211027,24824676,14211232,549,765,42,85,0.20922016563403786
a7eeed18a890ac37e83495b710829b4b0ed6810692818271ca43cda4b9a0844b,FCBK,24660643,14184954,24661104,14184898,1020,504,37,88,0.4636078429614423
93884a239b8136edbb50e0409f315130a1dea2a2816289b658440af5dcf690be,Zigzag,24791133,14260928,24791329,14260841,756,473,44,94,0.06221835896070681
e951b8200cfb1447b828a9087e48793050b1bf41d410eed6ee120245395a63a1,Zigzag,24766899,14263002,24766786,14263194,447,751,106,46,1.5296162663331647
3541d5c08518fb25e2a6f4bf806d4a5c33dfb8154be73e8a310d0205376a1ced,FCBK,24588874,14368354,24588499,14368343,184,549,103,47,1.4938513444739456
065f11ec2e7d446b048f42c976d218c8a2f5c884bfecbfff7606582563da896f,Zigzag,24683945,14313724,24684300,14314137,915,973,40,79,0.3844704132730837
fafbcdbe63ab46fcc81ab049150ca7bf1c83827ab2798be72f3d74cddc8f6abe,Zigzag,24600059,14410453,24600398,14410279,899,386,57,107,0.6044265136305307
adf6cf49ef081d5221e12479bcb89c9d6dde321ee3a2972714541f4864045761,Zigzag,24769695,14229764,24769544,14229282,409,78,39,86,0.2747663857257725
9f4877de08870a2d2c67f7b5ebf1fd071472cb3f2d7ff1d2c2b9dadafa8cd235,Zigzag,24855446,14277516,24855394,14277581,509,626,55,93,0.009184290727653048
d07822bc5d6d50460ea4dd9724c8c168facc54a73ecb352beb46fdbcaf690286,Zigzag,24903913,14293047,24904289,14293313,936,827,50,93,0.31177320618032284
ea2ef3d5a93c63a6015cf6bb0f65a4cd56bcab280877a754b43d234ff1dbde7e,FCBK,24683945,14376579,24683587,14376250,202,230,40,86,0.08782443645998012
09da8bfa18c9e638bc96e911654456b955c7c5d1f6bd74ed5fa4a2ded7e4593a,Zigzag,24746394,14319921,24745990,14320348,156,987,88,48,0.46737235432032376
fc35538dd638be6652411aa6192d8c59411106e9b233d72ab2ed8be471c32220,Zigzag,24857310,14223521,24857676,14223548,926,587,52,96,0.2184280950372573
74d2596ef6c2179cf65cac0f010044dc6c0ba65488652f6148c1fe515becba91,Zigzag,24748258,14263002,24748620,14262603,923,161,48,86,0.20189708849232207
74d2596ef6c2179cf65cac0f010044dc6c0ba65488652f6148c1fe515becba91,Zigzag,24748258,14263002,24748476,14262790,778,348,85,42,0.1977689058418334
140d3482279ca4505d25243ee83fc0af7be65cd8f03628cf25fe98874a30ac8d,Zigzag,24657847,14181822,24657789,14181580,502,318,85,40,0.5234062623409997
140d3482279ca4505d25243ee83fc0af7be65cd8f03628cf25fe98874a30ac8d,Zigzag,24657847,14181822,24657754,14181688,467,427,67,40,0.3220067688536022
26a74fe7f77258821bc32167ac2db33e5dfe418062220f866eb4219bb5a3e805,Zigzag,24742665,14345706,24742643,14345632,537,485,44,100,0.057507243637113445
26a74fe7f77258821bc32167ac2db33e5dfe418062220f866eb4219bb5a3e805,Zigzag,24742665,14345706,24742236,14345276,130,130,68,37,0.2563020906770078
c659d5c72d48f1469745100e5937987136a4899c7f21bc6fa3378d0c4822d2b8,Zigzag,24825619,14373495,24825792,14373736,733,800,38,73,0.30130162348461764
c293e65ceb2b7f28e1894c25717f0c7ba2b7e264292d150dbf6f94590c0675bc,Zigzag,24813502,14232884,24813272,14232500,329,176,43,78,1.561553959389831
8198f52d3ed80c0eea31ac9b9dc96e9f8bbf62327cf4d3c622451289eec16be4,Zigzag,24617768,14202690,24617584,14202647,376,517,68,37,0.1750056196481652
5e11c39bc3bf34d82848765861ba667275517fc779d355573f0cada24bf160a2,Zigzag,24658779,14206859,24659093,14206632,873,333,79,36,0.17448626994608613
f44395da262acce1f0a97d602de2d1243d6fccbb8c9a0a51ca5ddc9e89f5def9,FCBK,24636410,14209985,24636529,14210073,680,649,41,101,0.11651811634806403
be1033ac3008e3ea5a4697f4f1b7260d7b22c64f6a50490d33851b87fcbfb95e,Zigzag,24664372,14228724,24664163,14228191,352,27,39,59,0.16114761124458568
272c61de84c6ca7a33af7c116a447f5b6e45475be127c0fa085036667f70cf59,Zigzag,24786473,14242239,24786437,14241879,524,200,42,79,0.12508069524013
85bcd206cf17e7be0e3f85b56d078eb68d6e2ad6ca30a8d464a26beb0b3eacff,Zigzag,24739869,14241200,24740239,14241312,930,672,47,88,0.30868207510306783
12bd8e9fb52191017597c4eefa2191ce8852bd2efb51ef00c10a637a5660ff8c,Zigzag,24783676,14224562,24783629,14224478,513,476,84,38,0.28098996016669225
58c91dcf7db714b28a4374d14ea3a52ca73eac3302e9979a2bfbbd58fb807b21,Zigzag,24683945,14283731,24684478,14283667,1092,496,31,68,0.306166453137379
b995140d826f332693a10a10a42b6ad0d8a7f3798fb522566579bad68aff5f04,Zigzag,24945856,14244317,24946039,14244185,743,428,42,79,0.06667533381490094
bc3816c6450c61221ba52a3e7c633fe30f76e865332598b6f696af7914bf675c,Zigzag,24858242,14333336,24858391,14333755,709,979,82,42,1.417956180254704
a24f6e3afe014520b41dd3618ade851bb8eedf1b2610add669d32829dc540d79,Zigzag,24642934,14271298,24642436,14270835,62,97,37,92,0.08003663770804545
984a45c641d30ba4321debacde7d9b4f638a84f6971d1e4cf132a8a2d14dd648,Zigzag,24886204,14311658,24886720,14311568,1077,470,49,93,0.34786303369253163
7ed96933cb021f55f4637e3d218ce3767e0724463942fbc3417e82097a9eed5f,Zigzag,24956109,14254701,24955716,14254263,167,122,100,51,0.24230980902021793
76f366d40e334bff51124d4c4eadb53aa79fc860fcd7f2a917c9fda74f231ea5,Zigzag,24750122,14252625,24749870,14253081,308,1016,90,48,0.32463644069297365
8e2e93ae3f7ea06e3928e4ec4ddae9ed9a697a9cc80b0cc5a64413909dd5771a,Zigzag,24814435,14230804,24814609,14231150,734,906,48,87,0.03701351996916756
2f52f27a880fde9321722b57df800ae7d1da9e897dbba3316a9119632f0049f4,Zigzag,24703518,14287872,24703699,14288315,741,1003,46,90,0.23493827899141947
8f10fbc6ec998553e40c2b1abea7db0d74ae0108e95d6ed6021b54a702b7bf30,Zigzag,24726820,14209985,24727279,14209722,1018,298,85,51,0.08280283816517554
8a63cf27f8100c01b08950a8288a3c4c76ae817b85bef8d8b1070268e4333cab,Zigzag,24761307,14349827,24761043,14350268,296,1000,37,65,0.09500408573223836
21d8cb5db0d3cbfdbc4304ab09c512345f162c277acba02fb193db39d441f395,Zigzag,24997120,14211027,24996597,14210618,37,151,41,92,0.005019662301527754
21d8cb5db0d3cbfdbc4304ab09c512345f162c277acba02fb193db39d441f395,Zigzag,24997120,14211027,24997015,14211329,455,862,43,96,0.001224790256033531
af556f9e47fac66d9b8b2d8d014effbc13e8840af7cf54cb2b6af358e04cbdc4,Zigzag,24653187,14153591,24653720,14153549,1093,518,39,81,0.30220639917545844
332470507b115965e73b6e05ff83e815e5b0e520d92e7d9f452019aa40cce530,Zigzag,24651323,14427868,24651535,14427829,772,521,40,85,0.34833864097370615
355bd7b646f4c44871e224738fac17ff55667fcb9f205d36bf5b036d0c7ef6f4,Zigzag,24643866,14153591,24644100,14153261,794,230,80,39,1.566512898497613
2549ef43a7085d8a5e07ad2ab43022d8a31a4696cafe20b1587634ab5d409378,Zigzag,24638274,14215193,24638381,14215639,667,1006,38,81,0.2961842928710031
2549ef43a7085d8a5e07ad2ab43022d8a31a4696cafe20b1587634ab5d409378,Zigzag,24638274,14215193,24638081,14214813,367,180,44,77,0.3278951511818219
ba6c00f2705aeb7dc70a79b25a3014d5a006f828965cf1cb25f30a4d7110b69d,Zigzag,24964497,14269225,24964663,14269023,725,358,83,42,0.07976769172746108
835c3b7753a2bddecb58fc4692485384fd23817d1d7fb75dba377c50102decb2,Zigzag,24610312,14243278,24610342,14243464,590,746,100,42,0.30057611182465277
653e0d12832a3843dd6a4d33e4994dcc54169c2553afabc5a1594082fcf91f42,Zigzag,24920690,14253663,24920474,14253939,344,835,44,84,0.02459385158082622
653e0d12832a3843dd6a4d33e4994dcc54169c2553afabc5a1594082fcf91f42,Zigzag,24920690,14253663,24920516,14253446,385,343,38,82,1.4179930650358017
b50bbd510e7e742fa94bfd6dd8c1fac25d026359d0f2c84187ac8d341b5182bb,Zigzag,24765035,14187042,24765060,14186704,585,222,47,97,0.1647042462356297
b50bbd510e7e742fa94bfd6dd8c1fac25d026359d0f2c84187ac8d341b5182bb,Zigzag,24765035,14187042,24764563,14186792,88,310,50,96,0.14358847471606856
d210542c4e022bfb0782ca22e53128cfa41071aa1c66ef078e91aa6471361c13,Zigzag,24848921,14292012,24849109,14292336,748,885,46,92,0.07098879757585344
4e7a8c81c3c260b5bf4a8c4e06b30ec82d67d85d378cdf9ceb3fa92e195a2f49,Zigzag,24841464,14357035,24841769,14357250,864,775,50,103,0.4398456882666694
eb07be032ad0291182c54862fcbb6e57b656e06542d4ca6654cabdcfe77980ef,Zigzag,24660643,14366297,24660602,14366412,518,675,43,92,1.3191510396000012
b38a85c42d55a5785083a548646b88dc129d83fa8a90779f7dcec3bb59fc5ce6,Zigzag,24856378,14365268,24856237,14365691,420,984,89,52,0.21228028752935024
a54d3efabb6dbbaab25899932bdaf47abc1a83ba42b5516d085c559271b20408,FCBK,24665304,14141022,24665794,14140852,1050,390,41,85,0.11202216779579226
ab17528da4114fdd80ac2a5fda6285739fd53ae6b0802ddb58d89807068798d4,Zigzag,24814435,14343645,24814801,14343273,926,187,41,85,0.2995720668041793
3b8d6aa5908e332353c65f2d611eb60c7a494616e33ea0f65cd6a0ced34b0fbc,Zigzag,24739869,14231844,24739675,14231476,365,192,38,79,0.2298536719696993
086ad5f93458278485ff6561d5fdfe7fa6664a004315dea4835af5e1f2c73f04,Zigzag,24701654,14233924,24702098,14233516,1004,152,43,84,0.09194645222806953
a84e600d89ac3b45bed9ddc62d53bdc021cddf677dbded95001a957cb8203946,Zigzag,24780880,14287872,24780747,14287405,427,93,40,85,0.21077645039605294
ca0763408cc3beeb214d8152de9cbd507f2ab5fceb41baa73b5b2eade10ae6eb,Zigzag,24817231,14263002,24816954,14262746,283,304,95,40,0.08455439921412067
5cc5a5889de85728c8fe84bd66a1afb83824b536bb9ddfbdc3ecdcb8579fbed4,FCBK,24658779,14341584,24658565,14341582,346,558,33,80,0.07668817036808316
a42a072963aadeb9133c55cbcee35f90cad680711bbc57d3032db590de7ecc94,Zigzag,24628021,14333336,24628024,14333724,563,948,42,85,0.2907873303429303
a42a072963aadeb9133c55cbcee35f90cad680711bbc57d3032db590de7ecc94,Zigzag,24628021,14333336,24627886,14333071,425,295,40,73,0.21806047893828548
b3bd579d1b951b10f11fd2d4225762ff35c6ac356d267dcd1ef8962bb9c911b0,Zigzag,24980343,14250549,24980033,14250457,250,468,54,82,0.003904298707934895
256464ee5abaa1d78114613ac929acea4c573664f7217c389219732f0e6033c9,Zigzag,24656915,14314757,24656807,14314913,452,716,49,88,0.6246421699911587
55b50cc9c427627334c3589fddb5bada35c7e96636b56c2af151ff5ee94ccaee,Zigzag,24706315,14280624,24706228,14280228,473,164,33,63,0.2603198020765286
f2fb20f500a51014ae64ee49be0f1c8cdb5c56f65c7db4cb0f9a640f09ad9655,FCBK,24681149,14417626,24681581,14417321,992,255,80,36,0.13486132079101412
8014af754b9d393a7d4d8069085b16ea013bdb061f65cafe6d0822b1c440823d,Zigzag,24794861,14273371,24795155,14273204,854,393,43,87,0.22993752825452318
08b095ce12d380a25dcbcfb82431fc4ebc26452807b775953ab9214e5703cace,FCBK,24726820,14294081,24727140,14294104,880,582,68,38,0.058632271072482194
2a9603a73fccd1170991c216b24a5bda8cfa0e70d61a134ab7b7a55f91298097,Zigzag,24771559,14242239,24771908,14242163,909,484,43,90,0.09020005105373645
b3d201c6d4078fcab990ca3faa52609ab31e7d3d916d329e2ff4095580b98aa9,FCBK,24710975,14238082,24710571,14238010,156,488,74,32,0.3469611541893763
c409b958e9703c74b58685185ce387c4a05f0b744a8e30d5ce8cd51cdb24c6dd,Zigzag,24790201,14201647,24789992,14201162,351,75,86,43,0.20160174392743227
2ee6fcfbfad62b867d4fb34458ff5c6bb34991e6e42f9792c237b79aa4552af6,Zigzag,24859174,14252625,24859453,14252528,840,463,73,36,0.1916209984653855
add17832e923acf6de633180e516e5b570eded90e5a3feeb9b14813267afd66a,Zigzag,24768763,14255739,24768585,14255731,381,552,45,105,0.056378862283246865
5f271cacc056bc70febf10a40107e504bf43b124f1cd2de3a6d097b28732cb83,Zigzag,24743597,14298219,24743739,14298485,702,826,39,73,1.360767325848288
970d65822b38bbd9541666badc78f047771b1641b45b510e1e3ee66f99d3487d,Zigzag,24736141,14397119,24735839,14397080,258,521,40,89,1.569500698924573
509142069ade811d35ff2a906923c89b45da1903e64ad5595516b0623284fbf4,Zigzag,24857310,14290977,24857448,14291264,699,847,99,54,0.18985638792709902
b163fb1a7d7eeb3d06e1d513018a54a2d8d63e796276cbe9bdb782f3a12f6cef,Zigzag,24751054,14384799,24750772,14385149,278,910,73,35,1.5668802815699896
f021860efbdbe2835bedbcd5fd07d90446447674fc77b64d59b01ab0a2a508fe,Zigzag,24777152,14284766,24776927,14284556,335,350,77,37,1.4849863469953444
2264f61d63db346f54606ffe1ec5646ccf7892f2df120d304d78a252d3369bfd,Zigzag,24672760,14310625,24672302,14310779,102,714,82,43,1.4031882862199423
8fe53c05ee3a1884f87433b4d3ca270934e5dee59fdf808122c8b23d5295c071,Zigzag,24761307,14211027,24761558,14211086,812,619,48,92,0.09335273444168588
8e6420acfca3aed245bdb6e1238a86384d52db2893850cb4568c1c3f74a48de9,Zigzag,24614040,14147308,24613760,14147272,280,524,90,48,0.21597673847762344
8e6420acfca3aed245bdb6e1238a86384d52db2893850cb4568c1c3f74a48de9,Zigzag,24614040,14147308,24613786,14147364,306,616,35,75,0.2537767148838266
4d3d50aaa3bbad4fa131010b3a40b554e6fa1882d5a3fe7303e093a2ff3c9f24,Zigzag,24637342,14239121,24637637,14238969,856,407,83,41,1.0660182437782422
c28df0086684bf82ce1f6be867b260c22deb04a88d675a5dbc5dfa92248f1c32,FCBK,24813502,14378635,24813379,14378250,437,175,76,34,0.26491282285053386
4f7bcc876c82f25bb998224bcf95c3386b0780ef0e849192da18ef8065ae7f1e,Zigzag,24777152,14278552,24776695,14278346,103,354,96,44,0.24307505171469534
10364cc4c0bb26c525db623d19dccfac3b8ff62de418a97c0b0ee30fc74a2dd9,FCBK,24680217,14353946,24680244,14354046,587,659,31,64,0.3686920493417185
1acbce4413dfd61faebb74fad39568baf6bf82710fff77dd2ec84d784129258e,Zigzag,24832144,14277516,24831812,14277072,228,116,42,83,0.20442314672053266
2b776da2e5e4f64db859adb5578e0ef2bc44d8a2a30874ccda3e4e3e272f511d,Zigzag,24812570,14258853,24812289,14258490,279,197,44,86,0.10302926368346153
6b732ffe680676c302351a139989433eadb58b51ec801f82755521d26b580f7a,Zigzag,24696062,14371439,24695758,14371655,256,776,34,70,0.19246074309135794
b121af40e2ac42e6b10756382bd472af34ec299e54cd6e9c35f9bd1b26c5588f,Zigzag,24829348,14204774,24829709,14205204,922,990,85,49,0.379785313704389
15a2d5f67ed3acd2a904e74c4e596524888dff9b8dc79fc40ef1063833e82c01,Zigzag,24716567,14329210,24716398,14329168,390,519,35,83,0.0498053984093611
af27ffe3c8dbbc8f008e11bd855ac4fbd8d963b39e92054a060c5a588fc6a20a,Zigzag,24765967,14229764,24765937,14230096,530,892,43,97,0.2112801706714846
7968cd8b78872853fcd6c1c947e614e6dc4c7903875a0f868d71163ceb8acd83,Zigzag,24940264,14244317,24940082,14244723,379,966,80,43,1.5249248417568813
ddadeacd25e8ad3dba5b5ff6a1dd3755fcbe4504bc2811e06d2975acbf12818f,Zigzag,24792997,14227683,24793295,14227292,858,168,91,39,1.4555421716673194
811ca3f030b9d242040a9a8d92606dad7f046f2498c75ed9919f2c57e065c8c4,Zigzag,24760375,14347767,24760577,14347902,762,695,78,44,1.5678130537417898
0bebfee690526f238d884192701ac970b322e68bbd40ace77f2ee61711ee0575,Zigzag,24745462,14406352,24745501,14406654,599,863,37,78,0.6868438925174309
ed3a0f9d5b70ac8382e3e90b6ea2873432a99a35ca4857f787a7e65598ba6e4e,Zigzag,24725888,14221440,24725955,14221804,627,924,87,50,0.742183181546787
fdcf87a98daf16ade418c4530d19c4c6c78d79d801776084b2f281d742424f99,Zigzag,24818163,14222481,24818250,14222848,647,927,32,74,0.15848032225481684
d9dfd4ec957b9427834d9937f8ddcf2180a77dc8a775bfa9650fe0505cfd1c83,Zigzag,24832144,14226643,24832545,14226479,961,396,36,76,0.03388445341054117
00d676f9aafd921f72dec35dc3cd303184230e81d234e32e5fb4b1277084c914,Zigzag,24978478,14229764,24978622,14229447,704,243,89,47,0.12596918403642926
00d676f9aafd921f72dec35dc3cd303184230e81d234e32e5fb4b1277084c914,Zigzag,24978478,14229764,24978188,14229877,270,673,91,43,1.5627081734062716
20990af27ece301222d1766fa3a92ec7259dbc4e94704c3404f9ecea16eb988b,Zigzag,24677421,14221440,24677647,14221127,787,247,45,89,1.5673368805388836
e1a56548fdf4957eb8c1dfbf6fa6cde1802eac21dcd42ead4b4a9ac35d904c6a,Zigzag,24663440,14208943,24663303,14209274,424,891,45,85,0.00698226742359134
83cbf6ff2846d18a8a7b29cdf6127eef80195ea323525296de26444bff811da1,Zigzag,24821891,14319921,24821436,14320054,105,694,103,48,0.22805067862220205
1a0167b73501ca98ec09711460cf91b6d96809b7f04e5a12b0d24ade46e361bb,Zigzag,24683945,14226643,24683664,14226838,279,755,43,89,0.35242652666795055
f7dec18669a4268d24251e1a3c88a3c8789d1e68307d1ba1b8e303348918d39b,Zigzag,24759443,14336430,24759749,14336517,867,647,82,38,0.3815263552670283
9a42bbbdda527e6ec30a488d30b15a4a13df4fa33a3448a8ee97d42f157246ef,Zigzag,24703518,14316823,24703436,14317246,478,984,80,40,1.5460032291526404
f86388d7fdf2f3b2eb80c285b1dec06d7377461f0f093ee7bf65206b448a089c,Zigzag,24743597,14384799,24743774,14384820,737,581,85,46,0.06685952053260436
7c248b5f3eb13505c1194aa61f31ea0880a5e835c54abe366350a32bd722f7b2,Zigzag,24688605,14188086,24688843,14188421,797,895,45,85,0.2835671344430756
e363d757b9857395bac2e5d1d4b2ce8d018c3fae68783b3bcaf3e5c7650490dc,Zigzag,24684877,14324050,24685135,14323726,818,236,39,81,0.19220534594281932
05195923995f283ae4f121db504d34008e8f982468b56b9f133035ab8f76ebba,FCBK,24752918,14275444,24752926,14275030,568,146,37,77,0.30736980247593126
b8ca2b7aad4ad588276b19f8023acf87d0744054b8665b42d433bc7c3cf66c6e,Zigzag,24607516,14308558,24607811,14308293,856,295,75,32,1.5654480335357448
eb2a414d245079014780c49d39e97b0cdf3d0460ebc5c890c277c68b2d256935,Zigzag,24598195,14381717,24598067,14381821,432,664,35,77,0.09537597121133269
92cc612b5e0b8e24ffde2729f4aeae5a5ba75b978d1d8850a7a7aedabe45132c,FCBK,24679285,14415577,24679589,14415975,864,958,77,39,0.2919951737658221
92cc612b5e0b8e24ffde2729f4aeae5a5ba75b978d1d8850a7a7aedabe45132c,FCBK,24679285,14415577,24679316,14416060,591,1043,82,40,0.31990350409319845
58f6c0c8823d4e53a020ed4bd8e4f364204d79c2f3114b64cd28e582bb03fd95,FCBK,24820027,14385826,24820094,14386066,627,799,80,39,0.33326192012103595
23bf1967c45207b637a9ee9ae8c6f6188f2b9ce6d7a51a91ae7ed98c27dc87e8,Zigzag,24705383,14231844,24705556,14232099,734,815,39,81,0.29257224748452865
23bf1967c45207b637a9ee9ae8c6f6188f2b9ce6d7a51a91ae7ed98c27dc87e8,Zigzag,24705383,14231844,24704946,14232215,124,931,85,47,0.3277866939464284
23c84f59a767bc60d90990ab380bedc3f9616d7c14ddca444ff43a685b28e68b,FCBK,24826551,14394040,24826842,14393753,851,272,79,40,0.4477982534662959
312b989a2cacc9e9fc3616d2be4820885ca2b9f81715bf77a0974b7d5801ccbb,Zigzag,24788337,14227683,24788316,14227747,539,624,42,79,0.049490758410135845
1426976236c4da88d4e89f3a0a8a4f820459c25133d676f1cf5de68ffcecbb42,Zigzag,24767831,14239121,24767906,14239164,635,602,40,73,0.017638640209434404
a7f579657fa4219d0d953fe0efc4353c5aa3e637c20c21b8c69d29d09c0c08d4,FCBK,24753850,14307525,24753530,14307358,240,393,90,48,0.33088075450088245
04160f5690295c97c66717d16456bbe9077f78fbf497129c7620abeae2fbc656,Zigzag,24984071,14231844,24984440,14231996,930,712,93,48,0.204400509851267
94d8c9685d7f174ea3d505f490d42d1019c35e3e89fd26cdbce0c92735476ca5,Zigzag,24655051,14358065,24654748,14358111,257,607,39,85,0.22434367489810944
3323813f820a201afb328421b5a8ba18f4eef5e540253d33f2aa479462dfc1d1,Zigzag,24588874,14372467,24589068,14372339,753,432,44,92,0.2113324019183638
29c77b6ccad74cec818f88e4163fff5c6ba293700e826e399dc2c2f1bcd8d3c2,Zigzag,24665304,14148356,24665380,14148473,636,678,40,82,0.23454621174468937
8c0caaec73242c4419c111340defbe34b67e8570bbd8b5e79da3c38feeb83ecc,Zigzag,24860106,14222481,24860539,14222509,993,588,40,83,0.16449144301977556
fd807ca30a523540af0bc6e367afededc1601ec18cb05058d744f11785efbae4,Zigzag,24710043,14211027,24710007,14211302,524,835,90,48,0.19936766802323524
fd807ca30a523540af0bc6e367afededc1601ec18cb05058d744f11785efbae4,Zigzag,24710043,14211027,24710306,14210823,823,356,42,82,0.08515649832469555
f7a6039181f759009745dc111e70b3a4f733945a6e1643f36dfcc15ebe95eae3,Zigzag,24829348,14225603,24829034,14226030,247,987,39,83,0.11230425481188051
27592ded2535f05d0c38b0f0cb8ab33e63279a4d2787611230e3c779f3cb39ec,Zigzag,24648527,14133684,24648792,14134095,825,970,85,46,0.11614643060605143
25cae9c1c383a38d24a4b6d3206780197afbe20a6b8855dd654e9c9d4d0adadf,FCBK,24642934,14308558,24642440,14308266,66,267,29,66,0.011945136774575855
c8ae1e4612797a6187c3d04ef976391e3b907e805d2c2fcc4f542ce9f4d01d80,Zigzag,24815367,14258853,24815201,14258439,394,147,96,44,0.005253643889831833
3982cc85bcd52b0aa273f6b2db99cd3ac6102fbe8b4931924e76ebf2bac092c2,Zigzag,24765035,14226643,24765313,14226389,838,306,39,84,0.2435958994448876
73de4557a432e24468f78c40d6b3ebc586deef927651523055bdbc83ff16b839,Zigzag,24616836,14216234,24616878,14216392,601,718,42,87,0.38315990499016933
f30c47b4820d178da483531e15a86bdb81b8cd142329183d78cbfc9b07866558,FCBK,24622429,14215193,24622926,14214979,1057,346,80,39,0.3066162610454934
f30c47b4820d178da483531e15a86bdb81b8cd142329183d78cbfc9b07866558,FCBK,24622429,14215193,24622257,14215720,389,1087,75,34,0.12498318193234105
126c8bc628b3a54887382004122c9c5eff82bc6b780c537262b70950775fbcb9,Zigzag,24802318,14229764,24802396,14229573,638,370,40,90,0.19041207313330086
910a9e5c283b3cf96dcd4935907712a1aab50b9bd3d283f049d2880cb83cfef5,Zigzag,24832144,14213110,24832356,14213559,772,1009,41,86,0.3704219389172931
24526675f3038769111c73b8212d28790c16ac3f9079f0d08fabd438f9a29509,Zigzag,24699790,14223521,24699614,14223369,384,407,48,89,0.3136675792427234
24526675f3038769111c73b8212d28790c16ac3f9079f0d08fabd438f9a29509,Zigzag,24699790,14223521,24699429,14223232,199,271,45,85,0.3416053707896588
4cca5803a38ec5b1e00e25e21294b395ab398cae5115ad790e1672b0660a6321,Zigzag,24926283,14311658,24925880,14311643,157,545,51,108,0.08400722780102866
1bc8a7fd50154cff01e63f72fd9e8f3b6222f934865db632c646e69c4f0d2432,Zigzag,24676489,14191217,24676239,14191128,311,472,68,39,0.3180724809752281
e17227b7dc819c2012155eafa2f3f7f947fed49def7d1a75153624bc6c997aaf,Zigzag,24945856,14227683,24945608,14227746,312,623,56,99,0.016136022304573647
f917c14cffa99752834531e9890078ccf11b0b0b9e517ff1168dc9f688e7e981,Zigzag,24704451,14263002,24704855,14263006,965,564,47,94,0.481946270359187
324e35e5308da23313707d7d90c267adcb59fad33b9391bfaaf1870c4bef31aa,Zigzag,24761307,14350857,24761403,14350552,656,255,46,83,0.053704848811725554
f5e99ed1716fd578f2998918eaeb2e2296cb24fed2373d761112fbba1fedbfa7,Zigzag,24676489,14218317,24675961,14217930,32,174,41,78,0.13805753021802952
36ac164016fa2bc2b3be11d565ca9414165634ba344a4289ac59910444035a26,Zigzag,24856378,14315790,24856158,14315416,341,186,81,47,0.19655620214995223
36ac164016fa2bc2b3be11d565ca9414165634ba344a4289ac59910444035a26,Zigzag,24856378,14315790,24856346,14315875,529,645,44,87,0.15626497170203443
36ac164016fa2bc2b3be11d565ca9414165634ba344a4289ac59910444035a26,Zigzag,24856378,14315790,24855950,14315339,132,109,85,48,0.09106451314357616
36ac164016fa2bc2b3be11d565ca9414165634ba344a4289ac59910444035a26,Zigzag,24856378,14315790,24856145,14315522,328,292,88,50,0.4438730869146554
6ffa6de5ee55d66ce1bfadd498d2ddbb8a9c60325dbca153459d286fda7bb665,FCBK,24568369,14366297,24568709,14366213,900,477,39,89,0.23912441868513093
a0340dfe9c9a57233b43243df288f2f5ca4d9f73185efc1f0a7921e23c0e8eb4,Zigzag,24951448,14263002,24951316,14262694,428,251,103,54,0.30928404937796666
39ecfcf458f985e12a871c5d7f4fe69c4624b13a04d6c649c428c27536843405,Zigzag,24803250,14243278,24802810,14242984,120,266,37,82,0.08506635032179637
39ecfcf458f985e12a871c5d7f4fe69c4624b13a04d6c649c428c27536843405,Zigzag,24803250,14243278,24803085,14243537,395,819,86,39,1.562776483488232
24dcae156e4548a01ba1d6b21c8d3066a6ec72429cd3b586b8b8937510bde286,Zigzag,24859174,14223521,24859464,14223495,851,533,77,42,0.08217222658618001
24dcae156e4548a01ba1d6b21c8d3066a6ec72429cd3b586b8b8937510bde286,Zigzag,24859174,14223521,24858979,14223701,365,740,77,38,0.09540226160471882
0867b5f5ba6676c727dbacf13157454409dfd64237c056d6a307713acd851d9b,Zigzag,24842397,14357035,24842532,14356920,696,445,40,86,0.04346584330296835
3530179f23542e47f8411fed4565ff8565c0b656db723b95c396513b1a4c5a1a,FCBK,24828416,14375551,24828795,14375930,940,939,34,76,1.3377777208962334
d1238d3a9962bb0b3739bce4392d6c03fc76a4d2fc3eec083183d32b137b6047,Zigzag,24759443,14218317,24759213,14218582,330,826,44,91,0.26831898923998837
6a6f543b9a7df65297a01207aca698e5f93d5e5b9e32b4615b141eb33713b82a,Zigzag,24739869,14228724,24739492,14228988,183,824,86,40,0.24897240556683728
de7f282f90311f81232697906e54b2c4b38ef6ab87644ba7ff13ab7c2160f954,Zigzag,24559048,14345706,24559471,14345921,983,774,40,86,0.15035485132141696
b35a1befdc6d4ba2214b28f4db3ef6192c733d327f8dbc700a5f56570a04034c,Zigzag,24810706,14265077,24810522,14264724,375,207,89,60,0.15040158979854784
ea5726002488356fc5981a567660f8559c0cbaebe434fece8096cb9e037f89c8,Zigzag,24643866,14313724,24643621,14313942,315,778,33,61,-0.0
8dfa3dc2eea61bfbe1a1ce24893153de46c6e582afb0d1b5aa1dbd5a789304fd,Zigzag,24710043,14201647,24709982,14201722,499,635,38,78,0.26346479558683045
4e4d82149b7ce4d480a7690c5f65b3796ad62fbd373671021fea182c4f72dffa,Zigzag,24652255,14146261,24652634,14145858,939,157,41,86,0.12371814712503978
7ad8417a84f6978de47ce50183e0981fde74ad177991202fa9074361d6dc442e,Zigzag,24656915,14249510,24656650,14249503,295,553,34,73,0.2082380251135303
1dacaa60bdc0ad583667ba23bc8aa05732462c3791f0585c2a46185149f8fe29,Zigzag,24954245,14252625,24954305,14252782,620,717,53,106,0.0008851394941207332
063a6b2cd6e0b888089da0ac4b63decd24a414f131801b4538ac15a026df7637,Zigzag,24956109,14252625,24956592,14253071,1043,1006,41,72,0.0716441599082299
063a6b2cd6e0b888089da0ac4b63decd24a414f131801b4538ac15a026df7637,Zigzag,24956109,14252625,24956242,14252393,694,327,80,46,0.3716399023523272
063a6b2cd6e0b888089da0ac4b63decd24a414f131801b4538ac15a026df7637,Zigzag,24956109,14252625,24956527,14252241,979,176,100,44,1.5573110111411168
4e6388bbcdb17526f5e26b358c62285f358abceafa8fa1421508662992322fc5,FCBK,24726820,14382745,24726373,14383013,113,828,36,80,0.05733805800648775
0d7ba57f841a2faead993edc8190a18a40b01c624d8f72ca46aa182b04be70b5,Zigzag,24920690,14254701,24921001,14254439,871,298,79,42,0.22023936082889065
b764a20f0c3287455a1f4110fff58103b76ac97f842f3430885412c8e49eb134,Zigzag,24807910,14309591,24808005,14309165,655,133,44,82,0.059772728197416594
ab491a2721b71b82b58b48e5a765db9083268587f43234731350cf4565fa9946,Zigzag,24864766,14284766,24865228,14285026,1022,820,45,81,0.13937947344887444
c0b34100faf77771622f32127e992f7e5c264510cf8b78868e9a0d04d23e0bf6,FCBK,24819095,14379662,24818984,14379780,450,677,37,80,0.06747047049261454
430bd6bd4aed72e459d9103b99aa57e5c2d54674c0a64a8b757534c472cdfa55,FCBK,24648527,14149403,24648178,14149927,211,1084,37,80,0.23702980919827002
546e2973ce9f1e72e227483ddac8b3bd720d132e3ca435faf5b07629140ec657,Zigzag,24729616,14215193,24729425,14214972,368,339,47,93,0.19501261733738548
5a27e2da0ee593c82cc548a3d7f6091621daebd56cf681c9b31c4d53675703cf,FCBK,24940264,14307525,24939772,14307609,69,644,45,109,0.32739470992348235
fccfc47fda20e0166ed6b314f2dee545c6a367e16323f2b298f638cb980ca195,Zigzag,24851717,14293047,24851583,14293435,426,948,43,88,0.1714160779729019
a7f6f09036b3e5223a6c5a7c95454a23c9926fece73af9e6c6dd50afb69f03d6,FCBK,24662508,14367325,24662219,14367480,271,715,75,43,0.634915979686412
577e0ebc0a1a5aa338b12957092f03b5ce65446bb8e51824e8a40f9d6476d175,FCBK,24712839,14372467,24713304,14372944,1025,1037,71,32,1.5686201247101383
38ce64307447d16580b3b40bd6d781198018ea1d2e68b931024eaa45c55af775,FCBK,24865698,14259890,24865858,14260428,719,1098,37,50,0.09443317057355262
dfe8025cebba4cafe6b698c10e9bf24425a5b2a4872595d7c1014676d3e0fe12,Zigzag,24746394,14409428,24746545,14409048,712,180,85,46,0.13859401569724758
dfe8025cebba4cafe6b698c10e9bf24425a5b2a4872595d7c1014676d3e0fe12,Zigzag,24746394,14409428,24746909,14409483,1076,615,41,85,0.24744375110113181
5ae3f600100f893dc8b75470ab7c212fcde62a82a65096e099b7439159512e35,Zigzag,24747326,14261965,24746846,14261756,80,351,85,45,0.4272848224062834
bc0378b685dae00ab24550244829179d2363717f261a1494e16f99931515d056,Zigzag,24765967,14227683,24766013,14227984,606,860,90,38,1.552543420157657
5fcfaea59aa8a33f9894e1fa05522780821f758da06112c190ba5c7f04b0d099,Zigzag,24721228,14196433,24721634,14196278,967,405,88,51,0.2898411092076251
a8588f758434d3b7d264a8920d38707886edc755e0ae470f3f9b43af8152d373,FCBK,24690470,14225603,24690864,14225862,955,819,85,42,0.22215210970281277
bb55ff8c8c4c94cd734c827e27775e78b11f46df16d6cc4dee9876ba468d448d,Zigzag,24943060,14279588,24942982,14279903,482,875,37,93,0.06523478836938505
ac2dd3daca6bd60265f6cb3f9b17ad667041eaee393ec26d7bf85487ba8d0886,Zigzag,24805114,14289942,24804867,14289688,313,306,76,41,0.16024391746293773
bb4f0bc36aa67cf1e1f085750ac6e0ffd481a76d6a86a9065ff78783d3b0943a,Zigzag,24970090,14221440,24969948,14220986,418,106,51,103,0.021468492641779927
79369ff464b058b26ff5efef88d988c40983728bd4810a8b4cdadcde881739c0,Zigzag,24690470,14357035,24690736,14356685,827,210,39,83,0.0624244460171869
ec101e982b130a30afad49428da124262391f233166f9581d9b9825d1875a88e,Zigzag,24628953,14238082,24628837,14238207,444,685,80,46,0.19157943650762346
ec101e982b130a30afad49428da124262391f233166f9581d9b9825d1875a88e,Zigzag,24628953,14238082,24628502,14238030,109,508,65,34,0.12329834971345924
99b97a3f1c844c8434dbca935f3c64b29c79c69e82be50218f6882f88ba1557f,Zigzag,24679285,14213110,24679092,14213644,367,1094,103,51,0.2184974038046266
397c4ecaf8da6a89dfd6133afc3208cfb6f0b47781a8d609375e0beea1300316,Zigzag,24765967,14183910,24765768,14184156,361,806,79,43,0.206285944679259
397c4ecaf8da6a89dfd6133afc3208cfb6f0b47781a8d609375e0beea1300316,Zigzag,24765967,14183910,24765593,14184375,186,1025,45,90,0.14750425362486658
5822b174b1e0003818c075a297c3a9925474515de7ced09b972e51f6eff86874,Zigzag,24884340,14269225,24884356,14269753,576,1089,43,72,0.26168250831680856
f0f1e9f61af2f145eded8103062700ecc63f0a80f926a43e166ae418f06395e6,Zigzag,24683945,14375551,24684450,14375941,1064,949,40,94,0.1431585406475889
211f84ff4bb3a98465a4cb9b01ecd782d708529693b3bef32857490c81393c8f,Zigzag,24848921,14279588,24848696,14280059,335,1032,40,90,0.13914089582709535
8b920e29fcbec749eadbe956ac08fcd49feecd59f72b19300dfe22457a2c199a,FCBK,24625225,14252625,24625202,14253156,537,1091,34,72,0.36275942524988986
d3a94fa4e5a2f0684237bf7450c28451ce5500cdbf877da123e5c56af9a4947b,Zigzag,24757578,14302356,24757804,14302417,786,621,49,88,0.1790643437284732
b8302b64e7bd0a926845ce06fb8ece4ec6aca8717e2c7d30398b6cbdbcd5c2a1,Zigzag,24639206,14214152,24639563,14214493,918,901,45,88,0.25024947453331436
526386b2de8e82bf2c18539fb2ce52ef547ce1e69574eb9eabaef65825d32bf8,Zigzag,24721228,14354976,24720968,14354816,301,400,28,66,0.17739452508023673
526386b2de8e82bf2c18539fb2ce52ef547ce1e69574eb9eabaef65825d32bf8,Zigzag,24721228,14354976,24720843,14354856,175,440,37,74,0.31407883789405894
0cfb4522a6e567e7e128ca1dab69976bb10b6308e6fc353dbae28fd15abd71eb,FCBK,24738005,14342615,24738286,14343091,841,1036,86,33,1.5598443431280546
e05cfe6f3acca5380d78bbe65940b07e6bd7939eaed0447dac2386fcfd222751,Zigzag,24800454,14276480,24800793,14276744,900,824,46,97,1.5562545351366823
8fb9d2549d253e93a7ad03449035804605ccf323e2a910a7c872a30b6876e384,Zigzag,24696994,14189130,24697492,14189551,1058,982,49,94,0.31202334358570855
e230df8b8501ad61f978831540c30246c3f4e61df7f57521babb0146fe78820d,Zigzag,24786473,14241200,24786634,14240980,721,340,83,42,1.5509732203789461
e230df8b8501ad61f978831540c30246c3f4e61df7f57521babb0146fe78820d,Zigzag,24786473,14241200,24786577,14241326,665,686,39,83,0.0014660489840311165
26ef218f335cdf30550cd42e2027c762e90f94a1181a92ea0c57f02592803ff9,Zigzag,24862902,14263002,24863039,14262571,697,129,41,85,0.3142015097517707
26ef218f335cdf30550cd42e2027c762e90f94a1181a92ea0c57f02592803ff9,Zigzag,24862902,14263002,24863378,14263465,1036,1023,46,82,0.1841141465636974
29b54b0e07ce865fd6a4e045d04de5f53a5553810beb20dc313626637189cb7a,Zigzag,24947720,14284766,24947904,14284878,744,672,39,87,1.5700276053462452
230b8c997c6cbc91f2b5703b98d1f8af01415c0f1675acbdb45b702792100ce5,FCBK,24685809,14185998,24686074,14186436,825,998,89,41,1.525064258239947
7ea40af38c7ea64c11eddfa2c8049a21a1e6ec079b279178ded252969626ea97,FCBK,24616836,14200605,24616675,14200546,399,502,39,97,0.15922391012068057
6af15290776273618c7bbffe28cc81247f6e8f6898ac4d5f1f128d118f960eb3,Zigzag,24961701,14251587,24962092,14251861,951,834,89,54,0.004756350571124576
f2e5fd085bd342d2a5cb5875a568d1be359096c5340249cb8021cd7b32bc145c,FCBK,24752918,14397119,24752904,14397168,545,609,28,63,0.06151821391012497
495338ad1412efa42be49aae119d2c3da5c4874813500a05d264855590ff754e,Zigzag,24651323,14429915,24651736,14429681,973,326,38,88,0.2820967366262156
15f7b20a4201b0705d2aec00c71816f4e277e477cab216e995fae0dddc60b98b,Zigzag,24812570,14379662,24812626,14379427,615,325,73,41,0.21317417754923534
57959182781733574ffc93ddba7e5c24e2e2d23cfa5010ffc920ad9756feae4a,Zigzag,24684877,14381717,24685209,14381693,892,536,45,86,0.1198853839408466
28c588619f03f05bccf725541be5395f709be616a3fc91bcc04f0c8ed0175ef6,Zigzag,24835872,14209985,24835481,14209726,169,302,47,90,0.2670328322362914
266c1f176e89dd3c681e461fb3ea76ff82e08ca8abae2e2189ead854b13822b9,FCBK,24795793,14373495,24795567,14374043,334,1108,99,38,0.05709327605160664
709ded4684c9d9556c2e1237f6160547e3fe2d3c0d8b8a989616ca75917e401a,Zigzag,24802318,14220399,24802514,14220465,757,626,45,96,0.20303134544534363
2c072cec7213cccb96a1c0bdd2f8d120c7fd45be8afaae7a8c0c5d7375757922,Zigzag,24726820,14215193,24727180,14214939,920,306,52,93,0.14995615946147528
a19b2ac99114b166210e473b55d4f9edd095528ac43e5a423e32130c198b53df,Zigzag,24666236,14274407,24666687,14274962,1011,1115,81,35,0.3290063218571438
80edfc250b85822d28ac19b17b70749170d08050bd82dbeae6f8bf3269c0b6ab,Zigzag,24779948,14288907,24780296,14289359,908,1012,86,42,1.5518069229581954
501d169ff8eba81269e48e557e3242fee7c692d65bed69220c4246e43abcd44b,FCBK,24761307,14289942,24761641,14290210,894,828,34,73,0.08365335194880598
3d7ba40cfda98be7065108af7c74cdd9abe6924c916709ad55dba7154ade7cdb,Zigzag,24819095,14249510,24819463,14249877,928,927,46,92,0.20247109957577503
8afc33231fc8c04764d4e9461bdd995b9ae6e49eb1cfb24ec63cb24b3eb2b7d3,Zigzag,24799521,14261965,24799482,14262352,521,947,88,38,1.5178505537952491
c53b12a9c3926af084cd7c41df11a8f98e684ef7aa35343d5ca7445f75ee763d,Zigzag,24683945,14174509,24683497,14174423,112,474,33,70,0.32454872282456915
f93481750c070e0ce404a774597a1b90aac39c12f03dc42fd30152c4bce87811,Zigzag,24599127,14216234,24598672,14216757,105,1082,74,32,0.17721820717131664
fb348d6fb1e5013ab59448f090857063cb8a20db7ef55292d7fec24d6f1def03,Zigzag,24763171,14353946,24763017,14353677,406,290,46,87,0.13080874694834851
e10dc1a58b1e1bbff18c0fe9cbb99f054301eb75261317f8d5b7609fc3449294,Zigzag,24628021,14255739,24627581,14255742,120,563,38,85,0.18554959039125013
b2b3867a71fd0edb8b1591cd76abf398790d78018ff4f4f8774121f86de56d90,Zigzag,24751986,14396093,24752347,14396544,921,1011,72,31,1.5655814579063578
863a2f7838afe764e3bf8cc1b9c9ab8bd1322dbf624f1fac85a2fe3c2d1e273e,Zigzag,24794861,14253663,24795288,14253747,987,644,44,90,0.1908061211060917
eaa10c6518ac54f1616e9368300761b85d84987a679131c493978be7254a49e3,FCBK,24655983,14165101,24655633,14165309,210,769,76,45,0.24952028438209384
71ccfd20a2ef87381cc534938c6586beddeaa45abe57815868911a0d301ccf0f,Zigzag,24979410,14232884,24979315,14233221,465,897,96,53,0.27544928680829606
71ccfd20a2ef87381cc534938c6586beddeaa45abe57815868911a0d301ccf0f,Zigzag,24979410,14232884,24979736,14232549,885,225,85,46,0.08530276412518974
71ccfd20a2ef87381cc534938c6586beddeaa45abe57815868911a0d301ccf0f,Zigzag,24979410,14232884,24978976,14233206,126,882,46,95,0.07954501817081683
71ccfd20a2ef87381cc534938c6586beddeaa45abe57815868911a0d301ccf0f,Zigzag,24979410,14232884,24979274,14232793,423,469,39,87,0.1850505639372397
32afd768f72d593e8d1a1394b508d1665bf15970db87a77dfd67871f8987936c,FCBK,24710043,14208943,24709957,14209190,474,807,32,70,0.3249256599873563
36c79eeb3c59bbfa3e4d55caf63d2bc2d0b6b11610d28c66c16a6c6d929eaf07,Zigzag,24687673,14318888,24688027,14318607,914,279,42,75,0.3014475980018676
56b3423c3be145db58e2e6428c92f6b9a65ae6dd05253091481518c39ff8a0b9,Zigzag,24776220,14243278,24776088,14243463,428,745,38,78,0.10240153164739464
f5993161c96f6b4e79987438809e4475f10ae30adb3a0ae1b29746c306e6ec81,FCBK,24596331,14320953,24596368,14320677,598,284,69,31,1.492404049579542
aedfb3d79323121f64a2767475d9539bf4a50db452b3b178224949d2f6040ecb,Zigzag,24919758,14254701,24919279,14254466,80,325,43,93,1.4005613441206881
c41acfab53edddb48f8d5fe93fea7f9c7380dd141fa291141e537b456b86146a,FCBK,24750122,14368354,24750199,14368621,638,827,39,95,0.05327314623783451
129ba6089a95ef293f636f49645fafca1016e49153f8232229094eecd4920e15,FCBK,24735209,14214152,24734875,14213968,227,376,92,50,0.25050756813245667
f21c32444e912ced1e0233a9fd2c018c1b00bf9f9ac4485079bbea33e0f276f1,Zigzag,24769695,14250549,24770005,14250919,870,930,81,42,0.09448878070606483
ff3125c3749a17e64ae935d30a902ecad268f364d4da0e66098da5d3f5ce4dd2,Zigzag,24924419,14338492,24924252,14338137,394,205,39,67,0.05719459684751655
9ee46298e210038810c57ac906d323a4471629fb92cac75a19f8f11cc8b43390,Zigzag,24651323,14146261,24651593,14146245,831,544,98,56,0.1202116211743813
77d463ad46b41621ee3d8e928d1d3f8f222075a01385116a5b9f81c82cd3ee05,Zigzag,24737073,14269225,24736740,14268770,227,105,40,80,0.15663262109051984
0c3a5437bd717c68e3868077d69fb7fdad9b5e9f8f596d2c1ca80970b874fb1a,Zigzag,24814435,14205817,24814302,14205540,428,283,45,90,0.13582815645763216
2a98215ba42d781a783bbaefe0408139ebe20f5257b72eee597376c004512fce,Zigzag,24738005,14201647,24737881,14201383,436,296,40,88,0.21400128880478672
0c0bc0a97434a240fbdd1fc4c06578719a1f0bb1e8d577749e2653ab3bef073f,Zigzag,24756646,14313724,24756438,14313381,351,217,87,42,0.05504341183224823
ca1fd77e76d4f2e2eac61084552f45a8b777806246f54cc90d83f324b7156c77,Zigzag,24893660,14281659,24893403,14281691,303,591,37,88,1.5568369684670829
50b220402ed7564b30423882f488e833ede419f88c5ae935c7cfd432810822b1,Zigzag,24655051,14310625,24654616,14310267,125,202,80,40,1.5496510940557764
1a4adc47416307f4618a473101d6806503238e5ffca1b779869be7b5b93fb925,FCBK,24661575,14208943,24661693,14209457,677,1074,29,68,0.0280869160844122
6b24646596f23170a6ee277f8dad3b4eb5c9b010d3cb7ded7ab27a62ea97fb2e,Zigzag,24962633,14277516,24962504,14277573,431,617,47,98,1.416981196979626
998b7a4673a3e72d2ac8d7856c60c88bac4bded0d996dd187558a7ed48edc87c,Zigzag,24683013,14321986,24683097,14321833,644,407,45,94,0.17906044885537897
998b7a4673a3e72d2ac8d7856c60c88bac4bded0d996dd187558a7ed48edc87c,Zigzag,24683013,14321986,24683034,14322274,581,848,44,61,1.3068524285279608
44b4a3046339c82e81ecfc81c11e5c7dcbe762673b5b38d21811a6207b361b2b,Zigzag,24921622,14253663,24921579,14253698,517,595,47,89,1.425249779532104
aa81836b84c26e91c8067b5a2bd5286dddde1a5c2d6a1f9836aac0fb9c6e2a2e,FCBK,24753850,14354976,24753366,14355312,76,896,60,30,0.1482633377593232
26d6e1d4773e746faf36e09ade34f5cc5fb6d357a0c484a1ffc261ae483cc96e,Zigzag,24943992,14306491,24944119,14306437,687,506,45,91,1.5646806436676386
8167ba9265dc15b51e1547f03776c08c2a736d1ef1508c806b3c4e22a9c64dcc,FCBK,24719364,14198519,24719479,14198085,676,126,34,83,0.04244663074784901
35a45a173d91c58498593c74ec48e510ad8dc3d23ad373e6cf21cc311ce9a17a,Zigzag,24831212,14228724,24831151,14228243,499,79,46,89,0.07015758338774768
2636fc44c4031f2f2625455d035fd316f56fc9f5aa4ffada005220b907944f96,Zigzag,24768763,14199562,24769246,14199984,1043,982,45,92,0.21094256506904663
b7f65f4259c0cf1a6db70452c7344730699b9f1c13a7cedfd10396b763f24866,Zigzag,24871291,14261965,24871374,14261881,644,476,73,36,1.5623628945709427
66f3d5a31fb4a807fc3931e9b83c728dcd5539a8e4cc39adc46dc6a7d3ef5eb0,Zigzag,24731481,14309591,24731811,14309479,890,448,46,78,0.4401530503459782
25bdd13c7e23438074f41a2248d40fb5a376de4434a33c857926d26be4cc9024,Zigzag,24705383,14287872,24705314,14287560,491,248,76,39,1.5538668780613718
519fd877b6ca990a3fe4d42f93a3e7f2cc41a3a3eb3a58f31b6810357afb0157,FCBK,24780880,14225603,24780512,14226107,192,1065,40,94,0.28648456083823015
b5df03691c15c3936536ad4a832d252dc08a39a0e51e7d089096aa9cd39d6740,Zigzag,24939332,14274407,24939610,14273945,838,98,82,45,1.567626099833266
bdf36aa51322f3cf195465dfc9e749aac88ceb83d268e8e216ee939f8cb9abbd,Zigzag,24822823,14302356,24822544,14302313,280,517,59,34,0.6260830067199189
2df21066da8e53f77071bb0fec976139cdcb4c5abf62063b041264fe6a681ed1,Zigzag,24792065,14252625,24791842,14252175,337,110,38,80,0.03753860795115792
26ff8bf452a34838fd8d666ad05a3f999de1380096c60ba96c33999e7f1f1ed1,Zigzag,24696062,14192260,24695853,14192319,351,619,73,36,0.7288500655493053
26ff8bf452a34838fd8d666ad05a3f999de1380096c60ba96c33999e7f1f1ed1,Zigzag,24696062,14192260,24695813,14192700,311,1000,38,75,0.5305107106019769
496c9e100aff2b05863a22631bcc05f96d763f573b1fb72f82bf22561a2cd86c,Zigzag,24728684,14208943,24728390,14208599,266,216,106,54,0.38939033707089604
687a5ba4acf9e92f55df5f0c29a3b42ef8dfb500f1a365c7072700ffd519434a,Zigzag,24863834,14263002,24863444,14263235,170,792,44,84,0.10149558250119853
98afc8e4bd85a1e63bebe3cb4469a69f7206b1d4271bea38833df62485b1f1a4,Zigzag,24804182,14269225,24804640,14269450,1018,785,83,39,1.5372010822757651
384eabb42f04dfc7e8578cc755dd914dfc3ce9c941e1155703243d15b7b9b015,Zigzag,24733345,14201647,24732829,14201147,44,60,41,91,0.06192519485895952
a3652c0512be28aea2713600dcc6c0cf7bedaaedadcb6ce891edff9f49b75b33,Zigzag,24721228,14254701,24720851,14255083,183,941,46,90,0.01542823627031735
3d23f224b96fa02b12b8573675850340e38074a519a5915e5c51e96cffccc9ed,Zigzag,24740801,14239121,24741073,14238583,832,22,87,42,0.2534361132251623
45527060e8684d653d456f9a183cf29a7b68adf2f08dc6b805780ff164ea47f8,Zigzag,24744529,14190173,24744679,14189834,709,221,42,79,0.5425472666227535
efc367cb3f56a2afaa7037a07de4477f325c3226e5467037a486900a760a1606,FCBK,24761307,14239121,24761514,14238919,768,358,33,73,0.16942035498626698
ee3f12bef80f6469244da0855370df24ec6f4bcf8bfe1bdcae2c692deb1ea767,Zigzag,24923486,14340553,24923262,14340512,335,519,39,76,0.2387949024345041
22c9d38e205f60f49d709d835d415cf52f211ab5a774bc028cf18a1c3c375bcb,Zigzag,24614040,14143118,24614474,14143297,994,739,62,121,0.2894698312621545
7767958d8cf047245b8c0b7362355a91b8efb6d458ac37f18d460483ca1b2f61,FCBK,24646662,14426844,24646142,14426824,39,540,85,39,1.562764099789163
d6eeb22fb36c2b5fbd47322085ff4d94ee87c218dbb93f039740a00952d3845f,Zigzag,24688605,14194347,24688679,14194713,634,926,89,46,0.31159367583333786
d7c00e9734f9476a8cc9a3deb8da9a92e2339233d90ec45d10d6e42abaa6c542,Zigzag,24916030,14256777,24916335,14257252,865,1035,89,44,0.13087848015701653
11ed50524eeedde0cc55f2fb7ad36fd94e21ae2870e6a40c78e9235e568331f1,Zigzag,24627089,14155685,24627446,14155191,917,66,42,87,0.11631627370457125
11ed50524eeedde0cc55f2fb7ad36fd94e21ae2870e6a40c78e9235e568331f1,Zigzag,24627089,14155685,24627588,14155233,1059,108,44,97,0.3601619776597083
9e9adb2813b7932ef6193c50738650e14ef2a3b8889d9b7bda5b878153224266,FCBK,24722160,14194347,24722305,14194462,705,676,99,50,0.46618262039284447
a6200bc6a468799b975cb9ae8b1ea695b038162c1dc980755406540199769766,Zigzag,24867562,14245356,24867504,14244997,502,201,94,52,0.15637760677138796
a6200bc6a468799b975cb9ae8b1ea695b038162c1dc980755406540199769766,Zigzag,24867562,14245356,24867568,14245792,566,996,45,93,0.08886154628986262
f012dc8d38efadeb72d36c25a42264055ba2b89209e7ca084c7936e1cb645336,Zigzag,24930011,14265077,24930015,14265172,565,655,43,92,0.011073052426413084
88ba29c8bccca1a149c6c7ffa4230f0cab55a8c533fa830ddef69efc50c04c6a,Zigzag,24748258,14246395,24748789,14246264,1091,430,45,88,0.3377874963404348
f262fb20d24687d0ed816bd6c70d21d780776e368401e23ede773f1ad9714bd8,Zigzag,24655051,14142070,24654537,14141849,46,338,85,49,0.22933082686868952
452909d49a779ab1c8b81a501516b058923e0a297899318422b698b41057c15b,Zigzag,24741733,14315790,24742009,14316163,836,933,40,77,0.17519342243928623
905862f9e003888323446485fbeb0629bc8b4a4e034898dbe1fb2ca0caca9671,Zigzag,24852649,14218317,24853110,14218296,1021,539,51,93,0.3838996978514797
c93abd93fce42f4ee1c17eddf2f3058e0a610b2fb0f8bd85cd5dd4d9728a4c87,Zigzag,24795793,14287872,24795571,14288217,338,905,82,41,0.20149716492037623
412b00ce7db5baca5213966d8921e5dc44a84a6bdde339188d1964906d1362e3,Zigzag,24652255,14151497,24652787,14151548,1092,611,41,92,0.20261164790230396
65119d4bfa23555897c7a1e8df22185b24c1ff8afb83d7cfb5d1e59cd792c601,Zigzag,24585146,14377607,24584783,14377612,197,565,48,95,0.36873109794120174
cef9cf9618ccae5cc8b9076769e094d84f4a9841a9319543c2f7b9f0b345a9d8,Zigzag,24738937,14380690,24739396,14380588,1019,458,40,79,0.12791527235824787
cef9cf9618ccae5cc8b9076769e094d84f4a9841a9319543c2f7b9f0b345a9d8,Zigzag,24738937,14380690,24739412,14380505,1035,375,41,83,0.023299686368507613
a93b92444ad9aa01c9b83704bbb16fd7fb824b88f928dc0a571e7140a52a19b5,Zigzag,24893660,14329210,24893312,14329313,212,664,81,38,0.11280760058028387
9ca6828d11d1ffa275e3d78cdeae3478bbcf9c4f88a5d336560739e2c352a07f,Zigzag,24630817,14250549,24630696,14250722,439,733,81,43,0.23177011597963393
1267cf2217e9be452b18e5922e6641a758b3e5831798bd44e5a0dc7f739123f8,Zigzag,24796725,14289942,24796807,14290003,642,621,86,43,0.013354796833527933
274f78b5b4ea07257bd8bbbc9e51ed1052cd8d2653196ba20c741ead260951e7,Zigzag,24775288,14228724,24775207,14228642,479,479,40,76,0.19344548019392835
4e41d9e1dd73b6960fa7860eff26accbbb4751ef258aebe2953e647ad03c8e59,Zigzag,24741733,14245356,24742089,14245081,915,286,36,81,0.1919094521009547
81ae8ff67c94cdd72b850442468cd38d131b86ca515b54b9201f811ced135798,Zigzag,24826551,14266114,24827033,14265907,1042,353,40,82,0.021792526525631514
4708e0a686b1c7ddb1468b8698c4189c8be031f8d531807ef26f9c1cd1f02aa8,Zigzag,24609380,14386853,24609244,14386371,424,78,43,86,0.3416228810738261
12236679de54238f907471935e7f025abe71ccacfad21f3759564e09438f08ce,Zigzag,24981275,14229764,24981455,14229895,740,691,50,94,1.2466398210198688
12236679de54238f907471935e7f025abe71ccacfad21f3759564e09438f08ce,Zigzag,24981275,14229764,24980922,14229796,207,592,42,88,0.05445987994789824
12236679de54238f907471935e7f025abe71ccacfad21f3759564e09438f08ce,Zigzag,24981275,14229764,24981471,14229638,756,434,58,118,0.0017604416768906609
12236679de54238f907471935e7f025abe71ccacfad21f3759564e09438f08ce,Zigzag,24981275,14229764,24981041,14230148,327,945,87,51,0.060876479472389146
12236679de54238f907471935e7f025abe71ccacfad21f3759564e09438f08ce,Zigzag,24981275,14229764,24981275,14229578,561,374,109,47,1.5705802112724365
12236679de54238f907471935e7f025abe71ccacfad21f3759564e09438f08ce,Zigzag,24981275,14229764,24981628,14229995,913,791,50,87,0.0005131572998867021
5e9abf7741f4c90b9bc0632815262e25d935fef2a0f36e8a9ba98e54196e6562,Zigzag,24802318,14264040,24802491,14264452,733,973,38,85,0.2064874793947508
39976a0abf4f828323c3782e6484428af0369ee6d2678a34c24d6abe20bc39fb,Zigzag,24898321,14306491,24898516,14306993,755,1062,45,91,0.35681431759045146
248e8bd29cea916df233b85b339dc43dcdd97030e9482ed1fd58d2a695418768,Zigzag,24761307,14230804,24761191,14230766,444,522,88,45,0.4069485248482749
0abae1c13cad6233ab2a01d21ca07ad7be8f3e8636cbb28c80d957cc5fc3d6f2,Zigzag,24692334,14171374,24692603,14171627,830,814,40,91,0.26176085518712733
e5c2acef0d11768be011e16541f013c5599eaf19b77978fb52898b7582007fff,FCBK,24745462,14364239,24744951,14364053,49,374,79,38,0.24773125598556267
ad6d31d5fb207f059fde8ba06da9d6d36ceef58bdb3eee2c7ad5f90220ec5bd6,Zigzag,24655051,14239121,24655314,14238698,823,137,38,78,0.403697970290265
91a9ee0653e455f7b96b48c321e7cdf91f32fafc6609c506fe79dee42b3dcfcb,Zigzag,24752918,14320953,24752736,14321438,378,1045,82,38,1.561011739791891
62602cd98907726ffd7d1dc38ff8096c77c79bc570a001cd7dbef559dc9cf1a2,FCBK,24660643,14423772,24660949,14423760,866,548,83,40,0.20564578733223124
3d9072f4859b02cf9f68ec50e5f4037bb0b0d263767d7a30c75b1d02f40c08cd,Zigzag,24612176,14243278,24612184,14242943,568,225,99,46,0.23578090316032052
099f187ee4b0710210a7c707526104771ab24a3ff2c5472a6cf2c34d6ddbe071,FCBK,24615904,14149403,24616310,14149221,966,379,36,85,0.1130010292992077
0f8f2a0be881f993ec94a33ec44c105294aac102da1063b1f65d169ed0979b9b,Zigzag,24718432,14282695,24718516,14283073,644,938,79,43,0.4247099118168267
16c79a3b28f828b5704c36690e06501d12eda6aca4379315c3755c2b47289de6,Zigzag,24631749,14203732,24631724,14203631,535,459,39,87,0.20243185123920995
16c79a3b28f828b5704c36690e06501d12eda6aca4379315c3755c2b47289de6,Zigzag,24631749,14203732,24631490,14203441,300,268,89,50,0.3615840058132697
d53a536ab9b9cdf26f98b2bb50651f7dcab99f0f9ce0f6cc26382dd38bc6dfe5,Zigzag,24913234,14273371,24912697,14273385,23,574,78,44,1.5702803393336937
6f2397afb69d63c03c94c3f1ecc6138d653ca03ccbe5ee5c32d4c7581f77d415,Zigzag,24765035,14350857,24765176,14350476,701,179,44,73,0.07056524677161156
a98c4ee778fd81f4ed99d0b04bd65de4ac3e9f757d3a8be71d94737dceda12bb,Zigzag,24756646,14197476,24756666,14197428,580,512,93,44,0.10312222465026212
585385a78b5e9ccddc085fc30d2193f3a960fb708de6e6436fb544195dfd4cfa,Zigzag,24923486,14335398,24923362,14335569,436,731,48,91,0.13349119931157402
93588eaa3a4dc74f97e1e99f1f9c63d85821520258d254781bc789b981e28d1d,Zigzag,24703518,14214152,24703833,14213667,874,75,84,48,1.5597782967330207
eac284f47a11b10647f5842b484fcc605a33678b5ddaf3c79e90758963a52569,FCBK,24683013,14311658,24682936,14311731,483,633,48,89,0.22881893401766262
97e54d21f52b33898ac7bdc318147d575affc6011a088bcd5083567380df16ab,Zigzag,24757578,14343645,24757701,14343833,683,747,37,84,1.565386514514564
9682fce7f5b487285f28bc0f3743e5aa1c1dc9d3c92a78052a973ae7a5d1444b,FCBK,24749190,14366297,24749673,14365985,1043,248,82,43,0.22039693674163927
894cbfc48a18b34be13020c12fd16985caee15c127d0ea5834afb4ca900e0946,Zigzag,24676489,14277516,24676037,14277484,109,528,31,63,0.291438173623832
894cbfc48a18b34be13020c12fd16985caee15c127d0ea5834afb4ca900e0946,Zigzag,24676489,14277516,24676674,14277924,745,968,31,55,0.3000928479553443
894cbfc48a18b34be13020c12fd16985caee15c127d0ea5834afb4ca900e0946,Zigzag,24676489,14277516,24676542,14278057,614,1101,61,35,0.19385312693303544
a02cafc94fb8cf7b64e2688edd323557d58756603f914357321de802867dbfcb,Zigzag,24777152,14255739,24777070,14255657,478,478,45,88,0.062005838705718484
7f0b2daaef132898959fa57ba41b6ce0838ce9814bcba215776d5ef14d72d998,Zigzag,24795793,14372467,24795320,14372866,87,959,92,45,0.0973506302582208
87331b8b9095bcfb47c38f2eddd593f3e74395ab475a10a9b10514fa78359ad3,Zigzag,24686741,14225603,24686712,14225659,531,616,36,78,0.23867572597572306
87331b8b9095bcfb47c38f2eddd593f3e74395ab475a10a9b10514fa78359ad3,Zigzag,24686741,14225603,24686914,14225773,733,731,86,52,0.08989588476773577
4798016f40de888ee56e9f7ee667a6a0deb9175740d09044b0e45d96904fd26c,Zigzag,24774356,14297185,24774081,14296892,286,267,58,93,0.0682512052944957
ae4cf5abca74acde44cd36ad3ed0d8b2abc1f6eef0925c482f1d63f40b32b35d,Zigzag,24826551,14254701,24826429,14254430,437,288,41,79,1.2380647086259227
fddc1fbe13498b9de044206a03a30e3fccaa97738e42b6e30fa4599b72265a9f,FCBK,24814435,14375551,24814062,14375285,187,293,61,26,0.3833882710536436
0b75760b9d53d53bbd2b24d060ca94f28e813335cf402b015020cbf75836329c,Zigzag,24958905,14323018,24959309,14323089,964,631,47,90,0.26547246950885717
8fdd6b54a71a528cecab0f65aef5a7b9c44d36a3ef13ad32327cb7ec4e67a99d,Zigzag,24614040,14216234,24614350,14216253,870,579,44,89,0.0053108233108223254
bc40f1d15cc066f186521b5e5cea10f1f6fc3b096673bb89794a1a55e5b0fedd,FCBK,24600991,14213110,24601171,14213598,740,1048,36,77,0.34817838525511063
8c7370d5c1f5a318c338e29ce19a915e4398bc10e2d02f52314edfaf52857e24,Zigzag,24962633,14317856,24962095,14317902,22,607,36,87,0.2955888100512614
5a7911328f34ea0d03951d76ec083c4199ddff88aafefd8032b91a4b3847dce6,Zigzag,24694198,14302356,24694025,14301916,387,121,45,88,0.15418434381089638
40a81423d7792b40c174783c8def687cf57f3ad8b7ca2d52069f226b64f4d790,FCBK,24635478,14344676,24635491,14345114,573,998,33,72,0.41273753797832097
828deb5fd7a154b20fac6433ec46d69950c2381aab7080c623978d376d26a03d,FCBK,24655983,14163009,24656021,14163070,598,621,40,95,0.30867538391082905
861193eb1a74255afcf46402723ad49a0a2c5275cd3aa48d9ab2a2a81b43706d,FCBK,24652255,14402249,24652784,14402317,1089,628,66,40,0.12760221777210906
0f63de22285925c1beeff8916502a7df31f050f1c154c03856190bfe3fceeabf,Zigzag,24779948,14251587,24779645,14251202,257,175,90,47,0.4152511292836787
af5b65d5fd7f66cc221e4496007ac89ea25a8043a96393e3b68c0d143ab5c62a,Zigzag,24803250,14247433,24803510,14247663,821,790,79,46,0.9118317361489601
bfb8d437910562dfa76beea29ad6f699985c0b022c225ddac6bc7cf3732e23fd,Zigzag,24674624,14309591,24674578,14309602,513,571,97,49,0.25159856536252123
bfb8d437910562dfa76beea29ad6f699985c0b022c225ddac6bc7cf3732e23fd,Zigzag,24674624,14309591,24675012,14309637,947,605,76,56,1.4907302528344273
a64a2c39cd4a63a9107803eb91a72eeaf670cfd7da58823887bf747684e53d86,Zigzag,24791133,14274407,24790759,14274870,186,1022,42,84,0.09618042895286157
218fa7e2d930a6a862d47c90855a6e47f7d2a432e04c73fe327ad272483ad488,Zigzag,24778084,14228724,24778204,14229077,680,914,36,76,0.021438286569353544
28f2583a1366d2325b6517ac0096f9dc9f7e29d62ce6a1a97a7fc59e5b83ad98,FCBK,24783676,14273371,24783722,14273163,605,352,45,90,0.5141604994055443
460a572a82fb4e650086619906c8f7ded5e6f3e474d3689addb76e03cbf658c0,Zigzag,24726820,14214152,24726719,14213666,459,75,49,97,0.3533064018025991
460a572a82fb4e650086619906c8f7ded5e6f3e474d3689addb76e03cbf658c0,Zigzag,24726820,14214152,24726979,14214408,718,816,51,86,0.012924293722424722
d75ad9297ee2f88f5bf9616738981456f8f325b22af23862dd408009a22619b6,Zigzag,24682081,14258853,24682009,14258885,488,592,20,49,0.2668647534819938
c59e2d724cc9c23fe4631664e0edf639fa4930f615c20523245f73361124c223,Zigzag,24928147,14238082,24927973,14238517,386,995,105,48,0.20410922660703956
83b39b068f545174a281fe1f9a0dd5ac480be443aef5805f9fe82c500af673f9,Zigzag,24654119,14397119,24654446,14396779,887,220,40,80,0.21783182991394537
fa6307e4046a4ebc5e698a42faf5207871acd7fc98f6d49e702f70b9a6e29d34,Zigzag,24758510,14199562,24758244,14199684,294,682,45,89,0.3944654565812329
6b4b397987c7bbfc1c38ad1365064e1b2563614e3b37353cf1f1d7a835732139,Zigzag,24858242,14271298,24857938,14271336,256,598,96,47,0.2911405653720157
ab62f52aa7c961ac448b330e5ad7fdb6773d422e4f59d4f1f4bc95c28978de07,Zigzag,24820027,14256777,24819823,14256649,356,432,86,41,1.551673099113419
abedcdab7511a16c52b6131090f66bd686b4850b5af534e2ef9c50311bedc54c,Zigzag,24865698,14263002,24865918,14263208,780,766,45,95,0.029650815822669194
61cec99dc9393edf503e8e566ffe28e70a767d733ac5dd2a011da6859b098e6f,Zigzag,24797657,14375551,24797699,14375302,601,310,41,85,0.10852283238007698
1eddeba2e9eb245728c0a91c96acea441a5b2ef429f9099862f930f3307b4c92,Zigzag,24696994,14249510,24697053,14249956,619,1006,95,51,0.2929780799451431
5cd80729e4cd1388e3e2b42eff24a514c5833cf3e3f27e6d7f4bd97257b70ca5,FCBK,24746394,14375551,24745853,14375135,20,144,40,39,0.003859280882539547
d7c96dd02b01910537b93aa03a34a240dc8054a5a3b0a03258ef5015e35163d1,Zigzag,24870359,14230804,24870288,14230863,490,619,82,43,0.43625025434749426
2cd9b119502e3e6cdf7f263c2415ecca332c3eccd324e86ca4f6f3daa0c9b1cf,Zigzag,24832144,14215193,24831609,14214765,25,132,48,87,0.28660150689959824
30602686ee42923bc89e97a485e4bb62976502f479574f30128b2c4dacab2794,Zigzag,24760375,14364239,24760736,14364659,921,980,41,96,0.02769791355353029
4389feec466bab42553f678cec0796c5b33676fa5b4732f94e1502829cdec0a1,Zigzag,24806046,14261965,24805964,14261622,478,217,84,42,0.1927294394005901
a3171d573fb85bd5cc3d784155abfc2424a0a986be8b0973dbb729014334fdd6,Zigzag,24801386,14274407,24801045,14274223,219,376,89,49,0.03560978856453281
f4711e02a9eea6c5c211ec056ae95ff51739058610c2ee618ef7f18995805645,Zigzag,24773424,14220399,24773533,14220728,670,889,38,81,0.0468393651631234
961ed7132ef998a1ae1132405f10c9f592104dbbb233dabbc8ebc3505ab87d64,Zigzag,24654119,14360123,24653621,14360640,62,1077,44,79,0.29614161571453457
4eb131f16416562e3c580311c108fc0b2e31dd558a76fe7e8740145494027149,Zigzag,24653187,14249510,24653060,14249682,433,731,33,64,0.22165110252274162
c00fb3632249fef2b5a87f6d2dbc64433a2d46fffd65e93e417f1dcd368d356d,Zigzag,24748258,14365268,24747861,14365543,163,836,76,40,0.5046888005411094
3d773a0fb2a43391e59917be89b32cbf4868a441df67e68b6d3f4a2886351503,Zigzag,24679285,14212068,24679189,14212213,465,705,85,43,0.07726025898212423
9d55c1edf9e074fae5a5e0fb21d1b76e283dd65c58924f22f8a0021266166d3b,Zigzag,24820959,14237043,24820653,14236895,254,412,42,82,0.1268064069817445
8b854543b7be4e4d8912fa69d8dfca894e9fbcc17f083db8d47af31612107b10,Zigzag,24899253,14346737,24899490,14347072,797,896,96,42,0.0016478620033683906
ea12a1930144ef9e9d532e06309b7f00bda49203d3a736417dbef14cd5d5e770,Zigzag,24938400,14289942,24938676,14289419,837,37,37,72,0.04069660101653069
74b549e22e1ef4d4e5ee4bd9345a3f49393087505027e846e312806947393797,Zigzag,24656915,14391987,24656879,14391496,524,69,46,78,0.2617346396951469
478510eb8c7d949b5c0e38bcb4e6c976b4f297bbc025e94aa8ab7e16ff9329a7,Zigzag,24729616,14260928,24730027,14260530,971,162,36,74,0.279095820130887
6292a7620a14adbada4eb2f3241dd2714499a6c4c16418d11c0c457b213ac487,Zigzag,24914166,14316823,24914409,14316410,804,148,105,50,1.4746981562302048
6292a7620a14adbada4eb2f3241dd2714499a6c4c16418d11c0c457b213ac487,Zigzag,24914166,14316823,24913879,14316546,273,283,103,47,1.55565252757227
5b766e3c81bde4807f71bee7df67e3c86c0b6efc468ebfc69b6a64d355dcae33,FCBK,24642002,14310625,24642536,14310393,1094,328,33,65,0.21363066000483175
7911d2ce0e94972ee6f4131ea993fd1a0c70ec3850b916a0af5510af23016dc9,FCBK,24751054,14213110,24751128,14212783,635,233,43,95,0.34701301925160555
a4680384053a677c51625a70b30c9f252989b0a3dd779129a44aa9d7df24575f,Zigzag,24925351,14307525,24925006,14307217,215,253,42,83,0.14940779794827114
4f6dfa7bec833d878b662b3f870ea54587802c5b01d175915f843977a34b0833,Zigzag,24720296,14406352,24720697,14406521,961,730,39,75,0.18157830121848076
ad167a8acdc52f85d3fd1c1f90ab05ec6e8b637e4ab10082aadc6b12328cd5d8,Zigzag,24652255,14156731,24652425,14156535,731,364,83,46,0.16790476665465967
a4282d03465efe44ffe047444183809bc19e34fbc0712d3aafba9836af573ef8,Zigzag,24942128,14285801,24942329,14286046,761,805,49,88,0.2685909479215559
c80c118b0a66314b074c5138ca5ef0bbc60f6246c2d5e2359bb9688eb1eab1cf,Zigzag,24658779,14239121,24659298,14238873,1079,312,49,90,0.1425145550064941
c80c118b0a66314b074c5138ca5ef0bbc60f6246c2d5e2359bb9688eb1eab1cf,Zigzag,24658779,14239121,24659185,14239494,966,932,39,91,1.5417633435391798
c5952164fc1358a863c4fff78d15ac6703b677308cc177a47f3e66cb0a2ed8db,Zigzag,24711907,14365268,24711588,14365053,241,345,80,39,0.09762011719340159
d6b18bf9fad20ed82767a46abe79988ee59c16e0e521d19b9122fb5f1bec245b,Zigzag,24740801,14218317,24740548,14218214,307,457,46,95,0.1977551739174627
dce8514a9b1b32283144f12cfb972dc473433abdbfd59e5e55c3cf1377f91104,Zigzag,24683013,14315790,24682673,14315377,220,147,39,80,0.37933806908882384
00287542e2e63b7bd2f8d7a5dd61d404c0962111f8b9df4c89574981874f241e,Zigzag,24706315,14282695,24706677,14283169,922,1034,32,60,0.3504591164126545
db7a33284d22c90774d4863fed70109117fc3d5f95e8238ab36efdb3db3012d2,FCBK,24995256,14231844,24995022,14231393,326,109,90,45,0.3980633206349026
0672e6388568d508bfb61397128b9b566b8cc9f487274ba79ba498ec39c78af5,Zigzag,24633613,14349827,24633806,14349395,753,128,35,79,0.24471446039223452
388b86be56451fa59d1d8bf89b3f6c8515a42409b168dbe95c5d00e06237d4b9,Zigzag,24710043,14382745,24710267,14383267,784,1082,42,77,0.39402317210319787
f79b37b7330be8ce25552e279c228ec0ee80ab4abd12df70be18058ab8d9727f,Zigzag,24846125,14336430,24845600,14336632,35,763,87,41,1.3624714826298296
268e5b10725903eb172b9f27ee52beeddd272799f7ecfcc83834a1c718c48021,Zigzag,24646662,14231844,24646778,14231673,675,389,36,74,0.11794771786597538
7e28c87da145a20a560d6debbccc55da22aec2884fb213459be2669c329691f1,Zigzag,24800454,14250549,24800459,14250740,565,751,36,77,0.051027027852083275
5a699926a97ca56bd5a63ae2ca388fec442b0933215ba04432d33dc4de864f6d,Zigzag,24689537,14174509,24689377,14174035,400,86,42,94,0.2025908086667741
c4308f3f1a9efb91ccc8731ce43a6ad902db125eaf8ef79da760fc317f593e43,Zigzag,24930011,14276480,24930425,14276276,975,356,102,50,0.27580157308624315
1b1dba5c1de6fba871be2bde74b0852b9c98dc3900118c46c9b477b79f9d1188,Zigzag,24941196,14250549,24940775,14250817,139,828,42,92,1.4704805080118464
1f616b43900f9c8a9713f6aa23b3c48493fffa043d576706be2cf9e99676e8d3,Zigzag,24794861,14212068,24794894,14211607,593,99,38,89,0.20720418597836154
432b8d3441e86d8b9691dc83b32ccae3ebf712a21f466cc873352d843a49c230,Zigzag,24695130,14429915,24695130,14430018,560,663,35,78,0.3272191743181325
8ef34747f9d9e666b2ec84b48bb009c69a70a59b17be5d4e80d08237ccdd8292,Zigzag,24753850,14276480,24753469,14276023,179,103,73,32,0.02023939594503252
be47472a81be3f2c6a444eedd8e47ed62238fa05a948c41486fabefe0c10d250,Zigzag,24842397,14410453,24842875,14410159,1038,266,40,80,0.07379819949929166
041dd65038ea50987d021ed1b2d2a4db636926b061ec3838b1358141eb35c450,FCBK,24704451,14346737,24704259,14346481,369,305,37,77,0.019931345188910612
f850ae9e6b920528062999cbde5af863db686be1cf8bc205b53da03276cd98d0,Zigzag,24922554,14270261,24922610,14269741,616,40,88,48,0.19262178111352365
54b187e93e0c0ad24c4ee0e24c71304b1880c7b016380b929770394e071c3ca4,Zigzag,24907641,14225603,24907596,14225709,515,666,109,55,0.17290375304733377
54b187e93e0c0ad24c4ee0e24c71304b1880c7b016380b929770394e071c3ca4,Zigzag,24907641,14225603,24907825,14226043,744,1001,94,44,0.06492221648119381
54b187e93e0c0ad24c4ee0e24c71304b1880c7b016380b929770394e071c3ca4,Zigzag,24907641,14225603,24907479,14225834,398,791,64,112,0.14194651939073702
1fb4ecc1df8ec6a077c81073e788bba7244322ac3b96e06e280f0d01420a4897,Zigzag,24799521,14266114,24799798,14265590,837,36,39,89,1.5661472464799453
975a0be24e8d85d18a19bfa79d65791571ed80222c99809007c446b018f0ec31,Zigzag,24642934,14232884,24642482,14232757,108,433,38,78,0.15736961763268564
5c3d9aa47e09c2da6a43bccac5b9e2e62e40cc595ffb6e5462ac76a10f096338,Zigzag,24953313,14230804,24953366,14230531,614,287,85,42,0.23397962422277502
c8b8159fcb76800e5bfc1e8bb4bedab3b377d3a6cc2032cb4f7412682dfc0ffe,Zigzag,24663440,14269225,24663160,14269183,280,518,81,39,0.06990840305587873
1f97ea38f3c416c63d5ef6a5243449ba74315d9b8249ad872596abe1cfd34989,Zigzag,24567437,14363210,24567941,14363078,1065,428,72,42,0.398224475170366
dac12f92945f15b0cc23846a143101984900d1b1060f379697e8a6c48cb3dbc3,FCBK,24745462,14371439,24745121,14371871,220,992,79,36,0.06559841804910016
86cc111c5e691812f7796c6e6c54f55af81a2a2ab9036a45cbe42b934e25cb41,Zigzag,24753850,14212068,24754139,14212138,849,630,83,41,0.3477664608135026
8d9b8be6c856a2a2854272d82dcc5caf4e902a40ad3cfc062841e46774d83a60,Zigzag,24771559,14309591,24771306,14309241,306,210,76,33,1.5672973325966961
464fec990ffec9ba375db4f2814d589896249a997ce53c6c3b4a5927f356ea64,FCBK,24841464,14365268,24841155,14365037,251,329,35,84,0.4497524810741961
fab38adf614602f44fced01f275ce9cfdc5fb658ea381a145e45c1c4459ff09e,Zigzag,24678353,14280624,24678757,14280181,964,117,36,62,0.32274849250670284
f321fa655da0bcae9660940cd406ac43983b65b30e82630f732fff2729b8cdd1,FCBK,24742665,14386853,24742469,14386579,363,286,81,36,0.19194768510735416
cbf05df0353b29e84b0a46baad53e1229342c2c51afbca8f7f44050fc9a9db1f,Zigzag,24853581,14288907,24853477,14288575,455,228,89,51,1.4999816749871993
e8cba2dcf96c9f59e9d74809d660abdaaae0a65da62ee374d075899e96d2cccb,Zigzag,24879679,14236003,24879607,14236499,487,1056,83,41,0.00655559520729837
7a00e469ab882ad2f2afd1e3739ed114d1adad8003b36aac9975257408ef4fec,Zigzag,24774356,14226643,24774191,14226794,395,711,38,81,0.1496119126010689
22b734996b66cd1b2711f36a9c8ffc6c9beef95d9911d277a0db619813046c35,Zigzag,24683013,14185998,24682459,14185499,6,61,39,88,0.3816048186506448
705543eff5e1a1487d2a30dc4c230a154bd230872706318fb61ce26b61dd45f2,FCBK,24840532,14411478,24840210,14411193,238,275,91,36,1.5691379763841042
011ea0e7b4c67adc29e1698193fefcdd2040f6df24e4e1a92cdb41ae0f44d598,Zigzag,24870359,14344676,24870190,14344750,392,634,41,80,0.7900943150846668
fe39e7b67bfdabbed17770f26cb5b97f0024b26857548deb608fb925ecdf3250,Zigzag,24654119,14149403,24653864,14149633,305,790,87,41,0.05290737354567974
dc6670d8210ab85d706c06177ae7e186e5ac6c519d7968d95848728a0b357df8,Zigzag,24640138,14212068,24640171,14212479,593,970,36,74,0.2397788738782611
9663a58ff2b54ac02e815429c8f4da01967739ac62c579a7f1c8d64d3c45d9d0,Zigzag,24650391,14143118,24650029,14143500,198,942,44,91,0.3104005130859551
9663a58ff2b54ac02e815429c8f4da01967739ac62c579a7f1c8d64d3c45d9d0,Zigzag,24650391,14143118,24650690,14143299,859,741,39,97,0.010684133119315238
8ef35593cb5aaf2f838d79e6730606ffa6e795271e54152deb9ed5682a5c29dc,Zigzag,24724956,14311658,24725196,14311846,800,748,58,35,1.3500218703239817
786a3e95c4a6508637c8d0161b6e7ef32191d93afc927c4422060c0b924c14b3,FCBK,24694198,14287872,24694583,14287821,945,509,33,68,0.3668642220170562
4ad81cbe9e86aff245104c414a2ef01c281ece7865c0337d898a61566ccce96b,Zigzag,24714703,14220399,24714691,14220429,548,590,49,89,0.38476003204162984
4ad81cbe9e86aff245104c414a2ef01c281ece7865c0337d898a61566ccce96b,Zigzag,24714703,14220399,24714165,14220276,21,437,48,88,0.36837962725633855
4ad81cbe9e86aff245104c414a2ef01c281ece7865c0337d898a61566ccce96b,Zigzag,24714703,14220399,24714277,14219962,134,123,86,46,0.08928358242123452
293d1d5364feffd8b988ef4ea131843d4553a2331cfa05d6f16921937b3efd11,FCBK,24746394,14363210,24746285,14363210,452,560,38,74,0.1915258403906856
8c52afb6b5955e175b9a685b8b354c38efcf5f30201ef02e8cd3f9ebc490fca8,Zigzag,24748258,14286837,24747956,14286474,258,197,37,76,0.09745111465510084
5a73393fd1d6b3e7a521e30f7454648b779b0c11ecf2bd2ae9005ba8d2f49348,Zigzag,24812570,14342615,24812171,14342803,161,748,100,48,1.5658672150913233
120ca0edac34f453c3bcb16b23af65da17b412e8c91f844a573aceb08d589eb1,Zigzag,24881543,14302356,24881959,14302417,976,621,77,35,0.0072939519381849845
499cda34bff76dd3ae245e45a34f8ce5f9758c721d2e27f2ac496c4d38bb4706,Zigzag,24656915,14378635,24657255,14379136,900,1062,71,38,0.26182914862433104
8b7ff9465f846245e3602a4f5e983dce375a9e4b9ef8384746d925fd53b3140e,Zigzag,24796725,14277516,24796463,14277221,297,265,41,91,0.007110546483754493
c29a416049aa803575e9793fb188c5cec17b215c3175da128119d43d1dc9cb73,FCBK,24745462,14407377,24745017,14407656,116,839,31,60,0.024972809000971485
82126171b78cde07851a4c68818c3437f0a1732b772585b0903726f281222e05,FCBK,24752918,14396093,24753422,14396036,1064,503,34,72,0.01735034781994682
c093fb6c1f773269e8c4fcea3b588906952be7e49e6a2628258f54afbdd7f304,Zigzag,24659711,14265077,24659354,14265246,202,729,40,82,0.15994114933650935
f5feb4d364f31201890cf94f05f8a396011c3b4f69473bd9221ffc69cafa2d53,Zigzag,24697926,14411478,24697831,14411305,465,387,47,93,0.3695623038069291
dbb880be431e05c77780da0eb6bfa382b43dcc19f086570148522c8b566060fb,Zigzag,24746394,14214152,24746258,14214146,424,555,43,85,0.2883995733990789
06f57d6bbd773576c697d03bd0a65406d5868ba54d9f38491d2e0ed6ea2a48a7,Zigzag,24746394,14320953,24746710,14320692,877,299,91,49,0.5261131991414971
159332f013f780b51f624919b045431b1ba7d10ce00ea73a0387fd4101dedb05,Zigzag,24812570,14307525,24812361,14307912,350,947,36,72,0.26797384356271403
0cd93e8ccb51637b17497ee1e086a01249618dfc1ed06004c7c2ae4c19150ef8,Zigzag,24707247,14343645,24706983,14343504,296,419,81,34,1.570548652813519
eacd1b472b413608ad38556dd2cb002a669d6672a67fc32b6cacd54a2e8c63bf,Zigzag,24686741,14285801,24687247,14285645,1066,404,35,80,0.08580739986224611
1ee0c26359b578a746f818322de063800165b2bd342f084a365497ac09d8cbc9,Zigzag,24964497,14343645,24964372,14343952,435,866,85,44,0.15212964845087298
02466b624083e71f970a03481df2288b2ddb9f9a4bf19a068b598b096047ffc5,Zigzag,24777152,14203732,24776888,14204244,296,1072,50,97,0.13454544491859552
ce404b501610c4d884981bd1d13a2acd21e09ce00972a1c4bc00eeb64ddf5688,FCBK,24856378,14283731,24856589,14283702,772,532,100,53,0.14022611732654583
ce404b501610c4d884981bd1d13a2acd21e09ce00972a1c4bc00eeb64ddf5688,FCBK,24856378,14283731,24856235,14283255,418,85,50,92,0.24216228654058433
5e0bdcd027dc2332589ef363db5022410b4e5e3b93c74153489fdafe69b96211,Zigzag,24746394,14196433,24745888,14196190,55,317,77,42,1.2540250330387677
bcfb74a7d466911d6e58f3e13d7b7c75641a0a2db436f00f5e5a4d8dd3d1be23,Zigzag,24956109,14249510,24956018,14249518,469,568,50,98,0.07824457164339592
8023e9811dd41a60c8071ccd97cc625f02dcaa64902e46d4c33b365a634d7beb,Zigzag,24762239,14309591,24762240,14309294,562,262,55,37,0.0699264210051288
213839026daac153ed852268cdc686dbb473efcd320fbca4663c3eb0c8e3100b,Zigzag,24794861,14282695,24794731,14282434,429,299,40,86,0.16656589570613597
af8d0ef663dfa786a3d1063af14ec6feed0b4c8decbb9a6c49a058b656908634,FCBK,24642934,14409428,24643469,14409351,1095,483,70,36,1.568506674047701
dd77a79676469d41e305fe101d1f836c5f2abd5cd4f31cbdf2ac6e99be2e9a54,Zigzag,24734277,14206859,24733830,14207089,113,791,76,41,0.3851793467552628
b03b1add00d3a987eafaf8da6fe11d7525414e2644bbb2b2ab1421a68d2d7795,Zigzag,24820027,14298219,24820538,14298452,1071,793,80,43,0.023326913029464467
906c29c0b1dec5a5cd7e8551e583b52ce81c38ccf4abff3a4a1eb32ac9995f4c,Zigzag,24582350,14374523,24582498,14374003,708,39,39,64,0.07945976372642066
26d72ab41a2e5fab515bd1be152ad92aa75c132481fb08f331a00cc014c1fb0e,Zigzag,24613108,14207901,24613162,14207901,614,560,88,44,0.17670218642060018
445cd07d9bf4a8a0d78ae4941a6dc520840c9fc6b597794a77bde571f44eda79,Zigzag,24736141,14205817,24736232,14205617,651,361,84,46,0.2650904057609717
b7ce6f8ce0afa3a366c729c06f97dad7e276075cf8c0369a632442ee7cedc70b,Zigzag,24776220,14247433,24776714,14247241,1055,368,88,45,0.5401583445459253
48bd30d4d0926724abd1921b99c2780e99bb153e1302fe684d8518ba3ef192c0,Zigzag,24876883,14311658,24876929,14311463,606,365,91,46,0.05805748184664824
b4589d96eb1e9215fe8582995684f28990e6d3cb695ee53bc3b42381e45ccbfc,Zigzag,24895524,14290977,24895167,14291400,202,983,56,102,0.08454680920501392
9857a738734e0996dd42a0663fc11e3721f946d065df675dd21c1e40b7a63801,Zigzag,24568369,14359094,24568587,14359579,778,1046,76,36,1.5283844211709487
479a063a24d7b296f48abc8a33cadc22257d68a9fd2ebbb4f128e3b7961c2cf6,Zigzag,24944924,14305457,24944848,14305823,484,925,56,114,1.3099185258909691
716f29b7c58280def58328351d6cffb1ca7455ac1300cd8643290d06f7a13b67,Zigzag,24657847,14425820,24658044,14426052,757,792,41,86,0.2294043467595325
1eb5239118a5ff402a19a9c574e00b1ba9dd9cd103b2c398a347e74a1944293a,Zigzag,24736141,14386853,24736431,14387200,850,907,37,78,0.2049906164145581
8c4062eb658559dceeb90562e5a4c133a5a6b3ae20e36361e3b7a60e9a31f454,Zigzag,24645730,14151497,24645633,14151135,462,198,41,89,0.17980961271477508
ec1d988401afb82f0ea9843d1bdee1efc24c9f4fc753ad393603c6d44d967a45,Zigzag,24847057,14267151,24847165,14266846,668,255,50,103,0.18853461114382225
914c89acd8ee3e4ba2a3bf8e3fcac94f9775474b8fbe07d3bd602203c2026dcd,Zigzag,24959837,14233924,24960099,14233579,822,215,86,46,0.24003745017535102
712ca13211b2f7788b813937e3fae9ef5957e4fe6804d13d297e6cbac7ecd141,Zigzag,24860106,14274407,24860356,14274343,810,496,102,50,0.2935230958622278
712ca13211b2f7788b813937e3fae9ef5957e4fe6804d13d297e6cbac7ecd141,Zigzag,24860106,14274407,24860290,14274774,744,926,102,45,0.009288047899841455
e0f8ec285b8e1241659c0253492bde84c56b2d89cd92b5ccb58b422a496af6eb,Zigzag,24655983,14138926,24655967,14138727,544,361,45,90,0.2700063348171489
51a1dd7eb7f38680737ddbb724a401d75879f86f585836f683c8f9bb14fe210f,Zigzag,24907641,14227683,24907641,14227154,560,31,83,50,1.2229937468591099
bcce03498c96e8abec1c744971019522f35642c1d2471042f504ca957067292f,Zigzag,24903913,14328178,24903877,14328630,524,1012,47,89,0.35622992017874716
dff50b7b9da1eb34f140dc21738f0638309c73d2fd8cfc95f3652db819d535fe,FCBK,24701654,14217276,24701937,14217140,843,424,85,42,0.4515680245683303
a9d5bd44bc132eecd2f7aff08bb569258ec728165ffe546ba4cce8cf58f75314,Zigzag,24718432,14252625,24718458,14252510,586,445,43,91,0.12955419833783943
a9d5bd44bc132eecd2f7aff08bb569258ec728165ffe546ba4cce8cf58f75314,Zigzag,24718432,14252625,24718983,14253026,1111,960,36,55,0.23965621866530615
04bc8f7fe5bffd7e5cbf51995daeb03e8d8fdc156904137cc5930115d46181c7,Zigzag,24655983,14275444,24655916,14275715,493,832,39,76,0.16419450055823173
04bc8f7fe5bffd7e5cbf51995daeb03e8d8fdc156904137cc5930115d46181c7,Zigzag,24655983,14275444,24655781,14275069,358,186,39,79,0.17325838623599146
8275a0b4ecdbb514ae9cb0581e5de6149434cd29233c0a5e0aafd7e98b81f543,Zigzag,24820959,14318888,24820730,14318739,331,411,77,38,0.11850162208319824
a0b6539d6f6bacb60ffb5eac5953bc46b399a8c9e5312468363a4605b7816438,FCBK,24677421,14179733,24677678,14179654,818,481,39,73,1.0083005521583637
f9f483e315a80726a0558b1bc965618739ef21536400ffa2a96c4bc50fa78d89,Zigzag,24693266,14318888,24693032,14319269,327,941,81,43,0.6333839962693438
e243d039f2a85353a2c5278c760cf8c319f3aa8390bb49ff5c0842adf826ae90,Zigzag,24814435,14301322,24814292,14301801,417,1039,36,84,0.2519413807738417
7138f3861c22d3c372a1b1d503451a7d86ab5cfb2d847f115386d648fa57124f,Zigzag,24976614,14226643,24977065,14226883,1011,800,46,94,0.10841309349840891
0be4f8396e4b2c0cd4535a62d021c97eb0ffddd6a2c284e622a4864c27ba4d34,Zigzag,24768763,14264040,24768582,14263845,379,365,45,90,0.3018911807709339
cc1e41f2de257da42bd78945b2148bdbf91ddfb6ce484b3cf7e8b54185518d21,Zigzag,24971954,14254701,24971889,14254666,495,525,45,93,0.4382703951923739
cc1e41f2de257da42bd78945b2148bdbf91ddfb6ce484b3cf7e8b54185518d21,Zigzag,24971954,14254701,24971856,14255233,462,1091,53,99,0.6264734261357244
3743860de780328cbd84116dec414a6d1913b6e9bfe15d2f0c7a9e10c532dc00,Zigzag,24937467,14295116,24937965,14295262,1057,706,50,105,0.26921967032065314
33b4419f6d5fa06fe3d19f50562455edae656861bfe6baf8f4aa2a205df073af,Zigzag,24776220,14258853,24775883,14258556,223,264,51,92,0.36598511254122107
3d098ae28420710aea2d7bfa7abe732c584138ad72561558075c8fcc74fd7ffc,Zigzag,24642934,14378635,24642805,14379190,430,1115,88,39,0.44030525000227627
9168bb45552cf381e8ab81f5e3291a813f980bac2792bc7c852660d69c3d6716,FCBK,24751986,14412503,24751680,14412177,254,234,86,40,0.4189614120248634
0c233507809c5cbb6a5c768580fe103ab73cc9901702b9d8d3ee11ef0fa86dff,Zigzag,24736141,14377607,24735812,14377444,231,397,29,58,0.003279451416283151
2f0d18d3236f7b4dd6253d2f48808141eba09a6b9148e6a3423354bb651ce5a8,Zigzag,24998984,14217276,24999009,14217114,585,398,50,102,0.35827522789592803
4a6e97f23951b76a47fd15b5f375cceb606880f1dd92b1bf59bf7f6b18eb4fe8,Zigzag,24943992,14329210,24944377,14329731,945,1081,50,100,1.5688439633997595
6dd29ae97ade21d8aae53dd5157a683195692867ebe1b6c6b79d75f7e9ad9959,Zigzag,24779948,14213110,24779937,14212938,549,388,53,99,0.18925283240030297
b12daf83cf924c2e17e5d00402e8a08c2b0a5d40719d6dff2d8d9d8ed9ba8e36,Zigzag,24638274,14208943,24638323,14208872,609,489,87,40,1.4964946650139037
41c0d718cf888fc42fcd3075ec1951547d6dd3d1f0fc6c93ca93dc0b4b6099b6,FCBK,24696994,14418651,24697232,14418608,798,518,85,42,0.5456469531050103
ab7c73fe3d03cd7fc1a76e6142b2ba271570fb3e89611f60521d4a2b7590f6e6,Zigzag,24642002,14391987,24642353,14391465,911,37,42,80,0.16498494341452405
1678a11523fa0abc2e9771f95821c6bf4c4566c6b287f6d376c595bef31e1585,Zigzag,24663440,14228724,24662906,14228462,27,299,34,69,0.0472076012792865
cf4ec2db9de1a5d441edbd40ee8ca0d1a54d8d864a1b2f69bec62b8922a6fee7,Zigzag,24822823,14236003,24823213,14235591,949,148,40,82,0.1470318088474865
abfd2b50f7fec30a670b36934fcdcbabb3f29d44a6667c11af4ebea34e18ebac,Zigzag,24785540,14301322,24785842,14301342,862,580,44,102,0.13866019525033604
e0a0def0d830418fe129f6ecbdfc789cfbd42cbf80ba86a106b8130c55b0df92,Zigzag,24762239,14215193,24762270,14215003,591,370,41,86,0.6377369330710784
9a387cd52a88120f5d092e8d2485cf4677e6e812aad956f63740604a721b2199,Zigzag,24804182,14279588,24804182,14279505,560,477,42,89,0.2973197981807857
5d23c62165a1d4284f10de579e9c2b4c3a61ee302dc46b5a4090479beeec0459,Zigzag,24696994,14312691,24696680,14312606,246,475,83,48,0.40360975307915614
cb594893833f107dff29f4c6b9dadc76c998863d536f7dfe891fdcb893fd806b,Zigzag,24646662,14407377,24646655,14407475,552,658,37,76,0.07559083148567283
2efcc14acdc512e64cb5e71774af37b47e95428042e50f7880ef50ac845f073e,Zigzag,24970090,14281659,24970139,14281896,610,797,49,107,1.0523798629408103
f3e45415cc97ea9e38d85ca877c26524609c221060f3459a5bfc3955a13055f2,Zigzag,24584214,14331273,24584093,14330745,439,32,33,65,0.11851728479935927
b5ccea981d3a6298b140b164b6f92e551dc7c3d02e7b0b1860ffc3fe3abcb637,Zigzag,24701654,14258853,24702027,14258696,933,403,77,41,0.443762033097199
03ac9afc9b2d7cf05262d13839f0084c2a3bdb16133ec6ae8042c4d246866292,Zigzag,24884340,14312691,24884878,14312734,1098,602,44,51,0.008167201939473316
62ff8f9264f42b4af906e80c6c453cf68952d311225962e92a3ff56e2320ccf5,Zigzag,24976614,14256777,24976688,14256639,634,422,46,90,0.007067919261556412
2eb66ce1eedffa62cb9b9313e35a4422efbe86583b4807f9b3dfe3e03fc023f6,Zigzag,24931875,14223521,24931558,14223343,243,382,86,43,1.5459025616634354
ff7f5a509029556cddf23b45d222b93adf7382d5970e1728fd84cff6ce6604c6,Zigzag,24624293,14229764,24624194,14230057,462,853,32,67,0.09229327070340351
e3e85a9f201aad13efea14e12485b790a8e6a100d3a077dcd5dc87f4444ed408,Zigzag,24671828,14172419,24671397,14171992,129,133,38,81,0.3087423624122445
1cd31c2585c2f260091ed8cea35abaf4eb099743b6f8a91e97276aea45cac38a,Zigzag,24956109,14248472,24956012,14248440,464,529,99,50,0.05960943481070271
e6d39b9c79413eb53f57421b900dd648502edf7d978336883c2d7eb7fe2ea19c,Zigzag,24731481,14238082,24731774,14238191,854,669,44,85,0.3056703062262972
16812efbd9333dc183e61065a6cc779136848f763ee2687de420c73398211042,FCBK,24687673,14378635,24687608,14378777,494,702,32,60,0.008206198003942912
86ec33228e3b1d1217f9838857703deeadc4321457efa9bbd6bfb536d6e6b53a,Zigzag,24948652,14228724,24948608,14228576,516,413,42,93,1.5316987251475525
6f2f09e6aa8312fe82c5b0a3edb2507254ae5c4145871261656578a57f72bc2f,Zigzag,24724024,14298219,24723812,14298656,348,997,37,77,0.2683346186666357
6f2f09e6aa8312fe82c5b0a3edb2507254ae5c4145871261656578a57f72bc2f,Zigzag,24724024,14298219,24723719,14298588,255,928,37,75,0.31817587820455046
6f2f09e6aa8312fe82c5b0a3edb2507254ae5c4145871261656578a57f72bc2f,Zigzag,24724024,14298219,24724019,14298016,555,356,51,90,0.19240772954090854
6f2f09e6aa8312fe82c5b0a3edb2507254ae5c4145871261656578a57f72bc2f,Zigzag,24724024,14298219,24724157,14298409,693,750,85,52,0.13724253634543804
6f2f09e6aa8312fe82c5b0a3edb2507254ae5c4145871261656578a57f72bc2f,Zigzag,24724024,14298219,24723970,14298323,506,664,71,39,0.19138833805465344
210fe174ca6bedcb29e54fb5dcf8ddef055f67c8b2a9f16ba16102932efdb896,Zigzag,24918826,14346737,24919222,14346878,956,701,47,85,0.36127214964962145
501b7689d20207025047b86ca3751dbc36e7ac15ccff659e3f4396463856514d,Zigzag,24683945,14187042,24684196,14186963,811,481,95,44,0.3220772427539484
ee2c3e4f2d3dd23248099dc4929f5014773990765d8f07cfa5e5de6cd7702efc,FCBK,24653187,14385826,24653678,14386063,1051,797,32,68,0.033728502442176414
4dffd51afd9585ec04470d8cfb70d229ea711aa1da0fab0cea96a13fa091634a,Zigzag,24801386,14234963,24800841,14234896,15,492,41,95,0.18623808411206283
3c3587d4a524a4f815c460dd32b675ee801f4ffb142a8b294616979602c69040,FCBK,24659711,14149403,24659556,14148984,405,141,42,88,0.08175277039211411
c883aff6d5a67b6d7796efd867c726b4d09369835ab8666325a690f5745c1de7,Zigzag,24792997,14228724,24793368,14228800,931,636,37,81,0.06374561110565079
318050f63c6c817c7f6b24adabc5ffb2d94b969dd5b638c54bc24cfe52701c08,Zigzag,24843329,14260928,24843547,14260590,779,222,46,100,0.39480477659362256
50f2770394cd864a3c6150724c936d6c496f907b86bda42c38e36b3a1e1a65a7,Zigzag,24559980,14342615,24560179,14343128,759,1073,89,43,0.38775099497238413
42dd0b84420e7d5c9a3779370e98af2ee354d1b17db055278ba663fee92844c5,FCBK,24660643,14427868,24660352,14427741,268,434,31,64,0.154094478768863
c7f5dc36a00d1f48d0e99e0fbf55ca7b5c272776c3afd98cd6f7ffcea1614bbd,Zigzag,24785540,14375551,24785540,14375299,560,308,75,41,1.4395862414702731
d90338e4b86ab6657f70f38ff5bf02907a6878983ace0118a1ac0200f7cbd2d2,Zigzag,24710975,14211027,24710635,14211511,220,1044,96,51,0.2391119184727644
d90338e4b86ab6657f70f38ff5bf02907a6878983ace0118a1ac0200f7cbd2d2,Zigzag,24710975,14211027,24710489,14211308,74,842,38,79,0.10241068626364179
89f7f836fe19e372107b6de490a6a170b67b730675074f643e6dcd3a591dc57d,Zigzag,24849853,14313724,24849956,14314117,663,952,44,85,0.23050717841169113
dff96918909b6f0806e9f64f871884e300dd919547e381668826e9fe18c2f66a,Zigzag,24677421,14416602,24677215,14417025,354,984,50,87,0.02326384396530543
f9b5f515d4d0ca06a890383306d6af9a6f140198db98bab9d161d70ed2ca91ee,Zigzag,24964497,14240161,24964490,14240348,552,747,55,97,0.11923150299182649
f9b5f515d4d0ca06a890383306d6af9a6f140198db98bab9d161d70ed2ca91ee,Zigzag,24964497,14240161,24964246,14240058,309,457,98,52,0.13311444524111185
f9b5f515d4d0ca06a890383306d6af9a6f140198db98bab9d161d70ed2ca91ee,Zigzag,24964497,14240161,24964591,14240625,654,1024,47,99,0.11025632554550159
929cebdbe447934fe42446c084a3b2213243cf6f9416091fb70fd82fdc3833a6,Zigzag,24569301,14367325,24568958,14367102,217,337,44,88,0.2985237467305832
ec1f54955b825ee0c815dec5278a7994b7494a17e382c5f51038077601576cff,FCBK,24740801,14390961,24740251,14391348,10,947,25,76,0.054399326322612566
ee12ba1ead9dbc591d3184b94d0db79ea18a8c026f2d7bd176de05cbdd3f046e,Zigzag,24807910,14308558,24807759,14308834,409,836,37,77,0.04581920385686571
e5a11a06fe846bbb8b0deb281799c11ceb217c535a316f3b07221f52358f3e03,Zigzag,24751986,14187042,24752487,14187297,1061,815,52,90,0.33919324592183314
013c7fc9582bff83514818db0860007d060ed336e4a4733de896029c78175678,Zigzag,24681149,14326114,24681354,14325702,765,148,42,82,0.6359436269720463
3b88c53f8cc1c8c3443bf420025386bfa06055c13169e04198e7420695041aa0,Zigzag,24690470,14177644,24690170,14177831,260,748,90,42,0.01572147215257839
b803ad71196cbe9ae0d50bbd44e81dbb284d8fffe5719b2957e3037831bc2d2f,Zigzag,24945856,14306491,24945541,14306525,245,594,112,48,0.07197174536706648
ed3e528ce8b41115f482cb978b19023cbc52e27dc442de1a9829369ca8c255b3,Zigzag,24662508,14205817,24662016,14205619,69,362,88,42,1.5472093748103373
ba87e22aa43ea22ec148fd43c2c4153ec44d628aec4c50590a81615d1b658f3a,FCBK,24741733,14384799,24741580,14385133,407,894,81,35,0.03005639445074225
4217505b1bd45fbb619e70fef2c89025f037f44b36209fbc133cb5bad4c93b3c,Zigzag,24943992,14284766,24944260,14284877,828,671,42,78,0.3186482896924169
b217e96d1e5febfe6ac73018a8a3b6b89130b37db1ea563e48764c05c7b0e773,Zigzag,24809774,14293047,24809771,14293349,557,862,86,42,1.493256127970313
38aaf3acf9eaf6091e0dd2af96993e9abb00279ec0cb750947263738b784d006,Zigzag,24685809,14380690,24686231,14380390,981,260,57,113,0.12780303676305782
6d65ebbf01f97196d27c971de1e4db28e0f57b7be13dd60682b6160dd5d7f040,FCBK,24644798,14426844,24645150,14426396,912,112,34,75,0.29207030819807595
3fe5208b6bca1ee3bf574999254fd521c20e2400b363737b4e2ea18b346e97c7,Zigzag,24704451,14194347,24704318,14194260,428,473,43,76,0.39411744800578674
f09f05502d24bd8784f7d74f4d98e6172d3a703b59f3e704ee50ee29a00a76bb,Zigzag,24687673,14305457,24688018,14305633,904,736,75,41,0.16659700475661945
6fb4c20ba814e852b7b9e9e608ef885cd83b6f15217c079c65805340f7da4818,Zigzag,24763171,14292012,24763011,14291699,400,247,47,90,1.5704214868714679
912c3f277b56072383b8f6dd49a30825cb78a656ab12c02364eb5fa168a9ccd0,FCBK,24743597,14371439,24743652,14371253,615,374,66,31,0.23503558423974824
91423e52047500d93da175dbbe649625be80088959605a58aaed0f76ed122f65,FCBK,24636410,14391987,24636073,14392301,223,874,30,66,0.1690190831890193
912c5a51f87c1fcc6a4c8e86954ab4c8897242ec891138e8da7e88be920a8dbb,Zigzag,24773424,14349827,24773056,14350334,192,1067,46,86,0.09546495408125497
c7f00256b5a31459751182f79b24b7f2e3e45ec041aed12a97119abbb4ee48bc,Zigzag,24635478,14232884,24635326,14232830,408,506,43,79,0.3980391191584965
09e0b9392de5abeac3e474fab7f812793751633998ad10fc4cf3ac5ab7fef988,Zigzag,24671828,14244317,24671803,14243984,535,227,46,82,0.285337271040624
f5abbaf7f8a9bfe37fbe36c46ba243d373b3fd7eaed6397a7022cbf17b3d7c84,Zigzag,24934671,14275444,24934774,14275406,663,523,93,54,0.1809341990640883
ed5a0f2f26ea22e99ead01c28145ed72d7e54cb1287f16046d5f9bdba175fb2f,FCBK,24797657,14290977,24798180,14291228,1082,811,42,89,0.28200266046070854
5f66332cb967b55067ecb3144a54cc5ce3f2ddb18f4439722a7e5395b1280ccd,Zigzag,24921622,14256777,24921715,14257170,652,952,92,48,0.11242284038179468
5f66332cb967b55067ecb3144a54cc5ce3f2ddb18f4439722a7e5395b1280ccd,Zigzag,24921622,14256777,24921407,14256431,344,214,99,47,1.4513168002817995
cec010aa010a02edf79ff050f1614f50e2d090bb0af68488e9a1dd18b97fe5f9,Zigzag,24803250,14251587,24803220,14251193,530,166,46,98,0.09132843240760302
c92ce52601b79bae0969edba99ba9df714b89f74baa4c856843be6c7233a9b62,Zigzag,24957041,14232884,24957337,14233203,856,879,59,102,1.5665748169929574
01451fb51203406ea46c8e35e07f4d29832b0b678a6b518f0439d3ea013bda95,FCBK,24842397,14413528,24842281,14413753,444,785,45,87,0.11743599978489505
a2d15dff8bf2b6fef0a3a7a5f0a6c76fd3d5c7f8060bc62ff0d1c6cab5db5802,Zigzag,24631749,14153591,24631848,14153091,659,60,39,82,0.17564832364298538
51f7b1a679ec870aa2322fefb1052b04a840d8fd77f7a8129b4e6f4486ffbf65,Zigzag,24683945,14397119,24683567,14396751,182,191,72,34,1.5658028997509978
08f7402e4fbb0ef9315c5d9c3e5d580750d7af833204acbc9c04a02bcc59f13d,FCBK,24767831,14310625,24767987,14310178,716,113,79,36,0.6646945814683237
d38508c37a811336c23f177d43803362bdd0d5d5ad1b0041c0f7982de33cb855,Zigzag,24663440,14206859,24663481,14206529,601,230,35,70,0.22738863341996515
4d3af52a38b28b5a06fa33b7ae1536af6cce7d9aef57d228c51e7add9869875b,Zigzag,24710043,14180777,24709858,14180273,375,56,38,91,0.003198398212536319
c99a2d233a06dcf4d98d8ae8ed8730c0458d687edb4416b6a5b4d7ba64d8b78e,Zigzag,24662508,14384799,24662589,14384436,642,197,81,38,0.46890390497371476
8f8b610181611c074f84f105a1a1fe2ce55c97bb1b554db3ce2ce90bef7b3849,Zigzag,24646662,14267151,24646311,14267294,209,703,78,35,0.020738786503098215
2898e821ee659fc425387c83e1781a54a1abef374215e3202488cdf7cc7c14fd,Zigzag,24711907,14338492,24711879,14339030,532,1098,62,43,1.216213871355986
3e33e5664bdff457959b9a65bdf26dff6c1a707c6969fff51963da99c2df3b3a,Zigzag,24694198,14269225,24693995,14269354,357,689,37,84,0.12254723841751601
065bcf5f6e80740090bfb8f9b096e6507b26281d1c74dfb607d85e92485dfc6e,Zigzag,24874087,14345706,24873690,14345434,164,288,44,83,0.1960779483524444
07c2e76061ea45bdb3a6d0a6a69e2fe3e38b27f8f12fb4a2691f5774fc8dec2d,FCBK,24798589,14343645,24798952,14343893,922,808,45,94,0.09606696164566739
c78cb2a5cd784a8a15490705d9981b44ebe1ceadbdb20f0512696cc7d7f5c45f,FCBK,24718432,14351887,24718588,14351790,716,463,35,78,0.1647044792622251
4fc56c1f8494fa8d5a8241a8bbdf695f5c4932b16b510d44ad34f1262c49adc4,Zigzag,24713771,14200605,24713511,14200150,300,105,94,51,0.25392032584560914
3d5db880f52beab90f2f56fe01358f8872b49990e8e972c9fa80f21127c0688c,Zigzag,24698858,14184954,24698430,14184541,132,147,51,96,0.16085567885484256
37d489970c261ea1bf59f9d5f4f5dd76c80c360dcf0a1fb74ad109b9b042f971,Zigzag,24642934,14154638,24642936,14154147,562,70,37,87,0.12491209217599275
76b461fe780473b8cd1aa822a7bacbe25dcf96a56f6c6537f030feb6afb2cd8c,Zigzag,24879679,14327146,24879840,14327037,720,451,55,97,0.29396384902263595
99092d3390c372c0f7fa201ea68ea43ab3fcc7ba1b63d1a121bf2abc75a44870,Zigzag,24688605,14193304,24688828,14193818,783,1074,40,84,0.38392010432333246
99092d3390c372c0f7fa201ea68ea43ab3fcc7ba1b63d1a121bf2abc75a44870,Zigzag,24688605,14193304,24688503,14193167,457,423,48,80,0.2821718377689558
4cedb3bfde73f07cbf0919bf845019abe804cb146b7120388c6898e0dd6b6e3f,Zigzag,24767831,14278552,24768093,14278927,821,935,93,53,0.07176969466411352
309c6d84713c146ce9e10811dd5f213fd299576b62f4bbc534456540ca59277d,Zigzag,24759443,14183910,24759677,14183673,795,323,52,99,0.18766136062238525
3f76ac9e442a71d19a03c9ad000ed6777132f9fd74b128f1a3e945180d2eaf39,Zigzag,24561844,14358065,24562052,14357997,768,492,87,51,0.20204795656807503
7569c5a1e66b8d658cc84aacbd4d1b7d8e6cf66880da5df6bab5c7aeda7290e2,Zigzag,24609380,14388907,24609423,14389256,603,909,92,42,0.37585302319683256
0b74a7cf34c498178e671ed03d49d81d9c01d4bc11c6916d0236fe579bb4cd6e,Zigzag,24792065,14246395,24792151,14246093,646,259,42,97,1.2369399225395277
40042419664ac94f2907fccb5ac5dd8868facb9987837e3f03721ae7e260cf40,FCBK,24715635,14334367,24715126,14334176,51,369,34,89,0.0353326075905152
4b1908de20319a07c5336ca0aada4959d0b7b0837125f7b12b6061b59a72b123,FCBK,24696062,14181822,24696317,14181886,815,625,38,87,0.037747046079537855
4b1908de20319a07c5336ca0aada4959d0b7b0837125f7b12b6061b59a72b123,FCBK,24696062,14181822,24695724,14182355,223,1093,50,36,1.57039405631224
642f9f05e32010a4dd8f52f34b002b11519a8d3c292da04fece2d776f519c8d6,Zigzag,24755714,14347767,24755625,14348025,470,818,78,36,1.5250393576837546
d4476d05771dd1264edeec4e0fc0f18949fe385f638a8e3b229d1d96a873a2a0,FCBK,24713771,14360123,24713894,14359645,683,82,35,78,0.4464855147859686
97c410af92ac1bcc103a34bb048bb0214dd315316c753a157b5f4d986648df0d,Zigzag,24740801,14212068,24740417,14212153,176,645,49,82,0.2763176770607436
90353ffe2a0e93973d242d2c9bc585e31f9cfe6733db8d94e4da9b21ac56e9fa,Zigzag,24779016,14221440,24779397,14221782,941,902,89,44,0.3967068728231844
02bdaafc19e2751b804c31c16703d3dd29ec0aad0e92122381293a56c2cd031c,FCBK,24639206,14427868,24639036,14427957,391,649,32,74,0.2624816730256709
64f710df8887fa0ac574c0fb30bfd39d9795c0854da0fccf06d6df688da27b67,Zigzag,24926283,14254701,24926453,14254182,730,41,42,87,1.5619299977357504
25ebee6fbaa0e76200d2c2a54eae60dd6ccdb6936139e63f119f9e1a195437bd,Zigzag,24966362,14220399,24966054,14220889,252,1050,99,50,0.09556415683186043
a51364516ddf1f90b119fc2e22c47281ceb12dd01e0c5d21e02d030cbdaef155,Zigzag,24958905,14280624,24958607,14280697,262,634,47,92,0.1384466263756685
df84984c614dba6ce6c1d88f2870af1ba23aa909e54d1d2dbcf94939ea574c02,Zigzag,24976614,14225603,24976692,14225985,638,943,46,100,0.09310516032884938
df84984c614dba6ce6c1d88f2870af1ba23aa909e54d1d2dbcf94939ea574c02,Zigzag,24976614,14225603,24976232,14226065,178,1023,43,89,0.07058191649555978
f5e0e7a040bf25941bf935ecc92ab4180b8b40e02a935820a0504e066d45f56f,Zigzag,24614040,14249510,24613838,14249905,358,954,76,41,0.14549957575906622
05f340772ad01509d1007db2e49a5dfee94444c1a1e96746673d6c0e0b521a93,Zigzag,24849853,14280624,24849720,14280659,427,596,51,103,0.0597340457825832
05f340772ad01509d1007db2e49a5dfee94444c1a1e96746673d6c0e0b521a93,Zigzag,24849853,14280624,24849885,14280426,591,363,43,97,1.4933091248760055
8a160b1beb24c9c0ec86a44d5be443d0ec6af73d2694b4e120c042d5a07c4ef2,Zigzag,24882475,14312691,24882272,14312782,357,651,48,95,0.291723797650743
8745ec56e7aba1036eafec10319879349354bad0c50e2b7c6eba1aca61ee3345,Zigzag,24788337,14226643,24787860,14226165,83,82,80,43,0.3165393324251831
0b48fefde42da9dab0406ac79bb48c4b6f2fa7c50b637016d5fae668c91fcbc2,FCBK,24611244,14404301,24611102,14403902,418,161,37,84,0.36810691956071445
7b65184d35f3185ca1e65e9ddb0e2d54376946c23ec8a1788347327dccdd383e,Zigzag,24738937,14264040,24739072,14264164,695,684,48,84,0.37409563648300287
6695c3148b7d7397677529e30fc454d786bc303cddd77be25ce054490c23b15f,Zigzag,24913234,14343645,24913354,14343546,680,460,92,44,0.30527495996247495
e0f3d5ef93a73a2a1ca42cbc4e27e59bb47c57cc4788b7f7d879646cf97eae46,Zigzag,24848921,14280624,24848958,14280334,597,270,78,40,1.4904302477376299
3d4bb27c77044a206b4ea65c2fa352b083fe97d9238b50ccec3680dea3362ace,FCBK,24750122,14397119,24750478,14396868,916,309,83,34,0.20788908443170268
4cee89c67bdaaf8988dd663b62fbd69c76dfb6084b88e361bc42a7776270aaba,Zigzag,24784608,14211027,24784842,14211052,794,586,40,83,0.15099177958562301
6289cbd9e6122628b6bc8dd340a031712ec3fa49d02d93bc031880bc6a1e7ed5,Zigzag,24880611,14306491,24880101,14306147,50,216,40,83,0.021938613394989967
d6fe86179f520964f7a533362af83819e3af6fbc305fff1898a4534cfdd5dd14,Zigzag,24755714,14285801,24755870,14285699,716,457,31,62,0.2274711747690008
6e829ab3661a20e0b28fbaa5a93b32121e39f49fb432ce1355d1dc10c4221bfb,Zigzag,24900185,14290977,24900549,14291475,924,1058,47,92,0.54399109940774
d1585553b7e872e80d425fe8efb1678aa80847f9cb8020e8cfa7c79298b9cefa,Zigzag,24792065,14200605,24792355,14200836,850,791,87,42,0.31029994546529094
f8f29344e577e057d40a9288dcbee9390085ddf2bf78f9ca34623eabaf66da41,Zigzag,24827483,14224562,24827336,14224952,413,950,85,38,1.5411307096222313
6c14d066bb85f3eb334ced79dbb233e224e82f27f49ad98d4da006ca158a1ec4,Zigzag,24663440,14169283,24663572,14169397,693,674,41,80,0.3872425642307744
6c14d066bb85f3eb334ced79dbb233e224e82f27f49ad98d4da006ca158a1ec4,Zigzag,24663440,14169283,24663813,14168811,933,88,36,71,0.24801939337075243
ba4a1d57f10762d61e1f5c20b884c0f5a5758b13eef664e2b69cc4640d124690,FCBK,24633613,14214152,24633664,14214495,611,903,33,75,0.1447939212939793
8c43a237bd6529a6d965324802dd2affb5bc104fc8a16cfc54e4b3e43a936be4,FCBK,24692334,14417626,24692485,14417247,712,181,39,81,0.34718822196181914
434889011e7fd40c10549b98513b66df1a7569813743efb1aa5b7f009587aae1,Zigzag,24834008,14215193,24833864,14215109,416,476,43,92,0.004488842801558573
502351c437a0cbaf5c4007b9b807b3bd25bd83337568ea74d003f5527fe01300,Zigzag,24910437,14229764,24910432,14229614,555,410,58,113,0.1612494438667676
502351c437a0cbaf5c4007b9b807b3bd25bd83337568ea74d003f5527fe01300,Zigzag,24910437,14229764,24910345,14229303,468,100,52,105,1.3562038661623828
c1a53301fadfd437ce6d6c107b753acbed77c820d9028bb0daf0b4598ff14841,Zigzag,24727752,14403275,24727549,14403027,357,312,42,89,0.031371384334428515
7e8a675c06e91a74cdc92cf8f25daa4155db4472e9e2a280e8d5fc02c6abd04d,Zigzag,24783676,14241200,24783779,14241276,663,636,44,87,0.18847618804740862
7e8a675c06e91a74cdc92cf8f25daa4155db4472e9e2a280e8d5fc02c6abd04d,Zigzag,24783676,14241200,24783877,14240983,760,343,48,88,0.13491494187508718
8ae1f4f6830d2a1a7a6365ead7e3e7c8922c9e65eee63054168345b746e4cf07,FCBK,24708179,14365268,24708012,14365572,393,864,83,43,0.08691987715097788
916048d50c4164c661fe268692e9b63619b837ebf6f889faa1664ce5ea031393,Zigzag,24557184,14344676,24557733,14344690,1109,574,37,76,0.16512867088960428
2f16b5968e763ea0a753173cb6c26b2b1a183ed81fa80bfc719164dd7a3ab87d,Zigzag,24713771,14188086,24714146,14187779,934,253,40,85,0.4972933020625003
1a79fe6282b7bdfedcbfe1b60e36110743d31753f4b071843e059e30b19ea563,Zigzag,24733345,14266114,24733153,14265866,368,312,44,87,0.04264760370279832
e0ea99ce2781484fdcb90032f1724fb626a866f40f65f0f28a8384e9092fc8d9,Zigzag,24616836,14205817,24616878,14206241,602,985,71,37,0.24145761411614938
e0ea99ce2781484fdcb90032f1724fb626a866f40f65f0f28a8384e9092fc8d9,Zigzag,24616836,14205817,24616545,14205396,268,140,36,80,0.15123763928850778
70059a2767ed17c41fccd718361bb7e9ac4c8c6215d241d813d4bb196417053e,Zigzag,24750122,14273371,24750083,14273903,521,1092,92,40,0.14928053213767897
1dff467678fa17aebb8dfda3ef0db7cc1043bed3dd6ce046d1f6ee42d6609f57,Zigzag,24924419,14335398,24924935,14334902,1076,64,44,88,0.15045605144283997
39a6de70cf0750c7dbd4c27ea4d76d2197d51901db3f03070f9de0a2b1e8ee8f,Zigzag,24732413,14269225,24732573,14268872,720,207,90,45,1.540796616063481
6020b26e44a1c8421a257659cba6ee92791caab1cbd07d0a26f9f58495d0365b,Zigzag,24969158,14293047,24968862,14293053,265,567,97,46,0.0728798999435403
62f943c6de8a28eb4113665b917707692369f34ef0725462debfd7bc772c603b,Zigzag,24648527,14315790,24647991,14315518,24,288,32,66,0.2502495577570984
7fa396f887e49be01fed096fe2e09c39fd619213b9b878de95c2d139f8a5b310,FCBK,24684877,14170328,24684777,14170649,460,880,35,88,0.15069415468904987
de0bb1527c0d15dac466ca99c5077fdaf262de90b661f64b018179cf4887ad3a,Zigzag,24969158,14223521,24968877,14223328,279,366,54,108,0.050003550078030604
24c52dab524bc75e8980fa6cc46e17cf692c5d3484369b9fd2c6af2ed667df06,Zigzag,24664372,14167192,24664218,14167648,407,1016,39,83,0.23129136283942175
24c52dab524bc75e8980fa6cc46e17cf692c5d3484369b9fd2c6af2ed667df06,Zigzag,24664372,14167192,24664065,14167689,253,1057,47,75,0.25443318409253113
4e55808200845c4006d318383295e037b43048ae59edcbc74db2e2df139087aa,Zigzag,24725888,14232884,24725513,14232870,185,546,43,96,0.4012658384247501
0e92f2625b37a4993b3977a7d92e362d239a16687b9acc82ccd1ef4611cb0a0d,Zigzag,24683945,14167192,24683462,14166966,76,334,42,82,0.19302851239100602
8bac732b33e2ffcb4b6cdf142fdf93b2dcc3e52ec7a77740d3f843993d4af12e,FCBK,24750122,14383772,24750671,14383916,1109,704,29,69,0.0786445451496122
2d7103a96d96da52213dc169836d0301176796ee879370b182e1d93c2e4d5b63,Zigzag,24784608,14313724,24785025,14313987,977,823,39,76,0.10807658644992058
2d7103a96d96da52213dc169836d0301176796ee879370b182e1d93c2e4d5b63,Zigzag,24784608,14313724,24784231,14313498,183,334,50,90,0.0021822319079880825
54f9167eecdfe7f472c6ab08e1c72229385d060ddf7d54dfa532f0e4da076f46,Zigzag,24625225,14310625,24625227,14310918,562,853,94,42,0.05532114208324067
54f9167eecdfe7f472c6ab08e1c72229385d060ddf7d54dfa532f0e4da076f46,Zigzag,24625225,14310625,24625247,14311083,582,1018,97,44,0.0875398277632347
8f4f267d5dd66e1e895c2868974a76d2e5e8001db01277882270d7822426618f,Zigzag,24741733,14240161,24741436,14240531,263,930,77,37,0.6418328748276202
d6da3ce59da5a4830378d5794261e4e345fc4c65478542477e25c5df68c4c9c0,Zigzag,24652255,14176599,24652572,14176983,878,945,39,85,0.004588811210977421
452b6feb58bb09e1405eb2cefaa47d208bc8bb218b333ece661a08580576a33e,Zigzag,24865698,14256777,24865787,14256295,649,77,70,37,0.03653061396213053
c502a2021980f0a7105f505112b78ff1d413c4a08a8258181c1891f3cfc43ff0,Zigzag,24821891,14220399,24822222,14220664,891,825,44,84,0.36951360124849425
ded2fa4ff01e3b5331cd39cee14215ca23b4c06ce679c126c24005b46b3a6755,FCBK,24702586,14250549,24702372,14251027,345,1038,36,80,0.4358412260935718
a2b039729df1abdfc7e5eb8a1253ce575d0a274d30dd38c021762aa850309ac2,Zigzag,24808842,14274407,24809080,14274172,797,324,37,82,0.2022212950655256
ff766fd350165cdac31319188e5f63df7540a4a3f4dce6254485410984bfb9b8,FCBK,24869427,14344676,24869170,14344817,304,701,81,40,0.21929673496105706
e901312ee482ed54e693382dbebaf302d7d26410ee1d815949e735a56cae4643,Zigzag,24678353,14234963,24677970,14234818,177,415,68,39,0.34702630176754234
282ecee12e2e94fc8ecf888d7b8624f5d4889192f1acef025e1bf956ee5c0c6d,Zigzag,24767831,14246395,24767346,14246043,75,209,37,82,0.3677397695149334
c32af1d51f633c5255810d266e21613afabf5b8ab79084126f9ebda8a56c57e4,Zigzag,24815367,14253663,24815338,14254144,531,1041,84,40,0.08682445276016898
5ae72da25c1cd8853cf28be0ba53cbde11ce8027d7ed27c459bdc74a90cc909d,Zigzag,24666236,14318888,24666095,14318743,419,415,34,77,0.2698187317631096
833efe11f3feffbb1567cc39d6150d18fe4874bb64638d323eb6c62336ebfaa4,Zigzag,24818163,14330241,24817614,14330600,11,919,42,85,0.6742776337558376
0f70eeb29bd8e1323def9c21f9894724c76acaf5313ac3d6e72235ee3ca14a48,Zigzag,24724956,14208943,24725154,14208943,758,560,44,89,0.31213729359085024
8229f068abd0ef54b6f06937b7ea993b76be6e5c5a9fcdfad4b67673abdd368a,Zigzag,24766899,14264040,24767307,14264078,968,599,42,89,0.20238727658046476
e9aea652339365009cd75bbc3097a18eef80bf7766e12bc5543c13bf8cd2eaee,FCBK,24695130,14195390,24694912,14195257,342,427,34,75,0.17506023109526864
5ae63b983949c0f86e916befe3a99ebd6c84667fe11b053b913b62f30ddee427,Zigzag,24698858,14179733,24698595,14179819,297,647,45,86,0.6823068647053447
9addaf073775bb15e7682da10303ce028e8f4e7b1408fa5fdccbd0a60229185c,Zigzag,24577689,14336430,24577307,14336918,178,1048,81,43,0.19784964955713324
e96ce34de7d4133b4d81ac7d0062560adab961b2812fdfeccf08f370a9ef3e4c,Zigzag,24926283,14270261,24926230,14270693,508,992,46,90,1.499849315881022
53809d5d29b1df0f8c43da8d5832adf059b8061c57360e3ddc4a658b9aa8c0b6,Zigzag,24629885,14219358,24629513,14219573,188,775,38,81,0.3339725513684099
d0f5acf21fd351d5d8b5ea7d9f3e4b4ccf0f986191c137292751b9f375abc7e9,Zigzag,24778084,14375551,24778250,14375736,726,744,43,82,0.11553193115165086
90c182d27efc98f245d4adb3379fa21eddf53edaca405b67185eb3af952e0d26,Zigzag,24966362,14293047,24966481,14292594,680,107,52,98,0.1537824062233762
514a8f084603937bd20decf2b4c1346bc4913431955bb9845d46462760dd06d5,Zigzag,24801386,14301322,24801483,14301600,658,838,41,81,0.22573036623295686
7afce8fd0b5c5e09ad178f09ce519d6599f394f7c102941747985b07e5f25cc9,FCBK,24714703,14289942,24714742,14289722,599,340,30,63,0.19580246098243254
177d7b79772bdb34fa26b359e475fd50325d8e678d811999740f152d48e288d4,Zigzag,24632681,14250549,24632276,14250054,155,65,79,41,0.349179767114494
00d2470a869715db05ee0f7949ca818ecd7b3de346320bf01c1c36762c9e8a16,Zigzag,24658779,14176599,24658276,14176248,56,209,39,82,0.10623945470619987
00d2470a869715db05ee0f7949ca818ecd7b3de346320bf01c1c36762c9e8a16,Zigzag,24658779,14176599,24658828,14176454,609,415,40,73,0.032080082709417625
000d5e8f1f421b05bfeff4973c1efaf49a8b7c63d4961b387c894948562e1677,Zigzag,24663440,14185998,24663969,14185838,1089,400,34,78,0.40224754618158065
26671d123f3cb00c722d272c4f898ad1edb18099d1303bfd70ded2dcf5f7b478,Zigzag,24664372,14428891,24664560,14428810,748,478,77,36,0.20563879653436976
e826af31a8b33f572ed335dfcd9797368881704acd772f168eb20ea93bb0ed03,Zigzag,24686741,14371439,24686929,14371385,748,506,86,44,1.5649625392690236
313a67a03277b7b16b433fdb408b4e1e4d7d2c4edc8ecb4eed12f4a1c9a3f85e,Zigzag,24813502,14243278,24813460,14242772,517,54,48,99,0.19322340584852937
239fd78454cb7a3cf6a976957fd3727f4c4f07136eaa4f40715cadcf7647a721,FCBK,24640138,14207901,24640048,14208261,470,920,92,42,0.44347617604369266
f34443ee26cb18410629aa1592df40d5a479f15c04544637be15c06fb39739a4,Zigzag,24682081,14321986,24682193,14322245,672,819,44,84,0.03594938737659915
8a14de96a4ec6396bc9ce90b7624de47cb3e59cdcb960a1a2a6cd919035f113d,Zigzag,24640138,14302356,24639652,14302225,74,429,85,42,1.20977421468212
bc06cd5ef6de3472dd8af24f44b7258903ebd7344d78b8146a71f00cc19eeb05,Zigzag,24971022,14232884,24970875,14232531,413,207,49,90,0.03478655553731888
168f00186676c34f1ce4ac0ba7daa53e8abb0a80cccef22b579ec5039162a99f,Zigzag,24720296,14189130,24720670,14189500,934,930,47,100,0.05296429029160178
a616c855397a7ca4c77a03fdee07d33edc0475243af3ae99bbc41eab99d72545,Zigzag,24674624,14252625,24674722,14253159,658,1093,51,45,0.8071143112952541
b1e06adb8e250923f24b3559bd9b54d7c408501e8556e999d85c91bc3a94db17,Zigzag,24868494,14242239,24868176,14242402,241,723,50,107,0.25619779463081765
5b15704eab94b6e63e807c553fef07e8e1100f02135d099089255f67295a56ba,Zigzag,24752918,14198519,24752425,14198651,67,692,42,86,0.11228423949181286
f4ee8790bc8568a3979a1e2ce507d619d0c415a839336657aa39c7a25fb73b80,Zigzag,24710975,14203732,24711216,14203820,801,647,38,75,0.2226548479375925
1cb901b267edf8809031b10919d265f113e8f5fc13588853d50b30a1efb9d227,Zigzag,24756646,14298219,24756349,14298544,263,884,39,82,0.07027145849148378
7e9506b96a247bb12d3aeeee07635b9a910e27207c285847bd23fb6c32d7956e,Zigzag,24969158,14292012,24969095,14292375,497,923,98,52,0.14476464316674525
1ff907dc49d5fd655352ac03e17433ccdf53907ba810cc74f66c9abbbcb7580b,Zigzag,24743597,14213110,24743963,14213337,925,787,43,89,0.2537827402857929
054ed2b26b90459866b481131db855bd1740e488497c14863a4dd3598a62dc55,Zigzag,24683013,14168238,24682650,14168406,197,728,44,84,0.23557044685517703
dfb668149804aee3aea43cfacde46c81e0452755a04b2a17f236d00e67fd5214,Zigzag,24764103,14298219,24763945,14298258,402,599,49,91,0.11942085374533111
5f0f87f222c0f6fcd361570b0536255f04cc932f9777b92e6145b73eb01d8498,Zigzag,24814435,14294081,24814243,14294135,368,613,74,40,1.5685021466738478
3da77830fc1ebefc0e8fbb40461a67051e84db1686cabfa5a2f28e40ded6dfe3,Zigzag,24826551,14258853,24826550,14258522,559,229,42,90,0.13458709842252
f8db5a0b79d8566d69aa1f3fe900c781d8c42ba51cb7a7063a5989d6160fb3c4,Zigzag,24978478,14312691,24978465,14312642,547,511,37,83,0.18100778553395852
9008649bab7e27afae9258933d663860ebd791ac42679daa69415ebf48e10f6a,Zigzag,24686741,14320953,24686585,14320846,404,452,46,85,0.2808141582452334
00380df792867956fdba98a5fc58a11a4103653a12c1fd8ac63c49dce9e0e4cd,Zigzag,24757578,14276480,24757211,14276903,192,983,99,54,0.25896400341032616
189d193a677fcc1b9718ce231eff365ba76dbd9f7534a89ba90821dc11a5a1e8,Zigzag,24866630,14301322,24866781,14301210,710,448,40,84,0.06274353848885962
124a210ced45d2d934402020e9e6ee750348f76ae33a0445648501f147c7abce,Zigzag,24947720,14302356,24947884,14302451,723,655,83,46,0.42108048930423947
c6c3662d954956f3357067e91918dd41210b134673bfc4b9fe27cad1a939c22f,FCBK,24740801,14349827,24741068,14349456,826,189,32,70,1.5508869339596276
11059daefdc981d026fa92edcb12ff7ae91a85a5b506e4d653887f99f41e252c,Zigzag,24994324,14212068,24994489,14212396,725,887,97,52,1.1971787943065901
11059daefdc981d026fa92edcb12ff7ae91a85a5b506e4d653887f99f41e252c,Zigzag,24994324,14212068,24994256,14212368,492,859,91,54,1.5699832637140954
c573387954bf841c67de69e66ab470f6505fb3509b505f0636f01a22b73706c2,Zigzag,24669964,14284766,24669472,14284826,68,620,39,91,0.17323285317904033
400302005516143f468ac0da35f4d20d00272bc1f405f36a5fcc825b6dab2cdf,Zigzag,24738937,14299254,24738626,14299088,249,395,81,36,0.30944097614519955
2473d486f52ec1ffa4d85858bbf55a8f7ecdbafc48f8755e591a10d3d821eac9,FCBK,24724956,14389934,24724409,14389942,13,568,29,107,0.032719871791200936
fca8089584edd82b75838e269a14daef47fce780c4fd785100e5d5eba70d0ca8,FCBK,24750122,14363210,24750588,14363514,1026,864,29,70,1.0664799027532075
e6d09eb4897f85db61613f4675898520a3fb20763054d26bf13f140e539f7d18,Zigzag,24647594,14149403,24647744,14149650,709,807,37,82,1.566908644235599
454db6de43ac04dc78915e893f719e589b356c69e5822f961627930d7485a3e6,Zigzag,24674624,14259890,24675093,14259605,1028,275,40,79,0.1447639607317159
3869eb99d3b94c84d5f535edc5a07a60ee00d2846d987028b76e0a5fe1c1b181,FCBK,24717500,14195390,24717875,14195437,935,607,43,89,0.1789673547305239
ffd6b9b203d2407e7a7691e96e7805267a3a4fa4fd86f6deb47d047b3ce15549,Zigzag,24777152,14220399,24776788,14219952,196,113,39,92,0.22644452616877525
1076a70fe8315e416df1339ad8ecdf6a325ec6127db71c1e82aa5795ac91efaf,FCBK,24713771,14295116,24714148,14295197,937,641,36,72,0.3305864419109151
ba6a391e0aaf017ab871e308fa269568c359288223f807ed6a63440517a83db8,Zigzag,24770627,14230804,24770663,14230857,595,613,37,76,0.008726840795566898
7353184a1782616e4677e449bdbc6895fecaba5286ed78a0d7339d8eb4388c55,FCBK,24779016,14384799,24778894,14384999,438,760,65,38,0.1655876500587226
2ac0d7f38f444df8770f5a802dec04a4d30e6fa2ae75eebd4bac4539b0ce0ec2,Zigzag,24969158,14249510,24969655,14249317,1058,367,53,103,0.1835191797314169
ff381eb3e15c47d516d7cfce5ece7b643ae4557950e8c2f1c7c269cc397a7946,Zigzag,24628021,14324050,24628013,14324276,552,786,75,44,0.2279039883804091
a1d8af1c5b11d71a3726b80a26d3779bb29f5f06d6ce89b1b85225b736d8573a,Zigzag,24950516,14263002,24951047,14262656,1090,214,85,47,0.4514319370366272
d6722cb57013b1de2379d0d9414d2388be303fbbd5f5aaaf1773a335c16d68e9,Zigzag,24903913,14346737,24904102,14346452,749,275,83,47,1.283898376776459
971af8c9d1f51b96abeca9a33020e23bdf72edfd4b34270798d81c9376b2a81c,Zigzag,24708179,14268188,24707725,14267852,106,224,68,47,1.546566754039301
971af8c9d1f51b96abeca9a33020e23bdf72edfd4b34270798d81c9376b2a81c,Zigzag,24708179,14268188,24707965,14268358,346,731,43,86,0.11400512425395164
a6765f807250f410f0c35816aa82545c0587c5e1a2bda6736624bed05edbd148,FCBK,24770627,14348797,24770552,14349182,485,945,38,83,0.03981995912589306
e00069550dfabffa55e075a1b00a5970df4a7e6cd423b0030f53fc0c3d24f763,Zigzag,24813502,14240161,24813277,14240562,335,961,91,49,1.5650291182962754
bd99194b3dfcbebcdb1b15bbedd2a0132813cda541a057fabe1f85e9243ad28e,Zigzag,24778084,14279588,24778536,14279048,1012,20,43,44,0.08507163503208448
2280b09198f075c975060d1e218f02c16a72af10883c2e07ebdd242eced91f6f,Zigzag,24928147,14307525,24927665,14307528,78,563,51,95,0.2501360072261201
454f3213a5c22f30f96c11303620883b06989112a329ea60cbfebd68eda5e7c8,Zigzag,24806046,14284766,24805922,14284295,436,88,40,78,0.2552024215286437
9778c1f8d3bc19e7fb072436b1f3d8dbd38b28c7f5f23430e65f1f5dabe44715,Zigzag,24792065,14318888,24792335,14318607,831,279,80,44,0.164433369463255
caf7f9787bd367033bc1a570676bc1a93b3b73ce17121158448eb58f49b9dfe0,Zigzag,24847057,14285801,24847156,14285845,659,603,39,76,0.1318327407098624
e483afb305b4680a470a00401f63f1241fe44fe20d59cfb51e0a695759a56cb0,FCBK,24680217,14217276,24679828,14216752,171,36,37,76,0.15984171355930854
ceee330c44ddd30df67a684b312e5bd315a9e02f6b3ae1357ce8d1792694b44e,Zigzag,24914166,14305457,24914562,14304969,956,72,92,48,0.25476396534467577
24635e2cc58db4ce3d4d1cb0443f0381612424145bab742cdd6a440018bca85f,Zigzag,24858242,14300288,24857819,14300596,137,868,101,48,1.5567111341055766
b1083fde2c86953936b79c46dd18f35f3808eb41002f7544446cb7c72c49020f,FCBK,24831212,14381717,24831089,14382159,438,1001,75,28,0.07449410013688618
1a24545c585b17032b6558badcfef82a5b9d83a1c127ed685837e83ea1b270fc,Zigzag,24666236,14155685,24666011,14155479,335,355,43,87,0.3236294661953011
a7e9a6e483e37200feac667fdbc941a8ee551d5f4aa1fc3b89cb045187ddd245,Zigzag,24666236,14308558,24666750,14308931,1074,933,44,86,0.3078822945382034
a90ab63d463d7a5abfad8ae3c668b0814350be75a8ba1560c05c317da8ffb93c,Zigzag,24862902,14310625,24862424,14310189,82,124,84,46,0.2743683763008602
1ad0ca85b688c763a2758b663ab2026348d6e7677b7d1237d78cf3049239e0fb,Zigzag,24637342,14351887,24637097,14352228,315,901,36,82,0.442217765849603
69bd576b94391bd980698ade97c623f731570d3bb193ff7eebfb552b955f6c01,Zigzag,24749190,14306491,24749104,14306935,474,1004,101,58,0.18335165025409408
67a51bf8c671681e76c60dc8a6a1b1031ac5dc9923a5929c38ef430a3ad38ef5,FCBK,24701654,14215193,24701264,14215380,170,747,71,39,0.5247439015775194
fd0300914a94af3c698ba2b1294e1ec645ccb2b55edb832c1dbbcf7e8eff5790,Zigzag,24649459,14254701,24649327,14254930,428,789,41,85,1.5033156863558694
72af2d155cb8a15281adf34e46c21e3157187184bfaf95126cb532c239a590c5,Zigzag,24782744,14263002,24783061,14262997,876,555,86,44,0.20493908424746507
0720b62b80c73a78df059be4f89c1d9fe0f6eaeb598086e6b606d25d7d977207,Zigzag,24768763,14256777,24768817,14256463,613,246,45,88,0.23778047108577927
f0739490882e3e3aed32ed785bb3043de913a69ae2d6454330ef835b741739b9,Zigzag,24654119,14145213,24654101,14144974,542,321,93,53,0.22368615706972567
f0739490882e3e3aed32ed785bb3043de913a69ae2d6454330ef835b741739b9,Zigzag,24654119,14145213,24653971,14145334,412,681,89,49,0.09890254577157244
1c141f70ccf056ff51bc3c1b1ff80e6ef63feba5729bcd8a84635974b79f7f07,Zigzag,24759443,14338492,24759070,14338219,188,288,77,40,0.06266137164685227
39ebf2e5e24e83cccf7953394db4388d4e65b00b518b2c573f34bc681578e33a,Zigzag,24815367,14271298,24815482,14270841,675,103,46,89,0.09225003594758176
11844e412515e496c915170d9b045afe004efc3591df2cf107c1f8798bdc5ddd,FCBK,24876883,14254701,24877117,14254603,793,461,44,92,0.17558553962028678
b11a9529a35e75e62afc3a725ce0d841148b72740ac69b7ce0fa98bb3327451c,Zigzag,24834008,14412503,24833709,14412866,261,923,84,35,1.4215415940302778
bb59c00d13de0b4d0721fb4ee8296493048ac3b089e036329e5309e5d1291d98,FCBK,24716567,14195390,24716963,14195584,955,754,81,35,1.5385357254560583
b4909ddfd365b4d91fd1f57957e3e3ae607e9ff42f57e432a1f1cea6f8884798,Zigzag,24891796,14306491,24891802,14307008,566,1077,42,84,0.34751495853805825
1f3469c8d6c1751e5b3e83041a4f90c3048fc1d07377034d5dd54053e1830e16,Zigzag,24693266,14225603,24693274,14226074,568,1032,39,83,1.4810029237948583
92cd8ebcdf1743051081545c2f083ce1ea0cd257abb83b264765319e23aac33c,Zigzag,24925351,14306491,24925502,14306370,712,439,99,51,0.16938748159156128
92cd8ebcdf1743051081545c2f083ce1ea0cd257abb83b264765319e23aac33c,Zigzag,24925351,14306491,24925723,14306314,932,383,49,93,0.18801892328824202
8e0446ba46687b2865a8333362878a69f2cb833050c9034911dcd57485db7098,FCBK,24754782,14377607,24754842,14377424,620,377,31,78,1.5682474153155816
772c4f82baad3394a40222784c685ec0912a9f2167724a25a0c858f920f6e7cc,Zigzag,24932807,14239121,24933195,14239165,948,603,97,51,1.5380720691102754
be8e20e212a892788259b833ef895f19a71c7c12e3eec9b3eac624729231fa42,Zigzag,24626157,14329210,24626377,14328753,780,103,90,44,0.435674046156142
d704eea23727703e925db9c3bae99b0d4c9d643e6a47260302c6ed4db83f230c,Zigzag,24849853,14221440,24849425,14221731,132,851,48,99,0.345144811746915
66aece943dc835931ba1f0cf37bacf66e0103ec957e60bd2e40fc8a33b048c1b,FCBK,24700722,14215193,24700375,14215020,213,387,104,52,0.39990979008719546
6927c9d05f98e11180b92d33fb38645c8f31d9311c11baa0ae26afe90abe179a,Zigzag,24861970,14275444,24862103,14275553,693,670,99,41,0.031378653931966594
a64314d3f33767e90cfa0e3e50731ddb620a0df73cf849b0a49eb31e89c67ef5,Zigzag,24793929,14278552,24794003,14278250,634,258,43,86,0.7909561140134164
61f6f30890a759300ee07d7a5351788b406d659404cec9efddcda2b20abfabf8,Zigzag,24770627,14301322,24770330,14301795,263,1033,42,83,0.19602506796004954
110734c7495a70577c2c92bb459bbdbdd22c67195f298111b0f5349c8fa92389,Zigzag,24749190,14193304,24749066,14193565,437,821,99,46,0.677309176603702
ab185edeb6aecabf7b34a61212bb0575d8a4f1aef7d931a8def01d05e37563f2,Zigzag,24702586,14344676,24702269,14344525,243,409,33,69,1.5646031456799172
0b14d118d945f0bf65e25c2155929486e97be35c22c1ec3f70f090f5fb960225,Zigzag,24691402,14320953,24691309,14320789,467,396,41,81,0.1363405320066066
0b14d118d945f0bf65e25c2155929486e97be35c22c1ec3f70f090f5fb960225,Zigzag,24691402,14320953,24691642,14320531,801,138,85,40,0.1955673704372058
37abff2c53f01ec6b92b339164b128028b9e7477ee9b3ac1010f8ea53d0c5bb9,Zigzag,24614040,14251587,24613672,14251663,192,636,44,85,0.2520692624404359
ac3423c0d84b68e527e49b2619798919084705570189fb121e8279d2221c8e8c,FCBK,24778084,14369382,24777976,14369495,452,672,79,35,0.7840346249193276
e958b631895d9f809e245421bfbc7334cf7d4a482b777c034581bf2170b11096,Zigzag,24742665,14385826,24742976,14385685,870,418,39,74,1.5180368419135002
3d4249d8dae0cce5341cbf8674253b83ea0cc3f50e964c8c8ae561d5114dd9e5,Zigzag,24716567,14299254,24716520,14299279,512,585,28,62,0.29488167420281813
43f314729578072f39ededfda7383c82ff4223f9881e71e4da8fbe5e37945b02,Zigzag,24802318,14278552,24802386,14278688,628,697,40,85,0.0006057442472983479
d81503de2ff08fadc506bd6c1c5616d577e99b7c0b0bb808b6fea79229508eff,Zigzag,24965429,14285801,24965323,14285911,453,669,42,84,0.21438376867159253
f13e016e9bd6cc31bf3c38bcbb860f342b223cf4574476ea8106d1618b933d49,Zigzag,24763171,14297185,24763040,14297492,429,867,45,95,0.15965271234569695
60be32a1515555714386f3f8bed17e8a134980edc8fd81699fe3fc0af7db0999,FCBK,24701654,14375551,24701250,14375965,156,974,73,35,0.1515325178002068
60be32a1515555714386f3f8bed17e8a134980edc8fd81699fe3fc0af7db0999,FCBK,24701654,14375551,24701973,14376026,878,1035,37,81,0.15824554795996953
e5c685115e256933883a298c5467058cb5846b930c405467d0aabea38f916612,FCBK,24834940,14209985,24835240,14210039,860,614,35,83,0.23662227897246066
29e9de3bea05c636c6fdabb5da7269d9ccc4adb0b4b0c8f3e1b570c407ecac03,FCBK,24636410,14390961,24636194,14391379,345,978,39,79,0.19378217033474163
47264818d4ae68fe13e99025c02f3a1fb95d14eabc80e712fd37f732fa86592f,Zigzag,24943060,14297185,24942722,14297093,222,468,85,45,0.23684232265752841
b1672203e9781c1848419b4a2b16976bc98c2210563422de596d417960fdd47a,Zigzag,24742665,14361152,24742664,14361687,558,1095,37,56,0.26767673465360214
10c43deacf078129cea29cb7062998d4f5535e200f3488d4b3a820ec8d64ca85,Zigzag,24912302,14227683,24912335,14227895,594,772,69,43,1.4441976380557997
3a5352609fbffc53f451b8174fa792a08f0007691366953e6f3a9c03d3b9f9d3,FCBK,24609380,14406352,24609858,14406225,1039,434,30,65,0.36479947322391776
5d20f16cd9cde9b0f2e7bdbd9ed7d096566ad3cabb77d4256944df521adf1fff,FCBK,24841464,14412503,24841838,14412853,933,910,35,78,0.13229486573801838
10f173ddd271849d87f6715dd0517b036371f4cfb82afda036f22844f410c377,FCBK,24662508,14404301,24662516,14404761,569,1020,48,79,0.33746688503470296
c0859ca220b7ed9fd0da99c8eb7cba2bd0fd523a708a4b037b51727f14eba9f8,Zigzag,24860106,14303390,24860455,14303454,909,624,35,78,0.18513914733299847
cf8f262d317aab24327916711c390ef17b3a227b5dd8f558eb3cd4ed749f57e4,FCBK,24656915,14365268,24657141,14365168,786,460,77,37,0.038427887373405814
914b14cead4cfb393a8b58b42e412feadfab0dbd6bbaf545bedf76227faa9cad,Zigzag,24650391,14410453,24650123,14410274,292,381,80,40,0.16537078552220608
251715e32264fc0c9e1339b5eaeabda8b9cd100417d9bc207ad9892fecfba2f1,Zigzag,24659711,14185998,24659703,14185542,552,104,42,83,0.32853677326744923
51d40a973a7c12a51e724b25025724527be26969e05e00748eb204baea11624b,Zigzag,24663440,14370411,24663279,14370213,399,362,85,45,0.18569028852059036
5067171d7656a4b93035b54b2e2ddee85a4ec92d0b08a441678ff3a70f6ee8ad,Zigzag,24944924,14296151,24944593,14296131,229,541,100,46,0.0017274235508230196
0a373926ae1d99aef2fa573b69492cdbc4606f8a2bda587b6165bb9da89f81ad,Zigzag,24720296,14280624,24720157,14280804,421,740,51,96,0.10699274646528559
8a126a7208b780501171c80124953ce9957e27a91491eda93f20b6b7a3dd258a,FCBK,24630817,14369382,24630776,14369402,519,580,85,37,0.4274985410837623
b055a1da1bb3659f2ffb9e2c0b40be4ea960e33ce91b7984179aa650d71df662,FCBK,24720296,14196433,24720773,14196023,1037,150,88,46,0.3909432595920349
9a5870f830c21fda565774c31abd2444b5c3e184fe724a72532cce53114011d8,Zigzag,24847057,14223521,24847151,14223308,654,347,93,47,0.19990256392817765
fd31d5f50ceb41ad43937ffb866c7be7de33fee980f609d5701596e3b8e0ffc8,FCBK,24684877,14185998,24685165,14185952,848,514,36,75,0.2505510109477386
d3162659406aa73d974f9fbf12937d92d4236e412d73eafd931bf6703debe6cd,Zigzag,24944924,14332304,24944744,14332383,380,639,94,53,0.15608993543938895
995156cd4b7374e13a85d1ed08dd8848543204bb0d2b479472341c4b366333cd,Zigzag,24642002,14226643,24641646,14227085,204,1002,80,46,0.22084985721927766
2f0905226bdf6caf6ae5931e100820e97a217193387f905cfde81b0c58964733,Zigzag,24920690,14282695,24920994,14282548,864,413,44,85,0.25154195654460026
d6c5dfd3c59cad6a0bc149f59a81bbc1a1578de4cb23a7f1dde31e866146f0a6,FCBK,24625225,14316823,24625582,14317102,918,839,82,37,0.21495303599935378
1ae88f7814f8a164fb9953ab8b1d17ce91459ebc958613234989dd6ca4364adc,Zigzag,24830280,14327146,24830531,14327349,811,763,45,82,0.11050004639713588
b011120deb75b14a9c8da16ccb26b945152a253d3fb2292ce79b3143759b7e0f,Zigzag,24776220,14257815,24776435,14257997,775,742,90,46,0.08771256704943997
b011120deb75b14a9c8da16ccb26b945152a253d3fb2292ce79b3143759b7e0f,Zigzag,24776220,14257815,24775938,14258299,278,1044,48,97,0.20901979605152304
b97cb039247419d0a9615e7b4b680c5d65444c761daea893cb78ed168baeee37,Zigzag,24940264,14263002,24940776,14263487,1072,1045,100,47,0.18254045138605596
fc1e5ad9b8e577ab113afb2f5dcb8d33d87b4b34107cf8b25b42bdc630af540b,Zigzag,24600059,14315790,24600354,14315743,855,513,35,77,0.09801101930715478
c0e1f7bb4dec27d52b6d7ce7b21408fa2040b6a8becc0ebc7765d716fd817112,Zigzag,24724956,14229764,24724463,14229302,67,99,38,83,0.18697175170286606
90407b1617190f0b09a283ad8a5b63ff82274c725562fd97636b3c58339feb4e,Zigzag,24761307,14362181,24761241,14362270,494,649,34,81,0.0038598759325956123
5068fe3a600dd743115c5418ac0dd27d06d641fb45d2e9156732813a81ee41ce,Zigzag,24645730,14135781,24645376,14135370,206,148,100,54,0.12509528436947656
5068fe3a600dd743115c5418ac0dd27d06d641fb45d2e9156732813a81ee41ce,Zigzag,24645730,14135781,24645852,14135737,682,516,45,84,0.12141590261931513
5068fe3a600dd743115c5418ac0dd27d06d641fb45d2e9156732813a81ee41ce,Zigzag,24645730,14135781,24645860,14135935,690,714,79,42,0.09133099570015223
6aba2c0dd36b99abb0d6918cc0ee31c7137fb89a6e40f433137e5cab9dbbcfd4,Zigzag,24733345,14289942,24733173,14289942,388,560,86,38,0.13490413110553715
9917cc776b5d68356e6159a5d8b8a2900dca6d7769a2084051274e0f206487b9,Zigzag,24715635,14183910,24715863,14183687,787,337,87,41,0.9010245618663912
cc83db8312e4a935772b8d9a108c6f490f5a6a7ab4386c0248d4dbd399e1a688,Zigzag,24666236,14248472,24666256,14248824,580,913,81,44,1.303665689967572
6691a44127171b3a4f8daa0896051548085be0fe380a64dced6a874f76d7e7e1,Zigzag,24742665,14343645,24742279,14343386,174,301,39,80,0.18487016806290046
e00ede68b4ec0081b4331568aaf3df53c287c29d22f938a1ff68d87b9971c0e1,Zigzag,24738005,14375551,24737951,14375977,506,986,38,83,0.0035529403751801748
2a46e6366bde5e566a504b01a5d1c9dfbff84eba7ba633c354a446ee6b25a956,Zigzag,24700722,14302356,24700935,14302549,773,753,85,45,0.4190056204989587
970db47d5db18fab3f577c11f53f31723b816a7710365b609ebc2aaccb974d86,Zigzag,24833076,14327146,24832732,14327244,216,657,41,84,1.075612614500389
cce98aa99b97987efad7f3a02853cddc2b12f2430bfca0fea82019127cd66f1c,Zigzag,24773424,14221440,24773389,14221196,525,316,47,95,0.3151577510306773
cafd634f5ec2034c32c4f9079e4fbf65f36937b63d74358adc01ec33b97e139f,Zigzag,24685809,14341584,24686212,14342045,962,1020,39,75,0.12874549618332323
ba32bf8819a710fd78ce1a08cd0f7b0403d0b17604a8e59390d4b91d61b62668,Zigzag,24648527,14377607,24648501,14377619,534,572,38,73,0.2690977141874843
40dde90eaaf8328a038c9e2da0d1dd7913a758d5c3120605b901dafd7764ded9,Zigzag,24765967,14263002,24766360,14262727,953,285,37,78,0.07545300457688282
34255ff57ee112ef67c7947abe8dc2b236a5fdf775d708f46cab367563d8aba2,Zigzag,24635478,14211027,24635458,14210776,540,309,48,83,0.249294814506305
a0df494d5b06ef89bed0ffb64e788c8531054a050475239ee7dd6939b415f978,Zigzag,24688605,14255739,24688246,14255766,200,587,70,42,1.5618228055018746
8f6281b5539b3ca9030fa2bae2fb3c9334b793f0124e78b1c0250b6486796397,Zigzag,24864766,14337461,24864419,14337062,213,162,87,51,0.5170553887999741
a6fa633bf053b5cc6ccaf4d89084b387828ac527649eaab2213e9946d39e9ed1,FCBK,24654119,14425820,24654461,14425763,902,502,36,80,0.35470915532777103
2146764ff9d532f73efe5d96b305a6ff9a1fd948298e3d040a10acffc975c68b,FCBK,24693266,14423772,24693497,14423497,791,284,78,41,0.6624976067270628
4c34f715fc6687e1b0576e0fb25460037b1a293d3364f2eb7bddf55a427163cf,FCBK,24746394,14361152,24746161,14360906,327,314,75,39,1.5395345440228922
dd5b01a7c43174113ed3ac9f2cedcf9235d5dee5970a1603b456f15b06e9ba36,Zigzag,24820027,14377607,24820133,14377838,666,791,79,34,0.4813209934247501
1efd91ea6c5c3b4c47de60d0996e245738786d2f4593079606fdeec4338a7719,Zigzag,24665304,14316823,24665406,14316732,662,469,37,79,0.1979873849197608
3ef7af4fa82e466bb27df0816d7493fb761d51183d975c54b1c2a79e7e9a0017,Zigzag,24628953,14360123,24628756,14360134,363,571,82,40,0.2687046316105886
524c0772dbf29831803f60e6cec95a1572940a24cd2d0cc0f2cb16e919b653df,FCBK,24993392,14221440,24993725,14221949,894,1070,48,101,0.08838262670208231
50b44af86553e96b88797dc198024881a5031878e2840ff8c23169de7713d6fc,Zigzag,24860106,14294081,24860364,14294222,819,701,54,114,0.32766868262062426
389d698c3553b61a460b11852d00fea4a41fde96947cc2fd6e44d7c23138b29e,FCBK,24841464,14411478,24841059,14411143,155,226,32,74,0.03418536980777411
c03f45a231b10319c628f16cb5eb0b75503ff023425b03e6d04e6427e619c242,Zigzag,24710975,14283731,24711432,14283417,1017,246,40,80,0.2001431971774231
f6e4b40a73b651690077a8fe8de8eac11196172aa44a091fce41a587d96fd475,Zigzag,24765035,14298219,24765145,14298408,670,748,44,87,0.17476338850226567
f6e4b40a73b651690077a8fe8de8eac11196172aa44a091fce41a587d96fd475,Zigzag,24765035,14298219,24764760,14298344,285,685,73,37,0.19160794897604413
d5f800d88d63652b2897001d948f2b92b50e288a1de9b3fd6acaae8f4efe4a43,Zigzag,25004576,14228724,25004969,14228449,953,286,50,107,0.24994547469488182
897ac5850221c32e819d23432a685d34c6036a81b98de6d9417487b4bd3dc6d6,Zigzag,24867562,14264040,24867527,14264266,524,786,45,86,0.4251306579795456
47580770d3194a8f527a07640c313e55c770c712406ad86d0192f7125698ad48,Zigzag,24670896,14213110,24670949,14213649,613,1099,40,47,0.13634377773418513
9a7fa1824aec9b4c3549bb5a8009d4e37d56555048f650451f05a16a3ca99f8d,Zigzag,24603787,14312691,24603784,14312669,557,538,29,64,0.05862088605882211
ae151adb6073843e3c9ffeccce41ce57a4ee39710dae36eaf8c7ac0db3c0c226,Zigzag,24934671,14232884,24934558,14232641,447,317,96,52,1.513199076635317
0503e7f650c93da2fa263c6d5f621924b0a57bf3c568aacfd77f58b0e016de93,Zigzag,24659711,14399172,24660203,14398734,1052,123,50,95,0.3344111074209188
b506067d4be86d1c9c35b90a9057e5a347d68abc61b5e4509a866209d35d9d80,Zigzag,24629885,14326114,24630013,14326156,688,602,39,81,0.23357352544605156
e2a59fb260a85552e0712747afa82519ac8af2476602eb9c76ab5252882c8d35,Zigzag,24792065,14319921,24792080,14319457,575,96,40,72,0.09022382808884381
aab08f227b80b95ae84baf49da2b4264115221956a611f7a8554e232e0401892,FCBK,24855446,14283731,24855819,14283717,933,546,38,70,0.8191416128312428
bce1f80a3ea269de137a4036a333d2c75056f10595eb54ea128380288831ce01,FCBK,24750122,14400197,24749621,14400291,59,653,30,71,0.12871839019685327
debb17e3d512d2dce2f614755e0f8f523cacadbc3cc759848e1d9160f3e26c9b,Zigzag,24622429,14310625,24622413,14310849,545,785,90,50,0.07370555478287052
830e8151422c3e47caba0d594fefb735f83db208e52b5ee5db6bd84638ccbd95,Zigzag,24819095,14313724,24819291,14314216,756,1051,75,38,0.4704643176354194
17884a4a9e91a68eb12d192e8d63fefe988d75831341a47851ce7d0d32f5faf8,Zigzag,24854513,14299254,24854120,14299037,166,343,101,54,0.14473346753723448
6a4c74615d01d0e73a168f695e9a70e7a9bcdd23984c82c9af26b081cd9967ea,Zigzag,24869427,14302356,24869686,14302369,820,573,84,43,0.07109215319328373
6a4c74615d01d0e73a168f695e9a70e7a9bcdd23984c82c9af26b081cd9967ea,Zigzag,24869427,14302356,24869097,14302227,231,431,41,87,1.57008805910299
c3a2e9ad6df11f8066e730ebb0884858467201c6c91ad1a36f3f8282c79d36a5,Zigzag,24827483,14305457,24827000,14304989,76,91,46,81,0.24016659684346303
30c653f6e2e2cd5062e54bff8bd762286ebafe6fdd0fea2c361884f9f14a356c,Zigzag,24950516,14324050,24950825,14324454,869,964,86,44,0.3664756002349864
7671411b00b2a272e1a0da0d49f6fa53db3d31896dad2ce625b7bd34b180af56,Zigzag,24675556,14248472,24675021,14248609,25,697,41,79,0.3988264161557512
c9d41a9181e5586276d7462a0f35486c5e5a62aa7d59e39609b6a0cb4cea57b8,Zigzag,24679285,14264040,24678846,14264371,121,891,67,29,1.444253697596746
1910525360b7a46422f94d4018c5ca13bc56559bc2ac2661a93ef4e1966aaa3d,Zigzag,24841464,14214152,24841269,14214124,364,532,93,54,0.2785273850409664
1910525360b7a46422f94d4018c5ca13bc56559bc2ac2661a93ef4e1966aaa3d,Zigzag,24841464,14214152,24841072,14213677,167,85,97,54,0.29059807945796656
d49542a3e1eee28bc660ebb8f830d6f1c99be6205b997ab447e52e43b0abacd1,Zigzag,24828416,14297185,24828537,14297658,681,1033,70,44,0.18180400412086498
186d6e1c55dc9807f3326aed1e3c5c84c620d314f6a2a369b3ea62acabfa75b2,Zigzag,24682081,14226643,24681812,14226482,291,399,41,76,0.2564654589651274
0d241c78de0d90197311d021a6b27bcb52291c82cb457c34469f9500e308529a,Zigzag,24792997,14246395,24793248,14246042,811,207,46,102,1.5647689274577747
080980cafc237472293e32b5ea8784c0dc8c9239cd83f634d022392fd71e6fbe,Zigzag,24841464,14287872,24841319,14287530,415,218,50,100,0.11184057349896248
18697db1a50a355220e552a98abe0e979f37216292abc2124133ae6b9169a76f,Zigzag,24838668,14231844,24838126,14231327,18,43,42,83,0.15213595681370512
7a38613e4008d83758f53aceb3f7222848d73b5cb90148d786e2acd0b8a8cb60,FCBK,24636410,14394040,24636411,14393807,562,327,41,78,0.43526748132622783
dbd41d7ce8c39e5e6edceb8fa01a87518d724cf37b61ba84fe3edd4b93005ff3,Zigzag,24825619,14314757,24825119,14315015,60,818,47,94,0.6133468382807784
33c65cc7ba246f4daf0afc1967307a8fb11f11772513056d31155e42a74b0acc,Zigzag,24898321,14346737,24897972,14346891,212,714,50,85,0.13047620967436008
33c65cc7ba246f4daf0afc1967307a8fb11f11772513056d31155e42a74b0acc,Zigzag,24898321,14346737,24897981,14346674,220,498,49,93,0.3013683356699241
8e0c4414b155510e8f7b6a7aa51a949c43248fe0eac564358ae32b6d38d916d5,Zigzag,24789269,14204774,24789242,14205284,533,1070,93,48,1.567135412402419
8e0c4414b155510e8f7b6a7aa51a949c43248fe0eac564358ae32b6d38d916d5,Zigzag,24789269,14204774,24788937,14204745,228,530,52,103,0.003394094779575908
53119a4ef29be2af157df160cc9541cc732ed665b71ce5a04c18d1a2b2dddaa4,Zigzag,24657847,14303390,24657748,14303222,461,392,72,41,0.8632058767535304
0a733263d006bca8af71e1f91e4ed9bfd32b61160b41cec830369dc711c36488,Zigzag,24943992,14316823,24944007,14316452,575,189,47,88,0.05150804884041123
7eaeda6493ce521783fba17234d127711a2dcf04f84fc3bbab64926fbddcd450,Zigzag,24660643,14274407,24660705,14274301,622,454,79,33,0.028223384364927342
048f47284edddadc5854ad409b2c6badd080ce1278dd6940c2e55a11b81405bb,Zigzag,24680217,14354976,24679884,14354730,227,314,40,84,0.2690730466578875
c1e5ed49b879b1f591911b631b1a5236f8c396630998db2203b61389e1130c59,Zigzag,24775288,14237043,24775593,14236629,865,146,38,89,0.09674080798048469
c7675ecb55237a6e576a755dce99f8d40106701de7492db5caf4b62ba2767fa8,Zigzag,24800454,14327146,24800335,14326830,441,244,81,44,0.5279152270930993
f5c646544ae9b9882b2a3da186673fe9d8af4938a65abc299462b84bd36424c5,FCBK,24744529,14406352,24744588,14406498,618,707,35,72,0.23988891236555182
f5c646544ae9b9882b2a3da186673fe9d8af4938a65abc299462b84bd36424c5,Zigzag,24744529,14406352,24744447,14406285,477,494,74,40,1.564762935345322
b91f7cee65289654a4efd1f03fb2997d84530f920b4ca8998e84030072554e46,Zigzag,24657847,14152544,24657741,14152605,454,621,44,94,0.3094758968449932
07bf73d546642d408748b41f1a837a88f7e76b7e208d4549bcf6d9038124747e,Zigzag,24756646,14362181,24756956,14362054,869,433,90,39,1.5702732819568048
9ecaa6fad881df7fc454d92c6457a98b9a6bae35d5995329559af487c525df73,Zigzag,24947720,14306491,24948230,14306409,1069,478,39,77,1.0703919532364792
83d17bfb080e73d2bc4f1a74cc38ee9de99c95283615fb12ee2ab94c8d1392d8,Zigzag,24719364,14350857,24719707,14350496,904,199,39,75,0.15999444584782457
92a0774c2cd65bd3bfa561df27daa1f025792b8a54aab41662783cc61d8be0e2,Zigzag,24671828,14313724,24671565,14313314,297,149,34,68,0.05175652593130482
dc9f05470c00a7f6c5b8f0f68b7c8a1f84270c00852bad43f31a0fefcf508c03,Zigzag,24942128,14242239,24942670,14242341,1103,662,77,39,1.3732792561236438
a20a8fca211695b08a7d1f2494522a607a76c3eec9222fd0cebff4048cce31d5,Zigzag,24725888,14384799,24725687,14385063,358,824,82,38,0.18276973291115495
aa5e1b18d352235fd1ffb988e995cc19f24c5d7e1f261749b56d5c90d8fec1f7,Zigzag,24765035,14185998,24764858,14185890,383,452,89,46,0.33133149451537836
aa5e1b18d352235fd1ffb988e995cc19f24c5d7e1f261749b56d5c90d8fec1f7,Zigzag,24765035,14185998,24765343,14186372,868,934,44,85,0.3293536646423174
17052e8ccb1463ac392f0be444f15c2059afb27d7776387bf2e21c3547269228,Zigzag,24846125,14369382,24846329,14369893,764,1071,40,80,1.5656267316448893
ab4396c8fe5cbfa11906b1648ff17eb5d171ce36311a654f091af49b9a74e762,Zigzag,24846125,14299254,24845888,14299580,323,887,51,91,0.47369403295789936
f9c9f01af17c18e81382139d4e19d9142aabf293215d39767dade4cd52ab319d,Zigzag,24972886,14292012,24972871,14291871,545,419,52,97,0.030069067352460743
a10dffe783e2cc89f57b4c80e8289cdb6e6bdf981fe7c234519f471cd6d0bfe8,Zigzag,24969158,14286837,24969408,14287150,810,873,90,38,1.1754488645501433
6a6b622a399b4f3ec07c75d3da1e74d09bd647ab194b97ae57da65fb3a844eea,Zigzag,24756646,14352917,24756180,14352501,94,145,38,75,0.09135096940832782
b599a9aa89c4ffb68cbcf80aa901fc06b519c8b4061c71e8291e251f3c0e4b34,Zigzag,24964497,14303390,24964486,14303659,549,829,103,62,0.2039301789580022
b599a9aa89c4ffb68cbcf80aa901fc06b519c8b4061c71e8291e251f3c0e4b34,Zigzag,24964497,14303390,24964410,14303518,472,688,103,56,0.2994635429897586
8eef31e432c7dd5aede7dae5d52cbf8fcf6067949be8efd5d7fada515037e4a0,Zigzag,24948652,14267151,24948931,14266701,839,110,75,43,0.15082531537273625
379170c723c99925b187dfdb6eb0c52876defbe2611a1ebb7a741e630327a6fb,Zigzag,24812570,14274407,24812557,14274589,546,742,98,50,0.1346123152290917
f8278f474dcf45aa4ef0273bf1e4e40149eefcf988746f6e8847a84bf1be514f,Zigzag,24686741,14380690,24686394,14380852,212,722,81,40,0.34632712211285566
4fe361abf47af0a9f6dcbf7ab70ffe0f53fd306933c28da4ec5d1af4dd8dd81e,Zigzag,24712839,14343645,24713177,14344103,898,1018,34,73,0.17140049848052494
999a0ac31da31539e0e6d29cada5560c67f3d33c5c43b9b4fe9f9a3fd0189c4c,Zigzag,24967294,14252625,24967660,14252748,927,683,97,47,0.17914839975037883
702101fa9a3576a9ebb687e49d8f1d04d00b4a51cb689320e5eee6d15195dc85,FCBK,24635478,14398145,24635475,14398230,557,645,43,92,0.24513527313398067
4ac4c6088972db862a70002b98587ac475c37a7a871389d05ca7795fe06ee8a3,Zigzag,24834940,14228724,24834483,14228697,103,534,46,91,0.9650038112622369
60b416300d841bd54ecb0ab57339df6eb917ff824efc10ba5570fe78c45368e4,Zigzag,24647594,14147308,24647450,14147070,415,321,43,73,1.2622069296977636
1a639af95cca70e5b641c0e6b1c488a78372adfacca9c535fd43911b00c23ef7,Zigzag,24778084,14278552,24778268,14278848,744,856,43,89,0.1777100930246543
1a639af95cca70e5b641c0e6b1c488a78372adfacca9c535fd43911b00c23ef7,Zigzag,24778084,14278552,24778573,14278252,1049,260,48,88,0.0662467146822095
631a35925eefa0beaad87035e0ccb81ba65023ddd75f6691843e5ab17f9c1bf9,Zigzag,24700722,14303390,24700381,14302931,218,101,102,57,0.4016195395070263
631a35925eefa0beaad87035e0ccb81ba65023ddd75f6691843e5ab17f9c1bf9,Zigzag,24700722,14303390,24700637,14303376,475,547,99,48,0.5291514664711141
631a35925eefa0beaad87035e0ccb81ba65023ddd75f6691843e5ab17f9c1bf9,Zigzag,24700722,14303390,24701196,14302911,1034,82,99,53,0.1784674461044024
631a35925eefa0beaad87035e0ccb81ba65023ddd75f6691843e5ab17f9c1bf9,Zigzag,24700722,14303390,24701008,14303355,846,525,45,93,0.3596779148420728
631a35925eefa0beaad87035e0ccb81ba65023ddd75f6691843e5ab17f9c1bf9,Zigzag,24700722,14303390,24700960,14303340,798,510,41,103,0.32204415297740413
631a35925eefa0beaad87035e0ccb81ba65023ddd75f6691843e5ab17f9c1bf9,Zigzag,24700722,14303390,24701049,14303404,887,575,67,158,0.3604610839396378
39849d7eae4c8f41ee9b414007224fba0064cc6b1290e9f3738b0b70ad28bb97,Zigzag,24759443,14353946,24759000,14354466,118,1079,85,44,1.5655686747331254
a2c5990ef49a246ad710afe8e46bbbccaf3b99d3f278b1dfe53cd9e59838b600,Zigzag,24921622,14252625,24921528,14252778,466,712,48,102,1.3523474757458933
a2c5990ef49a246ad710afe8e46bbbccaf3b99d3f278b1dfe53cd9e59838b600,Zigzag,24921622,14252625,24921517,14252593,455,528,40,87,0.052509992460337086
4e2868f6428f238ad10bcd249ddd7ede68cdb81162639c605374bbf95dbee8ff,Zigzag,24746394,14297185,24746534,14297154,700,529,42,85,1.5652626775238754
27f129e577d23f1e523e51ddf832507797f5335e662dafc636681129a5440a56,Zigzag,24863834,14265077,24863555,14264761,281,244,48,94,0.2383961939298056
b9d37e0c8675d1a0801f19e53e1d343545dfdfccecc1f51c65e82cd292360b34,Zigzag,24933739,14308558,24933973,14308534,794,536,92,48,0.17375945999508988
e5935877205a7d57918df3a5b70dae3ea041775c9cc0a07c7d4cac8affe15bd2,Zigzag,24798589,14307525,24798616,14307461,587,497,28,63,0.238779156494559
38efbffff43b430950c92817a31e63e449d602595874ec78409d7d02f31ec25b,Zigzag,24845193,14299254,24845218,14299266,585,573,45,86,0.5304391381476811
38efbffff43b430950c92817a31e63e449d602595874ec78409d7d02f31ec25b,Zigzag,24845193,14299254,24845016,14299600,383,906,61,113,0.9993464719412992
91aaf25885dc9bec124c91e3caf37e8b2a7b437a91495ea36d2137dbea5748ae,Zigzag,24858242,14258853,24858775,14258790,1094,497,47,75,0.33813111070008234
09dee188165e6ef0f0ee0de8eb9eec14530ec7cdbd52426bdc977634de848391,Zigzag,24803250,14270261,24802973,14270170,284,468,40,82,0.42928209335530193
f7635c75799a1f5e242252ba6d84fe30deae6f372938377e716833978ab998a6,Zigzag,24633613,14208943,24633337,14208690,284,307,86,42,1.3530027465321075
1b70891da4708adc2ae26a6687990df16ed607b43e068178dcb4d87ed7c289cd,FCBK,24683945,14410453,24683847,14410922,462,1029,32,76,0.23807772979770256
1e0f950717ac3d6e7ef34b93ba63d8daa09d632fda938715e40505cc6efad31b,Zigzag,24754782,14260928,24754560,14260440,338,72,35,76,0.2468304583916002
1e0f950717ac3d6e7ef34b93ba63d8daa09d632fda938715e40505cc6efad31b,Zigzag,24754782,14260928,24754781,14260911,559,544,40,88,0.021756369952644482
42602864e0f4a82ae12795d5814b208f5f089cd2e907084ffdcbbfb045a9164c,FCBK,24634545,14214152,24634385,14214202,400,610,73,32,1.5678483406262333
da47838ea696ca720ee549ebd74f21e27b62d6ec102d086236d5dfd7a8399f38,Zigzag,24928147,14239121,24928002,14238700,416,138,92,49,0.06109102206533025
bd9ae003d87735862f3d946bf2ff31b1ced7bb1c0b4d486153b3bd1f3d51bbef,Zigzag,24800454,14289942,24800011,14290095,117,713,94,44,0.1976641104529388
d6d3d8dea78392ded30ce4dc643cfeef4ad615ab3142ca7ec2a216d386ec453d,FCBK,24810706,14374523,24810609,14374786,463,823,74,39,0.17868399439053945
33c35dde5ff5534c062760c1a6b685d043225cc04a940c5b5518a05148905e55,Zigzag,24947720,14329210,24948081,14329498,921,848,87,51,0.22994307095854188
430ab2bc124de1fdfdb84902a5ee81f3c9d3dae074f38fab152bf6d998afd5b6,Zigzag,24677421,14211027,24677281,14211514,420,1048,45,87,0.11207315900828886
430ab2bc124de1fdfdb84902a5ee81f3c9d3dae074f38fab152bf6d998afd5b6,Zigzag,24677421,14211027,24677381,14211225,520,758,43,94,0.16314032153023747
ed241a85c05667de069dbd8e31af0a69f6647c37a94aea2e004dc4c1c5c7dc46,Zigzag,24811638,14329210,24811171,14329369,93,719,44,73,0.013884746124804986
33a3caf48b20ae6bdd6b376056788f39fc2bbd6db7c3f75ab8475c213b68f3d2,Zigzag,24708179,14226643,24708402,14226887,783,804,78,40,0.4625666135542486
6cdf28c170cf1a41500dfda669fa11637c851c44603aa34300d48f177a3a33bd,Zigzag,24600991,14214152,24601402,14214443,971,852,91,42,0.4300999168365517
c7b9617635b35e0927d44bcff5a8f4c5f520d84a3c8c632d65772d8e6b2ea533,Zigzag,24848921,14316823,24849198,14316683,837,420,39,77,0.28404637028123536
e04a1e79085b143c22c2593c4e7def1403d72753fe4e07ffc9fcaea525abcd0f,Zigzag,24756646,14253663,24756119,14253974,33,871,45,93,0.1811712869801326
b8250707b0456ae21a6b15144f9e57bda4803c3b4916a7be2887189c3c95aa26,Zigzag,24981275,14299254,24981121,14299294,407,600,37,84,0.18237611770204126
fb78c3a71cb06315e71a8dec7b2374c757cfd7a22ad6de5ba33beddfa0eb342d,Zigzag,24696062,14313724,24696198,14313414,696,250,81,44,0.316518160294517
7333e83a2cec035581d077755f95b68365cfd8ede75f74f9492f8831842db70b,FCBK,24614972,14203732,24615217,14203289,804,116,90,47,0.2793099382825294
7333e83a2cec035581d077755f95b68365cfd8ede75f74f9492f8831842db70b,FCBK,24614972,14203732,24614717,14203994,305,822,101,44,0.39215150248909025
757ed12cde13db6aaafbd73a9356f00b39430a172fe3137c59d36e5d76838993,Zigzag,24707247,14207901,24707065,14208384,378,1043,78,40,0.0026167672114292416
28c230298a42946187f39601b54d08fe920db015e9642b87c18867f7ee21a60d,Zigzag,24934671,14253663,24934812,14253200,701,97,77,45,1.5609795155427009
c24096cab823ea19314caf7e5ba60d65c0a38708968a3346e807f70b3578a9e5,Zigzag,24850785,14280624,24850333,14280692,108,629,43,86,0.05810316754291071
c24096cab823ea19314caf7e5ba60d65c0a38708968a3346e807f70b3578a9e5,Zigzag,24850785,14280624,24850966,14281078,741,1015,85,41,1.5527001471878081
c24096cab823ea19314caf7e5ba60d65c0a38708968a3346e807f70b3578a9e5,Zigzag,24850785,14280624,24850413,14280546,188,482,78,44,1.5705806107466
b56e44369ba800e3f066d5d55763160e394fc69820abca15db0ffebb4b3745ea,Zigzag,24788337,14275444,24788789,14275098,1012,214,40,86,0.21574101543163776
072472433ab4f5c82905f87632654a22bdefae0943137ff71951be734abf642f,FCBK,24675556,14240161,24675862,14239828,866,227,74,31,0.14416290191844183
67afc1b884c62dd33650ce4d2482f291bb3edb410b909591c68d3dfbdc5031bd,Zigzag,24826551,14277516,24826318,14277183,326,227,98,50,0.1562999256913417
2eedcda300e435193cb2c9845970e904d5899359fe819b70503559163cfd1651,Zigzag,24720296,14287872,24720028,14288113,292,801,78,41,0.12284373147062591
57a176247a17c5477396df67d843ccf73c83c462a8069816755c47a9421f5086,Zigzag,24658779,14175554,24658282,14176018,62,1024,84,44,0.27286482212842866
57a176247a17c5477396df67d843ccf73c83c462a8069816755c47a9421f5086,Zigzag,24658779,14175554,24658637,14175893,418,899,45,85,0.14802525115787013
37267b42e700df47685534f524f7ea7ac786986377484364d7b0bd44b665d55d,Zigzag,24924419,14317856,24924651,14317969,792,673,43,103,0.04382417995001692
c927e10656cce9093f1f3493ba4468448fc4ba20132204d20b1f9aba800dcf1b,Zigzag,24871291,14311658,24871516,14311809,785,711,48,86,0.2938047584370173
67dc4530386a409e9e924c3373db47629353531339eff2d73bdfcaaf5613643a,Zigzag,24668100,14238082,24668052,14238366,512,844,44,85,0.30563345473471326
424af610736e6994d0d3bd58e98bcee3a268d17bd1a056cadba89397b06faceb,Zigzag,24561844,14344676,24561880,14344297,596,181,37,79,1.568494290348632
a35246b3c8d021883f7c4dc3b0c49048aba06507916a650627e17edb55d24de7,FCBK,24764103,14310625,24763742,14310740,199,675,74,37,0.6721385161892587
78888ea8e9f06f128ecc9e3b1ef494aec59c4900ed7e366d62403f874bf29f9c,Zigzag,24765035,14219358,24764934,14219601,459,803,80,40,0.22744828822838295
6b4e478adafebcc7491a2a548bd27bbe2b003ab3ef4fe453b7fda3ba0113f75a,Zigzag,24732413,14288907,24732760,14288903,908,556,33,63,0.1433229076211172
6340f25f2eb3cffa8171a2cffc13de3e6e9f868f899b69a45d0056572b560cfa,Zigzag,24790201,14250549,24790228,14251031,588,1042,81,43,0.09275904925567996
6340f25f2eb3cffa8171a2cffc13de3e6e9f868f899b69a45d0056572b560cfa,Zigzag,24790201,14250549,24790653,14250221,1013,233,84,42,1.5689912362080407
a3d2d38e1f68d29a9bf9ff738493da07d9be0e1436fa53ccabb8a9be0e2877a8,FCBK,24660643,14426844,24660398,14426999,314,715,31,68,0.12337700451177903
eabb573a75bcf2e213ff3fdfdc146612234d3579f0ecc405023e17a95aa3c002,Zigzag,24668100,14146261,24668123,14146251,583,551,97,49,0.27075428360929765
eee299f7cdfa7ee4b7cf9800d6aab619455046c8bb24fd5cd6f7acc0b236c1d5,Zigzag,24823755,14303390,24823753,14303515,558,685,87,52,0.3090511559406392
39534ca42bb8cf25fc73ec20c167648d8ce491592bd5b8941952d80c6790bd60,FCBK,24676489,14314757,24676226,14314927,297,730,39,78,0.3216181137820187
9ced8c42c28f8cf092fed448467fa8e2f3a65a00847003ed74491592616120e4,Zigzag,24981275,14230804,24981151,14230997,437,753,47,91,0.03269904503923868
9ced8c42c28f8cf092fed448467fa8e2f3a65a00847003ed74491592616120e4,Zigzag,24981275,14230804,24980911,14231159,196,916,42,82,0.0016137260778510264
2badff6f22f5ffa31dac074948763ee9d0924d83c1c4bc2d916825dba322f606,Zigzag,24943060,14245356,24943196,14245288,696,493,43,79,0.04749010025310585
2b2baccc3eb3ec40b302fc056e634d45717a2f338a57c1495bc204d5054f6cf1,FCBK,24680217,14341584,24680036,14341780,379,756,33,78,0.03384444981813574
0953ae979fbea298a3457623fc26805b8ac139b0e922d88bb5121a9a23dbc27c,Zigzag,24767831,14197476,24767443,14197421,172,505,49,84,0.21177117435271114
0953ae979fbea298a3457623fc26805b8ac139b0e922d88bb5121a9a23dbc27c,Zigzag,24767831,14197476,24767640,14197600,369,684,44,73,0.1596610846583739
4bb4cb7722775585a25a05d4c7b3bedd9f57c50e682a3b550fd79e3784ee40de,Zigzag,24663440,14168238,24663375,14168649,495,971,36,70,0.31755805812116566
3f1be72ad503588450aac05fa180ec3629185fb836a256d9e9397b94eb8d1200,Zigzag,24652255,14143118,24652300,14143529,605,971,100,48,0.0781813964689122
ea138edb2c6d78ab71d09edb63a1413eaf561a1d6a5f5d1617401c77d98c47bd,Zigzag,24703518,14350857,24703400,14350491,441,194,49,97,0.30267678000299364
fa77ce44e40a7e8dbf4246233c9f19fcc884a18b1bdc38d919cf7d76e566c79c,Zigzag,24667168,14321986,24667075,14321476,467,50,47,96,0.23447691962207684
1e89206fb6ba17507b981113ee56d8a76ac7e8a913a59b70e16f35c1b3a3f4e4,Zigzag,24823755,14228724,24823230,14229061,35,897,84,42,1.413752114157905
743a11eb9326cbbe203eccab7ef56ed66da36b21dd35e9e77765c091df444b13,FCBK,24637342,14390961,24636971,14390922,189,521,83,44,0.16255096398100294
ffebd76deeaeec5f7862959512032baaec3e639a4acf39d05d31dd6a7b7e4870,Zigzag,24733345,14265077,24732808,14265451,23,934,37,68,0.04541649644934291
7aafd77b8703ea058c28aec9c77d11f9ddb1ff022a86d2adad18e68239a3fb23,Zigzag,24574893,14335398,24574681,14334950,348,111,44,86,1.3396031846654282
454045bea3c62d2dcfc584b61b07df64235cb8bd20b2f3a040a589a5604291b6,FCBK,24661575,14271298,24661680,14271103,664,365,33,70,0.1765553130864823
6874efac5f11897485eda68606d3d2dffbd8babbb4671c39cbbee64a92860076,Zigzag,24783676,14212068,24783752,14212584,636,1075,40,77,0.1734980540893418
cb1306d8e5deed6c7ec97dddb0dbd40ddbe7c5f99772929578c8946b44763805,Zigzag,24744529,14269225,24744945,14269651,976,986,40,80,0.3860744351976384
7be4b252603e4ca3e3a2a2249cfd6944aab0f4a5356cffaf15d21410acf7c3a3,Zigzag,24760375,14270261,24760572,14270267,758,566,45,93,0.2938162766087319
c616e52d94d01d238f2751184ee2d7e9c27e743397633130f7f441861d29107a,Zigzag,24885272,14305457,24885560,14306007,848,1109,105,51,0.2552423689449949
3b48d7f52dd60728cbbe39886d73e27ebf3b1f7110ef90f2f5fd932ed1642873,Zigzag,24763171,14259890,24763444,14259529,833,198,46,91,0.3729457501033339
59c7c07e6baa6b0ebcd3bb71e61cf85237700ac612c451a5855270585fc34e04,Zigzag,24745462,14403275,24745528,14403322,626,607,43,92,0.07270260831634669
459972cd7f7d37d8bc4155d949292ac0c68d7f8cd04dada30c7af70c9a0322e4,Zigzag,24637342,14231844,24637773,14232386,991,1102,78,39,0.2721146096493533
8d3b39956cd632413e3b07d3fc90315852dd288b3f9fbf248340e136841fd102,Zigzag,24655983,14223521,24656259,14223569,836,608,47,92,0.1711837005230357
3543a9ca39e3ea741ea09dfca21c01fad6b31b85a84c16645df304eab564d6cc,Zigzag,24751054,14197476,24750867,14197168,373,252,42,86,0.31852152322452915
5b7cdc31e73c14524e1a337fb5a87e99dee8f508e001a23fe812bedf46e077db,Zigzag,24682081,14324050,24681952,14323573,432,83,37,78,0.07890374562508257
0a4cf65c9942104e2f296ba415aa8cf4f70caabfc6487776fe582b46da45bbfc,Zigzag,24778084,14282695,24777881,14282432,357,297,33,76,0.15769309183658942
9de4e2bf998306a320aa408aaf5dbcf8561cef3f91852fe599a6f10253a1af49,Zigzag,24745462,14404301,24745024,14404092,122,351,86,42,0.10320889389898738
269c5988beedaa1c6db8581a153650fb80776a4e080fab0964e27897a673cc9f,FCBK,24622429,14216234,24622152,14216436,283,762,45,91,0.2507124650888246
9efe1801001d2f0ba2084de2310a6d52e5300b9640c14487bdcec446e2d168cf,Zigzag,24882475,14328178,24882522,14327795,606,177,95,59,0.20934330354494043
9efe1801001d2f0ba2084de2310a6d52e5300b9640c14487bdcec446e2d168cf,Zigzag,24882475,14328178,24882399,14327951,484,334,80,47,0.22628769927008321
345de7d00c2c043ef7c9ed41c5a5a835c2848b09a7b5cbc761854f7b09240d07,Zigzag,24782744,14310625,24783110,14310608,926,543,93,51,1.4391110003737486
e70b56a90b12630a082a7d5e7f8ba147d1d7aace8529aa1120e2f259e73d23eb,Zigzag,24739869,14243278,24739703,14243568,394,850,83,43,0.43579045958529217
93ee6ce6d85a3ecdd81adbdb42b1a5bc549cdb42478d7dc16b6286493bed7c9c,Zigzag,24954245,14297185,24954140,14297518,455,893,51,91,0.061737887249353675
be443def63c4cbf97cd0f0b575b296f8bf2b285796a66954bbe02e63a7e9b22a,Zigzag,24683013,14269225,24683269,14269413,816,749,38,86,0.02471220204355042
05f856a977d6bdaf10012a32cfb02100710fbb2bc1573c1e5927429a08d0a6fb,FCBK,24659711,14363210,24659877,14362900,726,250,79,40,1.3394535150121658
81c2a4dbec933ba6701caa98f3ef091d64f1ad9f3d9675eafbab03013ad4e417,Zigzag,24682081,14190173,24682088,14190192,567,579,36,83,0.2943470113244711
a66b84797af724cb4621eefa9378e1aad7cbd298e6ca45332805241841817bb1,Zigzag,24918826,14345706,24919234,14345387,968,241,41,86,0.31870268475768176
8f9101e60f739dbefb5c80552b049ed990985038c139434460dc5f685aca8c66,Zigzag,24794861,14285801,24794958,14286087,657,846,43,81,0.12260080956731864
f1d1afd77e5f3d2c1584ce0a87bd9e2a1fd88e2bb3bba8b007527af31ab440b1,Zigzag,24786473,14219358,24786740,14219466,827,668,93,41,0.43142673698114276
6578b4de46028e4a3cff9f840dc41650102f0f220625286dd35164a67f2eeb82,Zigzag,24815367,14288907,24815211,14288997,404,649,83,46,0.2519258845052488
baa3417a755db77be0a92462ae9f5134ac0bf7c93925914ebc8fdc7cc1dd030d,FCBK,24657847,14393014,24657986,14392616,699,162,46,82,0.25920367126367644
de5846f7fc1de042b1ad9476d82bcd0b59e0d31414617201c1c1f606b4eaf444,Zigzag,24888068,14309591,24887846,14309355,338,324,77,39,0.4123412596081172
3f66fec993e2358a379ce7c0f663f7f323d6f0d7a5cc9b372a91f1e98fe0ba42,Zigzag,24938400,14293047,24938486,14292598,647,111,44,87,0.2019776657600538
3d846a432b12609b4b709a3d148e10ca242b2be12d1ca5b87dc3adebba300df0,Zigzag,24708179,14225603,24708706,14225968,1087,925,85,46,1.0069371468382975
33a2e609f230c145bd4b87bdd8ba9e9ae01badc1fa954eb349550d592b1c9e4b,Zigzag,24634545,14225603,24634324,14226069,338,1027,40,75,0.11395834416492871
4c8a8538eeabed36af66c5163acf3d5a0265a4fbdcab5b2ef555d10eb729e7bb,Zigzag,24987799,14223521,24987791,14223421,552,459,104,50,0.03866698514383529
3612c0b1ef3c1671c24c6c5364984b1b082d85b91328c0530990997a7b261078,Zigzag,24803250,14242239,24803198,14241801,508,122,47,96,0.2465690691306089
d257a996cdefeb9ebdda0e3a4010c834e4ff6e9e5048b41c378cae5fc0c9febb,Zigzag,24747326,14297185,24746997,14297132,231,507,86,45,0.16193267784442741
ab6caa43c5aeb9604d252d6438a0e9fe658d068eb224450d8f5eaa723e60cb8d,Zigzag,24782744,14246395,24782463,14245982,278,148,37,72,0.038158571046982344
96053d3e79293f4dde868d327c3e7192f486a64f587c5f67dfbd710c19ea5c05,Zigzag,24966362,14252625,24966429,14252187,628,122,90,52,0.12276090716072442
bbe9e04c8b7a0ca8b03e3970eab283d734f6a14bee9e466330dbe774e370b7e9,Zigzag,24948652,14246395,24948851,14246899,759,1064,107,57,0.17550750900034745
d279a930e639fb664ff94cf768279a720b1b2224847ad1ec5eb6781520295ad3,Zigzag,24672760,14321986,24672716,14321792,515,366,39,79,0.0735632088226058
10caa33a3132f7152b674eede715a05c6f4c124a37db6e37bca26db9d959d09b,FCBK,24662508,14407377,24662516,14407533,568,716,37,82,0.13003504039503164
7d567c063024a5d894a36ecca932deaa4a42d75c711f1c8ad8ceab74939c2130,Zigzag,24714703,14279588,24715015,14279877,871,849,51,100,0.21610686718638739
32a302720e4f9d297c85da667763fdad29b67c8aaa99502dbebaf91a9550d34e,Zigzag,24819095,14317856,24819327,14317699,792,403,39,74,0.34519151693453226
51333d55835ddf8c1964d82f2d71e3f068c20dc47a3a40e5b9a32e5e6ee4d6e6,Zigzag,24986867,14227683,24986369,14227661,62,537,48,93,0.23038715307031263
f8bcea5240e31c08ee80a9d09d2c32c0566437e3b37db1c538690c251517a23a,FCBK,24689537,14286837,24689624,14287089,647,812,29,60,0.3308949358336871
8e61c9d01c4ed2fb7e822dd9b4b4f6fdc6c53f12adf9b539de04917ffe482e3b,Zigzag,24662508,14225603,24662253,14225103,305,60,47,81,0.34040258737283813
0b3e4bbf07ddbab8c8fb67932a9ab82636dd6f28400d2f7235bb58ac774fd8a8,Zigzag,24884340,14268188,24883873,14268103,94,475,53,98,0.35225591791061733
3bb9241370f36c9dbe828a15fc13fd664dd12846107ad23d6d490299a4e9a427,Zigzag,24811638,14376579,24811372,14376807,294,787,74,45,1.5662757440025414
b9beb342590308cdee8646733585a27a7154ca4d1b69d56c496ec3d522889bd2,Zigzag,24688605,14306491,24688276,14306262,231,331,34,69,0.20839010825653065
6d666ee1b28a531fc2afdc2dfd184e1e81b1b13f688c240700c2dc08c2a8263e,Zigzag,24779948,14226643,24780437,14226440,1049,357,82,31,1.5563396231335105
3bdb3e73172b5f0dd8f17cc774b814990cb6be20a3762a715061304e719f7d1e,Zigzag,24613108,14320953,24612888,14321014,340,621,38,70,0.23239938765570606
00310d52f27f4187d40577b651c5e33d22588422a8ea4208e9caaf57007f29b7,Zigzag,24629885,14139974,24629365,14140102,39,688,27,50,0.05545537372455907
ed0dbdf2ce8a323996f2448dff3258d7a71530872f895b5c221251695f806cfe,Zigzag,24873155,14263002,24873149,14263417,554,974,81,47,0.15994293032548834
50bc8895b85d699dd9afbf0f75888220ca772441c9141d3ea6c8742f2e0fa8d6,Zigzag,24965429,14314757,24965493,14314965,624,768,96,51,0.42552680319169484
a26780a564a61dabaf65beb69bc40de0bdca1b6fa4a80927aa308a059b21c2e7,FCBK,24708179,14216234,24707975,14216675,357,1001,73,41,0.3171526584242284
78517b8af0dd70ce6a7b0f1eac15f7fb0674499ec112ff5a47379407541aafed,FCBK,24707247,14191217,24706857,14190972,170,315,89,50,0.2684294604909562
98fab4c4a6403057ee61e51a4b840095981db1101c3662d748dd954366d41382,Zigzag,24724024,14222481,24724356,14222912,892,992,43,89,0.39414993857108566
e8e6a2a3b7966b6467dde5639bab7d170b577f230bb93f6cd43fd5807099ad8a,Zigzag,24638274,14257815,24638224,14258299,510,1044,40,77,0.2782936760105552
b100a17764add35461e86302c39c5edfc42679db13ada049d167509ba585e6fb,Zigzag,24811638,14371439,24811639,14371523,560,644,71,40,0.2562701160991701
d79efaed05b0315dc1a2b86630aaead0ec80701bebc9dceb94519d2ae2352a4e,Zigzag,24748258,14193304,24748719,14193749,1021,1005,49,98,0.19735541679308502
ed5ae1b879d6ef570cef69b73b8be3c0b4ebff17b5c966988d3299692f2a99e6,Zigzag,24765035,14188086,24764835,14188293,360,767,54,100,0.18442232423609
ff699ddda6f2cc23c430c92cb50c21da7d29b2b5c98978aa5602d0f8decc0bf1,Zigzag,24796725,14231844,24796796,14232064,631,780,102,51,0.9048625764713589
35ff73c3997505e0259b276dca9697074cad1489f096ea8662c13da67e2d687f,Zigzag,24956109,14324050,24955568,14324333,19,843,33,70,0.27260672852928636
a7520644375cca3a19c516313663400e9f2ee45181e5f8e601ce7bb28ebf3b29,Zigzag,24782744,14285801,24783022,14285851,838,610,38,73,0.29050746540187655
2d554e7b2858636d8a64c4e025b1585e8205cf14db7cfb5e6f1a71fe01410cb5,Zigzag,24950516,14301322,24950805,14300955,849,193,54,106,0.15703700545729157
2d554e7b2858636d8a64c4e025b1585e8205cf14db7cfb5e6f1a71fe01410cb5,Zigzag,24950516,14301322,24950779,14300845,823,83,80,34,0.03059882626933175
d4e97d1d3ca1dc3d4917f2af8ff3df3f8f9aefb7d0496e46acce7cc6d3d6eeb0,Zigzag,24884340,14311658,24884496,14311903,717,805,49,87,0.43671274556030015
ade16b8cf852d7a558e27e5f8783dda790778f516ada4125c65f7b98840dba98,Zigzag,24977546,14231844,24977902,14231777,915,494,46,94,0.17022742595461546
ade16b8cf852d7a558e27e5f8783dda790778f516ada4125c65f7b98840dba98,Zigzag,24977546,14231844,24977661,14232218,674,934,89,45,0.11272038205458379
ade16b8cf852d7a558e27e5f8783dda790778f516ada4125c65f7b98840dba98,Zigzag,24977546,14231844,24977683,14231467,696,183,90,43,0.0076997651532993705
ade16b8cf852d7a558e27e5f8783dda790778f516ada4125c65f7b98840dba98,Zigzag,24977546,14231844,24977696,14232055,710,771,97,44,0.04735860667428319
968f798f84bdff1c6ded37a48ce126b0ea0a071eb4fe28b1c2339d3e2d023e9d,Zigzag,24712839,14231844,24712535,14232101,255,817,46,96,1.5634192374173226
3afe35adf932572909e2d02f677639262240a8123b24a90a67f8193525c38936,Zigzag,24939332,14244317,24939756,14243834,985,78,37,77,0.055373127819956854
2ef85ef4ca3393edbc72132e774c9a9788178cd53b959fe863fb2b97e9e49b1e,FCBK,24707247,14387880,24707234,14387393,547,72,34,79,0.22448620395069913
f20ffd5c741c102f092ec91f90e16fd28bc96888735da0f19f7a9f63cf4a3aaf,Zigzag,24963565,14259890,24963185,14260074,180,744,45,91,0.18831137166544634
6db734f59f1fa93a86d8c9f3abeafd8108bb3dc0a6e006cf8ffca0c960421377,Zigzag,24844261,14228724,24844091,14228643,390,479,43,85,1.4737747051222199
e08f2722337c2518feae6d3059ec8ef5b597acad134785db0158a8bd4b9d4ba8,Zigzag,24772491,14268188,24772527,14267762,596,134,40,85,0.2671218816852409
6370bd4522d2eb21ece9e4c299152c753bf4348536bc091eb7673551a743904e,Zigzag,24929079,14277516,24929167,14278020,648,1064,86,45,1.375808193894783
bd6d957f723185a59b2220801f857f075f96ae4fa91212ebd9d57436dc112b15,Zigzag,24623361,14138926,24622985,14138885,184,519,43,78,0.28699572131995726
d2f45b9d550a4d533915c0ba69fb5e1b8e3512c19105199084d7c259df9fb2fa,FCBK,24742665,14353946,24742870,14354200,765,813,33,70,0.0034534289163507073
f973cbb435d086b311d98cdd539f91ab96f9e6e37e710a37ec43bf662349ace4,FCBK,24687673,14173464,24687450,14173655,337,751,33,75,0.2776916850908996
92481a64ea8c181452cee8155e08b9c05e100c021c732abb649567f73259198a,FCBK,24694198,14192260,24693932,14192793,294,1093,30,69,0.481554286336241
bd8bba6d10ee46dcf836f601c90fde50805da17dcb391a731ae31767a485a4e2,FCBK,24776220,14381717,24776417,14381802,757,644,36,76,0.1316393785699658
d549db05a2766dced1ad2103646b3f6c4de7d8ef59121b6a67e398389d72ea80,Zigzag,24977546,14232884,24977678,14232434,692,111,43,91,0.11631165478455563
d549db05a2766dced1ad2103646b3f6c4de7d8ef59121b6a67e398389d72ea80,Zigzag,24977546,14232884,24977639,14232693,653,369,92,41,0.04134605862142775
bd19a8f8d4af9e9c5f750e6429ac24139e0b9cc88c0715265f30a925067a4e6d,Zigzag,24714703,14211027,24714336,14211208,193,742,42,85,0.2732783611114475
bd19a8f8d4af9e9c5f750e6429ac24139e0b9cc88c0715265f30a925067a4e6d,Zigzag,24714703,14211027,24714453,14210801,309,334,47,84,0.04174604877240084
bd78db55273f9d6351f0a082c95efad91943755e513e9388dd6f8afe24d8ab0b,Zigzag,24805114,14266114,24804904,14265697,350,144,56,99,0.039458530715266484
523f4f9aa9517695d8fa73d7e992a7fba38f69d3a60bdc727fde7ee48ebad9f7,Zigzag,24963565,14242239,24963299,14241846,293,167,96,59,0.15367669537285683
523f4f9aa9517695d8fa73d7e992a7fba38f69d3a60bdc727fde7ee48ebad9f7,Zigzag,24963565,14242239,24963914,14242231,909,552,56,108,0.1483509224696732
5aae707e5b7513721fca37c2a13cddc0342f8d14dbbaaa0a94c66447e28f33e7,Zigzag,24905777,14307525,24906065,14307124,848,159,38,83,0.11139880500838877
b5cb3400bc54aa55f5a7962523756dbc5524b725da33ca01ea154bcfeb6c439a,Zigzag,24871291,14239121,24871396,14238626,665,65,96,52,0.07717513769578256
b5cb3400bc54aa55f5a7962523756dbc5524b725da33ca01ea154bcfeb6c439a,Zigzag,24871291,14239121,24871258,14238921,527,360,55,105,0.09244092634109159
b5cb3400bc54aa55f5a7962523756dbc5524b725da33ca01ea154bcfeb6c439a,Zigzag,24871291,14239121,24871319,14239063,588,502,58,122,1.568843297609487
5912d36d5f12ab54d2f882705bb7ca44f42015709071c65cdd4947b51add1bab,Zigzag,24743597,14214152,24744095,14214547,1058,956,45,97,0.06286998870636795
b8dbac8b42a0a408830bbe4c91415fd4a9bb9afb1937c5217686481b20e161d7,Zigzag,24978478,14230804,24978417,14231237,498,993,52,106,0.21828441749644753
b8dbac8b42a0a408830bbe4c91415fd4a9bb9afb1937c5217686481b20e161d7,Zigzag,24978478,14230804,24978412,14230934,493,690,50,90,0.14151375571359914
b8dbac8b42a0a408830bbe4c91415fd4a9bb9afb1937c5217686481b20e161d7,Zigzag,24978478,14230804,24978309,14230381,391,137,45,90,0.12522627860559485
8c128395684e31acd90bdf7b050fcb996e608d818d97443538dece115cbe5fc5,Zigzag,24777152,14289942,24777242,14290165,650,783,80,46,0.10720624876092588
ef813a1bc33777321ddc88b2279e9806d160ef94f1f5d20c91d177fb62dc2ff2,Zigzag,24975682,14227683,24975724,14228053,602,930,89,47,1.564511932412582
c327b73a1effad873691b0e7b87d2d6add2aed39172f871c472e63bf4d287e4d,Zigzag,24865698,14306491,24865693,14306104,554,173,40,86,1.524888622766056
c3c4c7de2dcda1432b995daa1f4dd7dd7185c69c084fde0914840bfac284ba44,Zigzag,24613108,14380690,24613351,14380356,803,226,43,93,0.043598285632929355
e94d3d0bbdf815173a693cdc49f838c9e1bd6e25af27af06f750212cb2e4cff7,Zigzag,24744529,14205817,24744892,14206252,922,995,44,82,0.21630492314770525
1b720df2844d0282747035969f5f892b39f5ba2eef424736406c451fefdde362,Zigzag,24725888,14298219,24726073,14298542,745,883,49,84,0.18025620818482455
87265013291bc4941d89d40ce73a2dd57b6268a64da3562b500e9d9f56221078,Zigzag,24688605,14176599,24688962,14176327,917,289,41,88,0.2962187142280924
4b58b90d1e2a3ade579c2d85044813e977fd5a803e105cd6665bc26110584277,FCBK,24735209,14297185,24734954,14297735,305,1110,34,27,0.07853970814882555
eb14b8de5d496506757bd99f9500ba3ef65c25261ac4b863b5f794fb2f426d36,Zigzag,24621497,14326114,24621865,14326557,929,1003,43,85,0.11523396503756303
5a311279079eda0d61af45757d2e9036268c3f8ba49b203d08e215096e55785f,Zigzag,24880611,14327146,24880225,14327347,174,761,46,88,0.356845509864719
a0f2b8967bc16ac24c4234c2b9ec9558d9580730be2875cfe9d652e0ccbd9393,Zigzag,24814435,14320953,24813925,14321170,50,776,76,40,1.4826945637192768
82e325b8722dff3349029fd45c4860d81b0353c9e487dcda6e56c1643dfbf536,Zigzag,24687673,14375551,24687373,14375860,260,869,47,112,0.15989066578909555
1029047ad57169b9ded8845adc3214e9b51452d21ed80bf11e836232910c22f4,Zigzag,24847989,14281659,24847849,14281167,420,67,102,48,0.04163573148543351
1029047ad57169b9ded8845adc3214e9b51452d21ed80bf11e836232910c22f4,Zigzag,24847989,14281659,24847627,14281135,198,35,91,37,0.08714957479499721
9707029a1e233c900dd85cbe53f2a6bfec1df32c9db5aac495352a8da046ce3d,Zigzag,24680217,14363210,24680134,14363221,478,571,45,93,0.04204010336863762
f97c5ada6c730883b7ec6b06ee8682f6ee5a89a058b7463a97d2c96285bf4af0,Zigzag,24756646,14198519,24756647,14198573,561,614,38,74,0.14594172707904665
47d52ab95f4a7718249b7bb150cd0e1369dc124d2a2b1664ae333091a25d2a48,Zigzag,24823755,14258853,24823424,14258462,229,170,32,69,1.5680872261760135
c40f0b4b6a682a007b745b9be2de192a6036176ecafabc80f842510afd6bb1a2,Zigzag,24787405,14285801,24787216,14286262,371,1020,79,40,0.23265646592468275
0a757f2a7e279d73c34c69b1609d09606f7966a6c22c01e1e2b70dea76b2f9e7,Zigzag,24708179,14209985,24707999,14210134,380,709,75,33,1.3977082996448862
7dd3952c39b806fb02bc62d327024c0074b12bb3bda015176d6812eef9358e78,Zigzag,24724956,14386853,24724491,14387212,95,919,39,85,0.17064805560403667
08d40c1a68878ae0fa99d2f48d639c8e56096b1adcf2dcc2d71b9c47ad1437b0,Zigzag,24877815,14252625,24878265,14253070,1010,1005,48,93,0.0010815979488960038
e16806e1170444b3085915a531553d03aeb1bc9971e4ec32ffbc2785f1d22aa7,Zigzag,24669032,14279588,24668535,14279612,63,584,36,77,0.12276977049372735
fea0554b35d968bba94e262345f8d4df6fc71bac11355d7b6a9533533585d9ec,Zigzag,24847057,14217276,24847073,14216794,576,78,42,91,0.13178862378192954
fea0554b35d968bba94e262345f8d4df6fc71bac11355d7b6a9533533585d9ec,Zigzag,24847057,14217276,24847564,14217343,1067,628,95,51,0.0579066845111117
c0050d7aff631ab2f70c2fac311b581d8145ad840f48cd11bda4cb6f660f1093,FCBK,24708179,14371439,24708429,14371375,810,496,81,41,0.11362504123212688
43c2bbf9a8a0a3fa2a17c2a992641b77d03993c8cbbc05a79f7a513d2a4da6fd,Zigzag,24819095,14377607,24819631,14377659,1096,612,57,35,0.1884523361108956
b34b91b91cbfb9ab5887b38ced1d71b5fd776f4942c09a23d31a50c37648ce41,Zigzag,24736141,14261965,24735864,14261919,283,514,39,81,0.04755101174066301
ec936733306b311f0e18ae01349566ed5dba2bb2bd23d8d3e3e16035c42d5ef4,Zigzag,24707247,14181822,24707273,14181471,587,209,40,73,0.322064992212934
64d5b1c41e0eaa44e9c10afb165ae7f65905d87d6a2bc236ae8b66083c83ee4e,FCBK,24653187,14152544,24653123,14152483,496,499,40,77,0.28290054522222874
19cef8f6d783353cec886921e5b86f79351a0f5cfe6e7dc61dade69d281c3949,Zigzag,24632681,14152544,24632699,14152873,577,888,37,80,0.31343225567090127
19cef8f6d783353cec886921e5b86f79351a0f5cfe6e7dc61dade69d281c3949,Zigzag,24632681,14152544,24632198,14152664,77,680,38,75,0.031061421511867714
bfdcc28b9d837698e1787cc7aa445a83abe7e42e022b7ba319a733178923ab7a,Zigzag,24580486,14331273,24579948,14331372,22,659,36,72,0.2751974516377155
6e0e5eeb55fd1322556b6774b885c47ad1f0a5216b8035e9e416e865a3845caf,Zigzag,24650391,14254701,24650278,14254998,448,857,79,44,0.21606061140720412
6e0e5eeb55fd1322556b6774b885c47ad1f0a5216b8035e9e416e865a3845caf,Zigzag,24650391,14254701,24650685,14255187,854,1046,83,43,0.061978308277949784
c17a04138a402559745403f405903a88ef1b46bda86ace15590772a5e8cbfb7d,Zigzag,24921622,14254701,24921574,14254324,512,183,82,45,1.0694705660783392
c17a04138a402559745403f405903a88ef1b46bda86ace15590772a5e8cbfb7d,Zigzag,24921622,14254701,24921258,14254853,196,712,48,86,0.17301961719950903
c17a04138a402559745403f405903a88ef1b46bda86ace15590772a5e8cbfb7d,Zigzag,24921622,14254701,24922010,14254589,948,448,48,103,1.488872165341879
56d2e30a19b926bb1dd0469e026a0e643841e261b9ad68ed56a34ecffbd98375,Zigzag,24743597,14196433,24744014,14196188,977,315,46,82,0.2283809438868855
663ceb3274d119f2d66716a2135b92e4416ec1001a9000f2e98dccf5325efe4d,Zigzag,24745462,14270261,24745765,14269716,864,14,95,51,0.4989397348274145
8c9a0fae8d58539ff53bb065288e37d8151e233c6cb127c21e0455d49de2d2b7,FCBK,24738005,14376579,24737465,14377127,20,1108,42,57,0.7523173084428655
9c8146f73ff6a0f18192f6b8036f30ebbafd981597ef97846cd7266e1d495e6c,FCBK,24811638,14377607,24812005,14377610,926,563,85,35,0.2376847970236182
8e5f472280edd5501eb8bec51ce13eb0842faccf9943335181e967980bd1f2b0,Zigzag,24792997,14292012,24792899,14292492,462,1040,43,78,0.24486010201434824
7b6c66f14c50c2c3dab23a56f8775fa7650bebecc646d5b6e1169d561c688523,Zigzag,24740801,14265077,24740545,14265466,304,949,48,87,0.3227326134087033
dac0ab93d9afc4d15237d21e0c163e7048e15252c59fc4b2fa51a5eefb8bbf28,FCBK,24745462,14356006,24745512,14356461,611,1016,36,75,0.010968882256196251
0f0f0590faa404cb8b6401bccd85a43746beffc7a5b6520296df5ee7037895f4,Zigzag,24607516,14396093,24607710,14396085,755,552,91,45,0.29915581472579994
813f13533a970142366a5e248b29dab527747849a6137c36a7663cfe3640e384,Zigzag,24781812,14284766,24781441,14284883,189,676,92,45,1.5590682979864054
c68dc72c955d70fd7658e31c89482741ccd6578dd4d6d0d28f3f56931dd03ea7,Zigzag,24648527,14225603,24648895,14226110,929,1068,43,86,0.286697214251273
e1397afc2123139dae71d737b663f93294280cb26aa0e86510c0999b3d47a9ca,Zigzag,24678353,14216234,24678540,14215812,748,138,82,43,0.2986168907897087
3ff7729e35d6e06833b82fd217533584ca1ac63f9b5a13a5279fbc855355b6ad,Zigzag,24752918,14254701,24753007,14254853,649,711,42,82,0.22206535723030343
58ac671b0b57c46e9fcc195bea53301b845b67bc432f125949d137b8162903eb,FCBK,24775288,14273371,24775075,14272872,347,61,33,69,0.28489082537338584
9ee925a56a1354fe9a0fd0a5fde1969962b98036de34ab7febdc5d006d38b9b8,FCBK,24760375,14207901,24760393,14208393,579,1052,40,88,0.25684377764273
f929625996f2546242e52d911ef290864d7df01b74039e792c91029993af437c,Zigzag,24772491,14278552,24772742,14278834,810,842,87,38,0.4027138989779671
326098fb4965c64999baa7b88eb25f30fd3ab564d2a463c66bbcbb86f0aa9552,Zigzag,24762239,14198519,24762585,14198326,907,367,36,81,0.010730022713848665
98c8953dd2edc57038abb506fe08bb6f776af0be4dd7d652b7bf3da03ff223bd,FCBK,24845193,14412503,24845264,14412902,631,959,37,84,0.3167881382500238
daadcd82030ac5ae24a95810714ebd872e27555cc59cf61bba074ffa8fa50fe1,Zigzag,24752918,14341584,24752601,14341682,243,658,79,38,0.096367973750252
641b69852cbcd12d9facdeb83315f2fc549b6432bbcdcdcc623b5c9b8c1d0941,FCBK,24696062,14215193,24695961,14215326,459,693,36,80,0.1253540437588914
b04e478e5110cf59280d0d1c50dc8486c6d1682dd37b470056ce066a8970ccf4,Zigzag,24810706,14243278,24810382,14243370,235,652,42,100,0.02286015451713065
63a55e287bcdffe390f45910e26e3636ebf9b413c9fbde3d8755f47e2de77a34,Zigzag,24800454,14271298,24800776,14271768,882,1030,45,91,0.007146243245334563
990c16b8579b11a92d6be07e51147717d947767634249ffb54e39beea261aa05,Zigzag,24797657,14223521,24797910,14223425,813,464,47,102,0.09322541869682327
0daa28114e966d8d6b7792f554c8c948c314e86f96665b3d416dcd469ef7f7e2,Zigzag,24962633,14228724,24962754,14228592,680,428,56,110,1.4690714294790854
c40595c9f35136e9a4c62022d4a68de461c81124debcb1114cfe8b91ffce7365,Zigzag,24859174,14275444,24858917,14275968,303,1085,93,44,0.004845020311559304
5e8d7f73f75f16f8d7329ab4993d3d1d72f60494352aebda201d8702a2d4a862,Zigzag,24665304,14208943,24665239,14208673,495,290,40,69,0.09848850744584918
1957336093396486b2a02a96825ebe834e92f6655ff97361c879b5e1e309f782,Zigzag,24763171,14396093,24762634,14395872,23,338,40,71,0.35728612986707264
832bc0953e17b93fab294d306c28e05ca96ed8d0922efacb2c95002d758696f5,Zigzag,24970090,14258853,24969630,14258767,100,475,40,90,0.3701906766661333
6dda008d6e6c77974367c7884fed47789b6cf462bb8ffdbd4f6c9fcf5859bbd3,Zigzag,24791133,14263002,24790884,14262716,312,273,38,79,0.07559868781088858
6aca5af693e26d7421bdc45b63f0d37bd571a4bf448d613dbaf6707e43b1bced,Zigzag,24852649,14300288,24853023,14300354,934,627,99,46,0.05679126942280245
1999b979cfe4417fb46a99cb0adf8108703c5e75b5f3ec081fa1322961b3e781,Zigzag,24741733,14205817,24741952,14205972,779,716,41,75,0.3117029985960856
30f0883bef0a05f53abd943a00eafd9d5e9ebb63a29b3de41ca67b5f478078cd,Zigzag,24738005,14274407,24737750,14274329,305,481,36,76,0.023734108279542986
588e90ffa17faea6ce7795ac3b7f525177398f1660cde884067f854b0db2530b,FCBK,24681149,14184954,24680759,14184831,170,437,42,85,0.442474194973064
fe642f246a5b1f9d4c17ba49bfdebc12f8152d91fae5ad919ba7d2b25e96c4c5,Zigzag,24801386,14252625,24801623,14252157,797,92,81,47,0.5917955400544485
a2614d20258c64e43e7195f194c8d3e56d7784dbb614efc95b94204c5470fdb6,Zigzag,24833076,14310625,24833579,14310643,1063,578,91,46,0.08439183819670654
84581ad6f4fb3714106e87ba60383a66ccec535fe3cb9966e0eb0dc4b01bbb4f,Zigzag,24659711,14153591,24659392,14153231,240,200,41,83,0.26263631946122046
824b055c47ef97faf665220583c678a607179687d5461797665c4b061942f85d,Zigzag,24683013,14170328,24683322,14170038,869,270,43,94,0.1049029389907652
e89829cc8f36cc515fe30cb248e9469bf7911b413e8303f57f6789fed82129b1,Zigzag,24676489,14170328,24676570,14170751,641,982,41,82,0.10022235847354526
395ef8e79ac8d74eab7c0d24cce09d9c3f541995f11601cf15638c181a38394b,Zigzag,24710975,14236003,24711312,14235808,897,365,91,49,0.1766219087584911
99c5d2345924e7b1906a809bd9fc0cfb70eedf2a44b5c5373be53c5b10b1fcea,Zigzag,24662508,14149403,24662793,14149486,845,643,50,94,0.23371195988846524
2e5356362d2be75f60068f588fdde6fe6a61582476f8aff53271a13be0f9b50d,Zigzag,24725888,14259890,24725622,14260213,294,883,131,69,0.30684882158768456
64493f8e1638c45b2fe025af2f26dc214ac99ab002d413e5a78f303b46ea29f0,Zigzag,24560912,14340553,24561230,14341047,877,1054,86,44,1.5355379381750105
0fef1cd0ab01d783621b6c94a996e3666e5264d8e954d2c16fc32f9dbf5da790,Zigzag,24619632,14226643,24619523,14226899,451,816,93,45,0.31928039097714717
9f1d003d53d75ffe314948ab65c3356bedc95d7e7212a1d3cf898b73eccbb7dc,Zigzag,24829348,14251587,24828926,14251818,138,791,38,84,0.0592352939670602
a58f535ef54ef8f3e5761fb9d3052fdfc25e47a3007cd8798003e69946445ee8,Zigzag,24818163,14281659,24818167,14282070,564,970,41,88,0.08129534750775778
e768ff5d28350b02ee3db2548efe168125bbe58003e1c80d2e445b329f37c23b,Zigzag,24804182,14360123,24803984,14360497,363,934,46,99,0.07889351742202098
788d0cf259619f90673116f1320bc61a214e3816324a4053aeb694f73f296ea6,FCBK,24710043,14402249,24710128,14401854,645,165,62,32,1.5616279952681351
9e7d2abb436b964ffa8c9883e168819d020a8a1c44fef646013aa7dd9fedd93d,Zigzag,24738937,14376579,24738787,14376739,410,720,64,35,0.11067055528592819
d06582e4feff77bb3bdbee090d1183fb2c6bb6eeb5b2bc38863a5130efe6da57,Zigzag,24826551,14273371,24826351,14273097,359,286,46,88,0.15401509992362186
dc3358f3cd33de633fc6148fbbd4986356981731d838e77e02839fe6dc5d5388,FCBK,24668100,14428891,24668551,14429100,1011,768,31,59,0.17055720852135134
9438b117aa89a9d07e801df67056dda8fbb65080c529a62f63400a13a52b8e60,FCBK,24780880,14383772,24780333,14383612,13,400,36,78,0.3240418899796135
a1ceb757d4702586c03e32635686f0040d9b5e5fd917561ecfb29dad8854f49a,Zigzag,24707247,14279588,24707382,14279314,695,287,43,88,0.09165387901518912
00a98dd92818e50df5d71f58463e31ab5b3d6110e7f0e43fc3407016a9209ca7,Zigzag,24666236,14222481,24665962,14222162,287,241,42,82,0.12664223974529795
07aec69383046bf9815f43a94bc9d1fe8bd106bdb8dec654ddf94eb6a5643fbc,Zigzag,24641070,14156731,24641082,14156517,572,346,72,73,0.970741924725949
7bbf90957d082cde0c42b4e5ba357bc39857622cdc7fbef67078ede9dae9636c,Zigzag,24725888,14188086,24725741,14187883,413,357,44,88,0.15101013875238775
69af30113a3493185dd45462a0fcd2fc8fb3527e67463f247781821c331276a0,Zigzag,24957041,14253663,24957092,14253418,611,314,42,84,0.03386419258031055
bb618aeef25d43f53fe27980eff90ac8a20b1c184588aad47a7850ed407924ac,Zigzag,24696994,14350857,24696510,14350970,76,673,46,88,0.29316366898360796
0df98889ac4ed688809ad11ff58964d59e604339089dc1917d096e195d1044c4,Zigzag,24723092,14296151,24722608,14296158,76,567,42,77,1.473574968040464
a788dae26b5ffe21042db22c016ed24cb51a300f32cbf8bbd9df0374187b1ba3,Zigzag,24916030,14229764,24915879,14229682,409,478,84,46,1.3820644919275973
c9e5a5a399f7c46bdb2f055edcde6a82700569d9170f2b949ca130482e5d254e,Zigzag,24792997,14229764,24792700,14229357,263,153,74,36,0.12517169212562662
f317f83c464fe14639251b8c9141f66a3f0fc9ea70721ecaf9e16e6a779f422c,Zigzag,24635478,14230804,24635379,14231243,461,999,83,41,0.037373953855574564
e4fc64824ec0678bac1b4e5d47596cfb08ccd5d016aea6ad81e5b7a7ccd34ffd,Zigzag,24850785,14301322,24850410,14300991,184,229,48,93,0.14406940831942325
683661f49ff37224fef165120002f3a91655b9973155098de1788704bc4e30eb,FCBK,24684877,14354976,24685068,14355329,751,913,67,38,1.5509041113486586
a7b73b6b22d008024961d0824d650e127a16aa215ab5b6819fa4028738c4625a,Zigzag,24807910,14245356,24807794,14245179,444,383,90,50,1.5600279680852156
9ff7ba2126eb395a452f40923ed9c1feb28bbb6683c8de4e0b60d23ed599c16b,FCBK,24721228,14293047,24720918,14293008,250,521,34,78,0.24446122706208162
5933774f25082ff24b8c54f40ca1d8e1f7d4bc4c5f46d509617cefd5bf6b0900,Zigzag,24752918,14199562,24753061,14199224,703,223,85,43,0.3001551992143658
e5552f3c56c299fe6f8d174bb5183da7fe729a02fba348ce65012bf931b629e4,Zigzag,24750122,14195390,24749785,14195484,223,654,77,44,1.5667158313726772
9603d9d3a9b84202cac500701ef5f199ba52aa7b23b49f147422a579cbcf17b8,Zigzag,24812570,14269225,24812478,14269679,468,1014,47,104,1.5105818550740415
e895f833d6f31586dc0b4d785f20a5264a331930227f2bf6bb46d23ddad368e2,Zigzag,24820027,14244317,24819932,14244626,465,869,51,86,0.144958521294103
ce2cbfa7bc6eb9122a755db223076ecf82756c32229febabda595eed59c502ea,Zigzag,24744529,14281659,24744013,14281481,43,382,34,61,0.14259286858729925
54338e11b35e68ca72de23fbb3aa9042b5a1e27d0ce47db788a4e8853b0c5f84,Zigzag,24768763,14211027,24768864,14211540,661,1073,46,91,0.19054245151341706
a778baf48bb14a7609d28fee3ab5ada27bc3749eaea2c1e24ec5b44088734809,FCBK,24698858,14189130,24699040,14188976,742,406,35,81,0.20241156128065493
47ffdd5c98984ab88a3e9a6ecabfe1ebf3959b45b4e7959779eb4767475f9f26,Zigzag,24963565,14305457,24963230,14305549,225,652,91,46,0.011918005820970672
3ca524f086a742de40ac092417e034dffe2a4ac436b4ce4f4dc90a1e96ca4eac,Zigzag,24873155,14239121,24872983,14238825,389,263,48,100,0.11955424482643046
ca3822ced74af98bf632b678ffd613cee3c967d280d74fbc87bd3aa6b09bbbc1,Zigzag,24945856,14318888,24945777,14318554,481,226,99,45,0.27786680457732915
8adf3ba9137e8abd592d8e9b24c23754d993955b5c9c253975f3fa8f47a38c66,Zigzag,24662508,14148356,24662164,14147836,217,40,39,69,0.2580218435956833
f0d61f5fe650ba2eb569bff5de2ba63a73891c4c1f714a44cd7b7b09bd85db42,Zigzag,24971022,14294081,24970895,14293752,433,230,102,47,0.056001754511702445
344a5d232417717bfe54640e6ecc59b72b0d2fd1c0b7485aafb0fe1735aaeb78,Zigzag,24661575,14184954,24661712,14184822,696,428,87,38,0.6267791570288656
344a5d232417717bfe54640e6ecc59b72b0d2fd1c0b7485aafb0fe1735aaeb78,Zigzag,24661575,14184954,24661228,14184999,212,605,47,81,0.5048605744314196
1c37f78348fe45b189422ee9e9d04e1cbab3decbef0eed68b8d2f836ea20e43d,Zigzag,24707247,14336430,24706874,14336293,188,424,79,39,1.417765098446491
9926373e816815e7a1bf8c1d373b2be245117e16675df7710bf3e0ea0e8fdc82,FCBK,24652255,14158824,24652533,14159306,839,1042,37,81,0.16623295063560561
3027e4a93446c6c2a3431f474f2d42836ca77f68fd68d3c5b1caad8bfa3d573d,Zigzag,24609380,14391987,24609088,14391558,268,131,68,37,0.34813850441778665
aea684d3dcedbe827f53e4ecf16199c0568d4f86c30f1246cf0079190c866729,Zigzag,24750122,14340553,24749620,14340543,59,549,34,79,1.565984926811505
fc2eec209257020cd5721c6dcff6a793656aa612ac71977508e218e0b6e5f60a,Zigzag,24748258,14220399,24748004,14220622,306,783,102,39,1.5659917178722846
b5c6767f9a02c76753ac2727e76cfd09571e68618f25f905006bb2f4f8abd56a,Zigzag,24820027,14381717,24819957,14381511,490,354,71,31,1.5677062609820775
2afe239f1cc82f2b6422cfbbced3e68e71df3d1da2db9c0f8b9ae4d1264dbc30,Zigzag,24948652,14332304,24948595,14332810,503,1065,52,109,0.11390458992280116
ef592ff311045bc25eb3511f9dd3b840eaaa715fa6ff358342e58b6f10cc9ce3,Zigzag,24696062,14412503,24696364,14412757,862,814,77,34,1.5079804793212521
35bf15c3c91b0e02ce42db6b140bb62c21c25b59bd0a8a71d354e5867481c8a5,Zigzag,24757578,14370411,24757398,14370073,380,222,36,81,0.2914580141739531
c146f9605b6721280cf061467cd84171a6fbb93aaaa607c93bf05a9ff710f733,Zigzag,24827483,14250549,24827380,14250927,456,938,41,97,0.14324807279448598
d6844d81651dac4c78193193fbd033f0b7862ae71f2b25b017e1be10c8c4842d,FCBK,24682081,14415577,24681564,14415488,43,471,95,39,0.5744105576164656
6ffc28423934a03f0863ef5de152b7e48ffd902fcde8120bc9f37e8ea3587006,Zigzag,24785540,14240161,24785744,14239846,764,245,78,41,0.1522306821247279
8fdaaf258dcbc679954decfaf0b5580c551e01805eb4e831044df60152fed761,Zigzag,24725888,14352917,24726386,14352506,1058,150,47,87,1.3106516941390678
cc9dcbd40ff04930893220cf5ae9e2416a1469276d3f7ddda1b2ee013b29d84a,Zigzag,24622429,14317856,24621966,14317550,97,254,71,35,1.521977388220436
eed866a47ff6bc597a228447826559fa67cb41d06d25721bcc3e5e08dc99162b,Zigzag,24682081,14191217,24682292,14191459,771,802,42,93,0.38194863274737406
755a327dbf0e49e035537a5f727c30987ed47f56303cff072ce0098deb1cf148,Zigzag,24736141,14267151,24735885,14266718,304,127,73,35,1.4398083491051856
a7b0d5a89d8a2f22aa6c8bcaa8a4d083f3a9ebac20905e4014d19f8eef63dc64,Zigzag,24664372,14268188,24664725,14268443,913,815,73,37,0.10959244109763688
64d04dcfa67031e6aba0c2b72a76eb7342cba881b364c41ba30c462e181bfd36,Zigzag,24974750,14307525,24974463,14307388,273,423,31,69,0.16461999047664233
81e8d9340b5e933f74e145492a7807b5733b30fbdee5b340ef970c132930ef72,Zigzag,24725888,14241200,24725647,14241107,319,467,34,75,0.16299386431503993
1d0ddc5d3e4935f0972cb0f661b6bfb00b0afa2d154f5313e9649a8b127006ca,Zigzag,24682081,14246395,24682220,14246259,699,424,78,42,1.450857937625979
21264a1772274e1fbaf286dd0e1b569757b01ac7d15cd620b3a1c0950ceae9d6,FCBK,24749190,14370411,24748874,14370442,244,592,83,38,1.568782044904415
f229cbfdcaaca9f21d23a5cd8e01aa9ae339428b519a537f9440694f27044621,Zigzag,24681149,14225603,24681327,14225775,738,732,45,84,0.2318686362952101
1dfa7c6f6bfdbc7cf107c0a3fb063a859c48906a6a19f0e79977be19f6a603a3,Zigzag,24790201,14247433,24790061,14247575,421,701,44,85,0.267332820688332
1dfa7c6f6bfdbc7cf107c0a3fb063a859c48906a6a19f0e79977be19f6a603a3,Zigzag,24790201,14247433,24790105,14247021,464,148,34,74,1.5652986301985916
6f63c3c0e24cae196c9c2e99eebcf7de6ef541b543df48cbb274bec3c01145f2,Zigzag,24684877,14371439,24684787,14371871,470,992,92,45,1.5609599413086888
5c6be55fa4af520bf32caa15293f8872a3fa905d26f5fe424378a400c7ff21a5,Zigzag,24907641,14226643,24907725,14226406,644,323,60,106,0.05733972664335825
5c6be55fa4af520bf32caa15293f8872a3fa905d26f5fe424378a400c7ff21a5,Zigzag,24907641,14226643,24907877,14226374,796,291,57,111,0.048441198302157214
dea7d62f3a282c78780c2cd28aa243240a46beef17f25fb34122f8799404b1e1,Zigzag,24808842,14314757,24809010,14314352,728,154,92,49,0.31797401059392244
5bb6609ad3aa70a7a9d56f35bf7298d3b40980de69919803e8aca52063e77794,Zigzag,24806978,14294081,24806534,14293767,116,246,37,68,0.4615241191455371
20642121af1e4cdf5c361b511502f90d4b2bb620df96c12bd1508f5216ae76b5,Zigzag,24711907,14216234,24711799,14216275,452,601,90,41,1.5698857920181986
de7799944b0b2a31f789dab1ae3be6bcd197f2393e32ef97e0369e5237192dbf,Zigzag,24663440,14252625,24663875,14252863,996,798,33,74,0.21857869679690126
8cd615cda524e27220561df9ce5124f112c64a502a4e42b6cbe16e3ae0cd77a2,Zigzag,24959837,14320953,24960058,14320833,781,440,40,88,0.030499076322346066
d2653d9aa6d5280091182dfd60681052fbe64fa44deb0e6ab1293706f534630e,Zigzag,24698858,14377607,24698420,14377212,122,165,40,89,1.5387852636501986
c0a8c083c517df0b679eb8ff0813d4f063bcbac84bf5886c9119e8d50b36d245,Zigzag,24978478,14231844,24978844,14231425,926,141,44,97,0.07312034177808242
eb79c17173cbd0e1ded7169fbdb61404d067956f9bea708f7f63e1d73c1774d6,Zigzag,24721228,14292012,24720783,14291567,115,115,38,75,0.2593269589773903
fffc15009eeef8fa2d9fc12d07e26524702cc42774fefaef9e2bfca3784cee00,Zigzag,24681149,14253663,24681315,14253146,726,42,34,77,0.34510726117554485
2c0487760117dbcee30faa96c95055308557f2b82776dea6abfc4c83eb9094fe,Zigzag,24966362,14243278,24966749,14243752,948,1034,105,55,0.33015530941994486
16de0b26fe2ce8f1bca0e5d3b6d73b699e00a01e6efa2c85d1467c8b8e6451e7,Zigzag,24816299,14292012,24816762,14291689,1023,237,38,92,0.22097945329582366
c93059e0f9f8a291e0c205edef563f72aa1c8f0d3926d9eda6fb5d7cb3a09b37,Zigzag,24646662,14152544,24646294,14152048,192,64,41,83,0.2185536464378977
841e1c92bd5c040e6dd260bde90bf616d7b4b2f6406e330429513acf41d3454f,Zigzag,24934671,14290977,24934976,14291377,865,960,90,42,0.10051973369876624
a605df49299284a0e6c4ac3b9d4df4e34e02d899ec4a6ab054972d6f23a7acce,Zigzag,24790201,14216234,24789880,14216704,239,1029,85,45,0.06472453502690427
16adc67107c961fa6151a70420715268aacc58e0d938d872954e141bda66d1bb,Zigzag,24653187,14375551,24653160,14375107,533,115,42,87,0.7333763075589768
754debaf09cdcd365aa2ce9ec31491a0db707b9aaea5fd52c0119eaf2d5d0e58,Zigzag,24813502,14295116,24813877,14294848,934,292,107,47,0.38732622077851653
79a0800d6d3ced049c1664aeba7b2576e20350b8cb41b6630427306544b4803a,FCBK,24749190,14352917,24749203,14353161,573,804,89,47,0.050111145947259
ffae839aa47318ebfb9fc56bd5233a6d75500d2a2aa4a70f8d7a774a7c04fa24,Zigzag,24829348,14245356,24828997,14245023,209,227,38,85,0.034590099553249695
45158b5c77ba875b45dfdb53fa188687844bcaf33c0e317b60ac0f352f7db600,FCBK,24651323,14229764,24651877,14229927,1114,723,32,72,0.2797531881564595
01189ced402780a24a8adb41a09cfe7b5ff46bc808cd9f63b3bf06adc0aee03a,FCBK,24683013,14413528,24682809,14413361,356,393,78,37,0.5477421285136029
3850a597049a5cad9b092abc510830b793df5ba89e380d3155bbd678fd48c303,Zigzag,24809774,14253663,24809799,14253666,585,563,38,80,0.1399281428900796
c41250d410355d04ad05160a5f99ae106e343409facfb11ce0cd5f68a4762328,Zigzag,24787405,14250549,24787115,14250069,270,80,41,83,0.07737847004501013
17fa903842343884612678e79be52797c7b371f0dcd7a48f366b931cc7ca59b9,Zigzag,24679285,14188086,24679247,14188225,523,699,43,96,0.3633930245627333
956a3c4b1f227d491bc8b7cc90e1c2bdc634ab5ea41ede22669d5786eb3642ad,Zigzag,24783676,14261965,24784083,14262001,967,596,106,51,0.057778757071436225
a9b83179ee8ecc1fd67b7374d1ad3e24688742c651348a1fdaf56dc1a16f694b,Zigzag,24647594,14265077,24647764,14265424,729,907,35,70,0.2490034147487799
532f015b212dd5aa0a0008eb5312e0ec54578cc9c1927d59da81ad81a8dbc7a1,Zigzag,24655051,14387880,24655276,14387768,785,447,32,70,0.07490341135167454
d5f269557df7d38c1da815507eaa79e0c0882973ac5ec3adb5157b8cd5f72986,Zigzag,24677421,14224562,24677648,14225001,788,999,82,41,1.5440226362499483
c0a016d38268315c03b40ff70a899b639f34d9ab09b7fb215079c069dfb17d4e,Zigzag,24587942,14373495,24588324,14373165,942,230,39,83,0.2256014525914402
8295f0002d2cc2cc9cde64fcab6b9223ab778c50f00106e367912ffa6a0ce2db,FCBK,24741733,14365268,24742012,14364979,839,271,77,39,1.47319347021431
7b97aabb87e74ecb765b0a7f20cf84770c7dfad78e2d3f87622fc1b67d1ef3e5,FCBK,24706315,14192260,24706854,14192002,1100,301,44,85,0.33530589625767176
e648ff6fbb659a31d6a7f77c81b26b9a400575c2680122b16d1d1f4e270ef6b7,Zigzag,24761307,14384799,24760940,14385314,193,1074,78,41,0.0957477984337782
5dd77671c3f27d9cebd7e95546cd199caee4e4b17a6cd7fcd3c8b0ef76559736,Zigzag,24613108,14206859,24612831,14207120,283,821,53,94,0.06461712641119002
fd4c9a1660848bb259b096fcb8f071910cf6950e880ab77fea653c7dabaf929c,FCBK,24664372,14422748,24664251,14423072,439,883,32,78,0.38311662862245555
51e44e8e80d7d5db469de3cef46755a20d9f951866f5116ba43e56cd6e04c46f,Zigzag,24971022,14247433,24971130,14247147,668,274,51,94,0.12831244122294114
b62e197048969ebc3b1f72b59eee0e147d5ab1d58031d4cb84ba16ebebd0d44f,Zigzag,24799521,14290977,24799276,14290581,315,164,93,47,1.5597050598030437
b62e197048969ebc3b1f72b59eee0e147d5ab1d58031d4cb84ba16ebebd0d44f,Zigzag,24799521,14290977,24799151,14290837,190,420,95,45,0.00018813892093170488
87b00c9cce4cf6aa864d9f056d428c9f899e9fcc36f1a306434fee1cc70395f0,Zigzag,24725888,14211027,24726229,14210997,901,530,50,96,0.3471729753645785
87b00c9cce4cf6aa864d9f056d428c9f899e9fcc36f1a306434fee1cc70395f0,Zigzag,24725888,14211027,24725947,14210717,619,250,55,95,0.34047921983320517
a2dbebf4be730d37419c04e069630f4d6f09ce8fae6465770fe73228c808ab8e,Zigzag,24626157,14307525,24626111,14307607,514,643,39,84,1.5578918465748632
ae2c120795e80da24b0b37715d11762d63b6bf609a419bb1bfde8b954baf4c83,Zigzag,24575825,14338492,24576120,14338204,855,273,97,48,0.17869972368572773
4b2e9f62e3b53015621cb277e06c96cccc948b8791db3a8b51e7afdb090d4505,Zigzag,24782744,14227683,24783037,14227550,853,427,36,75,0.28160598261634123
4b2e9f62e3b53015621cb277e06c96cccc948b8791db3a8b51e7afdb090d4505,Zigzag,24782744,14227683,24782857,14227364,673,240,76,43,1.5557200387059034
c23f3a24a9eff063ef92bd8ce3b659fb089510eaa1ac6aed34d925d00f8522f3,Zigzag,24936535,14294081,24936922,14294070,946,548,95,50,0.21886109174099055
c23f3a24a9eff063ef92bd8ce3b659fb089510eaa1ac6aed34d925d00f8522f3,Zigzag,24936535,14294081,24936957,14294527,981,1005,94,47,0.11363582703454171
c23f3a24a9eff063ef92bd8ce3b659fb089510eaa1ac6aed34d925d00f8522f3,Zigzag,24936535,14294081,24936928,14294331,953,810,108,52,0.14526351981794433
c23f3a24a9eff063ef92bd8ce3b659fb089510eaa1ac6aed34d925d00f8522f3,Zigzag,24936535,14294081,24936941,14293845,965,323,99,45,0.18094749822478187
1dd6c01ddc2de1a2192136e29001d995401c9bea3f98dafc95d3c8b9d2d30e9e,Zigzag,24687673,14381717,24687499,14381787,385,630,95,49,0.24091363017398706
651116481c68ead7a4c1252969f5132c146b2cf624641e58d1951ce216e0aeb3,Zigzag,24723092,14308558,24722932,14308692,400,694,68,42,0.5713772171348654
860bf271f6e47f55b1b42b85a5aa8f4358133f3562e27f354531f5996822b3c6,Zigzag,24919758,14298219,24919253,14297845,55,186,47,99,0.19862745904300455
5e505a197269fe17a9ae2a8923cf9b9ee00a86325efb67d5a7fc79f809098a7f,Zigzag,24946788,14284766,24947044,14284377,816,171,82,41,1.568709340606656
d2c3262abfef20f675ea3e1bb4195e41b22566b117ea56e156cd5d114c4a769c,Zigzag,24953313,14254701,24953294,14254917,542,775,46,93,0.308569556547012
9b79ce8e74858d8ea33a503cb91a552429a1abbfd8b869daf86fe4b6bb438c9e,FCBK,24612176,14146261,24611913,14145898,297,197,33,71,0.25096749605271335
8e052094d6a6a197f0e6920d1dabe6b3c0800f086d96315e152870310e5d7dbd,Zigzag,24846125,14232884,24846594,14233039,1029,715,46,96,0.3378039413601661
ffe7535ae69e8e76fffcb671672cde39bfc89b8e0761bd4d5e2ed70328d98e74,Zigzag,24763171,14308558,24763560,14308813,949,815,61,115,0.000780159257399477
eecbcaecae2a59459b3bdc5ab2f483c3ba27eb75f208df11ef74ffbb2ddacb84,Zigzag,24776220,14234963,24776495,14234654,836,250,95,45,0.19442302676155554
4817c34a7f946cf3992a9609d2987797c30e37238db6a557d0b68a52e87c94c1,FCBK,24699790,14382745,24700241,14383030,1010,846,72,33,0.06526398743402424
781a316a7ca5179b0eac2018490194318b2692b683518da0e56f75e9f4695941,Zigzag,24691402,14192260,24691080,14192795,238,1095,88,48,0.33083218510050216
ba31613965951315a9a505e91f1cacf72e754f4130b70c89b5b0fe728f8c2534,Zigzag,24763171,14245356,24763607,14245372,996,576,42,96,0.05187554842608535
f5569e8b485218a4c635ca241e7efceaf594d260029de72f2884c1e4cf88326f,Zigzag,24724956,14190173,24725168,14190513,772,899,82,43,0.09950868955805288
ba1f3af28a8fe72b6241bc8fee12a972fc5e0e04a38029a331e67ae893ff283c,Zigzag,24654119,14159870,24654243,14159821,684,510,45,81,0.25770524367634334
1d223f6ede4f76ff23d69ab933fbef9524892f8f160a8fc65033b66c362097e7,Zigzag,24776220,14278552,24776453,14278356,794,364,61,101,0.2921229389191186
68390736ed380ab74a206b43d060184953f1072feb8b6a2f5921ff51c2b3ad4f,Zigzag,24942128,14301322,24941885,14301680,317,918,91,47,0.14658924140858579
d41b3f88c64d356c7927a9bb3b8b74ea1fab58062c664fd14bd6aec17342e7a3,Zigzag,24945856,14303390,24945409,14303645,113,815,99,47,0.22410735264087855
682bcecb3c0eb3d1e28bd9cef29c16e92d12539b470d655c9338462b3eafbef7,FCBK,24754782,14375551,24754947,14375630,725,638,29,67,0.2950574428347633
682bcecb3c0eb3d1e28bd9cef29c16e92d12539b470d655c9338462b3eafbef7,FCBK,24754782,14375551,24754296,14375548,74,557,30,66,1.5503146206413696
b442301f27ceff8bf2a4f222a0973dd44f7aeba00b0f73292eb20a885026b5b4,Zigzag,24843329,14276480,24843539,14276136,770,217,40,80,0.04960325616024568
b199e4ab5dc54d13bd04f6ce80cc945fec39d9e872f2b6ee1d07a04880ad1e8d,Zigzag,24687673,14179733,24688037,14179269,923,97,31,64,0.025559384795223652
c46a2012d6e7a28ee33bdb65b4b701a0c1747d1afd2600c9bd81ac50a6a68454,Zigzag,24679285,14164055,24679569,14164157,845,662,42,87,0.3530487409671339
9bf7fab932acab98ac1fd9574d913e81b27172301f3e838834846b71007ecf5a,Zigzag,24677421,14163009,24677356,14162541,495,92,33,80,0.12807631870279199
394553becf06d58ddf09f3b83974b7becb2e6ed5ad43223601565aa9924dfe6e,FCBK,24650391,14405326,24650599,14405544,769,778,85,45,1.5129990732374519
16182ba13c3c7b50f3782d2e282a625aecfa931a4ee63366e83ef377ddf9e20d,Zigzag,24818163,14202690,24818638,14202390,1035,260,41,93,0.3563906752400471
3d7870a94fcc94313af69defb9cc6e4c352278c47971ed4d2e86168d51c3b15c,Zigzag,24665304,14146261,24664991,14146117,247,416,44,93,0.37521612822214007
e06299f4ecd3f6378642a13ed8e8084b840078961579278cba431eb23d9b8509,Zigzag,24943992,14313724,24943732,14313441,300,277,86,42,0.1768724289932835
e8f54e85636af16a98869ee9e7ee5bda783b111f9b727c8d64b06c11b8a1c6f3,FCBK,24741733,14386853,24741991,14386985,817,692,45,87,0.3658455629001009
64495e8a49d625f9c843dee633cbd5acd2985155f19990286c09822bf7364dd2,Zigzag,24795793,14281659,24796122,14281640,889,541,46,92,0.22809244031704587
e82225bce71850a40763e389bd5cc6a454347e5c7f10db2797acfda7f86e0d51,FCBK,24825619,14371439,24825336,14371469,277,590,31,74,0.11554721103840522
244e8a9c3df7eb736d6d995db05846004361ea27b33b82825689cc3e606a95b0,Zigzag,24769695,14238082,24769160,14238321,25,799,44,93,0.2553757100918238
77dad3ff6652e19f59de6587ada33c598a3f693e3e333c1e42cecc152f4c4483,Zigzag,24813502,14271298,24813426,14271274,484,536,84,47,0.1530040807500437
ca377fae10eef85929e75346ea71b8e84e0eb602873c4dddae77eff4b1bf7498,Zigzag,24851717,14359094,24851200,14359306,43,772,78,40,0.19896611326512173
b35162e4376f911c608b055e861c11234eb5565b9a11aa787af2f19a987e0241,Zigzag,24948652,14303390,24948641,14303330,549,500,84,44,0.21498847268660864
2d64f07082c668c4890a3d206b92edf2c33d5b99bc3155abba3b367e3d6f410b,Zigzag,24776220,14289942,24776316,14289716,656,333,39,77,0.24657477828219576
ff420deba3edf5b2a6d41ffd37cd191349ec6a1f33630480576ff47a251dd3d4,Zigzag,24732413,14268188,24732492,14267775,639,147,49,93,0.19210660924540462
7144d6a4bf1a5abd5a20fec1eff50bf56bfdfcad9b8a82fa85bf74317075999b,Zigzag,24675556,14244317,24675625,14244432,628,675,40,78,0.27036819183026345
b0532d81a6d6bcc0b6909975f2ab68ba0d72d5f837cc724766f73b52610d90a9,Zigzag,24978478,14297185,24978655,14296981,737,356,90,54,0.23823886768840916
b0532d81a6d6bcc0b6909975f2ab68ba0d72d5f837cc724766f73b52610d90a9,Zigzag,24978478,14297185,24977928,14297088,9,463,24,84,0.04057805705850854
e4f443b2328bc887a846482cd28a475d3dc34b0bd13ebef46a3622fda4b3201b,FCBK,24837736,14417626,24837697,14417513,521,447,38,77,0.0037741039402922963
09f8c886f779085c4cdbf6a1c314a7dc57a5eb56a9e5bca2fd670e2fdc13375e,Zigzag,24683945,14314757,24683451,14315080,65,882,40,79,0.22688229991771386
494405b8fca4e911054043fea2e7eaf742c26b7c7aa8d95a7614bb7adc756f7b,Zigzag,24938400,14294081,24938835,14293942,996,421,47,110,0.05904744540285794
494405b8fca4e911054043fea2e7eaf742c26b7c7aa8d95a7614bb7adc756f7b,Zigzag,24938400,14294081,24938703,14293609,864,88,42,98,0.000628707899953639
c1729b8cbcb235c9aae988e6b3e6b82a831f329051046e26d5cd21708c28fba3,Zigzag,24686741,14194347,24686748,14194744,567,957,86,44,0.5263011517354296
c1729b8cbcb235c9aae988e6b3e6b82a831f329051046e26d5cd21708c28fba3,Zigzag,24686741,14194347,24686669,14194425,487,638,40,84,0.3388621151297954
c1729b8cbcb235c9aae988e6b3e6b82a831f329051046e26d5cd21708c28fba3,Zigzag,24686741,14194347,24686876,14193993,694,206,72,37,0.36045702261897544
a0d19af406b65aff16ab2091aa53893d9abfc2ebe11dc7a022a0957aa4252370,Zigzag,24939332,14302356,24938987,14302448,215,652,85,48,0.13037976163100717
ec42a8846021398f2a397ef5ed00dd8be851ee003d0c9d465e9e1b77c148be55,Zigzag,24632681,14246395,24632847,14246408,725,573,37,80,0.13516403066079363
55440389e54c31a1567239cb1aeb9a67c0be3f8a051aa680dee743273975da6b,Zigzag,24819095,14329210,24819579,14329482,1044,832,43,83,0.20633416453974626
a7fe23881fc7fecab17690d98a8e7ed9c42ff490e48b7c19660ddba326fe2705,Zigzag,24885272,14314757,24885676,14314387,964,190,47,83,0.1449478520049859
cd5c455be1cfeb7a6e1878529b21c36807ed55c117cde1402a82fa1a482bd7f3,Zigzag,24944924,14308558,24944848,14308397,484,399,49,99,1.5681282388568007
fbe7c2a15b1a4d064239c97b9bd5a3f7c1b867ef90790fb6ef7c357f06a90df0,Zigzag,24943060,14302356,24943314,14301943,814,147,89,44,0.0004016021891685691
57f19c4dbcf464ca07267868341fce3fb72ad8f6527018695c2dc1320300cfe0,Zigzag,24612176,14376579,24612384,14376922,768,902,48,90,0.2589838439604472
57f19c4dbcf464ca07267868341fce3fb72ad8f6527018695c2dc1320300cfe0,Zigzag,24612176,14376579,24612437,14376678,821,659,36,81,0.3817980975667573
bdf7708a3ed96e60c6bfce52d35eb28d85c299520e2e0b76d4d4c613dd69b8f5,Zigzag,24740801,14297185,24740641,14297555,399,930,35,75,0.055441437901917384
8be82cbd2e1339eace537619502e0877a87d03fd57ded9d95f189ef4a0e1d9a3,Zigzag,24819095,14307525,24819496,14307718,961,754,74,41,1.5186231368274814
ddad9f70cc3e05403d05199cc5c235b2702db025096c6d084084d8cba4030d79,Zigzag,24843329,14275444,24843810,14275594,1042,711,42,77,0.18988195427356377
a084ee9c670089d45f951e0e9c8c080dc499666540fd1cb32089b153462d9b8d,Zigzag,24622429,14320953,24622454,14320794,586,401,39,72,1.5427259431151887
a084ee9c670089d45f951e0e9c8c080dc499666540fd1cb32089b153462d9b8d,Zigzag,24622429,14320953,24622863,14320582,994,189,78,38,0.0698063956637503
b1713d6e16ef33915129b846697d692f8e635ca6581cb0956370067f61445ba6,Zigzag,24672760,14308558,24672601,14309084,400,1086,69,44,1.5453395694089926
788ffbc7d7b1bc6d599a5e5d7b5cd8808a09df842aff3a10ad61b45b4a980eed,Zigzag,24867562,14244317,24867975,14244426,972,669,44,91,0.11390014577273207
e6b24a59a475a98f1ed4a531e54ebe9881996b93bcf033e4a62d7dba1b961025,Zigzag,24640138,14138926,24640063,14139117,485,751,42,80,0.030778664544317755
620ce78c8db393c884a0f4b321b683a7036fcae4e60b1673e150790f4a3c9979,Zigzag,24764103,14214152,24763871,14214061,328,470,45,81,0.43247166152434896
620ce78c8db393c884a0f4b321b683a7036fcae4e60b1673e150790f4a3c9979,Zigzag,24764103,14214152,24763834,14214341,291,749,46,90,0.8022666923210374
71810533e3b7edcc57908dff24fbd6a245a8615f7d7596821fca9c4d8fb96bf1,FCBK,24688605,14192260,24689029,14192614,983,913,40,77,0.5981928524669823
2c8b957a0a8661bcb921af2218770c5d2c0e32505388552ede650509c8d59329,Zigzag,24710975,14379662,24710546,14380074,131,972,73,33,1.5418825199979609
b58c44ec942bfdebe43bdc7cf0cd0e83c340daf78ed850f9a9fcd0ccbf35e95a,FCBK,24746394,14365268,24746852,14365292,1018,585,49,105,0.13832154102821884
7e285ecae76f172a38203ace3358850c4a25328b029bc2fc2d8315e226be4ac0,FCBK,24751986,14364239,24752012,14364499,586,819,87,46,0.2610737096916165
423f4cd02eb2fa34c536543e9e8b0f4161e1dc4d563c8c9104cbf904570f3995,Zigzag,24659711,14206859,24659372,14207006,221,707,33,71,0.2262834382123391
7251b65bd4694ad7f8222187d9b543118b582bc8efb7efa009d5d4b4a0c23283,FCBK,24615904,14308558,24616212,14308124,868,126,69,30,0.6847112331164955
6deb8bfdb4181658e7d009376cb0ad134d7c2108cbfd3b3c732d622619da8d8f,Zigzag,24768763,14284766,24768470,14284401,267,195,52,93,0.0017857008755773566
70ce3904ebf30682f03bb22262a487ec3132d6229365b699c8392801b889b2bb,Zigzag,24970090,14305457,24969898,14304992,369,95,51,102,0.1521177141602381
9ccd8a7cff9e697f65754554118ce598df1ffe02d58615a675ae92472727307b,Zigzag,24627089,14311658,24627194,14311353,665,255,80,50,0.3346981628969157
54a3aa91bbd5ad3614c3054ca058650b1b0e9d3424533255f67d9db1dfeef943,Zigzag,24699790,14179733,24699639,14180160,409,988,50,95,0.26628032278077585
8a5c812781ed062a9f3bc90dc7efa61e2da57b3e959500833bc191464deea0aa,Zigzag,24724956,14240161,24724420,14240171,24,571,46,69,0.017518899909516317
588203ac92cc032aedd8579e40f74fccec00bed79f25edd1ac2d24d36bb13b97,Zigzag,24877815,14310625,24877937,14310306,682,242,87,55,1.188938707577776
3a24ac77455c763b62ec21decfa3d7fa763c5eae177e6b7bb50c2dd628b45d8b,Zigzag,24676489,14221440,24676240,14221226,312,346,43,93,0.4159850631905908
99d2eecdbcd654e050a393296daa95d17d3d576c27b342e99e307f243056352a,Zigzag,24643866,14426844,24643761,14427336,454,1052,37,79,0.10056266052658695
2b9671b4102ca0814d79ab0e2b8812ac034642197acf002afdfd92a3fa68b48f,FCBK,24709111,14344676,24708700,14344151,149,35,42,69,0.051023249492286725
5e426063a287cdb705168cb77932537101ecc51fe9b6ef5baf5f24256f6246e8,Zigzag,24677421,14269225,24677764,14268885,903,220,39,81,0.08218763963098882
aaaaa040e960e5800c94cc58bcb4e1101bd036b8b4b6a4b35eacecf7ef41c221,FCBK,24841464,14366297,24841692,14365819,788,82,98,45,0.2791451219005671
721cb3296c202cacb97a5ae0f13c9a182fd0de6b3d8865e4e5a3f5b88aff1f00,Zigzag,24745462,14409428,24745367,14409636,465,769,81,48,1.552161123383176
f8fe8b9c07caac9ff9041fde68a356fe31002f6547e6d03ad55d2fb64b71a7a3,FCBK,24743597,14401223,24743394,14400943,357,280,34,74,0.3007414941283467
37e074470a16271b98f221d1fd6d061a959775705a00906c879ed109c6892339,Zigzag,24825619,14332304,24825770,14332393,711,649,47,88,1.424156685062681
dd2805d4f2991c2ada488275f154a641c1b0dff17be45c0a4883b3cf1c915212,FCBK,24769695,14226643,24769696,14227106,561,1023,37,86,0.09712494400059339
b8bea43286e0e5505d5e851d09af85f59220945e403b3f8906660978180125cf,Zigzag,24866630,14333336,24866934,14333038,864,262,82,42,0.3798202011146691
357cbfec4550401fc1c326d7adae9a1f1fd0d24ab935c3d712b6a44fa882f1bc,Zigzag,24775288,14231844,24774912,14231678,184,394,45,94,0.1858390427122281
3bb5140423c6b65fd2fa6200fcaa0dd287117dc48c50f58448533d49593f4b37,Zigzag,24853581,14282695,24853735,14282589,714,454,47,79,1.549009139075013
3bb5140423c6b65fd2fa6200fcaa0dd287117dc48c50f58448533d49593f4b37,Zigzag,24853581,14282695,24853606,14282625,585,490,43,91,0.050203391189516625
f320aa5d05afe986eeaf5a0a23c3346807b7c214999934c335bc4827125dca1e,Zigzag,24852649,14256777,24852710,14256508,621,291,50,95,0.2705967742755763
7e3bde3b8dd9e41818d3122505d8538c352f3fd1d84b924bceed73fd5da535ed,Zigzag,24957041,14280624,24957095,14280661,614,597,83,42,0.22445256489718005
d698500088b5a342e4df0a6ae3226882ae64aed1f7c3f02bae3a3111eb3ff387,FCBK,24633613,14215193,24633958,14214939,905,306,32,75,0.08834294560184014
d698500088b5a342e4df0a6ae3226882ae64aed1f7c3f02bae3a3111eb3ff387,FCBK,24633613,14215193,24634046,14214642,993,9,47,44,0.2431253022355138
712bf5ed8cb0d2a0cdfd9cb4a0065d4a5d08188399ff9af378adfe4dedb3e61b,FCBK,24687673,14195390,24687211,14194871,98,41,38,82,0.3914718304893884
fd934557d1d1ae93689fc6ccee1e3bbfd2d1572565ee83ce9a06a375184877f0,Zigzag,24812570,14276480,24812682,14276846,672,927,42,99,0.2993571497042099
78e51a056678723b047d20ff67a882ba408761aa7788f81a21e7f4364d284748,Zigzag,24821891,14341584,24821522,14341140,191,115,47,77,0.00413442027310431
b410c148178486fbdf609859540a4a936908c6f2a5c78ab715d981534b88f862,Zigzag,24685809,14324050,24685442,14323719,193,229,43,91,9.80099440948758e-05
6e09d662d866b0939983e64200975df860a43a4bd75169d997e71c0fecae2ea6,Zigzag,24639206,14212068,24639160,14211569,514,61,83,49,0.34296501439468513
91a419f70c079976d27108a7d60a3e58f1d949e3502dc258663731f7f5d6ff1d,FCBK,24647594,14212068,24647436,14212504,402,995,34,74,0.08118922886069653
3e954d99111f1701d4e8542332287df357d0b21e1328a747e0462facb86781b5,Zigzag,24758510,14196433,24758373,14196856,422,983,89,44,0.29077278282547575
f0fb3cf98d0e81c23ca67374c9feae14d05af443c089392e7e3e94f6f6dea016,Zigzag,24608448,14388907,24608826,14388636,938,288,45,82,0.2318653572781179
4af7cfb4573dacbb9dd7887ac02fef1d245c669809d9c07a372da0264b3dcedd,Zigzag,24709111,14370411,24708903,14369984,353,134,37,71,0.19563368314834878
cc7527dd63df932e58970b91f6f2dce6d400e4ea76cec76be94ff4272f97c3e0,Zigzag,24943060,14246395,24943272,14246529,773,694,45,114,1.567368172681692
e087737e49d5b608c46f1d8e5f78db71c050b89540df14e4c533b06a9d91d618,Zigzag,24759443,14212068,24759490,14212585,607,1077,40,88,0.21946065252615146
e796f30eb0df9b725b596a915bc86d8275b2e01b51651679a8b6465454e1626b,Zigzag,24967294,14283731,24967567,14284120,833,949,51,97,0.2678059978350118
e796f30eb0df9b725b596a915bc86d8275b2e01b51651679a8b6465454e1626b,Zigzag,24967294,14283731,24967667,14284143,934,973,98,44,0.004780471424489859
e768175ec9f5ed74fab86f62c3c4cec43fcad8307c572fc489df91cc983625ee,Zigzag,24710043,14190173,24710316,14190266,833,653,46,95,0.24520629631130172
3941ada1c44df4e917bf5956f27bad10daacf4afd3c3c68c6245532ef0b4fb1f,Zigzag,24704451,14174509,24704941,14174564,1051,615,102,52,0.6066686955312958
9511db50aca462e7d684bb04c220a8a20fe1d2261f10443bb61991ed959365a2,Zigzag,24799521,14255739,24799734,14255832,773,653,87,44,1.4684328034496843
dfb5f8814531b688004e04e2bff307c4b7e5d6ac7e07c4967b3fa5aa5f039e5d,Zigzag,24839600,14415577,24839744,14415886,704,868,42,86,0.24241119223396587
f4e5f896d295827ce127b468902d681e78bb9bf3f8b394896862befbaefd1c8f,Zigzag,24757578,14373495,24757872,14373209,854,274,38,83,0.09315739989810697
ceee2675d72cc1ff6997e8d671139a797ec45912a3ba3b9e8b1332b55cadfa71,Zigzag,24644798,14365268,24644622,14364807,384,99,40,88,0.5844519399275822
37bd9caba797fd63c7a6676bdd1eacbe4259466ee37e71f47349e267983c704a,Zigzag,24812570,14372467,24812216,14372634,205,726,69,37,0.376057520679037
56eb58503e82699f0ff5b5d65aba8e35425f9d23019395f05e42fc4ef457964e,Zigzag,24758510,14215193,24758563,14214746,612,113,44,84,0.2706582100729731
bc115ce82b6d897d624650cb119febd69d9353d6e8844eccb8e41175234ea592,Zigzag,24659711,14224562,24659855,14224623,704,621,35,80,0.1765368540511767
1b69af168f0ba75f99c3168396099d0a1919f5a574dbf35d523130e90d3ae569,Zigzag,24777152,14247433,24777295,14247369,703,496,39,82,0.17457017616518042
f9aa663724f720f824c50c739692e8d9629944f6ccb445733e86e5512b36a07c,FCBK,24657847,14177644,24657845,14177581,558,498,32,75,1.5638614553163301
b3589bf5c59edab3e19d1d852a13356d8c6a73a3bd32b5dc3b885a0301156892,Zigzag,24951448,14288907,24951666,14288814,778,467,44,93,1.5403215081250108
f40a06d058631a2210ff7168b5130ef3ea94fa9c2b6d05903897693bc3c49a02,Zigzag,24802318,14228724,24802099,14228748,341,584,42,87,0.06086759949462941
e8e7a5236914bc9c93b1c8678cd6956ed206f20aad9a3ff35eea11a28e366e92,Zigzag,24671828,14308558,24672027,14308807,759,809,71,36,1.375608190496918
24f5ecab73f87d1f69300fc82156a5cf026a3b4cd83f550812577112b4e705b8,Zigzag,24667168,14183910,24667069,14184445,461,1095,85,42,0.5072919073486074
15366ee114ea1211e4c7a0c89a5f79f166cf6714385e98f61b54d8f8016f4842,FCBK,24767831,14351887,24767460,14351806,189,479,30,74,0.14218096079044806
84f5c56e083499f1bc470dda3b94a8e6869c52f90637283de8d4b71deaa52bc9,Zigzag,24690470,14324050,24690590,14323730,680,240,36,83,0.25359558664018755
3ce0943df4ad7321596c8c4c477c88d8232c8ae4c3bbf3027adc3c38519b4aaa,Zigzag,24614972,14143118,24615199,14143487,787,929,48,103,0.1697343250340305
85e21526e6df9db2f7c7fb5805855c3907b0c8a4de546e43f00529b7832159b2,Zigzag,24765967,14195390,24766490,14195631,1083,801,50,100,0.1459065567079008
7f49abad4dcb326f4a2c012a092fb299cec00b97c3a85e3b1d0c618e42fb7104,Zigzag,24749190,14194347,24749092,14193824,463,38,49,94,0.45442949129107957
7f49abad4dcb326f4a2c012a092fb299cec00b97c3a85e3b1d0c618e42fb7104,Zigzag,24749190,14194347,24748901,14193827,271,41,49,99,0.24706648104320844
ce062daf93ca84a9e1386bd02eb7294f720d939250a4c498cfa5efda2aaa37eb,Zigzag,24848921,14354976,24848616,14355176,255,760,42,85,0.2088552459856698
05f5ec189028a46aafa501f55eda4799491671b9414a7117818344bb73530ad6,Zigzag,24739869,14376579,24739812,14376296,503,277,88,46,0.16030673477514998
c50f9a9ac70ed5257f6ca292a8445a89bdb30244483490c559110024b51a2a4b,FCBK,24713771,14351887,24713926,14352131,715,804,33,70,0.334401919515158
5c1ad706b96d8e7194394b84f6a3b1235d766d81ce23aeb385ddfca808ed1482,Zigzag,24599127,14378635,24599502,14378789,935,715,33,56,0.09038623930344662
25b0ea0036922459c9b781cf751fd1fc61a930d4b721db242292bb76f308cb14,Zigzag,24954245,14248472,24954352,14248625,667,713,80,39,0.022323344465154743
1f74031d3e7c2b226222e04a30bead2c2b36cc74a5364aa6065de4fdbc33897a,Zigzag,24808842,14319921,24809392,14319715,1110,354,28,71,0.11798025836554478
5bbc13310a24e58ba5048671af47645654c91cd4230178b2e5c6ccc0a7ba8dbe,Zigzag,24680217,14272334,24679766,14271802,109,28,34,72,0.6654033817924483
68c249872af17a7f29347488728addd52db96d76ec35648df4eb12f8e181b9ed,Zigzag,24630817,14344676,24630367,14344474,110,358,46,79,0.12783883131258417
68c249872af17a7f29347488728addd52db96d76ec35648df4eb12f8e181b9ed,Zigzag,24630817,14344676,24630274,14344166,17,50,37,76,0.003844436880354258
a5fad2a7be21b535db16465298d670b6b775af2655f40aeda6cf83dce7334b6b,Zigzag,24687673,14172419,24687611,14172567,497,708,85,40,0.3209095797740032
28bda4b6af9ddb548789958ec554e7740f38ed28f94c9d9e9a336bbb7ca3f0fe,Zigzag,24921622,14265077,24921783,14265180,721,663,92,41,0.07595356234852003
277d4af61b28c592328027ef0f60ca2cfd62d3b51ee344a15072dc955dc27cd3,Zigzag,24672760,14286837,24672712,14286657,511,380,34,71,0.3167982915516797
7cec02adda3f6e71aeb2ad761757b59fd32dee4ca080ab7b9d2e176461c091de,Zigzag,24766899,14181822,24766682,14181740,343,479,52,96,0.37288649476907965
5dd77870f469f2ab69766d0e56e9b212cdd1618be78b004dbb5ea01edcaceefb,Zigzag,24771559,14349827,24771069,14349636,69,368,37,67,0.25079119478855005
5dd77870f469f2ab69766d0e56e9b212cdd1618be78b004dbb5ea01edcaceefb,Zigzag,24771559,14349827,24771460,14349789,461,522,48,98,0.14118086057733922
3e21e88371447250a019f35ab16c9b9f1ec3e3ec8fe6c8c4de15b19dcefc6b92,FCBK,24751986,14384799,24751939,14384411,513,172,29,63,0.05450160419203922
776e81233eaefe96761e167bb4b87544afcbe7f7c4e107070815199431d98c35,Zigzag,24765967,14215193,24765722,14215253,315,620,40,83,0.5309020288346504
cd6f00e48b2d251bd350ba13fcc3f7b56fd76a82499fe07ae423d6995c62c274,FCBK,24645730,14426844,24645186,14426675,16,391,42,96,0.13739283849945938
8df9e56f46112b2aa65660d6616b58906c66b0c8dfdf4807566f6d7e87891c83,Zigzag,24740801,14221440,24740456,14221144,215,264,45,91,0.1460240686910005
fe279720fa52c1bb2eb01649a2b4198a5a594a647af46bfa862db9026808e0f9,Zigzag,24666236,14231844,24666600,14231734,924,450,46,78,0.2285833108402179
755e9519d515662d5e709852baa1c2e26c0ac86be54a6c520dd46da0a0e95ef3,Zigzag,24666236,14150450,24665893,14150395,217,505,39,80,0.1989104864878527
13c8cf4e07a4c126fea23e3a6b8805d40d27116f9f008dc926905f12f9fb7ad6,Zigzag,24619632,14251587,24619596,14251396,524,369,42,69,0.010766310364295597
47ec8345cc63c698d3fcca8e1bbd9570a7ed7ac5289f21dffaa15f5decf3ae05,Zigzag,24850785,14230804,24850475,14231261,250,1017,38,80,0.2463337788483004
326a89d098d87e9241ed1cae13cac2b578227f9b4c0dea06aebb85443ce57e9b,Zigzag,24642002,14380690,24642231,14380319,789,189,33,84,0.02907261858287778
3065d9588cc198337078a33186318a7a8c58d19ebd11f96cb9c499b1d2af9d58,Zigzag,24856378,14267151,24856577,14266813,759,222,83,39,0.08868650170483876
2c01b0f0f6c986c6fd04fcfb12d77e9053818e94e7d9aab99bc084fcbd93f168,FCBK,24608448,14320953,24608914,14321317,1026,923,37,82,0.06408396156095615
70fbb65c7eb3316e6943368e3ac9a8288de72d0c3474f28ace3c11c1a0686cd6,Zigzag,24740801,14196433,24740402,14196150,161,277,43,84,0.14729830804881938
37fed6c8f5d8d8391e4669dbfbfd924cd3ea56cb9129092cbc5f3f5c7f2c4d07,FCBK,24659711,14368354,24660030,14368237,878,443,44,89,0.3169104772125993
37fed6c8f5d8d8391e4669dbfbfd924cd3ea56cb9129092cbc5f3f5c7f2c4d07,FCBK,24659711,14368354,24659635,14368844,483,1051,92,42,1.5366691158480217
3d17a0b9e035bcc3cddb29ddad1d82567bb3317187e294c2a976053d6f87dd23,Zigzag,24682081,14289942,24682635,14289586,1114,204,37,78,0.46280253633731594
6bfa795ff8f245a417bf22f34c8650e6e049e582097add4456c6668bfe7f2112,Zigzag,24711907,14292012,24711913,14291578,566,126,71,41,0.3651919898790818
4a82bfaa3d76f15485b744265b96af24561247644cdd9e218698746e26f2d232,Zigzag,24742665,14360123,24742753,14360043,648,480,37,72,0.1710650067622022
5278c9ebe590d921965011b7fefb010d3a0df6fa014bc25acd867b649e26b473,Zigzag,24827483,14229764,24827921,14230167,998,963,45,92,0.08084335081412249
18e450c985cc3eeab187889b74874246951f0ceb82a1ae937588799f42f576f9,Zigzag,24899253,14298219,24899318,14298307,625,648,95,55,1.561183513682201
7111fff5598b077230893ac2ecb177c850750cf1a068e5056fc474a78d482160,Zigzag,24636410,14258853,24636260,14258512,410,219,38,72,0.14626297088553744
31b6173ffddaf93963f38d1fe8f50066ae94e800bc5eb7f8856d4c082a6e2c20,Zigzag,24718432,14204774,24718487,14204536,615,321,46,76,0.3451485401724411
e56e3c821b3530daf59b85624df2d9a4045b0eaa6b24d314a556b322edc21e9a,FCBK,24641070,14414552,24641375,14414376,865,384,39,82,0.22996863730500666
cdd9d8da55421c035d0784c107a34eb8c80f593326ba74b490910fd19222fafc,Zigzag,24767831,14318888,24767771,14318922,500,594,34,77,0.075673014972437
7885d10acf14879d6c0057b917dc25a209d3e3066cb0cbb91a76db3aba1382dc,Zigzag,24702586,14179733,24702650,14180211,623,1038,41,93,0.19452965307369963
9a27f7e4668c3b93b44050e17b2015360b8ad11490d5e5e3087c9e23d67a7834,Zigzag,24851717,14375551,24851584,14375428,427,437,80,46,0.0673784541157631
3fd3067ad2c73b81bae3848a11c20b03d87af7b02da81ba1551ac33e2770bf41,FCBK,24681149,14412503,24680840,14412670,251,727,77,33,1.4181179672909265
b390474fb7a72ad313042e461de8f9c79cae43bf20bfd92e53415333fa73f09e,Zigzag,24759443,14297185,24759328,14296966,446,341,46,77,0.12040726364596124
505fc50b5b22d8f7c466b277e599fb6c8fa980aa0091ddad7d782385e6e257a7,FCBK,24715635,14197476,24715824,14197197,749,281,81,42,0.2820250310138652
249c32fd2581ac785812ccf5d761eadc34723506f247cb6fd51d3ac146b3e633,FCBK,24696062,14193304,24695900,14192972,398,229,39,91,0.34814140060547216
249c32fd2581ac785812ccf5d761eadc34723506f247cb6fd51d3ac146b3e633,FCBK,24696062,14193304,24696125,14193852,623,1108,86,40,0.6373543034014613
9fc1f54f738f55d2754afb2a1a90b6f7c20539bbe08f3fdef7f1cc4b108f7b06,Zigzag,24946788,14311658,24946757,14312031,529,933,38,80,0.14838610948557587
d34290d8aa8167f398e7feee649b2cd4a3efd1b13862dd7f8d2bb49c7c3f2565,Zigzag,24720296,14293047,24720817,14293432,1082,945,54,84,0.09860063485011994
4cb1c671b243f63a146c1a9cb4c288c385e513157b57e1a6a50eb5af69dba899,FCBK,24742665,14384799,24742669,14384464,564,225,37,75,0.2727271367000716
146bf6382041ea09b050311ef67c9e02a1b1f9478353d623d3019b80a6f5f9c5,FCBK,24678353,14271298,24677964,14271130,171,392,38,88,0.1524751103785267
edd7a6891e65cfc1224d052d4103410cd65277bdd50cac7c931846dd306374c7,Zigzag,24742665,14197476,24742604,14197519,499,603,92,49,0.26922579559116033
edbb783da491c6843f6aa4a9e82e38571649294965aeb641c1cd145865304330,Zigzag,24739869,14201647,24739587,14201815,278,728,72,40,0.24303595318094168
7ef913c1d7d31618f3e0fa713356e00f3eee994766ea6216b6198acacabbec0f,FCBK,24698858,14223521,24698702,14223923,404,961,39,70,0.4392740740281975
139eb464fc9c0cd5de6a7080e22f6ccc6712c0b1277c5dfdcda8a5c45db991c3,Zigzag,24720296,14199562,24720088,14199981,353,980,94,51,0.1334505528154367
4226de0d64709f17a7d43bb7ec0b730b91ff0c038083edc25740d564514032b7,FCBK,24651323,14404301,24651700,14404701,938,960,36,85,0.1512274027630678
cef3137376069af38039e971953478b8d4ac65150f98f7d1fb62db596a3e875d,Zigzag,24906709,14225603,24906613,14226039,464,997,51,106,1.3518940725703075
221feb73d66e5532f79520aabfd4f3194dfb5607a2481304e91991874a7a17ad,Zigzag,24782744,14301322,24783242,14301709,1057,947,81,49,0.1511660501894551
cb89fdbced69f602917813a069f18bd2e22c697d0d257d17fd28a77fc1ee9c96,Zigzag,24725888,14299254,24726234,14299475,906,781,78,42,0.31772607029643607
b0596603f765c4ae5a612cb84555b036981683dec1ee50be14ec50d8b945e3b9,Zigzag,24824687,14260928,24824640,14261199,513,831,42,86,0.0009613274874659913
9e5ff435a26038148d47679af80fb382e11de2a3505434d6288e7417f378d16b,Zigzag,24725888,14297185,24725469,14296805,141,180,33,71,0.20185016692286623
9581ed9cd525dcedb5e1b85f98479600a56500eeba56bf1438229c1a7df9018f,Zigzag,24919758,14230804,24919521,14231069,323,825,87,45,1.5668199609712992
c9dad3b4816dd0059692deeb7b63d173f79c33953e014329524abc4504d4d5ab,FCBK,24640138,14217276,24640336,14217028,758,312,34,75,0.0896634407388423
0c577bffa405c0f39b08a207562b385473e534f7ef8cfca269d13c469073f42f,Zigzag,24765967,14230804,24765787,14230426,380,182,47,102,0.12123856938022948
0c577bffa405c0f39b08a207562b385473e534f7ef8cfca269d13c469073f42f,Zigzag,24765967,14230804,24766104,14230725,697,481,43,94,0.06645295986387934
d54d346c400925493fb555877ff7e0ef1492bb99605f57f5afb1b953adfc69dd,Zigzag,24695130,14301322,24694775,14301786,205,1024,78,49,0.9386335896224358
d54d346c400925493fb555877ff7e0ef1492bb99605f57f5afb1b953adfc69dd,Zigzag,24695130,14301322,24694954,14301681,384,919,82,41,0.06446334550299475
d54d346c400925493fb555877ff7e0ef1492bb99605f57f5afb1b953adfc69dd,Zigzag,24695130,14301322,24694869,14301684,299,922,88,47,1.570099910169841
d54d346c400925493fb555877ff7e0ef1492bb99605f57f5afb1b953adfc69dd,Zigzag,24695130,14301322,24694741,14301661,171,899,46,100,0.118188292858572
06ddf2f857a7b002a5e7e5251edaa18c3028466ffe9c1ef70058883c71fd828a,Zigzag,24842397,14216234,24842302,14216307,466,633,47,81,1.566607174400202
1dcef17d86bafead3cf0fcf14219dd6509c59de84b3efca3b453671fdf64c817,Zigzag,24877815,14313724,24877779,14313877,523,713,53,95,0.20450127720901287
7738fee77a007632fa7e946d69f863cad4466bebdebb6123b68792369973a77e,Zigzag,24712839,14195390,24712918,14195067,639,237,39,82,0.236029459313809
9ce7adad1cd7dbb105c342fca106b500c87cb40474612b40b4d251e439a77d78,Zigzag,24915098,14292012,24915050,14292036,512,584,87,47,1.3439639777923784
6225f62f345fb4c21b30f5c99b8aee4ae0b9f73e31392b7bb9e419654dd68e18,Zigzag,24763171,14290977,24763432,14291500,822,1083,85,53,0.21771373536435717
be47449ece464e6be0751121740f903c2656e50cf9b7185ad4b926ce5c0c152b,Zigzag,24966362,14305457,24966346,14305744,545,847,54,97,0.035922984631104535
fe6a3b282ebaa7d71dda0597cfcbc69b22a9a5e06eb2b12d08ae172346079527,FCBK,24749190,14351887,24749122,14352423,492,1096,69,30,0.011034977545203356
df3a9db941b1626179bbd7e5306e6cf99a01a6877d2f0b5030fe61b4c17c92f0,Zigzag,24813502,14264040,24813525,14263705,582,225,41,84,1.48841956111462
2e677d11c695415a1b98fe54dc444b77a758a5d377fc770c5008d1d82c1f09dd,Zigzag,24705383,14206859,24704981,14207035,158,736,87,47,0.30418609326128243
8bef3913e6778ee8517306ac8dce3115cc523951aee4adba62807f64cdc93b5f,FCBK,24788337,14313724,24788545,14313666,768,502,41,71,0.4022527393457063
a344ed16799718a217693ce1b90a0cc1287f8275bbcd1c1690e2c86145563a3c,FCBK,24666236,14153591,24666334,14153401,658,370,38,79,0.39460420727402595
a344ed16799718a217693ce1b90a0cc1287f8275bbcd1c1690e2c86145563a3c,Zigzag,24666236,14153591,24666044,14153347,368,316,72,38,0.47628588790979176
825e45896751f738a88571ff2c779b5324ef6372382b6f0dd9c2716488ba7800,Zigzag,24625225,14239121,24625087,14239589,422,1028,33,55,0.35469018030500427
431ce2ebcf4196f12e0f11081b292d8c56c9ea601aa1e4d519b63f7f4c8bcd58,Zigzag,24620564,14207901,24620799,14207445,795,104,44,77,0.2069932136857568
f4da993585fa63c65b149af962e17ede683b3728aeb9f07a4118eaa39ac24f5a,Zigzag,24758510,14253663,24758888,14253966,938,863,99,51,0.019852272191075875
d7af5c67ce2b6f803bd63fe55f20f66ecba214380a92a23f4ec782e1d88d2065,FCBK,24719364,14292012,24719169,14292032,365,580,31,67,0.16738788037658892
e2235837d4bb7d06fe517af701e0dac80c1e9405aed4963a21c215f9465a8c37,FCBK,24707247,14364239,24707329,14363936,642,257,41,91,0.16949031289915198
df73fe7942c63cb8f1ce924cc5c95d66d50c72ef081662b9535dd7a90047957a,Zigzag,24846125,14274407,24846274,14274679,709,832,91,49,0.25113209605283704
d4a88b9a795d37da71c4136e3e5fbc5bd4fd44cc3e5c361af9ce6c9413ad63de,Zigzag,24728684,14296151,24728307,14296428,183,838,43,81,0.2342167953626034
5129aaf30e213d740427a145f1f9cd67adc803c466b993c3e65f7b8797a4242d,Zigzag,24738937,14213110,24739343,14212733,966,183,76,42,0.18002912376762484
948a76efa8afd38a0873eaa41edc0a88259ec75d84e9f598c3b7afc4b77992b1,Zigzag,24967294,14282695,24967046,14283113,313,978,88,45,0.3569536009154626
65e7ef9cc67c2467c0da4a95acb71091c1ada5a33e0d4875b486f95f94964ca7,FCBK,24593535,14321986,24593041,14321434,67,9,40,38,0.03768289718678057
4294c51f37e6a1a97d35cc1ba6062878147632b411f98c05d8aa781121b148f1,Zigzag,24649459,14265077,24649311,14265619,412,1102,70,37,0.200780142086386
3ea82f2d1f0ea9ecff8e654d37c1398b516cb64a335a2b0270ab6e340d8c7bc6,Zigzag,24785540,14317856,24785301,14318261,321,966,91,54,0.7396022455553639
f438fe2e869dae95bf128058158c49d2f7ea509155f02875cd9211da6c2edabb,Zigzag,24794861,14275444,24795174,14275874,873,991,74,41,0.25803938716936425
1e38e3f3bc88ef1ddbe3ca85046cec1143276e6fd4549f1bbafed97a275a30b7,Zigzag,24685809,14287872,24685756,14288204,506,892,41,84,0.08498588124498394
a7988b1b314dec98bde90cad77d00f4f86d7ecab2d7d9091d5aa7badd8b07c68,Zigzag,24751054,14401223,24751290,14401421,796,758,48,93,0.2809540074919762
7a445ea4177607b4e19aed21624648faf829612e7b17921b8c5b47e28dad013a,Zigzag,24602855,14220399,24602619,14220924,324,1085,33,77,0.18980483911524917
e204aa0b3e7059747cfb4f4771808939187bcab2cbade06fffc1c6e8ee85f556,Zigzag,24712839,14340553,24712928,14340262,649,269,41,95,0.03358726543883434
aad3ccd35f1f4d0532f9f2285a23612f5fb700e8ed386534d4a37d4278063ade,Zigzag,24726820,14189130,24727094,14189307,834,737,50,91,0.2476443037759716
200aa6f0ca591dd2b4a546b37f027cc9dbbc80ccbe75f74d3d7767f1470c343f,Zigzag,24790201,14264040,24790227,14264069,587,589,47,92,0.005128973621005198
cbe94888663e64bf6c4a30e37c00221d5022c84390cc281b405021d8492edb01,Zigzag,24750122,14282695,24750266,14282989,704,854,37,71,0.02113567240692568
c8e546c2e832077cb110a82860238a5362511a01d8cac62c3d98f9404ebbbd05,Zigzag,24946788,14308558,24946674,14308752,445,754,83,45,0.23616359940896492
3e21dc59608d064dba49fd0f353ff5971b70701210f2b332bcfd1bdee4898fc7,Zigzag,24818163,14265077,24817830,14265513,227,996,76,39,0.3263295453559915
2016e34030dc40752f33a4b9b2af78f800cbe628608db52a651cd0e76255020e,Zigzag,24795793,14225603,24795268,14225846,35,803,90,42,1.545218928211612
f814991e0271f1720054824ee4b5f52e731ed3efd0aab29fb4c449078ba1cc0b,Zigzag,24987799,14222481,24987522,14222463,282,542,100,56,0.2505054209588278
f814991e0271f1720054824ee4b5f52e731ed3efd0aab29fb4c449078ba1cc0b,Zigzag,24987799,14222481,24987772,14222406,533,485,49,97,1.5508686913061607
f814991e0271f1720054824ee4b5f52e731ed3efd0aab29fb4c449078ba1cc0b,Zigzag,24987799,14222481,24987673,14222866,434,946,87,47,0.14511233549181188
ea6acf5f0e3ce772bd3633466d44019ff40338821c453c17b3a5fcbfea934afb,Zigzag,24705383,14283731,24705205,14283848,382,677,36,75,0.19827357486840347
2dc5f233027f6a76dca1e6afe4cfe858d3d45b6819836bc968a7c4678d7051ac,Zigzag,24723092,14353946,24723048,14353452,516,65,85,45,1.4868462987006557
ce1dbc0b029c9a5a3be9fa13fb97b2939186f72a30cfd6f2ec0576dac2bbbbc2,Zigzag,24811638,14311658,24811908,14311228,830,130,77,42,0.14455257232019086
ce1dbc0b029c9a5a3be9fa13fb97b2939186f72a30cfd6f2ec0576dac2bbbbc2,Zigzag,24811638,14311658,24811835,14311429,757,331,76,44,0.09431525079391095
114e9c849e668bc935b11a20dc0ce7b2f5af1dd038e9b35407095658181c66f7,Zigzag,24648527,14138926,24648749,14139133,783,767,46,100,0.2161631098196585
4908f7fb2e81c7d5c26b93992738581731789e13a7b3ca1b0cee823bbaf306db,Zigzag,24748258,14224562,24748531,14224817,833,815,39,78,0.16992517381564828
563904ff7d841dd4f8c4a4150e44502c98a6fc98126dfbbe68b889e2d1b85f41,Zigzag,24870359,14240161,24870597,14239848,799,248,109,69,1.56067911097174
7befdb9eae1de5fe323216cf3aa7b9f641c02612877abba57463cc0d61033ea8,Zigzag,24654119,14164055,24653697,14163557,138,63,39,80,0.03607821779433173
5aa52d5f1b684244a48648c14ee580331c562e85c27e45b4350f8613b45acfe4,Zigzag,24561844,14359094,24561941,14359027,657,493,80,41,0.21004912445759547
2a70e5264c8b3bffdb7227edc24a69680cf403d65f87532412506afbc8381d79,Zigzag,24717500,14349827,24717959,14350284,1020,1017,41,81,0.046903251900960875
d4fe6b14a5fb135ceb27fddd4c906b472712e96efa00a988cdfd19e914a486e2,Zigzag,24805114,14299254,24805472,14299410,918,716,42,76,0.1832260489191832
2b3894c81ca65aed1a5ddac2c09b8db7e92febf3a1c3b7f932b5b2145c658a54,Zigzag,24724956,14259890,24724644,14259878,248,548,40,88,0.12047440859494486
58ef9054ca7c639f833949d23344d3a527775686ffe361180d0275bac288ffd6,FCBK,24626157,14313724,24626101,14314197,504,1033,38,84,0.08675114092878614
51d7c5c95e5c7098953f270c32f92264df0294113da85a6d547e69835ef3ac24,Zigzag,24952381,14269225,24952505,14268992,684,328,94,39,1.56965050173589
facc106bcd1dfa0b158d847e1191405fe6ad62fbf0703cb1775d9736a6f92cf6,Zigzag,24790201,14376579,24789863,14376322,222,303,39,71,0.056873968897027824
559971e1db47cf715ec8887926dd958591abd3ed344fd35c179ee6221df06db9,Zigzag,24562776,14339523,24562395,14339615,179,653,82,42,0.1046518861237548
6a941967d3af7f1d12083a14322c8fc7ef37ee52466630cb776060d50fe923b6,Zigzag,24915098,14317856,24914784,14318177,246,882,47,95,1.2741107271381997
6a941967d3af7f1d12083a14322c8fc7ef37ee52466630cb776060d50fe923b6,Zigzag,24915098,14317856,24915263,14317904,725,608,42,83,0.0752392026756199
e68b4db896b91e16026654e719881e33c38028288b8236a6550e2297e09a7092,Zigzag,24778084,14231844,24778160,14231422,636,138,41,83,0.182667817065189
b06b631193f8ac3bd7036a4d273224c352e5bc9782f28b01aa421b4bffafe508,Zigzag,24755714,14242239,24755974,14242743,820,1064,48,91,0.262484069870652
338a7e75df03b1bf0cebbfaba720bf9dc1c1925f4b1ccea12b9f35ab4a59fe19,Zigzag,24696062,14352917,24696609,14352527,1107,170,31,73,0.05060040609020939
11923cab85ec6ed3146e580ea9cf60996addafcc45748f65c410e5a36013b8f3,Zigzag,24682081,14217276,24681955,14217400,435,685,83,40,0.3167342425274633
23a007c6e6ec55c9a717ca4e793994a960fdc01c8b8da71a16fd8b6cf36c8ab7,Zigzag,24854513,14288907,24854247,14288466,293,119,45,91,0.2796446643420388
b81ff01ab4f7daddeabdbe2083ace3b0caa21ba24793d5c877125039095b826b,Zigzag,24681149,14368354,24681124,14368123,536,329,80,44,0.09250477562822625
f083448747f3130317c5b6365fd6096a1a7ac117c29a9e8408e540adf146548f,Zigzag,24746394,14199562,24746605,14199805,772,803,48,90,0.2848146922557232
9c014d73adf8ed3ec88bd63a578efbf43f2d36ef8dc3f4debfa7bbdcc8685ec0,Zigzag,24692334,14416602,24692886,14416714,1112,672,33,82,0.2349339846441617
00412c5d58cced3b20e9e279dc3b8a487c97b5ef592f580031e85ea1a0388bbb,Zigzag,24717500,14214152,24717866,14213787,926,196,40,83,0.2539299631598038
0867b495873b1fd47b78a6b3ff777b480ea4c7696e1a28ddcf70e1d5c05af22d,Zigzag,24624293,14319921,24624233,14320264,500,904,39,82,0.1059532231456652
c7498d52ef49276f0e0bdc64621c228dac41ba9e5b6fa11cb4a2ff346ae4d8b7,Zigzag,24751986,14385826,24751935,14385630,509,364,86,44,1.5019409626011704
c44f8dc63d6017069837cff240a6c6dce92bcc1c7302d93b8a54c11ad0bb08d2,Zigzag,24559980,14344676,24560302,14344338,882,222,39,85,0.3733133662023057
9a7f98abc06b9e4eeb47e033e7eefd2c4e6c4bc158765a583021380da7f0ea71,FCBK,24628953,14344676,24628823,14345002,430,886,42,74,0.1475956333397699
9a7f98abc06b9e4eeb47e033e7eefd2c4e6c4bc158765a583021380da7f0ea71,FCBK,24628953,14344676,24629096,14344343,703,227,87,43,1.4929980676606844
6704b1b90bf6a597b334cb059dc92c7bbb59d695e49f285caac287c91114fd34,Zigzag,24807910,14247433,24808019,14247431,669,558,84,36,1.2744846349552468
c9e6f27319dd063d57c07d57c9fe36b1906cc3b44dbdf6a95b2210b4823947f6,Zigzag,24770627,14240161,24770548,14240027,480,427,43,107,0.08047228092811198
ea45135b7d794e799f71bdd8c5475b0aa86f9332f8f50c83e3a8be99396cefb7,Zigzag,24798589,14299254,24798790,14299099,761,405,74,41,0.05864333983576284
ea45135b7d794e799f71bdd8c5475b0aa86f9332f8f50c83e3a8be99396cefb7,Zigzag,24798589,14299254,24798519,14299352,490,658,43,92,0.07356137789935635
552a8829050353c460168b714cfa0c2e08502155c429d24342c23a88cbdf46fe,Zigzag,24829348,14256777,24829129,14256468,342,251,77,39,1.566572286989922
5aa18eab0307fd63343258152102c25525f65b491d0e57523996f46f23fc1d15,Zigzag,24726820,14205817,24726478,14205908,218,652,42,78,0.28955718294590904
9962a9a2f29af0d67f2c01f1bd1e2cad53fd59c40bc8def6aa7d2f00a5df6b6c,Zigzag,24968226,14307525,24968041,14307063,376,98,44,85,0.1454736432279516
9962a9a2f29af0d67f2c01f1bd1e2cad53fd59c40bc8def6aa7d2f00a5df6b6c,Zigzag,24968226,14307525,24968017,14307982,351,1018,86,47,1.4655102504694315
ec7d1730b569246c3b76c92a72cbd22826ebbca27c141f9fadf71f413b66b418,Zigzag,24874087,14252625,24874317,14252476,791,411,97,51,0.2711886784726032
c41009e1f46b39ba45241b039ab91ad37f8afd3f474ecceb721eb8329ac093e4,Zigzag,24745462,14209985,24745051,14210055,149,631,42,81,0.06699807564950491
ea29bcd0c6b0b87b64a8da17496ba70e4ed3bfc17ba69fa99bb8d688c6ba0f03,Zigzag,24660643,14142070,24660760,14141620,676,110,40,82,0.34879001348896094
7951cd76319329050d12856a741fab230dd817958dcfb5406da10bca9f1dbb04,FCBK,24687673,14168238,24687751,14168391,638,713,81,39,0.3592329672029478
bb6d4841e3703fe23e71b00d7b3548e6a019a09c8e2964e9876da88b1a9b996b,FCBK,24585146,14380690,24585261,14380872,675,742,83,43,0.20080161382267478
5216df5f29775fa584db15204f7d06557df3547c822bf71ce65d8c2c885c9a61,Zigzag,24693266,14192260,24693022,14192031,317,331,48,91,0.39047584153121234
d2ffd214b8bc217916d24dc6e3970baa7b5dc3c46ea3bb2747dd557791a145df,Zigzag,24565572,14342615,24565313,14342362,300,307,83,43,0.10703853619127814
fe413d45d8327fe43b06f27882c0072b29a2f045483695df0b6511c22ac9c404,Zigzag,24806046,14248472,24806596,14248912,1111,1000,35,87,0.20071850655190748
d2b41b806e5f6f2bdaaf0c240cab72ee7ac609a5a6aa0333683f3005d542bd7a,Zigzag,24950516,14260928,24950484,14261427,528,1059,98,56,0.1282363081052785
d2b41b806e5f6f2bdaaf0c240cab72ee7ac609a5a6aa0333683f3005d542bd7a,Zigzag,24950516,14260928,24950294,14261004,337,636,46,97,1.567051123353918
1ed57d870dd1171f4ba9cd3c3c7dec399b71f4e8c7e0c08830e65095ea90a1c7,Zigzag,24806978,14278552,24806837,14278014,419,22,99,47,0.20238622796078554
4c5d6ed3abb6a212a59d407a747da1c886ef48f27dc8875353f3e97d9d17ff82,FCBK,24714703,14183910,24715062,14184428,919,1078,90,44,0.04807206753031541
913258984e56a1ca6a5fa50160cfefc2865df066f575a527107edc84187c66a4,Zigzag,24946788,14260928,24946733,14260466,505,99,88,49,1.5535366460862021
32805eb758f045acbb1146815d946bfcdf48ce3e7c524c4af2ebb16128d0e7eb,Zigzag,24954245,14259890,24954035,14260349,351,1019,98,55,0.224764803890235
c7635c515de3625df098fbc3bfe3cb8895bc53da9837093e1000c2351ef91eb0,Zigzag,24783676,14237043,24783990,14236671,874,188,39,81,0.0036617388280883183
b03cbcdc9b58755d59bf94d1dbccbee6a24e6a6b995f4840672bde0da7693116,FCBK,24653187,14320953,24653398,14321285,771,892,39,79,0.12826943117133635
2298f504d7dfe1462a7aeaf3db2726f335a9582a8001db3140c054c6f1c4b26d,FCBK,24713771,14197476,24714006,14197498,795,581,35,79,0.11800023207372039
e25c5ddc02602326b6f62bc29cee05067120d89b4440202b5b958d6a0f6329ef,Zigzag,24686741,14209985,24686353,14210230,171,806,81,37,1.5610049487311113
5f91194b598f2d59395ebc01fcc70b19294095e1957c3c71423f6c7f1ee3f406,Zigzag,24922554,14312691,24922557,14312923,563,792,47,88,0.4157376555253225
83f55d7928019795891e5a56a925b6841d7cad7f7c0ca878dcb6495b9b6c3da3,FCBK,24661575,14168238,24661852,14168686,836,1009,37,74,0.6171798594587022
682f23cb676cc98fe0d2edf4b1172c9d880513143bb0c8796a272983e0d40b18,FCBK,24738937,14350857,24739034,14350941,657,644,72,34,0.03913106176972761
c99000cb36b34dfd9dcce758b2a1d3b07a9cf2af00bc762eeb6af39473f6297f,FCBK,24753850,14379662,24753686,14380072,396,970,75,40,0.12531645989800766
1b9a221f7bd915bbca17baec4813d6ea05cdb415f79ef48f2a9f2b162ac4771d,Zigzag,24820959,14259890,24820994,14259924,595,594,87,44,1.5605024102334133
22fbba61ac3552b248c8324fc5e2d742fc387a15888197407f1daf63e5ac856c,FCBK,24657847,14395067,24657487,14394823,199,316,36,80,0.05765045928592166
49bc81457a924d6982965967099228809755e28c7e8662a48322d12492244161,Zigzag,24858242,14273371,24858581,14273787,899,976,86,38,0.01431314991595516
cbb4f6bdd2d7a8f7795566a5f6bd34b41fbe44d5c60d879c99d4c21c33f1b7ed,Zigzag,24803250,14298219,24803481,14298025,792,365,84,38,0.006668425852544462
4bff04b256e1776c2bd6a74171af9ec7f443efa4d2f717ec6c18fc9e0b80d22a,Zigzag,24971022,14246395,24971557,14246776,1095,941,49,104,0.2234442421742056
20c423099a7df08efd8a5cb3a1c39abde66f90efc890815f1e87cc738502bdb9,Zigzag,24965429,14243278,24965110,14242827,240,109,106,61,0.1608047458989948
20c423099a7df08efd8a5cb3a1c39abde66f90efc890815f1e87cc738502bdb9,Zigzag,24965429,14243278,24965494,14243613,625,895,51,91,0.35857723036354305
20c423099a7df08efd8a5cb3a1c39abde66f90efc890815f1e87cc738502bdb9,Zigzag,24965429,14243278,24965100,14242986,230,268,56,103,0.019161489816201353
5f55fa6ce6c0ff0ac9dad421dc01a291ca9a32886b68319281de2eb48bb245df,Zigzag,24659711,14225603,24659482,14225219,331,176,35,73,0.027978592007073224
374db589172839d09d38aed2924cba32182b6a97b5c29b8539d4c61743c1ba87,Zigzag,24964497,14238082,24964752,14238331,814,809,53,105,1.5461113534928976
9b3f16cba45619f2b52febfcd1d0fd51f892a3f075a09fd14e8740c1b0f5f2cb,Zigzag,24683945,14323018,24684043,14323461,658,1003,73,61,1.4137831399846044
7e527dc99da82ddfe1b5fc774a6ea5ad97715016489d40db2546ee21c8dde2bc,Zigzag,24721228,14189130,24721381,14188912,713,342,46,93,0.16274459243700853
1a9744bb8aa2cbebec70aa84e58924ae93da8d0580291f7757cb3acc330e0894,Zigzag,24782744,14230804,24782395,14231137,210,893,35,80,0.10720532497692276
f1082c0ab1ccff67d8388026ad662a7755a241c06e7120708389b0bd80d72622,Zigzag,24869427,14240161,24869230,14240380,363,780,46,87,0.18940330100189245
f1082c0ab1ccff67d8388026ad662a7755a241c06e7120708389b0bd80d72622,Zigzag,24869427,14240161,24869344,14240152,477,552,46,101,0.08199761476483328
f1082c0ab1ccff67d8388026ad662a7755a241c06e7120708389b0bd80d72622,Zigzag,24869427,14240161,24869513,14240163,647,563,48,95,0.30613629283803384
65e6939af1cdb368ac6a3174fef9355a85b7f846c5a111162faa04012017e0bb,Zigzag,24908573,14228724,24908504,14228185,491,21,114,44,0.04319727182941226
65e6939af1cdb368ac6a3174fef9355a85b7f846c5a111162faa04012017e0bb,Zigzag,24908573,14228724,24908940,14228534,927,370,79,43,1.5243127141803265
65e6939af1cdb368ac6a3174fef9355a85b7f846c5a111162faa04012017e0bb,Zigzag,24908573,14228724,24908270,14228854,257,691,93,49,1.5219386392265755
65e6939af1cdb368ac6a3174fef9355a85b7f846c5a111162faa04012017e0bb,Zigzag,24908573,14228724,24908425,14228613,412,449,105,51,1.5337454976033327
6f922289eda3ee6b06fecfba2454d7f2dd05acfc7f4f6ab02fd8fabe5ace304e,Zigzag,24915098,14229764,24915317,14229719,780,515,53,100,0.04451590691484058
c52b1949f49febc4af839b02acc678c93f93888ee494cc9c3f6a7292ff18e015,Zigzag,24764103,14225603,24764439,14225614,896,571,34,78,0.013907569207287505
6270c130009fda54c100fc551c574c60c6428277567fc81951cf007a8439b6da,Zigzag,24960769,14317856,24960753,14317431,544,135,41,82,0.45203404446958056
dcabb1166230376cedf307365a1abe76fc83b501e3a454fc3e2432695616c7b6,Zigzag,24873155,14238082,24872798,14238197,203,675,41,94,0.2247341608929423
dcabb1166230376cedf307365a1abe76fc83b501e3a454fc3e2432695616c7b6,Zigzag,24873155,14238082,24872895,14238024,300,502,90,39,0.061937919775543054
1d96d1d3e701da34326fee7f1881be8113b9bda4991e9ce2871e3956e3625d97,Zigzag,24815367,14342615,24815355,14342643,549,588,43,86,1.5650291182962754
1d96d1d3e701da34326fee7f1881be8113b9bda4991e9ce2871e3956e3625d97,Zigzag,24815367,14342615,24814969,14342684,162,629,81,51,0.00505048683069947
d3c6f716e724492ead87b184a787d64baa6b364db699c74425ea26dd3b7c58c4,FCBK,24746394,14404301,24746513,14404151,679,411,72,33,1.5543023048995999
cc2738f376828e25734105e73347baea30553b85e720f5327d03449ce6ab00ec,Zigzag,24779016,14294081,24778922,14294053,466,531,35,73,0.07603829248307659
e9f90e46fb8304799ba75c4de89e9be7eb539e4c21171ed93cceeba2513901e2,Zigzag,24718432,14254701,24718586,14254379,714,238,47,97,0.12922724537976177
1b5169950388bc21b2f42b3ff049bd1d8ae7d1272f52f8fcc677b9eb9db650fa,Zigzag,24645730,14377607,24645854,14377604,683,557,41,86,1.544531965808426
ab7f4b699851213b3691d50810ab795534b62da6bdd0f77185c618efdd3d1dd6,FCBK,24775288,14375551,24775705,14375505,978,514,36,78,0.46162858163929543
a58b4653fb454acff0d0f88ef1ad9e0a67ee01a76e99c83877798f0872b8c647,Zigzag,24806046,14236003,24806360,14235938,874,495,40,74,0.10815085535482018
9dc32d4bf94bd5f7b0b44d5e9b978050260f69d8911f10ec979cc54db8186378,Zigzag,24804182,14233924,24804344,14233675,722,311,44,90,0.15988737012724658
56a5e5731c8a6b03f4549ff9627c521235d97925ed6b16d032feb7d3ddc9d78f,Zigzag,24810706,14302356,24810919,14302855,772,1059,39,82,0.12833551085588393
f0fdc6f32b1fa0e6e189f96d6fe0d2b45e986190ad0da858443e5a29b50b5f1e,Zigzag,24708179,14353946,24707801,14354311,182,924,36,80,0.27878481284983625
b853574d147b60c34969165e24d21480e3f62b05faafde96a1613ebcdcf10b1c,FCBK,24721228,14258853,24720758,14258914,90,621,35,80,0.2697160502583303
5e143b0bdedca92f01c886d7392c5fe9735b9abfa7a3815777142d511e5a3d6a,Zigzag,24745462,14319921,24745354,14320153,453,792,73,41,0.24799730577846157
275e268b8982b66110273e43906755813b3271eba1fb867d31ae5b6391d3413b,Zigzag,24965429,14234963,24965364,14234565,494,162,98,51,0.14894375877308164
e7cd2ae9550d29e49c7047b8e7c84033b4340af14359e331c0a551f236e8ddf4,FCBK,24710043,14199562,24709961,14199840,478,838,38,82,0.12516964482053863
3b0f1ca967ebe7e605f24d644600b985f93c32f1e05c94187afc92a2f86ffb29,Zigzag,24786473,14217276,24786574,14216974,662,258,91,47,0.26928618276887784
eef421310709cd4cb19a84e007fa31d6b6bedfc992efd748669d62021ddc34e0,Zigzag,24642002,14161963,24641896,14161752,454,349,37,80,0.4755257884451696
a69f19993c4171da05b7e7ea5f00024c0a8c14227dce354616150b07071c72af,Zigzag,24632681,14206859,24632669,14206819,548,520,39,83,0.36055016667810097
a245002620ec7eb0bfccb27af256acae583e33db4acb97a5edd8bcd7a9f53668,Zigzag,24913234,14318888,24913253,14318339,579,11,93,44,0.28828325983846964
c73eb3987f6515513e8f1c92d78165bf27932211c663f512962230414f11e403,Zigzag,24727752,14258853,24727646,14259024,454,732,100,53,0.2283682938717076
380191b2676e85ea0408120f24581e83585d5de24c01ab6fe2a06ec3a7baf63d,Zigzag,24720296,14254701,24720214,14254994,478,853,50,94,0.21263407183541047
380191b2676e85ea0408120f24581e83585d5de24c01ab6fe2a06ec3a7baf63d,Zigzag,24720296,14254701,24720258,14254392,523,251,45,89,0.3120863273454889
4492a3cbe99d1d4684123a076731002068218eb32ca0b415752db2a2a6a3c9fe,Zigzag,24889932,14305457,24889642,14305311,270,413,81,38,1.2530228855205707
f8e7289c3601f07b39723bc094c00f5f46f98f4b70e671fd268d4c53b3eeb7a9,FCBK,24634545,14204774,24634346,14205303,361,1088,34,71,0.42609069426300555
e99d3fe098a1f0412020646f8935559e70ceb74a6081a3b2c6f37ff35e0517e2,Zigzag,24739869,14395067,24740127,14395121,818,615,86,46,0.07050210488664146
e99d3fe098a1f0412020646f8935559e70ceb74a6081a3b2c6f37ff35e0517e2,Zigzag,24739869,14395067,24739533,14394897,224,390,38,89,1.5535279908126594
b5934c61dbdf6e24b84d8f15e6c90b03fac575380f708a9e9414f7a850ae32c0,Zigzag,24667168,14287872,24667437,14288038,829,726,37,87,0.0007034929223515892
219bb0db07b6a10989f77b08c88c76f828fcda3f2c21bbe0931a20326d71dccc,Zigzag,24780880,14289942,24780370,14289615,50,233,80,43,1.4278863090112826
9b286e64ecc4f82cd52bf0bdcc9017509103c03a0952751a14be3ebf82290153,FCBK,24923486,14338492,24923198,14338803,271,871,87,42,0.22045018331868405
3cbc70d21145f481aba307e32372394e20bac0b7f92a9cab17e809fccd1bb55b,Zigzag,24690470,14192260,24690082,14192292,173,592,58,93,0.4456943229156197
6dcad32bdd7e3794d1b5e0f24c3d14c5d17adb982e472a9cb42533213e72e610,Zigzag,24789269,14236003,24789389,14236442,680,999,43,99,0.2337745608188389
bd195341bd94a3c370ce5c182eddc4ec4505a7d5ce4d59e822090e9d74717f82,Zigzag,24736141,14317856,24736228,14317953,648,658,89,44,0.25225465174181905
bd195341bd94a3c370ce5c182eddc4ec4505a7d5ce4d59e822090e9d74717f82,Zigzag,24736141,14317856,24736173,14318236,592,941,47,93,0.3104604674999955
883ffe526a5b09d5abb5935b33439c304a13ece95bfd601a702d62e9cb7678df,Zigzag,24863834,14257815,24863466,14257489,191,234,43,92,0.306766896094651
883ffe526a5b09d5abb5935b33439c304a13ece95bfd601a702d62e9cb7678df,Zigzag,24863834,14257815,24863535,14258134,261,879,45,87,0.14616981018165512
883ffe526a5b09d5abb5935b33439c304a13ece95bfd601a702d62e9cb7678df,Zigzag,24863834,14257815,24863703,14258186,429,931,46,81,0.11264224324372518
883ffe526a5b09d5abb5935b33439c304a13ece95bfd601a702d62e9cb7678df,Zigzag,24863834,14257815,24863514,14257863,240,609,40,88,0.3219759094744709
570725281721c6db70a0cca13e618532651e70481a8d3392b9de18895770a698,Zigzag,24621497,14205817,24621549,14206102,613,845,47,90,0.16335959955649187
b2fd0bf30a819327541f750658783a3a94707804a894d4956acf44506e7450f3,Zigzag,24796725,14200605,24796531,14200862,366,817,43,86,0.11959749622700903
9948d7c00b1967c3f91ec2ce85727dd0b2c2ea021d691db22bf674111dc78b6e,Zigzag,24806978,14277516,24807151,14277294,733,338,87,46,0.1382423203081674
51d43d6ffbda3de9ddd6255204eba680ca2e85f95e9e4f03684bead577fd473e,Zigzag,24820959,14382745,24820656,14382841,257,656,35,79,1.320904065387546
1a6d4a8e57f1a1e39ebc9304cfba21f32a4cbf63c81ab5025a3955437cb028d0,Zigzag,24614972,14382745,24614985,14382453,573,268,35,79,0.3277757416964454
a0915fd9724754ab354440d1c7d3856ab43b5c881abd7f5aeda10d041ca207f2,Zigzag,24654119,14165101,24654323,14164624,764,84,87,42,0.0922221726246768
ddef5f2afe97ea329be23baf47ec1f2c607749b269f63c8f1799975d6f47de63,Zigzag,24656915,14164055,24657392,14164565,1037,1070,45,83,0.39139136973495436
f4b34020bda56388e93d08b6c144b2b427ffcf7feaf433b7171164b81f3da1a7,FCBK,24690470,14263002,24690424,14263211,515,768,31,70,0.3251289923365838
a365172183d6e67cb8ec6e2c4793448f1fc01f828c8d20fa5484ce9e47d36d02,Zigzag,24664372,14145213,24664782,14145215,970,561,89,45,0.19702257159109554
a365172183d6e67cb8ec6e2c4793448f1fc01f828c8d20fa5484ce9e47d36d02,Zigzag,24664372,14145213,24664458,14145596,647,943,41,89,0.25063773013073426
4691dbade0a048ad97ac51b82bd446d1c0a99777ee733a35ae8ea8d332078891,Zigzag,24977546,14297185,24977906,14297087,919,462,49,86,0.2959082229345028
1d36d288d734f4f2456867f52571e5bf08b7c203cd4cf3f443b9c2354fc9242f,Zigzag,24822823,14314757,24822936,14314464,673,267,41,83,1.5226679458910937
5053a1f3e7d52f0797c43658f30d2eac86f45f53251fc0a4ca86e73fc86d334f,Zigzag,24941196,14297185,24940913,14296825,277,200,46,86,0.19257467645174287
5053a1f3e7d52f0797c43658f30d2eac86f45f53251fc0a4ca86e73fc86d334f,Zigzag,24941196,14297185,24941113,14297494,478,869,86,46,0.09237245813394133
9814af245b39cd075b0e255b6594833354a05a3568d75e371d302a2032e09aad,Zigzag,24758510,14368354,24758077,14368817,126,1023,47,101,0.1929424257087692
0c306c662dd7178e531987b4914735828e9a465670c66b124f0b05df997c2752,Zigzag,24815367,14378635,24815668,14378128,861,53,34,80,0.25309289833967835
19b5e28af0cc77d946152995b733a8921d291aeb4eedec592dbc93b650edc0cd,Zigzag,24817231,14257815,24816842,14257701,171,446,40,90,0.23465982885469486
878150d66fcabd6446ad4406fc2336323ad8aa1894a1e2e01d0601861e3d0961,Zigzag,24655051,14383772,24655346,14383364,855,152,42,76,0.4933240269053053
9cfd2d7541b170d921e4836e453e14a11dc3993c1d2b40a64993ba0a99876666,Zigzag,24730548,14218317,24730440,14218646,451,889,44,77,0.19870906828565865
7b765f94a84cb99dcd8b347b99e34f97fa1e2e8996c81f17ebcdb06c13aa4058,Zigzag,24806978,14250549,24806825,14250824,407,835,41,90,0.10175482458856093
9a6b855dbb28f3825443fd54bab3ac61f9a3e93dabd3d9d24542e30785234a2b,Zigzag,24651323,14147308,24651201,14147493,438,745,80,42,0.39192223760874806
8a987e74f841b902b84eb333516dba5433efd615a1524250b2b404b0fd9e34c8,Zigzag,24895524,14273371,24896024,14273549,1060,738,54,96,0.21555321264051674
824da0e6977f829f59a4ddc788e145483031a4d5b234d07e2791049466da1a23,Zigzag,24761307,14332304,24760809,14332094,62,350,85,43,0.22476224059768582
74c58a6ebc57901821e986ed7abdbaab48f7522517d9847a2ccd553b092d4d0b,Zigzag,24662508,14183910,24662588,14184074,641,724,72,39,0.22376871506351814
6865c3d4bc110ed747833521e0e33724f6ca6c15751d7e00e00a9b275bd5cd76,Zigzag,24738005,14296151,24738406,14295873,961,282,80,46,0.2869402609902563
6865c3d4bc110ed747833521e0e33724f6ca6c15751d7e00e00a9b275bd5cd76,Zigzag,24738005,14296151,24738262,14295669,817,78,72,53,1.2599598875280091
b42851c78a9329b20dd2a1af2002fa7864bbd99e2dbd45671c8fc85f89b59400,Zigzag,24676489,14268188,24676885,14268686,956,1058,33,67,0.15697257360366848
14aa076917eae59274725c598f74818994e0621d1189e528e83ecf5c2b53affe,Zigzag,24723092,14223521,24723544,14223046,1012,85,47,106,1.538733065692833
32486375de99dc0e7cfeb524dcda35870251328a8fdf1791e7a07b04299e5ac9,Zigzag,24634545,14229764,24634783,14229521,798,317,39,82,0.2753444081956174
83575d47272f5e4248ae5c8e453d77c7d58f311b79b2400198692cebe21dec56,FCBK,24829348,14376579,24829271,14376548,484,529,68,31,0.35326269267120813
6357426fa870e3b2c21b131427771c34b6a86e7f0d61b9260644534668c698b4,Zigzag,24836804,14223521,24836951,14223188,706,227,46,81,0.3611131589325437
d5cde5e58cebabbd56c5ebfbfe8a03b0af1ce1293d11e21506979ec88da468b8,Zigzag,24662508,14145213,24662556,14145003,608,350,48,94,0.1437467164190897
ed9d384db1eb8f12f111d92ed386da021babae3c14543f69dda2844e4e5be227,Zigzag,24821891,14243278,24821823,14242896,492,178,33,74,0.08502254132186456
e86c8df2845fc343228d15d0c4cc542a9b388b749f97499aa803d254d76efd2f,Zigzag,24767831,14323018,24768321,14323065,1050,607,36,68,0.02967338819350222
0ad761515d73698829c5d520df1dc8e61ffc02ef71c559da2c3f90ff8c502af6,Zigzag,24792065,14375551,24791900,14375032,395,40,45,91,0.1778579151099105
2dbbfbc50ba4b0c8e778f77e71649d7e9088a19593191b836697531b3a657b87,FCBK,24816299,14384799,24816589,14385050,851,811,62,30,0.46435016582578825
80ec4c86d07a1869b7206acc36aeb81213199cd1d3b02516b6ff4229e0bdf1b3,Zigzag,24764103,14188086,24764308,14188126,765,600,99,52,1.5619493056536533
80c74f4e8e98ec3b062da7821537caa78e8d3a441ca8ebe07a967a49247cce51,Zigzag,24847057,14268188,24847237,14268651,740,1023,47,90,0.29295044964883354
80c74f4e8e98ec3b062da7821537caa78e8d3a441ca8ebe07a967a49247cce51,Zigzag,24847057,14268188,24847269,14268535,772,907,49,104,0.25316417118835155
9800c722e71f0e2783f6d25b47b33662c8226c559c1cf8ef591471b3daf6a743,FCBK,24741733,14352917,24741601,14352658,428,301,79,47,1.5325667825048637
c9693356c999d557a4ed55f73403f90d5c0eb454a558cd3ecd197d18960a66f8,FCBK,24654119,14222481,24654169,14222769,610,849,76,37,0.441721286043385
7ee532e4e9ae3a0fcde5ba47277171a457c74e0ff209aa4d04677791dd10d5e0,Zigzag,24742665,14356006,24742557,14355931,452,485,37,62,0.039116967821896206
db6019f9192b620797b5ad077a5e3024b0b59bbf92179aa570b29e30277d1dae,Zigzag,24715635,14298219,24715531,14298528,456,869,36,82,0.006443556228298196
14aba8fc6604ea658ec37b007c1fe13a7d3e138cc0e0ada7e0dfb5a19fa81923,Zigzag,24726820,14314757,24726350,14314719,90,521,75,48,1.5542307990243311
bd50a3de7cb4cbf1655a5201e7896356058bdccea046e7b1c36fbadb2162cc2b,Zigzag,24736141,14196433,24735779,14196112,198,239,92,46,0.35835259272559483
345b0fbbe663efe941c1ec8f2a83b5fcd38623f5ac5c6fa4285c838b9d4bc84c,FCBK,24607516,14309591,24607259,14309838,303,807,33,73,0.05025529370244876
c19fe546b98704a850eabb46f90aa37e1df6e5cfa4e825868dd8b8c65101257b,Zigzag,24708179,14206859,24708456,14206651,837,352,38,75,0.7700554926204201
9b36afdc34d8e86fb728f200ae5af3b8915c526e0a90846318e4773a7f6c23c2,Zigzag,24973818,14237043,24973944,14237117,686,634,108,45,0.005627977708623641
c7509e15dae72c83958c8fe3a3f915afb74137639c47646cc7d1302e264ab9fa,FCBK,24601923,14220399,24601787,14220900,423,1061,96,44,0.1389114062425362
c7509e15dae72c83958c8fe3a3f915afb74137639c47646cc7d1302e264ab9fa,FCBK,24601923,14220399,24601529,14220282,166,443,77,34,0.45940976897709584
c7509e15dae72c83958c8fe3a3f915afb74137639c47646cc7d1302e264ab9fa,FCBK,24601923,14220399,24602290,14220920,927,1081,40,87,0.2997041263047336
ae1b04bdb520fd7b38ae8a066d72f1fcdb86eeff97ccc396c79c8d47d5765966,Zigzag,24914166,14317856,24913918,14318062,312,767,44,94,0.014859995715992003
ef15eed139e23d7e2dade903bafdf3419d7dea0e8a6384ad18f0bddb800a803d,Zigzag,24704451,14221440,24704227,14221591,337,711,81,46,0.08659762633669989
1b69eea581b0c8ad66584418dbd9cc6e4a512389fb05976d21c6b6f9e3b96136,Zigzag,24950516,14281659,24950478,14282008,522,908,42,89,1.3596337513302958
e8751eee902ab55405957c3b10b74f6676f4e5d8a5990ef69ecbcb5db0ed7960,Zigzag,24798589,14326114,24798981,14326516,951,962,43,82,0.09687879301446442
ab1abcce9d78d035f7e5e525ca32c0d165176802424c390431673332335dad7d,Zigzag,24659711,14177644,24659586,14177610,435,526,37,84,0.24035989240433234
48b2b2ff08ce44852f45c4eabdb96ddfa44357b2d96493d8d4e8f26c4e1bacf5,Zigzag,24840532,14263002,24840910,14263384,938,941,80,41,1.4606668925529587
a3c025dc6dda01b83a185df32027142a2d55ac4b1e91a5a80b0202c512b938ec,FCBK,24743597,14372467,24743056,14372702,19,794,34,83,0.4593508798274915
25db244296564a8e396bc6441659561d8ea0ad13f8ceb60017b606c585ec8cc3,FCBK,24695130,14215193,24695074,14214749,504,116,85,46,0.18511774217573695
c5970e6544472b4180c875776a315121a59f7683e679889c02b5c4eee5388492,Zigzag,24643866,14315790,24643374,14315941,67,711,75,35,0.057213625965743004
ea49bbd3356083d502707b93536cdbdfed4eb3c5661b58a44edef782b13a4ff8,Zigzag,24902981,14346737,24903480,14346666,1059,489,83,38,1.4507890949118005
9741d2e854ea85a8a470160d358dcd816ce6350c6d5edb3ffc303e7d2effdccc,Zigzag,24911370,14319921,24911268,14320002,458,641,97,43,1.5424380554013513
b50f6214c934a752a5214993b04e69903eac689329ebe97e42074b338066d05f,Zigzag,24950516,14325082,24950905,14324561,949,38,90,45,0.24197796250363723
cf4fd691e936cc831cbf72a9c379917823ae858fbf3544d8b031e16e5aa35378,Zigzag,24787405,14242239,24787093,14242252,248,573,43,92,0.23541446883908246
3ef6344411d200760f293433aa6517da0bdc3c79021367ff0aaa3e621455212a,Zigzag,24789269,14281659,24788830,14281849,121,750,85,47,1.5650227267096593
ba6b3c916cd05306da3c1d7ec1d702d809cd9b58bf51ff589092416a3a541d47,Zigzag,24627089,14151497,24627166,14151827,637,890,46,76,0.18148146202334275
a93a76bcdb929f429cb49241b3d0262590dbe121db77a93772c12e628df301cf,Zigzag,24612176,14222481,24611900,14222869,284,949,41,90,0.6835273248539008
dc68ded52da4b66c72ee566526e52618bcb420cb2310de40e3dfab123a0e861d,Zigzag,24970090,14287872,24970437,14287580,908,268,51,92,0.09674039186156436
fc9923907dbe3e455690d74a4d02480a0a0cc222ecc78f1bc73475d0375b9a89,Zigzag,24908573,14226643,24908510,14227094,497,1011,51,106,0.04455409414815879
2a09b0c8ea5b31c3339acc2b2d334843d76f44597e061191579ed81ec5b47354,Zigzag,24754782,14321986,24754238,14321655,16,229,35,70,0.06315021983207154
308af6bb12349d5d117f6552aff3236d8cde1319286da0321562fc9436821e9f,Zigzag,24600991,14313724,24600628,14313644,197,480,75,45,0.04759806646817335
60b9e5d32a5ae5ce81076a52cf964e8ddbe25bc05190a4f3ddf2df217288566c,Zigzag,24893660,14290977,24893789,14290619,689,202,48,72,0.04807681128600712
3878cee61703664b6336b6a98a455c8c7b1701f458c2aa34234e8298729992a5,Zigzag,24669032,14207901,24669272,14207708,800,367,39,83,0.10177503132333189
3878cee61703664b6336b6a98a455c8c7b1701f458c2aa34234e8298729992a5,Zigzag,24669032,14207901,24669270,14207515,798,174,93,52,1.567772706851275
3ac84cc30015e27e75b094c6c63c6b0df8c8414929f10a4b57ae45e96fa06504,Zigzag,24942128,14312691,24941808,14313101,241,969,101,42,1.4688980576921213
c01337c3a87b64b882c7ddfa23646d87d03255d0ed74d3a05192f2a12e1439e8,Zigzag,24817231,14289942,24816848,14289647,178,264,40,89,0.16917467837570715
cf2633b8239e9b33a6e0fb53a3ccd410958f55a41afdc2b88b9e4c234dd8c9b6,Zigzag,24733345,14267151,24733390,14267498,605,907,39,72,0.33955843188631024
cf2633b8239e9b33a6e0fb53a3ccd410958f55a41afdc2b88b9e4c234dd8c9b6,Zigzag,24733345,14267151,24733135,14267453,350,862,39,86,0.06818617839081653
dae539196db0bee38b5e8bda8bca5c4c1e3dc107f00fe2c72f835cfc92b635e3,Zigzag,24844261,14260928,24844460,14261283,759,915,44,98,0.25667350178053305
8aae3ecae5e68decd2e3409f9a87b38ade59da53fd9a4b495203b85ffefc0572,Zigzag,24683945,14320953,24683673,14321462,288,1069,44,87,0.2940827258757943
8aae3ecae5e68decd2e3409f9a87b38ade59da53fd9a4b495203b85ffefc0572,Zigzag,24683945,14320953,24684256,14321086,871,693,44,79,0.13252650249620643
45982ad9e5b168ed70ffd68ad33e3ec48b4936f27716f1d38abebb4605f03d5b,Zigzag,24634545,14206859,24634921,14206472,935,173,41,80,0.37000448841642314
c2a70ffba14851065cd40c60eaab76762c52e8d0fbf0d9bef611e4e380ba9f2b,Zigzag,24640138,14297185,24639826,14297642,248,1017,94,44,0.5124409961582211
c75320b531e8fe8e76c990f39ba36b715f3859db49e9f792fd02821be71e80f8,FCBK,24686741,14273371,24687069,14273773,887,962,59,27,0.13598841217622767
2c3756f7cbf5b2244ff90ca874ed04d494bff15a7564107ffe9b01c90aa61eb8,Zigzag,24909505,14230804,24909250,14230329,305,85,53,108,1.1080076388952491
3966775acc7835101dfdcdba8be81b2224d08862f4159a83c177ba79fcf271de,Zigzag,24768763,14248472,24768864,14248889,661,977,41,90,0.05136662666414961
a3a1191bea4529e81d4de1c048ca94fbcd3a36aa265243d47a3f4c8c37e2adf9,Zigzag,24638274,14268188,24638237,14267757,523,129,33,64,0.25518551045572174
589c6aed0734222ddb1c15b77d76147aaa48ed2ab653279ba15729a70e582454,Zigzag,24739869,14387880,24739638,14387819,328,498,44,86,0.011384647475438858
a1c54ebba1eea96dee71c0dfbd36fc4dbf5b63e8cee381ef0a6dee1d70855111,FCBK,24733345,14298219,24733442,14297849,657,189,69,35,0.37013834555071323
962a3a404626b1b3fff194dca077d3eb54bf89c0aa65e42ceafc277c4f4548a0,Zigzag,24685809,14225603,24685878,14225704,629,661,48,95,0.3343898021321981
3830b45dca5d5f36ec310c4074b5a0f617ffff1b918cd43bb407c510e8345083,Zigzag,24751986,14275444,24751614,14275514,188,631,48,86,0.33906121971079245
3830b45dca5d5f36ec310c4074b5a0f617ffff1b918cd43bb407c510e8345083,Zigzag,24751986,14275444,24752154,14275695,728,812,81,42,0.1263318483202492
cb96bc4008b0f93baf70a9a84a616332fbdcb14be6dcf0bdc612de4d8437b99f,Zigzag,24663440,14420700,24663508,14421220,628,1080,76,30,1.5617779312375066
2defbae3024ede2faab79b04ad6308b89b2bb17e0362a5c38cc64368eb51bb63,Zigzag,24829348,14250549,24829698,14250124,910,135,45,88,0.10244415054721431
7a6ec9942440e470d9fbac8de43343d71c1f1ef758bc2d7d8cc1642b89cb05b8,Zigzag,24724956,14263002,24725161,14262989,765,547,89,46,0.4429715070171226
264546bda4dc1693be60874d4ea59dff62b8e801e7151a0bb1e3e2041d1945e5,Zigzag,24829348,14205817,24829465,14206320,677,1063,46,87,0.19650442031150697
264546bda4dc1693be60874d4ea59dff62b8e801e7151a0bb1e3e2041d1945e5,Zigzag,24829348,14205817,24829085,14206012,297,755,45,95,0.20084257656919155
264546bda4dc1693be60874d4ea59dff62b8e801e7151a0bb1e3e2041d1945e5,Zigzag,24829348,14205817,24829273,14205988,486,732,79,42,0.05292215825091889
80c39d12bac91cdfe5fc94684a5768a77d2814ac5597ac41a5902344bfe2a7ec,Zigzag,24935603,14292012,24935904,14292510,861,1058,46,91,0.13450313394677685
80c39d12bac91cdfe5fc94684a5768a77d2814ac5597ac41a5902344bfe2a7ec,Zigzag,24935603,14292012,24935387,14292475,344,1023,43,94,0.1020418051631522
45d67e514c1b2c6ad127d05728a9fce290043e0165481173dc3db9d590554f94,Zigzag,24813502,14245356,24813222,14245559,279,763,87,43,1.5644814392181006
a4a50a503c22f53d0065a134b835b15d2637e471c5acd463b4cbb1bf813709c5,Zigzag,24871291,14344676,24871763,14344434,1033,318,47,87,0.09364169574233787
68229fac33c4627d96d514419b77244bc1112f3a30d0793981ab59e34814e48d,Zigzag,24798589,14258853,24798556,14258966,527,674,45,89,0.06739777867842299
c8199762f2a935cf1860c2755a6a1f049358966ec44c217d01d41fe3e6596764,FCBK,24740801,14274407,24741188,14274661,947,814,33,70,0.06257407821974653
1e431f1da8ee77b2c7863c0113e20d5ca2968fa3d546c67923f7ca7f0c895d3e,Zigzag,24668100,14226643,24668346,14226222,806,139,38,84,0.4231740335266644
d96053a4a11d4ae738a3d3c641c033222ac284f08808e3cf47b9270d997ca96d,Zigzag,24659711,14150450,24659915,14150672,763,782,44,90,0.27293740991289017
6978e890b47a3f5e974f6d4a12a28bd290af2bd97889d8434b9cda0e94bd86d4,Zigzag,24725888,14285801,24726218,14285300,890,59,40,84,0.12155718331514384
01d9cc75ea6e23a521b5713feee1c6a4d4cd8e08fdbe586bece5262cd882b3bc,Zigzag,24812570,14249510,24812255,14249068,244,118,82,35,1.5643654585526277
330afe77bbfe762a8e412afb58ed3d8d61c1c036a03af5f0c2b16b4c141d93d8,Zigzag,24675556,14180777,24675789,14180802,793,585,88,45,0.29774959909121085
c817c634156d73795026edb86ab5b65635c20ff9c281a401e964ed26c8f4dfd1,Zigzag,24858242,14264040,24858462,14264003,781,523,109,49,0.6676833140016651
c670e5cd853be6e7d5cc65fe362020a582c2549ed832515c1b21c5b5d3b77746,Zigzag,24932807,14309591,24933108,14309615,861,584,41,93,0.09164852772587373
b1fb04f8b7cc4837c5496d223407f15b5eff275cdec09fa5caf395bfeaa8e1b6,FCBK,24780880,14375551,24780965,14375529,645,538,41,79,0.41365266670789946
774822a59fc256477a9cd5f8c49fc0271f384f4aaedc18cbae66f63772bb870c,Zigzag,24813502,14276480,24813880,14276745,937,825,84,48,0.4162526443011166
fdf8be45a61df0f10985d8f3aebece9a6716707073a4c33a641531990a657844,Zigzag,24968226,14248472,24967902,14248132,236,220,61,98,0.014652354455344489
69266bf0b43747e90833780987924fe0235ae0a11a142b79c8233ed0eef73be4,Zigzag,24734277,14269225,24733903,14269583,187,918,96,40,0.08670590047976842
69266bf0b43747e90833780987924fe0235ae0a11a142b79c8233ed0eef73be4,Zigzag,24734277,14269225,24734297,14268922,581,257,91,48,0.08627739786037467
69266bf0b43747e90833780987924fe0235ae0a11a142b79c8233ed0eef73be4,Zigzag,24734277,14269225,24734593,14269414,876,749,46,88,0.19898715223773336
bddde5f41031ecc26d979c46ed964797f966265d50f5cf117b77ee31aefbd758,Zigzag,24882475,14303390,24882102,14303047,186,218,53,100,0.3428940411516345
02006d5e2165d314b3d2cd9001f31c18161adcfc3c745a69658f549f4f265b5f,Zigzag,24832144,14327146,24832318,14327599,734,1013,84,45,1.0201360395168393
02006d5e2165d314b3d2cd9001f31c18161adcfc3c745a69658f549f4f265b5f,Zigzag,24832144,14327146,24832418,14327460,834,874,42,77,0.8890113750841802
3c76e231461691e3a76a926feb0836af833d4f6a101e87da5a167a9cff4afbeb,Zigzag,24683013,14173464,24682736,14173756,283,852,40,81,0.2826580976944907
236fa0ae1e79de6139cebc7ce5abfd729213899a8a54d251ac50ba69e98a2b22,Zigzag,24642934,14156731,24642530,14156557,156,386,97,51,0.0913513355929777
61270b0411d1025ab438084dd5c1633ae8dbc20e5fa4d7e41ac4e18b898dda3b,Zigzag,24768763,14263002,24768639,14263131,436,689,46,102,0.14113961486995663
a5e51b6cba6d467079a32c92eaa1f01b093cbafcc31487726fb954f62f383700,Zigzag,24696062,14309591,24695797,14309188,295,157,37,71,0.17593647767293194
f640a3f7c03177a78c5e3898cf77ba2ffdf32c9474d6d3b2e01a423341586d64,Zigzag,24693266,14288907,24693175,14289034,469,687,39,81,0.07755318173489772
3b1cb103391a96fc141dd19666be42daeebf074cd208107c7fe9f16ad8fb2d5d,Zigzag,24609380,14390961,24609306,14390564,486,163,40,80,0.2142346316505481
3b1cb103391a96fc141dd19666be42daeebf074cd208107c7fe9f16ad8fb2d5d,Zigzag,24609380,14390961,24609556,14390803,736,402,40,85,0.1653418569348651
30dd5c203230b2ce30e4d3eaf256051753593b86630d5ac794f23c3b2f9afb1b,Zigzag,24600059,14313724,24600120,14313468,621,304,70,38,0.03422667169121095
142c920f9be6474a1571a315575ecfcaca164e35422e152c464efc32348c30a1,Zigzag,24728684,14294081,24729058,14294323,934,802,41,81,1.5641797030665947
142c920f9be6474a1571a315575ecfcaca164e35422e152c464efc32348c30a1,Zigzag,24728684,14294081,24728877,14294094,753,573,50,81,1.5655222025721036
091882b2f801d74cbf01ea772ebdb1127f84601b2f1299ea3d73efc7ad6dabaa,Zigzag,24659711,14184954,24659290,14184621,139,227,43,81,0.523562623186501
a43adb8ac1d5dad16acaba98c9e31b041299fb70f554643aa21ff2c661136871,Zigzag,24661575,14141022,24661992,14141379,976,916,92,49,0.44969325902945545
da17b22e651d5243b39fed59a57817dfbf24e0ba20a9edf87435c1735d143441,Zigzag,24821891,14395067,24822177,14394633,846,126,92,41,0.33623517303054123
e3a89c09d40542e1b718fbb59eedde31d1e7f36f1f97ebbc0f0759d5c36ae7a7,Zigzag,24738005,14379662,24738207,14379823,762,720,42,79,0.21964251313909025
d2da8b1ff7020a2798383ade10a9b06f99f45c6ce3f4ee1811af8409b771bb7d,FCBK,24760375,14385826,24760905,14385545,1091,279,36,80,0.2501215595772065
d2da8b1ff7020a2798383ade10a9b06f99f45c6ce3f4ee1811af8409b771bb7d,FCBK,24760375,14385826,24760462,14385786,648,519,79,41,0.005081357132952422
b4114937ff1550af91206ba40f4d1dd6d83e1d3baa0ccacf1abaf2535a9b4aa8,Zigzag,24608448,14215193,24608604,14215281,716,648,40,84,0.23819976915465546
81038df59ad203c42ab0a8bd0445c1675a7fb37ed4b98aa98d2c7ce8d63054ff,Zigzag,24857310,14314757,24856876,14315152,126,955,47,94,0.11154245758206333
19d2b1a8d2a748b8f260e0c45d4663de09716acd78ecdbb71b983dbbfd226a70,Zigzag,24669032,14395067,24668860,14394917,388,411,79,31,1.4848284215427028
0f723ee09bf7b121cb99de2e2092bffd31e7364ad5622fd5557fd98c93efa4e8,Zigzag,24639206,14136830,24639582,14136395,936,125,36,78,0.10835408783550685
87aae9d27bae75eb2e277b079c92e2fa52fab8b40946b536cd8e0367f344036f,Zigzag,24744529,14375551,24744823,14375607,854,616,78,42,0.1270646170941845
4d3a69cf2e77ac9e07da0de52f2d84e34c7e9b0c186c0e4a8eee113ab3b0a3ce,FCBK,24682081,14196433,24682122,14196024,601,151,34,77,0.45899847703624674
d4950eec48413f14b6ea4fcb2045d1197f8d291c91053834af23e41c24e8c786,Zigzag,24735209,14195390,24735375,14195321,726,491,44,97,0.16559575605529053
e6022cbd2a4e4ae1bfbfc345274e7cc5d64804af2cb2f61d5eb702a46cdce9e0,Zigzag,24663440,14153591,24663067,14153713,188,682,45,94,0.24514134847021743
e6022cbd2a4e4ae1bfbfc345274e7cc5d64804af2cb2f61d5eb702a46cdce9e0,Zigzag,24663440,14153591,24663238,14153788,359,757,86,45,0.2046784440005304
a7225e3e71f418aeb29ceb6fa64c28112e5ac559b66897b6c135564acb646e78,Zigzag,24798589,14300288,24799075,14300098,1045,370,46,91,0.09528826998768503
293b3f53bceade752a417eeafbeedadd80824b4b789f350639ffefd6190e0cb4,Zigzag,24693266,14301322,24693449,14301551,743,789,100,50,0.3737862104538493
836102dbb33d1e615af856da135f5f13f62eac48038283e699a0463d705daa22,Zigzag,24781812,14243278,24782279,14243692,1027,974,42,81,0.06521326253763664
1a949df7c7eb4134498c489b9f9a55e71df6d4289a7cacacc45fcb51983a71cb,Zigzag,24587010,14375551,24586850,14375085,400,94,43,88,0.36627353288727665
971ab5126125674121949f5c118ef3fb66d5fe2a1505e6912d79fb931c8096d2,Zigzag,24782744,14327146,24783026,14327672,842,1086,86,43,0.2584558556295822
07f8a12c7266e97fb9d1a16ff3270ae028c29f856029933b843f0b31832556be,Zigzag,24776220,14241200,24776403,14241399,743,759,39,86,0.19163747677463036
b629b2c148a28daa7e6f6a3a122c458c30bf89e406e62fb411dac4f0c991b1fb,Zigzag,24650391,14137878,24650515,14138115,684,797,46,87,0.33369075563556594
fb79cb63f2141d730910aa8fa49cefc05a215b3a8831f8debe193b19804b29e3,FCBK,24733345,14296151,24733116,14296621,332,1031,32,65,0.5756581820081406
238a083a3c4543cf15542600dd26ff06a2ebc93d1d21c2f9cda90a5233428482,FCBK,24570233,14361152,24570104,14360899,431,307,98,45,0.3771939248056874
5ccc306a9349e9968caae623af3b17e4fbdacf19cedcf8401ef2598574548be1,Zigzag,24738937,14187042,24738539,14187190,162,708,53,101,0.5974431060410977
891310abc9d0187ceec4641afd3b1716e62f2c38976fc78a108da5c7fdd0fc54,FCBK,24754782,14383772,24754940,14383897,717,685,31,72,0.19590727301608396
6bc222cfd271abb16f29505a66aa2006a73164a6d8b591b2eb9f2176feeda812,FCBK,24598195,14382745,24598137,14382246,502,61,33,70,0.002367589220229223
01a1cdfec069354bbdf08db7810b31e230b4e72776179d2b6874d55db0acc357,FCBK,24740801,14350857,24740927,14351007,685,710,79,42,0.0891179587685668
ee7d10f36078daba89aaf6a9a4fac193d5c41bdac8240abdb15d58fcb30d978a,Zigzag,24637342,14233924,24637559,14233928,777,564,35,68,1.0117729813246907
c7743f44627caef3cfd2cb52a997738a3c9bd58b960e3102e632657fbb00c400,Zigzag,24679285,14163009,24679262,14163212,537,763,37,88,0.265936209078424
b431d702d2993770b014a66b36a5259e3f2b0e85d68161d54786c16c8966ceb9,Zigzag,24943992,14325082,24944529,14324704,1097,182,48,97,0.08619721174442806
34628dab180e911524735b9f3a1dbe24fa5a325514fc4717359b0011ea678342,Zigzag,24922554,14319921,24923001,14320239,1007,878,49,91,0.22080849499859734
e9b501c9750cffbebfb5bf3f08363a27fde1b13fc112d6f36879ab6203c0c70b,FCBK,24760375,14388907,24760093,14388833,278,485,40,80,0.0010606852423692638
faa98fc2fe9aa79c01be94626bc684fb5a3f0d9e52680f54ba06d331173bd921,Zigzag,24937467,14293047,24937899,14293450,991,963,42,82,0.043098572582700403
1d796b2e45a6bbea5ec90d2a97eb469886a8f870df7be2e761b053add94d10ed,Zigzag,24979410,14228724,24979308,14228872,457,708,45,95,0.1797976451346265
1d796b2e45a6bbea5ec90d2a97eb469886a8f870df7be2e761b053add94d10ed,Zigzag,24979410,14228724,24979416,14228843,565,680,97,51,0.14368141903811232
8fc685c7a8cf590d76b16ac23e1c7a84910460814931da02c963810080142985,Zigzag,24647594,14267151,24647474,14266885,440,294,93,44,0.15091990752570453
70e1e3f0916d11aa1ae404484ffd96574ae15db4468e5fbee083c6d3e0e1cb10,Zigzag,24811638,14285801,24811267,14286213,189,971,83,44,0.04936632220820189
7fa9bace2d0995fb7ec83b3f4391f8ca1984b071114645deda987ef54052a3b2,Zigzag,24711907,14207901,24712081,14208312,734,971,81,44,0.19711649795379124
db512d82cb4ef191ed0537081bcef7a453cef6fac70976dfb02ac027a93bec15,Zigzag,24764103,14192260,24764092,14192358,549,657,49,96,0.20442381251080516
9aa3c4df6d3835f6881587f8fe4fa146ac5894a5bd88569b1352edf232e29a87,Zigzag,24653187,14314757,24653468,14314417,841,219,76,43,0.0977731906994323
536d1ac3f4eeb8e5debc4fa74fcd11bbd1755c7f8188a2abc2b8e1a553caf629,Zigzag,24816299,14344676,24816380,14344447,642,331,42,82,0.07262025838201439
3fe4109a31ee5c2d437cff7040a8f3861c8b80ebdb6f632adacd19309323809a,Zigzag,24633613,14253663,24633812,14253270,759,167,89,39,0.09288994362325735
0b90512eb84505f4eb673aa5338dfe54e59cb739239726f788b1d302e4c74c5f,Zigzag,24730548,14289942,24730364,14289462,375,79,71,34,0.11357099570675509
66fed2e248dcfe338f8da2895ea0eadec782f182bf9c62604107b840d25ca239,Zigzag,24962633,14305457,24962894,14305006,821,108,98,61,0.07009171176266024
b5103a547aa41faf17440251bb7c2362e5f4f9ace3667a6209a0f023c5243ad3,Zigzag,24748258,14359094,24748347,14359577,650,1043,41,84,0.08255280062833073
8566a6c6e715062df9e9a9a1b31818486c93017966876000aaa8024b608cd949,FCBK,24683945,14185998,24683746,14186324,361,886,36,75,0.5633534456655929
f899b482cd50e36f90815806539529d5ca591c10beea5b6c4467d6cca03be691,FCBK,24766899,14349827,24766949,14349632,610,364,37,76,0.27107126635804435
72dd3832c53549d88916d68872137be0b255e240a46c7d3620a51c5167719444,FCBK,24831212,14214152,24831410,14214494,758,903,38,86,0.2368942709435418
9cd1aecf38c69e163e61b5e293acd371945238670d60cb8151fd1e64f5f29e8e,Zigzag,24936535,14292012,24936988,14292505,1013,1053,50,84,0.019382434398731656
b6645feaeab210df399a9e1a40f4614375f29ad5a21caf2cd9a30635bbcc7b38,Zigzag,24747326,14340553,24747638,14340930,873,937,32,71,0.1302203381502523
440c0c857c2f2dfc7c5fa541c317a89fdcc73c54bdd9ec77d5a36f2b9d88ee88,Zigzag,24561844,14342615,24561961,14342321,677,266,41,85,0.4035834543633916
d3a57dbe145b622200d99026dce7440e0414b2933cbb5eb7829128bd001444e1,Zigzag,24873155,14237043,24873401,14237292,806,809,35,74,0.1360550577825069
c22dd6512336c9e884a60a98424c20fa49b59bb0939e2720e9f9da1c39561dff,Zigzag,24810706,14318888,24810354,14319068,208,740,45,84,0.23193524861197568
d4ea3e29bab4344fefeef07746fdf8b806f89754f5b747a49d18365f5ef23994,Zigzag,24849853,14261965,24849408,14261417,115,12,93,43,0.5167964629629912
a20b012796dc51096dcf9f202e33426ea5ca0a7ca611bb0af06a39637e2a3b53,Zigzag,24789269,14237043,24789710,14237361,1001,878,39,88,0.16344175807612082
57bed206092f2c130828ec6f1eb05e621ae31e71684005cf049adb84656bd7ab,Zigzag,24896456,14315790,24896617,14316178,721,948,45,91,1.5600902860547234
a8441a848a12d87d1a3e9873c795ad7488dbe37eebb1920fa5cdb91e76fcb7df,Zigzag,24943992,14327146,24943669,14327375,237,789,41,82,1.3274284105840766
fb7c6e39d127a6dc901f8659f610b52712f56ab33fd9e2c4f5a4557fafaf1cc9,Zigzag,24733345,14264040,24733003,14263757,219,277,36,77,0.2570224923966311
d70e267c0a81b05aa7991de2ff35fe35783211e382b406b82e7cf3099e77a2f1,Zigzag,24912302,14278552,24912281,14279006,539,1015,42,80,0.23979879765216625
42c9e3d5134cef95bee1c3785905226166b8b9ac32899918c1a0ff2db813a283,Zigzag,24732413,14303390,24732483,14303651,630,821,76,48,1.4408645587935112
44a52fc34715107e134696ff036f95e853feeaad06a97bcf5d298391246d3ea0,Zigzag,24744529,14354976,24744437,14355084,468,668,40,77,0.029217107555582184
c6e15280af9d1c2488231586b653b255d7d610c45fcc85d44c7640bc29c3fc0f,Zigzag,24937467,14292012,24936955,14291961,48,509,50,94,0.12195000789830893
c0a98b55a14cb334bd208ae7420fce54801d81ffd284a482f92e39a4b16986af,FCBK,24770627,14358065,24770334,14358542,267,1038,30,76,0.04853407604517373
e1f0b39cd7cd3b89558efe0b53a0a73a99633e5b45d5adf94c8271e4f06eae05,Zigzag,24759443,14233924,24759775,14233793,893,430,84,43,0.4312913152397123
ed2f75cfc11538c30a8ea98caeca89c022c07ebe1d50e5fa7608c150c3b25f0e,FCBK,24663440,14423772,24663013,14423469,134,256,34,78,0.21002563870573235
50ba6ee19dd36d80182c84d25216463b1363ecca7078a3bacc96260135d32c35,FCBK,24784608,14374523,24784529,14374825,481,862,37,85,0.09837807780677335
649bf25abf3e0a2fee7d2727eaa72bc336b14f3c5856c2d2d1a14c292aac8f10,Zigzag,24945856,14232884,24945740,14232705,443,381,88,46,1.5667933293603984
fabc369cd1c9c91662681a04d23c8683382c85e5ff6d8e96f5156ec86580e888,Zigzag,24638274,14154638,24638532,14154947,818,869,40,82,0.2439551265864257
a2519c59b87486b8a6208f6a0d750d5bc7fff94ac90fa1719e7ca6ab10c22642,Zigzag,24813502,14242239,24813691,14242123,748,444,49,87,0.4720115809392418
350ddc3a70388658017b5748b8b910184cd3e1092b7680164162570fb408d4d6,Zigzag,24773424,14277516,24773678,14277954,814,999,48,101,0.2861858207429505
8b96419e2a2b5c284de906a12bb9bf0b520bb08bb0783aa5c823357c3024aed7,Zigzag,24855446,14278552,24854938,14278741,52,749,98,50,0.048986584565081016
175250de19ebe9f67102e330441ff7b2c02f1cff76e53ce4fad21d2128ba71cd,Zigzag,24943992,14318888,24944106,14319002,674,674,100,57,0.1852360364624069
175250de19ebe9f67102e330441ff7b2c02f1cff76e53ce4fad21d2128ba71cd,Zigzag,24943992,14318888,24943781,14318775,349,447,95,48,0.15879286085349445
175250de19ebe9f67102e330441ff7b2c02f1cff76e53ce4fad21d2128ba71cd,Zigzag,24943992,14318888,24943823,14318530,391,202,48,91,0.18100270888313058
ac965bfa334f43aa45a31e4425f2aa6c18cc2a48fb75e00172e6fd5881f1273e,Zigzag,24847057,14216234,24847260,14215812,763,138,45,84,0.03576721467447012
0b1b8d4269ae391928d0a0f00266582ab40204a22c7216fcef556ef61139103d,Zigzag,24919758,14346737,24919492,14346389,294,212,47,83,0.40721620582734147
51571841d838ce39e373ee6273d7b5912f6c10dc324968eba74b02de82616f47,Zigzag,24756646,14343645,24756909,14343742,823,656,89,40,0.0307483690063235
9b37e828036c37517294fc21bbca72c897846da43a7d684413dcf26b2cf46cea,Zigzag,24735209,14212068,24734897,14211931,249,423,44,85,0.362710456375346
da25de59fa3f1d00be7eef9c956a2484172935fa27dfa0c7a38db915f34b476a,Zigzag,24629885,14256777,24629793,14256710,467,493,37,79,1.4314673285710575
d83720ce92fb2118bf451c02a56f8c8223201f188aac2adc5445edfbb02bbe89,Zigzag,24859174,14266114,24859004,14266554,390,1000,106,48,0.23242976433688978
cb4f98ec1bea6e248f41c274ee10edc69af31f69b48038394dc339a7bed75724,FCBK,24703518,14207901,24703083,14207426,124,85,33,71,1.5685852372998583
bac0bcbb81a256fc34dff5d92d17a2a662eec37ab84add85480b44cd4cb3e1c5,Zigzag,24987799,14243278,24987441,14243634,202,916,50,104,0.00269111127780881
9431a4152297e15085556023275888f3d896a022e363d10cef913c3cc9e8f2c9,Zigzag,24803250,14297185,24803251,14296878,562,253,44,81,0.07421492595324021
4ecbbad06e4826e175b6b2684db3dbcb4c3a5e758242527cfd15d710b1ed5966,FCBK,24828416,14249510,24828419,14249685,564,735,46,87,0.07267438713117025
777790840292634b49a34d2e9a8bd29cfcf1c7905a00c5429c77386292d1d29f,Zigzag,24640138,14213110,24639667,14213145,89,595,37,67,0.21984078548224664
e06f7ac8f6e1829933db3fa380771c5af721afdaf29bf762b81603318366b48d,Zigzag,24884340,14292012,24884623,14292500,844,1048,95,47,1.564288626355179
eb1bb698ccca58e1c33688a64c6869a742ef790b974c66cb208d565556dac19b,FCBK,24841464,14415577,24841366,14415888,461,870,31,79,0.35809283465077124
4ad648786c9a80cbb3bf2f781acdddb2fdeb6d8d5eac993c6f7161f7185d9b3a,Zigzag,24631749,14148356,24631813,14148469,623,674,34,76,0.0470083094447753
d47165f7195c81215f3903def67a3eb8ec860fa4257243fcad196f9fa24b629d,Zigzag,24585146,14330241,24585033,14330411,447,730,31,78,0.1918509124912434
d47165f7195c81215f3903def67a3eb8ec860fa4257243fcad196f9fa24b629d,Zigzag,24585146,14330241,24584723,14330373,137,692,75,39,0.09986802489051023
92af766cfb62894b10d7e627a122c32d7f4e192496e9254d4dfb200bf1f6c17d,Zigzag,24658779,14227683,24658793,14227437,574,314,88,42,1.3870483315915716
92af766cfb62894b10d7e627a122c32d7f4e192496e9254d4dfb200bf1f6c17d,Zigzag,24658779,14227683,24658247,14227450,27,326,48,91,0.11581851225207862
a7aa844bdbba24cf4cf70febe570b6f3bc3a3b3c6aea5061bbc87fd49580ee98,Zigzag,24673692,14228724,24673959,14229150,827,986,88,45,0.356997176888799
766b9bf9055898898ab88da3d32d7ed23d5bf4b620d2e797709363e55da220e0,Zigzag,24867562,14242239,24867593,14242060,591,381,42,92,0.3061088289892924
fdd07631d29daf9f831c7f090b69b4f1bfae9a63908b48c081ed0952429ed78a,Zigzag,24697926,14333336,24697972,14333706,606,930,37,73,0.04960455861246629
3b84bdb7750167571a0e3178646cc7f8c4de798bf7574f47f8ba4deafbb6a4d3,Zigzag,24869427,14230804,24869091,14230776,225,532,49,94,0.21927736046412677
25377efb815f0e170cafa8ab6fcad3a978457dbe9467b387cacec7518b14aa91,FCBK,24674624,14265077,24674332,14264791,267,274,34,71,0.10617514768825284
9edc63819fe55711b7312da6f8f44e07fa8bcc9cdddb0cbb19f4ad26b4a8cb0e,FCBK,24889000,14345706,24888863,14345595,423,449,36,83,0.2509292630463139
d053cb1cf4f7df2ae27b1d275f5be11497bd107f1b93f98f77fb543469a7ce51,Zigzag,24617768,14223521,24617565,14223035,356,73,39,87,0.27199401838624315
f1e86082e5782f53a4ab352c20c18d8419391fca10839f5405209ee5f2b2a4d4,Zigzag,24958905,14271298,24959125,14271548,780,810,91,45,0.055598789110449034
caf753b988cde5e43ff5dbdec6c99cbda4fef8eec55a43aaaccc83e90cac8c47,Zigzag,24635478,14229764,24635379,14229801,461,598,40,80,0.09027200633743902
aba0d4579f38f3b4f99b81198704c07ec9f381546d013a831648df4604fcf30f,Zigzag,24864766,14282695,24864893,14282302,687,167,93,59,0.2786949810973165
aba0d4579f38f3b4f99b81198704c07ec9f381546d013a831648df4604fcf30f,Zigzag,24864766,14282695,24864873,14282363,667,228,92,51,0.0387219419696426
591c787d323f249ffec1b33336094cb064b1cc81ca41de3f55448cbc7fcce5b0,Zigzag,24837736,14232884,24837843,14233225,667,901,41,88,0.12371659916265618
65d98a910465b8947d2603f3a2367a1eccab4a338a3d23e69d8eccf8eee98e54,Zigzag,24665304,14145213,24664832,14145273,88,619,52,110,0.371344324760842
c276c9536278dcde4daee3c436cd2012c6ec957f14685d42eeadf5c30e9aec8c,Zigzag,24669964,14209985,24670165,14210184,761,759,47,90,0.22870333618159638
c276c9536278dcde4daee3c436cd2012c6ec957f14685d42eeadf5c30e9aec8c,Zigzag,24669964,14209985,24669886,14209964,482,539,45,101,0.24067203152884645
27d78bbe2aac61fa33272d74c29070ced063407b5640167bde08cf10e132d0b9,Zigzag,24716567,14350857,24716528,14351024,521,726,48,102,0.16358715002688234
52d51c0e7f3771c97f194a484be2462add5b38f9d24b8419092330e7d5c75325,Zigzag,24692334,14319921,24692731,14320423,957,1063,42,85,0.2916114455422553
b1283b3c806c4bd38dbd177e4362d46cc7ee95d86a623468a5d5da9592134e96,Zigzag,24812570,14308558,24812187,14308282,177,284,64,37,0.2121429017066158
b1283b3c806c4bd38dbd177e4362d46cc7ee95d86a623468a5d5da9592134e96,Zigzag,24812570,14308558,24812025,14308351,14,352,55,73,0.6607718783406915
39f04a78ef07120a3473d208a797e83ce09cadab4a74fea3eb6d8739d46e2207,Zigzag,24646662,14143118,24646722,14142961,620,403,41,76,0.1743076717054827
f033ae7c8ca8cef28acf85290afbefe0f83d8e7ec6fb24038901e77aee75e4fc,Zigzag,24724956,14267151,24725113,14267396,717,805,33,66,0.3763174119119151
0e1eda630d91246a0b9027e572f6524ae62599a711d0736ca0e2bd9da3d45e9c,Zigzag,24747326,14219358,24747558,14219135,792,337,96,40,0.24107433530101655
69ac2c87d8c39fba413bc9d7e908aafb03a319ef0e2460e5140d012d983f68ab,Zigzag,24855446,14329210,24855600,14328920,715,270,90,52,0.7852578813870283
b8a06e2da4c63b006d3921dcd2f300a38dece3caad46e229d70e1b7034f56c58,Zigzag,24877815,14254701,24877578,14254889,323,748,83,41,0.09003492674377313
048c2363b955bb6e68d5162c53a87b85899db8d7bfd1e3cef56fd4227f12a6cd,Zigzag,24792065,14279588,24792138,14279465,633,437,44,87,0.10200410478897075
8c402f054929e54c19ef7f33245cb6474f03c3ee7c7ba16d979d3fc63f21c179,Zigzag,24756646,14345706,24756996,14345893,909,746,75,37,1.5647159305520821
2826f2244b3124770f6490638769ff089aeefb72879ee02a85ca8d4d1d7a2266,Zigzag,24766899,14241200,24766749,14241655,410,1015,40,84,0.2115093856175564
2a40b7459ae2d192cd72c1585a00a939ef6b51f9f6eeffc3aabf3a5ab9e96f50,Zigzag,24866630,14236003,24866896,14236450,826,1007,38,78,0.4766282039784078
d24099d062a78281f45a3e6c8484ea8a4acf0c682abc6991e7b1211c8f6a32b3,FCBK,24719364,14353946,24719313,14354022,510,636,81,37,0.3475062033959746
ab68249a5397ec3596d1d57b6553fb42b531b345bb4810fee70f422236813c59,Zigzag,24984071,14247433,24984177,14247680,666,806,44,86,0.1784798464482281
b8c4b821d63b555fba4ba67984a211b91ae58da89ab9f7ca6bbe9eb0e6c4cc6e,Zigzag,24855446,14325082,24855056,14325417,171,895,97,57,0.5465816893581146
f3cb3e74c3d3e757774f79f735f2001c00cb91b47de56a30886dd6a49efcea62,Zigzag,24933739,14323018,24934117,14323164,938,706,88,46,0.37546290338664956
cb774ec4c232b82e2408f061eef574cf087248f1b08be005077eb8df67f9c0ef,Zigzag,24769695,14297185,24769936,14296729,801,104,39,77,0.1132601299061372
49012ebd1a80298f6ff5f28c59bd66b02a95bec8bb834b67e92c6a9a42b35011,FCBK,24619632,14391987,24619668,14391872,595,444,43,86,0.39986088779167883
a07014b876f1189eb1c0d80f241266ab27f12d3f239b203609ffe8fa3be3c2d1,Zigzag,24817231,14270261,24817264,14270700,593,999,97,50,0.154657004970115
35748efbf67b4cb4431d6cfadebc569a67fb5c4812ff5036ce7bc0c34be7615a,Zigzag,24738937,14266114,24739368,14265834,991,280,46,71,0.4457788117012024
26345373169dc0f014969e69c42b3cddae3a5c207ed6fade7ad963e138089cfb,Zigzag,24885272,14313724,24885724,14314096,1013,932,84,45,0.032721654860774524
d07bd717aab30013fcae1a7dcfd2040678dab1000f77e7091ff01834399edcf3,Zigzag,24813502,14370411,24813467,14370036,524,185,37,75,0.3997240346011624
5b1eeac5c0c355fcd56db1b773e18c76b580a9bde26018c3f12e766ad0dae9ae,Zigzag,24600059,14312691,24600387,14313053,888,922,37,93,0.0059478134727178
8afbfb6af5d0bd415d2dd6a821f79c55e18fe2a019279e425eb8aa2c518e0dd9,Zigzag,24804182,14277516,24804370,14277034,748,78,44,88,0.19556896833385984
a11fbce88ca60bf56540682753447cf4208994e1ac8468e8d6775097d71d26ce,Zigzag,24653187,14156731,24652796,14156595,169,424,43,75,0.3715252199778857
db6b629ef8f8c9b04a4beffd705533fb84ab551ca320ab54a5e59fa1bc8c8cc0,Zigzag,24621497,14303390,24621289,14303219,353,389,68,44,0.8045488882171807
db6b629ef8f8c9b04a4beffd705533fb84ab551ca320ab54a5e59fa1bc8c8cc0,Zigzag,24621497,14303390,24621774,14302837,837,8,84,43,0.6032070521673835
09418985f5545dcfca1bfd8c507693d95f41e673350e6a6af29c1f67367bc5f9,FCBK,24722160,14289942,24722381,14290184,782,802,80,37,0.22740411304380123
545e046e1997f64a668d6e22edb2fb66047402518c0cd94daeef46bdf8e542d9,FCBK,24809774,14389934,24810174,14389536,960,162,74,43,0.4814421006753214
15f8a977efc130381a347c7e9966ea5a50c9fbef70e7c377b8644369a60acfc2,Zigzag,24723092,14240161,24723338,14240026,806,425,79,44,0.42111361237029726
788d81e15471b5d05a803130d7ba7b88c7df0c2378a4215fd00d77b24287cd3d,FCBK,24739869,14269225,24740050,14268961,741,297,37,84,0.20979753895836706
8f42a1d55b88abcc04186c35afdd3a8abbca82d51b3a0ee5bddb082565dc744f,Zigzag,24663440,14266114,24663166,14266212,287,658,35,67,0.17073868630488345
f9292da147d9d30bceddcced93820fd9ba19a5bd19eb1847ae7ec5b551c34787,Zigzag,24705383,14260928,24705125,14260539,303,171,81,44,5.137934498134715e-05
bc9ce2988cc581e2a73a720086b7196a0fdbe01e53fbabf8fea6b4918ba4488c,Zigzag,24826551,14238082,24826251,14238231,260,709,45,86,0.008256210816828109
a8d530e4f79f38a2793599a33d2c150404d16b1a484b4e620c46bbfbbc16f63e,Zigzag,24752918,14359094,24752684,14359529,326,996,41,80,0.22466275488621454
8c778b515c14e8199cbf1a7a411a4ecd32e678c0417964fd9593a77d53d07b97,FCBK,24702586,14207901,24702818,14207712,792,371,85,39,0.005427453121810984
42d0dc16a94e19c630baa48b286c2ba8d61fb6ccb3654c386dd8692da91fead8,Zigzag,24786473,14310625,24786062,14310749,149,684,47,81,0.5121912249374854
81c85eef03a2456d3acc9b13da00394d241f092b0eecf45083294ea65a8182b5,Zigzag,24683013,14324050,24682657,14324472,204,982,88,42,1.5685020135157934
488b0d10aa0674c303bfb6c1aa7df7235bfdd846616fcb31afa1941d15759fe7,Zigzag,24679285,14220399,24679527,14220313,802,474,84,54,0.2580167503000986
05d03ef15b45842d7d4055bb346ca8123f88774e248a792489bead9d2c1fd476,Zigzag,24637342,14266114,24637496,14265826,714,272,36,77,0.16580810986271072
96f15c406522ec6d8046bdcc29736348a43ba34d6c51185c40f547a3474fce55,Zigzag,24791133,14298219,24790760,14297674,187,14,76,35,0.13262510603556663
584600770d6cb3b97b5c93befbd00872cda5aac891376530c5b65897b3551745,Zigzag,24909505,14228724,24909093,14229068,148,904,91,51,0.02864596145089567
64c5253abae679ae95b8ad4f601e38f689d25ab8b4d1d2da292613987091a9a3,Zigzag,24650391,14409428,24650208,14409014,377,146,86,41,0.1199878573861658
ad7e7cbb0ad736ef5b8182dedabc624ff7cb2f470ddef441c4451806bed93d44,Zigzag,24642934,14213110,24642841,14213575,467,1025,66,37,0.30060563962323905
1e4ee574543ea628afb2a1a73444da5a3d11e7814f7c33fe635c35d58d8004a9,Zigzag,24741733,14264040,24741849,14263998,675,518,40,78,0.15713637465546515
e4b49e138a1f156b471186aac38806a526ba5b6f5ba7e2431bd1763111aa99ff,Zigzag,24752918,14380690,24753337,14380841,979,711,41,88,0.20978212591355822
09f8470ac09394bcce5dd2384442dbb85ddc66ea309d7d769ce0471ccfe23bee,FCBK,24757578,14246395,24757498,14245891,480,56,85,41,0.11098351832590454
52240b8be9ffa93510b3a95b989b127aef1fe59a504b672e3974f8a5551fe7c0,Zigzag,24655051,14386853,24654660,14386816,169,522,36,73,0.08948407683942546
18358c886366d92faa6c680a12941b62a101ac73ef5e736456a340fd002d3653,Zigzag,24683013,14376579,24683342,14376592,889,572,45,101,0.2766383050112324
f8c231e563d1e46f209e97df4637d98c29083929713404be5850073f70a5f226,Zigzag,24682081,14171374,24682452,14170894,931,80,40,86,0.24001464685851717
770b4664e1915c875b2721ba488ddf91eae92c91a05704c176ae210dfc741d83,Zigzag,24587010,14362181,24587286,14362135,836,514,36,75,0.19929250030146778
00ff691480ffede3dfda80328820755c6d5f2ff24bee57571eb1ac3168467781,Zigzag,24943992,14282695,24943501,14282981,69,846,87,44,1.2338143035261562
7c445560a4fd8f6604c5ebbe219b3d3bf9e63e88edd141268775c4ff8b4a7781,Zigzag,24878747,14305457,24879251,14305667,1064,769,43,80,0.25506065813486745
463a4d2d0beb720b2ca6e17a0c9402541b621c2b37da7235cb8a163d5d139054,Zigzag,24788337,14222481,24788829,14222600,1052,679,38,83,0.1789988965446845
c32ad938f68a3849599b8d680127aad6fbd07992d7b20bce067cf3adcf0f35bb,Zigzag,24817231,14251587,24817587,14251558,916,531,36,82,0.0501679961141538
2169079c5c6908bc6c592a109f812dcd177265e9c0efce6b4f85eb17a4b7b261,Zigzag,24936535,14293047,24936183,14292899,207,412,42,86,0.8814343488877685
379f0a574c104a47c0fa5a09a38716877cbaefb3e5acd0a09bc31ff072848513,FCBK,24706315,14364239,24706614,14364507,859,828,75,39,0.5550371259505753
379f0a574c104a47c0fa5a09a38716877cbaefb3e5acd0a09bc31ff072848513,FCBK,24706315,14364239,24706053,14364655,299,976,37,72,0.2695180275865261
8d8b4caefda94a76801cc8bc9def564ad582e3c1357a6c636dc39c9ce6fd4920,Zigzag,24679285,14287872,24679570,14287493,845,181,36,77,0.0384013556310459
18c0ef3f32d7e11d4d26e7f750f805166e64f13e613bd0e5e543441e55313e1f,FCBK,24691402,14191217,24691235,14191671,393,1014,42,86,0.3126097050787167
5e2b09ff25b08d41d836ff839ecef43d6a6335f86d431f89c666c73e2a268960,Zigzag,24821891,14304424,24822253,14304390,922,527,73,40,0.3129760228866571
581cc0fc81b965c64a1ccf928aa6dc3347a57583122977fb0819dfd3bc7ab574,FCBK,24704451,14390961,24704379,14391170,489,769,40,84,0.1830917923107296
5d7e41b110fb324a9b45537bc3b140f8cea3022b32721297db66148841de3092,Zigzag,24671828,14209985,24671732,14209984,464,559,45,102,0.24795514460945428
a2af4ad697d4f996aae04eec1f8d1a0e5bce425615cfa61a3a509ce294817498,Zigzag,24661575,14166146,24661279,14166502,264,916,41,84,0.3464786226893675
bc77fdcfaba160347b9c83e050ffa46728472c4323ee2f476508637671ce37eb,Zigzag,24699790,14181822,24699477,14182325,247,1064,47,96,0.2423105413895177
bc77fdcfaba160347b9c83e050ffa46728472c4323ee2f476508637671ce37eb,Zigzag,24699790,14181822,24699661,14181404,431,143,87,43,0.1468517292235267
1ebf5c938f0bd06402cd2a973ee8da0e5ba1a4fb57a2a7aff34dd9f9389cf929,Zigzag,24734277,14265077,24734436,14265068,720,551,86,46,1.5656732038059111
3ca83c73f465fc95154500c67fab463d6d268ec6c9e097de3a372f7e563b39b2,Zigzag,24815367,14286837,24815383,14287003,576,726,87,46,0.26236597532106376
52de8207de5d6198bb6827e8afb482cb971a22a469ae308afdd129cbc009808c,Zigzag,24920690,14252625,24920934,14252813,804,748,70,44,1.5701832671119604
bff5bf8b58524430ee2c7c9ac79b0cc9ff81be8afae7ba7006b702b03856a54b,Zigzag,24583282,14332304,24583135,14332050,414,305,90,45,0.21826882135931375
821046325c46290c5a4cb5d38f3e1972e47aeb2970c044c047803edcd831e1d2,FCBK,24607516,14395067,24607747,14395359,792,852,34,74,0.23922601828071746
5105f455cc4b91a3736a522d030cb46b251ebbf825cffac1e06c3b5cacdbbcc0,Zigzag,24807910,14320953,24807829,14320458,479,64,81,46,1.5596886813623396
583678d87fe6f24a4e0b120702ad1f28f5a6a00da63fe17e83b0fcbd66817141,Zigzag,24669032,14146261,24668974,14146579,502,878,40,86,0.027002545548153786
b3b7fe4f103fc1572206b0c3896a9b56bddab6de53339fc48c8e94a365aff9f2,Zigzag,24723092,14309591,24723238,14309085,706,53,76,38,0.7577431662687657
b3b7fe4f103fc1572206b0c3896a9b56bddab6de53339fc48c8e94a365aff9f2,Zigzag,24723092,14309591,24723345,14309189,814,157,37,71,0.7409027336946769
68d1900f7510edfc82ba1445fef5007a20185d9528c5341aadfad5c2c8907ad0,Zigzag,24964497,14239121,24964423,14239437,486,875,58,108,0.10339543168859061
68d1900f7510edfc82ba1445fef5007a20185d9528c5341aadfad5c2c8907ad0,Zigzag,24964497,14239121,24964859,14238836,921,274,89,48,0.010121548661414405
68d1900f7510edfc82ba1445fef5007a20185d9528c5341aadfad5c2c8907ad0,Zigzag,24964497,14239121,24964504,14239057,567,496,101,59,0.024265196696364427
68d1900f7510edfc82ba1445fef5007a20185d9528c5341aadfad5c2c8907ad0,Zigzag,24964497,14239121,24964601,14238831,664,270,92,53,0.039297426114073504
68d1900f7510edfc82ba1445fef5007a20185d9528c5341aadfad5c2c8907ad0,Zigzag,24964497,14239121,24964578,14238735,641,174,88,45,0.013548599019182742
a6c8164994f22a6a6863d9953b07d691319f8ba47ae2440692c3013caaa279c9,Zigzag,24655983,14233924,24655652,14233888,229,524,64,36,1.5136632656133178
148a79e928d81c4b649408151febf9b86a2278fb4b06fad6df0c977bde969552,Zigzag,24727752,14269225,24727584,14268830,392,165,85,41,0.9429423179500751
5e0e20141c5e646c11d951fe05c667da057e9742d9244e770dd5480cc1ab8888,FCBK,24750122,14365268,24750096,14365268,534,560,75,33,0.10613625721395929
b7dcd48498d13628e136ee6cf4dfdfa3d511b888ba8080c46ef71af56b5b9a41,Zigzag,24707247,14373495,24706937,14373195,250,260,94,52,0.19327463840999978
f629a08a73d67692cc81360902565abfaa5e12903c13decfaf162ccd8d9ab267,Zigzag,24820027,14214152,24819809,14214365,342,774,37,86,0.3533271411695881
f629a08a73d67692cc81360902565abfaa5e12903c13decfaf162ccd8d9ab267,Zigzag,24820027,14214152,24819610,14213674,143,83,64,33,0.15154916255701978
4e2ec16d178078715f23afd29c62eb28dc4e12ca1bfe126bf63b5dd8351bef84,Zigzag,24676489,14256777,24676688,14257239,759,1022,41,69,0.4239654251340951
54a655292a70c7100dd7a0c13db9e67f0fc64db8657b0c63f91a49c6dbcec2e7,FCBK,24696994,14190173,24696997,14190546,563,933,36,76,0.5400575771881794
54a655292a70c7100dd7a0c13db9e67f0fc64db8657b0c63f91a49c6dbcec2e7,FCBK,24696994,14190173,24696691,14190511,257,898,44,99,0.366189476865371
2428585e0b08c47f4aa283ac5f9e92d21b842936583dc90cf564e99dbd34e48f,Zigzag,24727752,14300288,24727967,14300112,774,384,74,39,0.24445230547242985
771498d903d0f1ec9ab98dbdfdbb5c56a548b0fd8deda23198657d9935de6f80,Zigzag,24646662,14142070,24646878,14142373,776,862,55,99,0.1226047377299265
e8345495d608f1197db6a284b6f41622d9f29d621c66bba72cfb908434bdb168,Zigzag,24676489,14171374,24676201,14170847,272,33,43,66,0.10073299464543274
41b546f393b31aa54f58d8e31769bc3a51ead9e7338fb8fed3f456a58beb137d,Zigzag,24634545,14345706,24634753,14345517,768,371,36,85,0.16868936720131064
d9c43b7a52a56096601089c71709c6f54c40248170320709498635cd9e4a16a2,Zigzag,24850785,14292012,24850664,14292123,439,671,67,35,1.528024095475461
955ea9c6bad9e779bab9fcd77a2190c8d6e22953a59f37f9a2d102c4535a9adb,Zigzag,24789269,14267151,24789383,14267533,674,942,43,91,0.16762616671512376
58912ca27c1d2fe6263de7f3e937c13d43ff153164660a5b7ae59a92680e185e,FCBK,24663440,14400197,24663535,14400493,655,855,43,88,0.32196855249195955
5a9a75d5985e9b48861498b8b61d24533514815526ab02f9c4fe9927039adee9,Zigzag,24763171,14240161,24763465,14239916,854,316,43,92,0.20123577565938497
b43146cb11866210f17156f89cf1c7d1f66a56ccdc3dffd5427d09915dbf8f18,Zigzag,24786473,14303390,24786783,14303421,871,591,42,102,0.01516064163592673
083d77a6275f5b21a88c9332e19e0d58a4ca713a6d414f1dd2188bed8e3fb7ef,Zigzag,24649459,14148356,24649325,14148465,426,670,48,101,0.18652327537529673
53c06d30de5c1a7930dd947d4a7a96fe11eeaa90f15a175474cb92e7b938f46f,Zigzag,24664372,14249510,24664093,14249114,282,164,38,84,0.036208180055527596
59c31cc39ca60282fe14a3da0f4597a1b25397410d5754d5f01a7e27e2146f3e,FCBK,24618700,14201647,24618818,14201539,678,452,87,36,0.28093167022833315
9c2a85a92497f7d6ff37c83fbd6de646ad746dec199c9969d97fbee990ed9211,Zigzag,24771559,14343645,24771487,14343286,487,200,90,43,0.040794676084862064
ac213f6414e03643a5d4c60c8254e35c538c1f4086c006341f1cecb9691bc08c,Zigzag,24883408,14304424,24883730,14303987,883,124,56,97,0.0980603460439701
762b32192fed02b9ba9ffac4fac9ec1bca8f93211476813e1c63293f99647468,Zigzag,24826551,14330241,24826374,14330508,383,827,75,40,1.5669744243145238
ffe46091bb31fce3df70836496f95345d4b6163b3d9d1e8a96af6f944883a8c1,Zigzag,24816299,14283731,24816416,14283183,677,12,99,52,0.3845278043945749
1de2b105528306cca53b290277dbcc7889f87fda6574e64b401cc2b47be9a804,Zigzag,24574893,14338492,24575174,14338020,841,88,100,51,1.4341372807219166
89c274b0a18cc97fbbac81d91999875963ddca6638a9db448666b2cf9b5fb8b6,FCBK,24701654,14376579,24701561,14376255,467,236,37,68,0.06959634299395949
e911639265ee9876eedc7c7d7a67d3cb19f4029ca6506dba372252d2f72749dc,Zigzag,24627089,14154638,24627144,14154574,615,496,47,102,0.43154664580922364
81a0713ba7f7ec127f288e5f858b23eb8137edb687423c6b0fc4103362040d57,Zigzag,24975682,14230804,24975492,14231206,370,962,52,106,0.01106489129408821
ee2490907fe45dd0b4dc72ce5880a7f56fdac371352d173dced67796d86936d3,Zigzag,24941196,14283731,24941377,14284222,741,1052,93,48,0.17152981159620512
ee6bb32c88231f4f5e58baff2fa5ac86501539a5d2feba03465b102af3a336b8,Zigzag,24651323,14153591,24651247,14153477,484,446,91,44,1.533034300434227
da991d9f6db01c6bd21e2fb877dad5511c4a3f590f22685f23dca87784216031,Zigzag,24798589,14256777,24798699,14256302,670,85,86,41,0.048975187067853324
d61be3e59d681e2d979cf566375170c99e7577f34f5bf91b4d29554b212fe656,Zigzag,24701654,14328178,24701639,14328110,545,492,45,95,0.2006721342594265
bf9575869dffdcce462d6ba3db91f3873be5f8c0090e7733d0bbd0a8256886dc,FCBK,24612176,14219358,24612028,14219088,412,290,36,100,0.168974691622599
eda0d8fe3423522cc025ce2b1886cac8c17225a75a118e0c84c910c6970bece5,Zigzag,24703518,14213110,24703178,14213390,219,840,47,89,0.5482512250454853
3e7258321d326f442916221ef3c981713490eb4a651578807a4072d490e3228b,Zigzag,24783676,14236003,24784113,14236506,997,1063,35,76,0.14298606767749264
fc1568a703ebf14cd0ccb93cc9a3885535682aae3000ce1282cda94c08aaa4d1,FCBK,24700722,14411478,24700979,14411461,817,543,41,71,0.6095742708595994
d3ad4bf30833e3d6924c34ac77e4284b01e1870b19def7ea2a069f7f6a0f9223,Zigzag,24670896,14273371,24671397,14273054,1061,243,36,80,0.22027424823917063
49ff7909a11860120d44e068bada164e0f7a8a116a7aa19aa9f5de3b3a0e1d95,Zigzag,24659711,14294081,24659223,14294391,71,870,28,76,1.5566187224157508
62e5f340de2ef23d37f7c97bf1ad336272f99235884a4a04761dc936f6cc57bc,Zigzag,24792997,14245356,24792510,14245659,73,863,41,88,0.3261008796868946
1cb3ca0f33fbd0852afef8b13e885fa3beaab8d8d12ba49fb97c0abb8fb72ab8,FCBK,24855446,14352917,24855468,14352648,583,291,29,65,0.1296875977413172
6a0a4f3a4a9a4f680830f34a2e0c61dfb03a98fa108b6ca32db1f4980cdc214d,Zigzag,24673692,14239121,24673557,14238619,424,57,33,67,0.1440863693266157
a5c1906d9acd94e476796fcef63fb0a6575b64c9ab44c3cebdaeeb024a57e35d,Zigzag,24694198,14319921,24694380,14319950,742,589,77,40,0.30728567987499844
a5c1906d9acd94e476796fcef63fb0a6575b64c9ab44c3cebdaeeb024a57e35d,Zigzag,24694198,14319921,24694685,14319517,1048,156,74,41,0.3963364936945817
a5c1906d9acd94e476796fcef63fb0a6575b64c9ab44c3cebdaeeb024a57e35d,Zigzag,24694198,14319921,24694517,14320145,879,784,77,42,0.157376974615197
3268217008a71b32675c02a88b807e42877c3e20485f79137a65dfdfe41cb1ad,Zigzag,24964497,14242239,24964759,14242623,822,944,51,92,0.16753508660584307
18e5dcfce1d25af0e7b74ca3349665fe2eea54b1efbba92fa874c0851ea297a0,Zigzag,24611244,14144166,24611387,14144372,703,766,36,83,0.17125863521820778
6c42fca7afff8df94d36ddc3f432aea5f9a47c9f69f47d9dca8938afb81c46d1,FCBK,24716567,14356006,24716853,14355832,846,386,74,29,0.3795899375489181
089b96c801dea4ce0ab5756dafc356d1d1f7e9d5ed6f684e7899c482d1d79ced,Zigzag,24989663,14219358,24990055,14219381,952,583,52,100,0.060681161573567045
089b96c801dea4ce0ab5756dafc356d1d1f7e9d5ed6f684e7899c482d1d79ced,Zigzag,24989663,14219358,24989847,14219015,744,217,50,92,1.547378885013721
857ba2d3cdf39fc55e2ea70b62eb61e78e899b9b351698d17d85eda360700214,Zigzag,24869427,14277516,24868970,14277880,104,924,47,106,0.13880872473775682
a371c5277cd7fb7877229a17ee7e8fd486eab9b9e6c6c6faaad79db6ace36025,FCBK,24707247,14190173,24706892,14190406,205,793,88,44,0.16207034662802772
c8eb5a8e243cf30c9c3dbf4476c1f92503411a978a0b0a40fd9e2fc85a683022,Zigzag,24935603,14273371,24935677,14273390,634,579,42,90,1.527890404788739
c8eb5a8e243cf30c9c3dbf4476c1f92503411a978a0b0a40fd9e2fc85a683022,Zigzag,24935603,14273371,24935865,14273209,821,399,49,106,1.4533256226920463
bba9b13d755cf96785d619b4a506156ef3383d56355708ecda614832add2f3f7,Zigzag,24797657,14250549,24797901,14250203,804,215,92,47,0.09267498491139593
dd414b3a6142735336c72f42384dca4fc02df710783a8bfdff2adf6df853bc4d,FCBK,24841464,14211027,24841206,14211402,302,935,48,90,0.28807986091021487
dd414b3a6142735336c72f42384dca4fc02df710783a8bfdff2adf6df853bc4d,Zigzag,24841464,14211027,24841124,14211218,219,752,103,47,0.20304893895329498
8595618e3e1a0d33cc995d082faeb6ca801e3652ea4e61a48d5642ece2d60b4b,Zigzag,24798589,14253663,24798565,14253803,536,700,44,88,0.09694502250182332
e31488c06436f410d96e8e01f168d51c284a88ef58471b79e92010e332056a30,Zigzag,24624293,14311658,24623791,14311280,58,182,75,45,1.3717627190408983
3b6f997663a44ac7fc4e6041bfea3e82a6ab6aa26899f61afe0467277e016f4f,Zigzag,24637342,14149403,24637542,14149146,761,303,38,89,0.35397884997784407
c875740925a5370116def073b17d0fcab60576ce8cd157cad42e77516a0d7e65,Zigzag,24731481,14316823,24731495,14317090,574,827,43,88,1.5692772597091154
fb3d2a28ae8f81f8a1373ecfaade0d23b528a898692927eaefb844bd955bc739,FCBK,24813502,14374523,24813788,14374787,846,824,81,32,0.3279054376415323
8143ad352357ca7d74404b6275e5f94c9ff1271681d4dfc34fa6764b16236498,Zigzag,24800454,14249510,24800893,14249883,1000,932,40,87,0.5364339137614493
1744f94720f365265684f270df47944d6b6bc561b612138ba928eb53f1c9716b,Zigzag,24870359,14227683,24870694,14227921,895,797,79,41,0.23293581487827525
1744f94720f365265684f270df47944d6b6bc561b612138ba928eb53f1c9716b,Zigzag,24870359,14227683,24870437,14228102,638,978,90,41,0.15885562823143626
907bd853d090eb3d44a93506e93c97b7338f1b841152563f3164f55d95ece585,Zigzag,24847989,14280624,24847814,14280515,385,452,101,46,0.14858796045144707
a3564de46b8dd7fbb2b25128ffcc50fb8b1683440c6e48f3b6e7465d450583a9,FCBK,24650391,14375551,24650818,14375293,987,302,32,70,0.2981255375685891
1001146e2cf97e4da74c6abfc389898c0fe6362ce261df653a793e26318cd54b,Zigzag,24574893,14337461,24574792,14337186,459,285,39,87,0.25763227306247516
1001146e2cf97e4da74c6abfc389898c0fe6362ce261df653a793e26318cd54b,Zigzag,24574893,14337461,24574543,14337200,210,299,38,77,0.29138108210796343
1001146e2cf97e4da74c6abfc389898c0fe6362ce261df653a793e26318cd54b,Zigzag,24574893,14337461,24574983,14337164,650,264,69,42,0.2071441816300507
fc2295f83f7f97dbef17a17791992709e7427aa1dd50f3489a5b72a50c025d00,Zigzag,24757578,14261965,24757636,14261521,618,116,51,109,0.36613518166864706
5ab79e44b18a09083f4ca629b4324626c110ca3e82445fe6890384a69e460189,Zigzag,24846125,14337461,24846053,14337878,488,977,75,37,1.409215152924846
ce08fd1a8f7f86495a0d4f40624d09177945c7125c2fecce4eb6b3ddae62ec04,Zigzag,24845193,14290977,24844748,14291144,115,727,52,90,0.030946387516938505
ce041d2188a760418c04ca8d41b02c0ae6b4cb474f3898e5405b1cfd98067656,Zigzag,24623361,14311658,24623668,14311420,868,322,83,38,0.06701494927172409
476c8d0cb733557d988b73f36a8d6f59ec55ad1e5e5da859117e5a722b3a517e,Zigzag,24689537,14319921,24689897,14319521,919,160,81,42,0.34862309986764023
f6a0d640cd6b0642b0fd7a3e09a64187519708fb43427d0d02e62ead63be92a5,Zigzag,24753850,14292012,24754170,14292494,880,1042,41,84,0.11581103875626958
77ee0be6f47bbb7484ffe8a6bd7479e786cc8539071aff732932b5aceefa50c2,Zigzag,24744529,14372467,24744233,14372060,264,153,86,44,1.5135074706895482
6c92245ed866716de0ea53bf55f62be27f9291ae0bc10b29ebe02a4f195cb88e,Zigzag,24653187,14402249,24653132,14402700,506,1011,37,78,0.25473009326456136
fb8d616392651933fa811bb85148bdb746c608d9b3b917f9f5c44afdf13cc289,Zigzag,24766899,14215193,24766614,14215341,275,708,44,88,0.4095757665531517
df372ecc26d59149c1eccc43fb409de130c2c24ebf75015f16c73ad811312093,Zigzag,24617768,14394040,24618125,14394509,917,1029,36,70,0.7416828401569884
8a529f5da5d81438037720ae560a73a2c13e0ff69e25a8b66816e23476c42dd1,Zigzag,24814435,14283731,24814230,14283740,355,569,48,90,0.16928881147317384
4bf4696ce7174cab7cdbb0e05307d3f5e3f90a8b5661b1bcd170253d6fe0a229,Zigzag,24729616,14284766,24729292,14284358,235,152,85,42,0.24905071914764243
6f8f8eff867d361f635ad8865c5f30c20b98d29c29e58762d75ae2e5114e8ec8,FCBK,24661575,14366297,24661317,14366634,301,897,84,48,0.2043118931659946
163be0d849b55255f0427acb4bd03663712a47634eba0520af6945fd4cbfbcbf,Zigzag,24897389,14293047,24897141,14293491,312,1005,54,85,0.020585136672362853
d7e9b6d47efdcb6bc0d39d18458440b9ae046244db6080583cfa169e6a5d8968,Zigzag,24693266,14414552,24693377,14415091,671,1098,83,43,0.559419690419437
d7e9b6d47efdcb6bc0d39d18458440b9ae046244db6080583cfa169e6a5d8968,Zigzag,24693266,14414552,24693507,14414538,801,546,40,78,0.34703329256540383
99c09553b152b374dab6d9d14f29a45fc2a59dacbde52c84355815127adc03c3,Zigzag,24685809,14323018,24685964,14322721,715,263,36,75,0.3680031228572286
b05175e27c6fe9e69f97dfcf0b23ed3c47f9dd0d94f60621ba66e5e383574901,Zigzag,24601923,14312691,24601472,14313010,109,878,75,36,0.003372548662030136
b07dbe4167138efa56ff8f1dc1ea28b2b91760ec0f3640353d23fe5d76a49bb9,Zigzag,24945856,14252625,24945688,14252490,391,425,44,96,1.5695776642800763
b07dbe4167138efa56ff8f1dc1ea28b2b91760ec0f3640353d23fe5d76a49bb9,Zigzag,24945856,14252625,24945526,14252378,230,313,106,48,0.011868991173345604
92a95fd44ae1040b30bdd526f8c13d0c663091b7cecc2f70389fb7b2a3005f8a,FCBK,24702586,14206859,24702973,14207240,947,941,78,43,0.13596810557291583
b74fd159d303ae23dcb71ef83bc57789cda5949b4b104cab1c5031033cf31022,Zigzag,24971954,14257815,24971613,14258091,219,836,82,44,0.22163310954062676
cb629677f808375a95669126b296e99e6823d2e992cbffa14d6b551af93226e1,Zigzag,24739869,14393014,24739761,14392670,452,217,37,80,0.02818071553083723
d72b09bfbec8b03d29a23ca2b8cde742e837b1e7831f5157449444a5817be0ec,Zigzag,24765035,14209985,24765279,14209918,804,493,44,85,0.21299662792831112
5460acb8f6dd46e0f6c475a1d721321b1ba53a7ad853a19c168905cf2a821113,Zigzag,24814435,14258853,24814486,14258787,612,495,92,47,0.23060751300575985
be1823eef615d4bec430612b6a726a7279ac85055bfb0e5d1e4240f9979ce41d,Zigzag,24773424,14207901,24773259,14208405,395,1064,38,87,0.08805887785969115
38a2a357a3a7b3ba5eb920ede2c6d463bcfa3ece5889032edc23833e0604e06e,Zigzag,24628021,14258853,24627868,14258479,407,187,37,84,0.08487168989086838
a4147401896d43eaea56a259bea5f7591b68ab89da9be3fa60996d3f94b9ad32,Zigzag,24655051,14156731,24654874,14157151,383,980,86,46,0.27475355261826967
c677e1d454e4a6bb884749dc6a29a7772f4678d2936f15114434ca0ac5a73453,Zigzag,24727752,14241200,24728179,14241731,987,1091,43,68,0.22235597468425833
5dfe608d81af3313c8e861782cee235d0469b7d017a4dfbf5bf6d3f891da9d0f,FCBK,24749190,14361152,24749109,14361647,480,1055,39,76,0.2643288748472635
5f690d3de1cbce1ae6fbebcdf731518ef9f50182a61e61eb3dfbbc05ec5df3fc,FCBK,24664372,14161963,24664323,14162486,511,1083,39,77,0.2200437682915811
3853add0775f9b199f3ffbb4e080e7df75b2778b510e37e7b2354bc14cbcf5fe,Zigzag,24641070,14256777,24640987,14256788,477,571,47,80,0.005196034826056106
672ed301c7a64fa59b6f6b90abb0682d1b382ec8b29579fdaa3758c0bf9c8645,Zigzag,24683945,14257815,24684203,14258148,817,893,39,76,0.5471929181178014
8695b10fbe6f74abe1938ba463088a471235bc8968b602b7d24b5042e4abd45a,Zigzag,24764103,14227683,24764047,14227662,504,539,90,53,0.2644258638452128
bfa445864d61330c363bc32852de66f187b720bbed334f6f1552796641dfea4f,Zigzag,24871291,14370411,24871420,14370012,690,162,35,79,0.2700342647190811
86371abfa63fa7a7da2f0378080fd4eaceb4a20ccf4a4eff0cc6ff711ef53b52,Zigzag,24798589,14251587,24798245,14252075,216,1048,99,50,0.2300080021548694
a00421ed66f2447d0e8234977d0c61a335341b09803dc3d8dae10926dced6e69,Zigzag,24778084,14269225,24778439,14269404,915,739,40,78,0.15508883654087136
2aa2df3e989a0416bbf3d333bd9f2598826d0659024aed2b9da7badb7d564045,Zigzag,24846125,14280624,24846426,14280912,861,848,92,49,0.3391048289736425
8d5cfc67cd351d190d8336564127dec9b0d55342d50c2292edc1749a2cf277bf,Zigzag,24786473,14238082,24786700,14237994,787,472,44,89,0.16285441454246066
a5cc4eca701319070a60b2f11b497c008c4727ab4069d8edea8c6b334c575487,Zigzag,24751986,14337461,24752118,14337647,692,746,71,40,1.5656720053834206
289339f2632a3c558de3e5d76ccc1007c396bb132a6ba3f8d723e96bc539e6f9,Zigzag,24686741,14378635,24686482,14379101,301,1027,48,97,0.3002594286815287
4728310b63c2ead97e1003a951b281610c74db2c40613b1cfc61947e491d5388,Zigzag,24702586,14220399,24702838,14220394,811,555,82,39,0.4809499152163611
63ae4f54846f4bbcd8ab9884e03a50e3c5e5724a35f051c629f558d93b8f3902,FCBK,24656915,14405326,24656947,14404824,592,57,86,42,0.35489694147413525
40b47f9d310782fa21087d81f0e3f03c2a150f6dd2529465907019620badee02,Zigzag,24661575,14370411,24661678,14369891,663,41,85,43,0.31347023900594856
40b47f9d310782fa21087d81f0e3f03c2a150f6dd2529465907019620badee02,Zigzag,24661575,14370411,24661837,14369899,822,49,78,41,0.4590386241896797
9058183b1906480f22cf752753e61c3b0d6a63af7a0820174ff67515e2d221b1,Zigzag,24657847,14379662,24658119,14379716,832,614,43,82,0.1706145330638153
5418f03fc72d7cd017a01d67c27f345a33dcc2041bb45bb39ae279def1e52611,FCBK,24702586,14381717,24702668,14381533,642,376,44,93,0.25525665014634047
e114acb9eeac1d0955c63a7bd87e0862bc4aa6afabbdb698865460bd45deed82,Zigzag,24835872,14276480,24835793,14276443,481,523,78,46,1.520968582799514
68a2af23a9b96a3bf0770e323e39982f3592c67d3192ab0e5b7d0107647bc308,Zigzag,24783676,14305457,24783288,14305151,172,254,81,49,0.10604844779939233
41af13f077d9922205d111c219b4f8a11e917772407416400dbb8f1c81c3f723,Zigzag,24976614,14251587,24976816,14252056,762,1029,50,98,0.20169340660320142
41af13f077d9922205d111c219b4f8a11e917772407416400dbb8f1c81c3f723,Zigzag,24976614,14251587,24976374,14252111,320,1084,55,84,0.22146674519628087
8cb29164d11b883e8b87826538d32cad48d996c789d4aa24fb58a91765b1478b,Zigzag,24676489,14266114,24676767,14266013,839,459,29,62,0.22094156982931726
062cbc9a3bb116e2ae27b36bcaa7f0d01c38d0d2cd51784fdde7310dba96d070,FCBK,24695130,14181822,24695436,14181989,866,728,36,82,0.22432371783469066
95a1cf1bdc9113cc46465290b340ddbce74ad109a5812e8ad717102aace5f477,Zigzag,24825619,14223521,24826069,14223800,1010,839,97,52,0.09949087966826296
4f93b5c5ce9e7987ce6207c73ae0e6a16638d4235c70729f5d4c3b022baff82b,Zigzag,24687673,14226643,24687820,14226443,707,360,79,45,0.2140920693084448
6c514e4b56875a84f435fa872ed6f52b7aa0d09f8ab46bf4f6267b767236de04,Zigzag,24633613,14221440,24633799,14221851,746,971,86,43,0.433530933847928
c802e449500a6e093af61e2ba3b526708b946f169ecbb2fedf3e3fe5e1e70ecb,Zigzag,24614040,14380690,24614225,14380206,745,76,49,99,0.27270611437221676
c802e449500a6e093af61e2ba3b526708b946f169ecbb2fedf3e3fe5e1e70ecb,Zigzag,24614040,14380690,24613813,14380583,333,453,41,87,0.10832614961119623
c51e6956fc6695e7992091e6e0aa30ac27c639e0c57a7f23acbe0f2cbd782491,Zigzag,24751986,14391987,24752453,14391740,1027,312,96,39,1.566800120421178
05eab581bbdac7d3805b1fa41415f7ca6b920fd91e06e2bb81725b9993b033f3,Zigzag,24748258,14360123,24748289,14360061,591,497,49,97,0.12245097346648806
2ed3436b396492f6c77dc09ea523b177cf42a8adced799272ff462c30e2e643c,Zigzag,24800454,14277516,24800750,14278023,856,1068,43,87,0.4241551420722496
31de7c019a9d411385c372cb940b3b2b6291783b3128775cbe3bf2b2ccea2e81,Zigzag,24851717,14289942,24851990,14289422,833,40,90,46,0.2695106373145011
65a1195210cdba61ced7cd824879ee242c6444dfd887bae401be75d8c2c99080,Zigzag,24677421,14191217,24677460,14191571,600,914,24,59,0.05820953586132415
93caf2c71ff6fbb435c19606b2dc7fe31ff547fffb0a7dc018068fd40dc9f04f,Zigzag,24659711,14281659,24659747,14282032,596,933,75,38,1.3113746092169698
f50c6b4d18920e6e92748cb751fe32c0713f0ad4dd4e005aaa037d7578a366cd,Zigzag,24769695,14305457,24769374,14305266,239,369,36,73,0.1441244192406902
62cc0ae48eb1c68fff03bd5274683f908a3122f59158e76824b8859d2f7e77f4,Zigzag,24866630,14263002,24867033,14262924,962,482,78,41,0.18171368967039767
e8f4cce1d844e67843593db8c719af37737e443879ac73d4158300280cd7cd54,Zigzag,24710043,14273371,24709731,14273807,248,996,44,86,0.2816715962476981
e8f4cce1d844e67843593db8c719af37737e443879ac73d4158300280cd7cd54,Zigzag,24710043,14273371,24709704,14273499,221,688,44,90,0.29608555617358845
748db040aac2f32fdc48467edd64c5c6482df2c3bb1d9d0504f0ff2e0551ad51,Zigzag,24905777,14306491,24905776,14306423,559,492,91,48,0.3788356304596668
190df2a417f4399dc716426cc479e97d17c4bc354e20905874d38d7e260fb9b1,Zigzag,24648527,14214152,24648005,14213850,38,258,66,33,0.19451026193201246
81427ff5523d771876e5ec5bafb7a02bfe9c68ada99d3b6c99747645ca81ab95,Zigzag,24765035,14197476,24764762,14197165,287,248,44,78,0.15545981488071942
0f6aa1e3105d8359aed728dda214d7d581737ced74efeeded478eecf9233fe8a,FCBK,24680217,14412503,24680653,14412515,996,572,79,33,0.25101050610431813
d6e8fb9badb661f3d899e98ccaebb0d0d3635bcfe42018a5a7d19f6af55b24b2,FCBK,24784608,14290977,24784365,14291364,317,947,73,35,0.33078125214465437
386719d562d19043dcfffa1ca15e10bd3b9cb8d6596d4f6891e68565157fc840,Zigzag,24832144,14316823,24831816,14316960,232,697,47,92,0.2708866260707178
5c9a972eebdc23b95b5c5fbabc0cbbe5a03eaba1e8d36516d69a52af6da977d7,Zigzag,24801386,14268188,24801656,14267728,830,100,46,96,0.14579884848656388
613cade0d96b01bb7f60aa55696f66a246afb2a67591de13e6016c142242dc2b,Zigzag,24781812,14269225,24781763,14269065,510,401,41,71,0.28783991009599874
2b08488a33235d13760ce2f2d56d93ffd2475eb463666978771258c5bc9b546b,FCBK,24775288,14350857,24774924,14350907,196,610,64,30,0.19832718763009807
ecc20bb090279b5d129b7185003614aa9e8afe394cc9a8e7fe2016f33027162b,Zigzag,24767831,14255739,24767588,14255414,317,235,49,109,0.221539898902474
1569e012d662ba1cedbad1ac1d3616f3a91f7d75b68fc5e3e5e0152ac69c0c34,Zigzag,24653187,14150450,24652866,14150561,239,671,86,45,0.3237329965826779
7576673cce21afaf2ddf3ec97e0cd6832511907f47056b4eefcec189b5dc1c98,Zigzag,24846125,14271298,24846145,14271158,580,420,86,43,1.5690358441562997
e37372ace230d9253526a968b51dc08cb431aa461d9a877cdef710242c0ca19f,Zigzag,24699790,14302356,24699253,14302490,23,694,78,44,0.5405525922557978
e37372ace230d9253526a968b51dc08cb431aa461d9a877cdef710242c0ca19f,Zigzag,24699790,14302356,24699700,14302822,470,1026,86,49,0.6977976072389814
c6506e2e48967742f11dd79a13809ade167d3fbec92fb6e00a4ead02c5e71553,Zigzag,24770627,14226643,24770308,14226345,241,262,36,82,0.18940957607521094
a06eddfb82adb532a4d6d698ffb1b80158fc2901cb673ad1602b09d3bc503f0f,Zigzag,24634545,14239121,24634507,14238722,522,160,42,83,0.11748725731350068
7897638e7038aed61fca34d41dc83791edc74e7de7cdf298827e231c7789587b,Zigzag,24756646,14375551,24756988,14375299,902,307,41,85,0.36982019766898966
e61f9bd32ab43bc89c537018e062beef66bcef5bb754ce30f171e726f8b462a9,Zigzag,24762239,14253663,24762385,14253458,706,354,41,98,0.06596958364246233
be3e65c54588718449b0e88f05ca950da6de30183680b2808d35463b2f78b1a1,Zigzag,24724956,14298219,24725278,14298712,882,1052,41,79,0.20986684772573638
7ecacf6116bfc6a58b99f8a5b26536b64810469f358ff0076edfcdf7af3285f2,Zigzag,24946788,14320953,24946431,14320861,203,468,40,82,0.15519794292178055
b885cd22b6dda3166fc6bbfa30d4b65240093006590438cc439e29ef9377e3f0,Zigzag,24783676,14288907,24783712,14289079,595,732,46,86,0.07332875077813794
6fefaaff2b3a6147818ad5346f370fe60dbebab769a32b0ce2df1e6f5cb50fae,FCBK,24750122,14376579,24750117,14376625,555,606,30,68,0.06099938851788551
daac37884cc27b6514a475f06069f3ac4659b8f4e1d9ec80e51cf20a4ce104e2,Zigzag,24676489,14219358,24676449,14219658,521,860,44,87,0.27387620748665664
daac37884cc27b6514a475f06069f3ac4659b8f4e1d9ec80e51cf20a4ce104e2,Zigzag,24676489,14219358,24676832,14219774,904,976,41,71,0.19508417314692453
1a8eed1a27e50a4939af2e72e408abe66466459e0cc72232921dc56ca69df094,Zigzag,24731481,14258853,24731324,14259095,404,803,38,82,1.3928616127770508
6e766d54eb9c65943de9c2cc85eace9d7285a9454143bcb04aee6d5cc3c0699e,FCBK,24746394,14374523,24746093,14374423,260,459,71,32,1.5678948127872552
5f0089ffac0ccac4a63bceabdb77919d2e7de49c471f51aaba8b6a765a1d0026,Zigzag,24695130,14314757,24694943,14315098,373,901,80,42,0.12231913867015072
73b033c68bfe01f63142b74192ec33823e0c4012f4f08b5fceeee2e808a03242,FCBK,24678353,14182866,24678062,14182914,269,608,80,41,0.3464221636742579
fb99d18784ef426c51f7f96196b6fd81e3bc801c85c092a1f6e4414deaa7c83a,Zigzag,24828416,14259890,24828057,14259351,202,20,38,80,1.5630101758738864
c6dffcc199abf1cdf7607d2af3e978fe655098af738bbc5fb8af419c6d78e114,Zigzag,24715635,14221440,24715905,14221890,830,1010,81,43,0.2328751946739623
b698563d917cd833137c856f38a3d21d23094990ee59450a0eaf1b993ae60982,Zigzag,24863834,14249510,24863896,14249640,622,689,50,115,0.33259782761371104
9d39e4601c069a531db24959b78ce2b43312888670f5e53ca149ba29894ba31f,Zigzag,24847057,14232884,24847077,14233059,580,735,48,95,0.24420175194812385
9d39e4601c069a531db24959b78ce2b43312888670f5e53ca149ba29894ba31f,Zigzag,24847057,14232884,24847037,14233407,540,1083,41,80,0.280047400877886
9d39e4601c069a531db24959b78ce2b43312888670f5e53ca149ba29894ba31f,Zigzag,24847057,14232884,24846822,14233133,325,809,98,55,0.4263698601242731
6b5c345ce59495bee948f762ca2cc67f2b74eeeca9d7efe148b126aa184e0f7d,Zigzag,24705383,14200605,24705529,14200390,707,345,44,91,0.49473856491830087
aabcfea8d3afa9ce9b43fc01ce366023ccd534e77fca0dc460ae11cd1ec6f724,Zigzag,24781812,14384799,24781801,14384265,548,26,46,82,0.6919058293803718
8e51c71022469dd1e48b01d675897e21a0d6dd382b222b8b798eca113ff0a855,Zigzag,24608448,14389934,24608657,14390148,770,774,47,92,0.27789681507386294
b9a87f08efd59c73c55174378e6ab515b4a5086a07960af9327a18c9ebe6ebf4,Zigzag,24939332,14260928,24939699,14260460,927,92,46,96,0.10273014908115362
144f9e5c96345dc655a9eb4313b019ffbedde5e30ccad506154eccb36f9a23a0,FCBK,24738005,14261965,24737865,14262437,420,1032,40,89,1.2399543545773883
b17a445ef6a26b3d92498a9250d10906755fbdeb7ac246477c9fc6a2f0603acf,Zigzag,24759443,14193304,24759665,14193596,782,853,88,43,1.5673916084992847
863bd0eef1ee13f77d33ef15a7486c06f67e1ab360cfa79055882c0c4bc5195b,Zigzag,24791133,14272334,24791088,14272802,515,1028,42,88,0.11694279899576919
dc695c4f7f9def9b2f5cade5dff42b25de54f34668e40624d7d557185fbcf7e6,Zigzag,24872223,14264040,24872678,14263843,1016,363,39,81,0.2516620151754924
432b187daa094fcb23e3b5699eae4786dab47fcabe6f301333d7710e8ad3e4ce,FCBK,24682081,14412503,24682267,14412847,746,904,77,41,0.39044075438385056
10c988d5e345175d1621869b61f8a89a2e2ad162643691b7172a61666783fcd0,Zigzag,24824687,14405326,24824685,14405685,557,919,70,42,0.3959551623159959
bf1037b0e22fee8119d79d00cd5e97a819fa5d4d67deaa0638de2fd43a414e63,Zigzag,24639206,14297185,24639563,14297551,917,926,41,86,0.5924753119226912
1b79a748c289576c0c6ddd938cb78aa5d0a75318e50ac7b7a8c66c8b479841fb,Zigzag,24779016,14255739,24778472,14256002,16,823,43,105,0.12290872924598065
1b79a748c289576c0c6ddd938cb78aa5d0a75318e50ac7b7a8c66c8b479841fb,Zigzag,24779016,14255739,24778862,14255715,406,536,94,45,1.539427484947071
2e1b0fbec20572f23b9cfd2769da8da22556864ace704c4a70d7998db42445e6,Zigzag,24798589,14271298,24798652,14271085,623,347,87,51,0.17508033796149874
2e1b0fbec20572f23b9cfd2769da8da22556864ace704c4a70d7998db42445e6,Zigzag,24798589,14271298,24798979,14271679,950,941,91,44,0.02251654431867238
2e1b0fbec20572f23b9cfd2769da8da22556864ace704c4a70d7998db42445e6,Zigzag,24798589,14271298,24798854,14271000,825,262,86,51,0.10356672288095316
b6bbae7c23f9b0265ed860a694602bc462128033685b7a75c73632479b0542e6,Zigzag,24764103,14387880,24764053,14387840,510,520,45,88,0.0014610493152034131
9cbe9b5b3ce8bece905f4e9bc8924de8537cee0b8e60924c3f11cf3068e8767e,Zigzag,24613108,14147308,24613255,14147343,707,595,44,99,0.11691314636150683
9cbe9b5b3ce8bece905f4e9bc8924de8537cee0b8e60924c3f11cf3068e8767e,Zigzag,24613108,14147308,24613421,14147320,873,571,44,94,0.29035216982081136
7453e2b1f6f18d78683224c2bb863034bc719948e733d2ac6b01723509cec1b5,Zigzag,24720296,14290977,24720532,14290916,796,499,39,96,0.0898868383424079
b69ca1fe5167ef77b05b304f3d60fa820cd6f6932d18fbb4b3f614e6619e2f81,Zigzag,24879679,14237043,24879399,14237325,280,843,34,69,0.0005024140196240519
2b40094f8eb7c17a5308ea359491271e9e198b15fa7a962e8cc67038a976ce56,FCBK,24683013,14187042,24683204,14187183,751,701,90,49,0.7099625276242998
3e3bd7ea7826208584d022e10a9e11d768d5ce98a06442f20b5e7a24e8604602,Zigzag,24712839,14366297,24712948,14365785,668,48,40,78,0.25841103129948484
c94b2dba1d544e99cd155984acc8112271c27be467964a5679155e9821193d10,Zigzag,24780880,14236003,24781204,14235756,884,312,36,85,0.21187933198248202
d3c922fde4e814e8a71af9be3cd0900ae16a4fb0e2b946655eb7d66fd490725f,Zigzag,24861038,14343645,24861286,14343909,808,824,40,87,1.557285711110761
d77258e172aac0ba28cdcdf1ec0892f8eab07b1dba83d891d948bac38b7632a7,Zigzag,24643866,14135781,24643637,14136117,331,896,83,47,0.2637709259541351
24f9a278e80200015ebe9b9a2a2c5ecabb578d69d99af783303e1a07bcdd4c83,Zigzag,24954245,14237043,24954321,14237202,636,719,89,40,1.5114314034617768
4e1f880b6716ec2cce4e43bd3cbb7cb4d5cd83b8c0958fb25e9ea5e76fe44d9c,Zigzag,24789269,14228724,24789036,14228484,328,321,81,40,0.10366031634851262
1db8bcd1a128c981c15f04f7a567ccfba7fedd5b4b6f26d7292235d8cc93700c,Zigzag,24751054,14364239,24750931,14364516,437,837,38,78,0.2915021560690212
e7d39af3448990265fd94669d524d9b1e1c70491d09a23e7d209d2d53fecac69,FCBK,24743597,14374523,24743914,14374845,877,882,77,35,0.19017869699802584
b95d5671c514e747473a49fe768bff3021597a10ec17581627175f249663fb29,Zigzag,24870359,14268188,24870438,14268589,640,961,46,93,0.006062547341875727
4f5b4ee90ae012bb36804518b72f89a7200c9c0be227d62a78c6268cce643819,Zigzag,24710043,14233924,24709881,14234408,398,1044,92,52,0.21066396512951074
794e4742b3b761af7847038952170ff8707f99fa69e8d377ad729ca2a1758564,Zigzag,24737073,14209985,24737264,14210131,751,706,34,76,0.21921525887645749
1d3a60a7634c29526fff8bcefd98539ce89420a01c78f15e7d4ebc16423f815e,Zigzag,24626157,14152544,24626460,14152889,863,905,41,88,0.061368228006483075
3304fc86cd650e13cf188149bc311f28ef42887a3c50ff794f0b7e8045ceb023,FCBK,24738937,14391987,24739192,14391532,814,105,37,82,0.12533570123688348
3304fc86cd650e13cf188149bc311f28ef42887a3c50ff794f0b7e8045ceb023,FCBK,24738937,14391987,24738564,14392419,187,991,39,88,0.17229811692593613
c3ed515d0695da017cc3736e8257a07259965e8c8a07fc3d67162ffe0be80395,FCBK,24793929,14370411,24794282,14370802,913,952,78,45,0.2953946988973083
65fa441fb161a0c77a4b7d799f3fb8012b624e14b6d225b40128ad4d5081628e,Zigzag,24705383,14279588,24705248,14279711,426,683,28,53,0.22636907548614194
0d99c445775e497bd9addf58f2af3a0f8df469199745cc5a6405c95034e75cba,Zigzag,24660643,14272334,24661150,14272812,1067,1038,32,64,1.5286288993590178
2c35bd505b54b8e37ac4a7428e8bb3e85ce0b9a9e980b0b7a9dd5c284abac1f1,Zigzag,24875951,14343645,24875569,14344153,178,1067,38,72,0.03966367318179744
14f33c98f7aee5d9fdfd473b56ee206b837000083e33865a1947a733977b0f85,Zigzag,24729616,14377607,24729602,14377854,546,807,83,39,1.5640618581883587
a54c11ff18b7c791cb8756440d4ee525746ce5ddfacf71ee3f3c58d356fdea94,Zigzag,24670896,14252625,24671107,14252847,770,782,41,76,0.41218722902856975
002b9d0674f5d20c1d0055b4f31e016c983880d2043b15fb91ebec98fc388fd3,Zigzag,24765967,14194347,24766298,14194200,891,414,47,91,0.26862498644923843
8c6b801e10eaba5574b1c59a60a94c9ba28e7eab45f5ddd3f07536ef4bda52d1,Zigzag,24975682,14298219,24976012,14297853,889,193,53,100,0.07497948621268834
ac8f8322521138f5a23a90cc21ed07e59e9949c0c7c686759e6c3b13b945ddbc,Zigzag,24967294,14312691,24967678,14312984,944,852,104,55,0.5507891842748172
f2ed664018fd7a44a3002bc40098cbdc89d49358289ebd98263aed89346d6d4f,Zigzag,24735209,14299254,24735290,14299643,641,950,40,72,0.3663208372861392
a17bfd1159f3e2036b9d125a70f8c8bd5ca5ef245c9ee78adfb84e0a0603f511,Zigzag,24915098,14342615,24915028,14342320,490,266,83,41,0.39252637570203247
06bd6cf92d5d8b7ae7fb2322dbaaa7bb3eb56a72f95cf52bc6f058cf70c65ab6,Zigzag,24805114,14314757,24804689,14314839,135,642,42,88,0.2615264304321731
f03a23b6b60bbb88327147b22df4ff553ce45043263933e91c34108d43c48555,Zigzag,24740801,14187042,24740769,14186769,528,287,46,76,0.03005491098679129
78da4701d1283509c23d516d7b9db743956dd24ff386040610ba4e302dfe470e,Zigzag,24647594,14148356,24647127,14148589,93,793,38,94,0.04734370545574636
52942bc45367aa36ef890fd406da106e02bbd7b61ea99ba4b7a177c8f3977658,Zigzag,24696994,14301322,24696951,14300999,517,238,90,46,0.5563532601612925
52942bc45367aa36ef890fd406da106e02bbd7b61ea99ba4b7a177c8f3977658,FCBK,24696994,14301322,24696636,14301433,202,671,83,40,0.6059478444032385
52942bc45367aa36ef890fd406da106e02bbd7b61ea99ba4b7a177c8f3977658,Zigzag,24696994,14301322,24696784,14301316,350,554,92,53,0.810881019762035
52942bc45367aa36ef890fd406da106e02bbd7b61ea99ba4b7a177c8f3977658,Zigzag,24696994,14301322,24696743,14300962,309,200,80,47,0.22227531419274257
52942bc45367aa36ef890fd406da106e02bbd7b61ea99ba4b7a177c8f3977658,Zigzag,24696994,14301322,24697369,14300957,935,195,78,48,0.6355845662780762
52942bc45367aa36ef890fd406da106e02bbd7b61ea99ba4b7a177c8f3977658,Zigzag,24696994,14301322,24697278,14301652,844,890,81,45,0.11875191761377364
52942bc45367aa36ef890fd406da106e02bbd7b61ea99ba4b7a177c8f3977658,Zigzag,24696994,14301322,24696673,14301206,239,444,73,49,0.7805580012742838
52942bc45367aa36ef890fd406da106e02bbd7b61ea99ba4b7a177c8f3977658,Zigzag,24696994,14301322,24697059,14301016,625,254,97,54,0.3727230099676624
52942bc45367aa36ef890fd406da106e02bbd7b61ea99ba4b7a177c8f3977658,Zigzag,24696994,14301322,24696482,14301671,48,909,86,43,1.536343411246705
52942bc45367aa36ef890fd406da106e02bbd7b61ea99ba4b7a177c8f3977658,Zigzag,24696994,14301322,24697025,14301664,591,902,38,96,1.5011251032012245
52942bc45367aa36ef890fd406da106e02bbd7b61ea99ba4b7a177c8f3977658,Zigzag,24696994,14301322,24697547,14301673,1113,911,17,43,0.07049129411709142
ece57a48d9c5c741f3e2cd70b6c4cfa568314912ff4fd1a1f61dd4866ef03fed,Zigzag,24642002,14214152,24642229,14213757,787,165,41,84,0.3844976773847434
8ff6b9c9c5eb1f2f3e3c03433a5c74df28ab946ce40dec48328b9c6ee68b80fe,Zigzag,24640138,14336430,24640472,14336497,894,627,34,73,0.07150818888982455
729be0ab8e6ae67310fb98baf57bca4952b8c840ae68787ce1eac93309d0cef7,Zigzag,24806978,14240161,24807239,14240157,821,557,47,97,0.15510456583605964
59c00a9dd1d8cf3eb5b88fe66a46add8ccfdc0f06bfbf93fd0ae19b7cdfb7af3,Zigzag,24694198,14301322,24694287,14301732,649,970,82,43,0.06759551838936137
59c00a9dd1d8cf3eb5b88fe66a46add8ccfdc0f06bfbf93fd0ae19b7cdfb7af3,Zigzag,24694198,14301322,24694078,14301735,441,973,88,46,0.4156069276053132
59c00a9dd1d8cf3eb5b88fe66a46add8ccfdc0f06bfbf93fd0ae19b7cdfb7af3,Zigzag,24694198,14301322,24694629,14301767,992,1005,77,41,0.14554484949759758
e2e6b845737af418ec6a7d9e6d59ec57663e648b6f8359c2cb423f83a138cb00,FCBK,24598195,14343645,24598147,14343113,512,27,58,36,1.527524486454962
65deed7cf5778e0803b9af41357410bf3e8b40748e59ee57d5fc4b9dac60973f,Zigzag,24795793,14219358,24795789,14219816,555,1018,44,86,0.2354740737132298
e640d9a00642e16aebafba26ce07735fe25ef6540116dde3521894c4be1f3770,Zigzag,24995256,14237043,24995557,14237020,861,537,46,102,0.039246905115956854
0b657afcc839c7b757c5d7723378a8cdb07a3a12151d4f7e0cfa8ccb5b7b3fc6,Zigzag,24660643,14204774,24660342,14205024,258,810,41,93,0.1875761061779891
3f3e51a3c486f0beda098493a2de230da81588c317a1731964a06ca4a73e638a,Zigzag,24939332,14293047,24938867,14293586,96,1099,103,53,0.3679199656521909
122b18f9c9235b687c9c97e63b9968b21eb03a5c876318ddabf9940269f0ff87,Zigzag,24737073,14377607,24736739,14377232,226,185,72,39,1.499387656906057
da8866a1b6c9eb087b7ffcd529d99cfa6443955cf7f60d9788d5fa18a35493ed,FCBK,24740801,14365268,24741159,14365179,918,471,37,77,0.08860366075018047
d7230a28a072a8bba46cf8af95fd16b887fee23e5ce3f52b7287ffc6b6b4cf67,Zigzag,24819095,14265077,24818798,14265180,263,663,86,46,1.5572364426305947
5703292b6494ac3577fa08e089e8a4241315aa31a8259b7371bea47611ece314,Zigzag,24765967,14205817,24766272,14205637,865,381,37,74,0.17732874500131177
9fa35e7413a4ede42ee886a5ad769bc82eb38e2a14b1118a2a15eb7c492c2d95,Zigzag,24975682,14294081,24975648,14294428,526,907,44,87,0.19224674145301324
5d36ce43d1359a14bceade5cf8ea8274f4e5be3ca18c14b2fc502c01e4d51c7f,Zigzag,24694198,14166146,24693807,14166025,170,438,49,90,0.2271751977033521
6cbcdfa8f8a84e400dfb8a2857ac8245e1e060adf6da13aee8e2f741c6ceb3e0,Zigzag,24710043,14185998,24709678,14186166,195,728,86,42,0.4355163870196093
6cbcdfa8f8a84e400dfb8a2857ac8245e1e060adf6da13aee8e2f741c6ceb3e0,Zigzag,24710043,14185998,24709522,14185782,39,344,81,42,0.0512768115563867
50df4534eb3e25e3ef9b7d608fb6599e4f3f0e9313b70e118a146b3d688ee003,Zigzag,24752918,14200605,24752459,14200872,101,827,48,97,1.52364199705979
226f0cc35bdb25507b96923214e32c56f414f624df68ffc89723cdcb9dc8bb67,Zigzag,24677421,14250549,24677465,14250187,605,198,35,66,0.2104768114839054
693e6aef3f844e067ad4fd8e09407aed213553e25d4c845aed1d16561b96ebc3,Zigzag,24654119,14316823,24654110,14316868,551,606,81,42,0.3067067086540152
1cb5f5a337a9cee7232bb23d9f4a99527d6c6afa97608e933022f285343cdc5e,Zigzag,24979410,14229764,24979630,14229959,780,755,95,50,0.05892702058731593
1cb5f5a337a9cee7232bb23d9f4a99527d6c6afa97608e933022f285343cdc5e,Zigzag,24979410,14229764,24979407,14229700,557,496,47,95,0.07063155948275453
1cb5f5a337a9cee7232bb23d9f4a99527d6c6afa97608e933022f285343cdc5e,Zigzag,24979410,14229764,24979580,14230125,730,921,44,88,0.10317453912092536
1cb5f5a337a9cee7232bb23d9f4a99527d6c6afa97608e933022f285343cdc5e,Zigzag,24979410,14229764,24979720,14229665,870,462,90,51,0.13424877709553906
1cb5f5a337a9cee7232bb23d9f4a99527d6c6afa97608e933022f285343cdc5e,Zigzag,24979410,14229764,24979465,14229518,614,314,105,61,1.5676845562191934
22a35a54a22c76c8d396f67ffb964a6865d931d4b4a995d186c1be90b8562e7b,Zigzag,24781812,14301322,24782139,14301646,887,884,76,45,0.0413075676212977
f31965de68603b515d03070ddbd322e984018780ae1f6301c7e89cf211f4d834,Zigzag,24646662,14151497,24646909,14151970,807,1033,79,43,0.12394287630915045
f31965de68603b515d03070ddbd322e984018780ae1f6301c7e89cf211f4d834,Zigzag,24646662,14151497,24646636,14151817,534,880,47,88,0.15723141621686734
b7c005d5ea7aaad72f79bd882241854720e4358ef8c42ab79af7f0963d38a11a,FCBK,24750122,14388907,24750007,14388450,445,103,42,82,0.9879440145760704
bfb1b63c6b5894e376f28595e1a9d9d02a4bfc4a762b20201ab69f1e5dcaad3e,Zigzag,24812570,14214152,24812713,14213910,702,318,40,89,0.2353110549650033
bfb1b63c6b5894e376f28595e1a9d9d02a4bfc4a762b20201ab69f1e5dcaad3e,Zigzag,24812570,14214152,24812746,14213682,736,90,47,85,0.34725426835685314
06387c5d643856b0c67b98b28b1c82c22d32906d1e1038daafb113b6f2e83702,Zigzag,24780880,14326114,24780851,14326301,531,747,81,48,0.2962078618466503
bafb0d87b096523159faf44cdc6b41d58adf14b2147afa07fba30a4ae01fccb6,Zigzag,24964497,14304424,24964417,14304023,480,160,103,58,0.12532931797264568
b2f9531d8a83c31dd8e344316c60b424b81dc382f79b0d3cf0f499eb1602ee8d,Zigzag,24736141,14318888,24736327,14318714,746,385,75,43,0.46779932562209076
043fea300d7d5e93b036878bfc5e94de06d8b8b36a71f8861694502a1fe075ab,Zigzag,24845193,14259890,24845058,14259390,425,59,45,87,0.5104300099295886
74531093646c8fddeee516c60be4cf828226c4b21bd99171b2dd1cb697465534,Zigzag,24670896,14305457,24671355,14305726,1019,828,36,78,0.22390102423542466
5e1765529c552002a04050a7fd503c3effd021a3f7d30b4982cb5fe55d29418f,Zigzag,24842397,14366297,24842220,14366284,383,547,86,47,0.3469456745655402
fd46679414b6dbe3072954b11ab5e137fd1b658eac327be5741f1e4271312d83,Zigzag,24673692,14182866,24673186,14182895,54,589,56,32,0.4304677659621189
3f89c717995b2a8fee8f960a0501b2b768d23927767eb8062259c5e69bfb9fa9,Zigzag,24811638,14342615,24811901,14342665,823,610,85,43,1.3258564797506573
4363708156fc2d6eb937ffb70283715d13149eb7371becb64b4aefb1c52ecaa3,Zigzag,24608448,14393014,24608321,14393182,434,728,49,88,0.2959986705430246
4363708156fc2d6eb937ffb70283715d13149eb7371becb64b4aefb1c52ecaa3,Zigzag,24608448,14393014,24608373,14393053,485,599,50,88,0.2543727636253
4191d3a76c7056d52ef3cde9ff8b047822e30450a99e0c027a3cd5f42e73d012,Zigzag,24753850,14226643,24753944,14226661,654,578,51,95,0.2547049596817737
2dd90957829cdec39434fc153b4f55e73073fbc2a4ff8520ca3cb2a60335b866,Zigzag,24779948,14278552,24779800,14278109,412,117,47,90,0.22867157798559717
2ca5da5ab8e21dcad0c76045e29bb26768f8d72ec046284e16125aa6da382260,Zigzag,24800454,14367325,24800167,14367263,274,498,37,80,0.040638664779253854
6f8803eb656fa39093a5f827f91d6a9f9a134a8c1df0be3937b23e308c1e1882,Zigzag,24758510,14205817,24758100,14205709,149,453,38,80,0.1871497007979538
8d2cccefd4d88130bbae8f3e5ac7cad6ed753440c79525a29c4ec83c9f1e2475,Zigzag,24862902,14279588,24862697,14279104,355,77,46,100,1.5658345913679699
55f4608ac845d0b242c368f6fd649f46c0073819370b2f90d9b5865da15c2ccc,Zigzag,24895524,14301322,24895715,14301810,750,1048,37,77,0.02195311721995789
f27cd2398f399ab095fb2e23fb50d1963b891569b701c03dabf48c63e777711d,Zigzag,24710975,14324050,24711290,14324430,875,940,37,75,0.30372536639269876
81636925acdeb8e3203c0cca5fc3402436ea34c0bf9b7dfafd7a0d83b3701198,Zigzag,24656915,14228724,24656968,14229233,613,1069,36,84,0.14073353273799
81636925acdeb8e3203c0cca5fc3402436ea34c0bf9b7dfafd7a0d83b3701198,Zigzag,24656915,14228724,24656685,14229141,330,978,39,78,0.1304444930902529
5d7860532397deb45e3da98b6bd92591fa5cbeb483d1d7f4294f87703e8384fc,FCBK,24661575,14146261,24661888,14146262,873,561,82,42,0.3460008515898073
507be8ecc54d1db8ee3c3e58ed0febb84eba3dbba4347b72f2b666783ec1dab4,Zigzag,24951448,14258853,24951611,14259080,722,787,47,112,0.2572768076359769
775e7423aabe23308744da190b2341a60990161100d53f9b1fa363be45df5643,Zigzag,24789269,14247433,24789542,14247563,834,690,34,76,0.08617507421786678
775e7423aabe23308744da190b2341a60990161100d53f9b1fa363be45df5643,Zigzag,24789269,14247433,24789716,14247739,1007,866,71,32,1.5656267316448893
3f3493416fc00996d6a4e801ddf6013e880267cd65f407dc92857dd2237f8387,Zigzag,24822823,14395067,24822968,14394637,705,130,74,43,0.19098521868939952
1ecf6ade029c02e362e701de19e0466e5dfea1f6c999cb7774e452771c71a22f,Zigzag,24980343,14231844,24980196,14231453,413,170,105,51,0.10882875468792144
1ecf6ade029c02e362e701de19e0466e5dfea1f6c999cb7774e452771c71a22f,Zigzag,24980343,14231844,24980531,14232090,748,806,51,106,0.041776691769693564
1ecf6ade029c02e362e701de19e0466e5dfea1f6c999cb7774e452771c71a22f,Zigzag,24980343,14231844,24980699,14231520,916,236,48,95,0.00126687704378384
1ecf6ade029c02e362e701de19e0466e5dfea1f6c999cb7774e452771c71a22f,Zigzag,24980343,14231844,24980430,14231323,648,39,55,76,0.07013956543849761
9ac2005526918752e67f06e873b177af64154b60da6f559f95b8f5f9b7643130,Zigzag,24662508,14165101,24662485,14164909,538,369,73,39,0.3388582535462148
0c18ed9e39cc7ef753d2d642199bb94a49ef084b057f18beeab0459506ff1f78,Zigzag,24812570,14347767,24812190,14347275,180,68,40,83,0.882745023618251
c1a56899733ec48ebf2a45e3ab69471422f16112543479ef2fbf451c691c4264,Zigzag,24860106,14283731,24860054,14283397,509,227,89,49,0.1341763307915105
5d87b1696dd8ea07a0b6ee55c1071ab70a5ef7e03431d45cf5ba28e93c388c28,Zigzag,24742665,14383772,24742607,14383469,502,257,44,85,1.5698288003708707
da3b0c17cdca1d3c72eaa3227d6b1766ce0115bb4f1e55a844403e2179fdd858,Zigzag,24623361,14310625,24623841,14311043,1041,978,40,86,0.2137498697531264
bc05d4799924834097de80afe2b5e09e08ee5cc9a40ec3be0be3970c67c8e19c,FCBK,24664372,14400197,24664026,14400481,214,843,36,78,0.11122657338726631
9397355b522ae0d12b2b17714a9fa7fe3c8f342e0fe40a2c7c67e08bf62fe3bf,Zigzag,24943060,14316823,24943212,14316571,712,308,106,53,0.13294520135383733
e154658c455771bcabe65b21526e3e07c75632d856628d6738eedaef574d3db0,Zigzag,24916030,14310625,24915504,14310197,35,132,97,47,1.517893830162963
329e3427a85443ac6fe5fd5cfa289eef12a55592fd4b303d902cb58b30e69707,FCBK,24707247,14192260,24707211,14192706,524,1006,41,86,0.4704193435025107
329e3427a85443ac6fe5fd5cfa289eef12a55592fd4b303d902cb58b30e69707,FCBK,24707247,14192260,24707584,14191737,898,37,87,41,0.3344036172803529
87d5492eb619d5b0fd3e6e4a4fbb72e26c48588e02ea0076aa91e91657d38eac,FCBK,24642002,14307525,24642228,14307981,786,1016,27,63,1.5541106904591686
1912d1b49f5ed3b4e5f7340da2bd5aefd6363295ed418d64534274dbab2de48a,Zigzag,24757578,14203732,24758090,14203876,1072,704,43,86,0.338430117111471
df76a714c135b1026a5f768fbdcafacf80733b79770ee2dfb4c3b445198b8c23,Zigzag,24626157,14239121,24625904,14239257,307,696,33,75,0.1752392288100356
c9a600c7072cf2e592748dd376728a9d53044da9687e6c1d753b2e54572d9463,Zigzag,24707247,14374523,24707700,14374152,1013,188,48,95,0.4859659791295254
85ee4d8c57ef5f40a67ebd2f507c6f84adac8458fc66a4bf800fc17aefe741b6,FCBK,24724956,14349827,24724546,14350082,150,814,70,34,0.2890206891443126
1e9b124f26daccf6a0bb4820cd5ed1c0707cebad67dba42a440a4b98480ce029,Zigzag,24726820,14208943,24726584,14209224,324,841,47,93,0.28703999637307975
f98d6cf61a1fd0aae37c4a5f550d53661399a7939f36cf2d96e347bd988adfcf,Zigzag,24763171,14367325,24763048,14367795,437,1029,75,41,0.2373204100074681
f98d6cf61a1fd0aae37c4a5f550d53661399a7939f36cf2d96e347bd988adfcf,Zigzag,24763171,14367325,24762887,14367608,276,843,90,46,1.5638880869272311
de501d9f19dabf5fb0f428d95651a0660974df1dfb5bdbbbbc3060d6dc2488e4,Zigzag,24916962,14256777,24916733,14256563,331,346,95,43,0.010325581130725401
1d101b77fa441cced3a8f50adc2705475ea3e32001eeacffaa970005dd254148,Zigzag,24795793,14253663,24795554,14253749,321,646,56,94,0.08162886682239817
697b42f1e787e90afc6f25e562fcdb98863b00aaca4ad7955368bf51308a0b65,Zigzag,24726820,14300288,24727019,14299749,758,21,92,51,0.16645382655851407
a3314df4613c7354fa773cf6a59df054a7f4cc385e014472d1ea50dfdfa45861,Zigzag,24724024,14208943,24724067,14208794,603,411,48,101,0.33995930420939446
821e7411e9615d3804237c3f36c76e63f097e92bbd57b41ed191022bd5766ff7,Zigzag,24802318,14279588,24802521,14279107,764,79,93,45,1.5687492880230072
f43e2a2618056668fc5401aa6f02210492ff5c48225c6b3a674e5e4ba9609631,Zigzag,24816299,14231844,24815781,14231563,43,279,43,80,0.0329224488845881
1fd0f1b5517657cdda4620b618d62cb52e0cafb1cec8fa58f7a162bdad4c1be8,Zigzag,24792997,14327146,24793521,14326947,1084,361,44,73,0.341084756086062
1fd0f1b5517657cdda4620b618d62cb52e0cafb1cec8fa58f7a162bdad4c1be8,Zigzag,24792997,14327146,24793065,14326639,628,53,98,49,1.5359785581773642
1fd0f1b5517657cdda4620b618d62cb52e0cafb1cec8fa58f7a162bdad4c1be8,Zigzag,24792997,14327146,24792847,14327421,410,835,72,42,1.5603171873795982
1fd0f1b5517657cdda4620b618d62cb52e0cafb1cec8fa58f7a162bdad4c1be8,Zigzag,24792997,14327146,24792783,14326859,346,273,80,45,1.5658515024408919
dfba48eec42b883e981c2153ca6b95095501844c108caab791491bb6d3ce709c,Zigzag,24746394,14183910,24746239,14183429,405,79,87,42,0.4354530703646927
95151712e9e4864961640e3691cd3c1a848ab77847ce0e4def58587106ec6671,Zigzag,24730548,14286837,24730279,14286810,291,533,43,85,0.5168012566529533
9f774a7357b71786e34f061cf853bad46b9e32e35a1ff8e62304cefc849a8f57,Zigzag,24745462,14336430,24745165,14336203,264,333,74,26,1.5168119209701183
2db0e9f55346dd687455dc9758b5c8b0b0791b350108a7cd3d0e7c6186168ff2,Zigzag,24720296,14341584,24719955,14341695,219,671,107,48,0.038548603472192064
6569ced2099d421aa25a432ab521142425a4c8f0e67b82f79a9d28af1abd1a65,Zigzag,24831212,14368354,24831229,14368388,577,595,40,75,1.5296646027069498
7941451467b3214f1e6bd2a95f6ec08386560eb5921d643d190842b072b869f2,Zigzag,24645730,14159870,24645853,14159547,683,237,38,82,0.27294944407206595
523472747db629fdb7dc4fac7b18192107eb822641dcafaca360cfc0390869b2,Zigzag,24832144,14253663,24832323,14253317,739,214,82,36,1.4146646463054204
2057e0a70db9e70981a80340c810e1be78f8d8badb9fc075daf01811d4aae570,FCBK,24631749,14226643,24631759,14226564,570,481,87,38,0.39170622195482896
c8a69f13daba49788b74af44b76c789cf2107ab6e98c10e94a3ab59486a9f167,Zigzag,24826551,14248472,24827089,14248947,1098,1036,38,79,0.14859651585644892
231a6f7e5033d80b057997ef5abd8b67ba64d95f509c254e4dbc53d6593afb3c,Zigzag,24762239,14202690,24761869,14203064,190,934,90,45,0.3348676731002992
cf3679505c7a421dae1b125cfd99f358a62d1685015db5b8d96bbb1174e00828,Zigzag,24635478,14241200,24635822,14240886,904,246,31,61,0.2567331565889508
3e6334fd6d02273145c8709eb6d416f094e5078b72caf3a9d003887bff427265,Zigzag,24791133,14251587,24791651,14251631,1078,604,44,88,0.21087638551595816
3e6334fd6d02273145c8709eb6d416f094e5078b72caf3a9d003887bff427265,Zigzag,24791133,14251587,24791279,14251514,707,487,44,86,0.35468212424270673
3e73e67188f9d0b1fa13ba22e146fcdefd428ea42f7c407d9cd16713f68cd26e,Zigzag,24791133,14253663,24790604,14253611,31,508,33,79,0.006534658703970874
079fb1402d463a5bd9bd34bac08b8a9c2bda8a302166b7d8b91973facf29eb28,Zigzag,24700722,14377607,24700349,14377834,187,787,80,44,1.5511248874030263
8cd14a33ec252b5e057118a89905cba49545d905e8501571ad5edd6947a4b208,Zigzag,24946788,14249510,24946410,14249854,182,903,40,82,1.5679588618114717
8cd14a33ec252b5e057118a89905cba49545d905e8501571ad5edd6947a4b208,Zigzag,24946788,14249510,24946353,14249837,125,886,76,45,1.5623545056135089
8bea49b3fdeb09cb332ba64648471c9b2d4e3eb4dc4a9508d191386ba6fa6123,Zigzag,24749190,14307525,24749137,14307196,507,232,81,43,0.2740569362561322
1c0063965ed78e79e21fd75ab035332051894e8ce1b7efeb8c6fa4a5ff1f4d5d,Zigzag,24843329,14224562,24843372,14224128,603,126,45,78,0.06041009338648901
55f4f481ad5df611018b063a31f2613d6cc645c4862a70a3dadccd3b929d89b0,Zigzag,24926283,14229764,24926600,14229444,878,240,85,39,0.04600981961188814
5d0e935057cd7ca206f5d649ae96c742443fcc5aca07e3443c658ce366b4f01a,FCBK,24779948,14384799,24780038,14384964,650,724,35,73,0.2789572192409053
24c623e65f69303adbc0293c08a108d500ece77bf4bb2a230ec9378c23316b50,Zigzag,24978478,14228724,24978535,14228647,617,483,44,92,0.1850504307791852
1ba851a188b3c9ac3391fd16fb43c10b3650926550c3a1245ce0904274dd7cd9,Zigzag,24972886,14294081,24972343,14293935,17,413,40,81,0.11113972936859451
b9fd14c9fb2daf33ae89fc56e2c76448e92958bc4b6629958eec8c179be7dedd,Zigzag,24751986,14196433,24751840,14196729,414,856,93,50,0.2578401827198263
51cafb7ea62f36433903b939185580ba47efd8b8300bea0b6a71bc2278918ec2,Zigzag,24743597,14319921,24743719,14319710,681,350,81,42,0.3648458788059124
47aa2d73d07249f4cfb49f24ca01523558380422b904fc840a9d9b56d13346b0,Zigzag,24664372,14185998,24664372,14185465,560,27,87,46,0.39924909311026036
47aa2d73d07249f4cfb49f24ca01523558380422b904fc840a9d9b56d13346b0,Zigzag,24664372,14185998,24664746,14185751,934,313,39,78,0.1901672287605817
47aa2d73d07249f4cfb49f24ca01523558380422b904fc840a9d9b56d13346b0,Zigzag,24664372,14185998,24664642,14186456,830,1018,86,45,0.3796005569037648
42f801d6093ffd5232636ecaf6ea34f6ecc91d93ffb8f38fa8f3e632e55f945e,Zigzag,24974750,14224562,24974621,14224759,431,757,46,100,0.038970847663024125
27214268f592664888b2fdbf447091330e722823508e0935c377696aefc3339c,FCBK,24696062,14316823,24695833,14317048,331,785,35,72,0.2729322167487645
2d2e9b4d036b8a8fd5e2207a75dd5a9ce754e140a7ee13295e671b36418ab96c,FCBK,24763171,14347767,24763223,14347861,613,654,44,81,0.20150944875090424
dff7f3d732482fe0d97eba03a10613e8974fdc3b15bdba74378af6daa0fd83c1,Zigzag,24708179,14346737,24708092,14346544,473,368,38,68,0.025072315518388774
daccae8f5c3c47100f8914f1ca1f09e2b0f4898a7dcde94efa22a6d2a83e2103,FCBK,24668100,14223521,24668070,14223235,530,274,38,70,0.6963312707427838
785f95dc49bc78c0e42ca75bf7fcb6e0e3c5108ca798c2fff96953b8b2bddd7a,Zigzag,24966362,14306491,24966163,14306117,361,186,76,51,0.4221266122699362
e17b2b87da9298510aa9f1ec6917dbf68f5cef148d9e88e08904cec0e34c2c8c,Zigzag,24647594,14159870,24647348,14160368,314,1058,43,82,0.16186986053221517
fed76ec123fa5543ebb96a2711dbc93a396b775b7da13a682a73af19d9a0bfb3,Zigzag,24801386,14201647,24801634,14201134,808,47,39,81,1.5494983617672604
fed76ec123fa5543ebb96a2711dbc93a396b775b7da13a682a73af19d9a0bfb3,Zigzag,24801386,14201647,24801310,14201239,484,152,35,71,1.568903485050123
c214d989932f3c0b6d35041ac6dbbde7eff113dcdc8b69d712616fdc883fb701,Zigzag,24760375,14219358,24759852,14219107,37,309,38,82,0.16344983078317513
769c8bef2c7465b97960b08d83fdb3b458ca103013f209da21204bccfb268ca8,FCBK,24703518,14340553,24703622,14340291,663,297,34,77,0.2119150349858459
68763676f224e6367352a26612d205f3c82161634141420d8095e7dbef7618ea,Zigzag,24788337,14301322,24788162,14301383,386,621,37,73,0.19984225997424418
7e30b872f8a14200f7c1ee1b899a0a456ab93f3a9bc310f30cc3e7cdc9a75301,FCBK,24829348,14233924,24829200,14234464,412,1100,39,39,0.05646634712505597
bf510717a584dd08ecbd1393d33b88403ed8f946f53cc864a3998f531d8ae9f5,Zigzag,24982207,14229764,24981788,14229679,141,475,59,121,1.5327726448571268
baee94f9bc7db36230c679d423d5748b25a3f28581443cae485ff54ee37b5816,Zigzag,24728684,14343645,24728322,14344167,198,1082,34,77,0.15968323882969201
a08340d4ba683b32f86e421fd3d7d92aa28420e5898688a12213e6317102d61f,FCBK,24788337,14375551,24788617,14375410,840,418,34,82,0.1353408479124181
cc56182fce96b11693e5d1523086c50551046ab02d647ae72f2af84891e58712,Zigzag,24614040,14305457,24613990,14305881,510,984,33,80,0.05900498046703879
c897b194c12597d4cd801ad9ac369ff0cf49099ef45335f2324d32a53a15933a,Zigzag,24681149,14220399,24681369,14220688,780,849,75,38,1.554291785413294
8f14a28779e0fda31de0f01eaf9ebca8506ec820b860201001529501c678f0e6,Zigzag,24611244,14321986,24611070,14321709,386,284,39,75,0.19468008838577547
6a734b4f006ae86cfb7dd53be18d780ec1d59c77965323b5a6ecaaee25d8f3b7,Zigzag,24968226,14244317,24967709,14244575,43,818,54,96,0.25161229728689194
939bca4c91916f6e6128807cc78526a79b9413abfe598472666f6c2dbaa4bb0d,Zigzag,24659711,14311658,24659882,14311499,731,401,90,40,0.24309662331952503
edd14a80cefbbe28ea4a718dea106b89215c53701986f2c65ea434069cceb06c,Zigzag,24820027,14243278,24820514,14243025,1047,307,96,46,1.426360051390558
66a9d8c455269f59ffc54774dbedd5d2f7e5c981e4302d919490fe4218ee0b9a,Zigzag,24899253,14307525,24899453,14307764,760,799,103,58,0.22114630033811708
b009059d677ecef4d705cf3dc636210c73c39a3f9443b66eddbee25b62bb4487,Zigzag,24762239,14193304,24762715,14192939,1036,195,46,89,0.19503279078264285
3a7534804fc05afc6ef56c85b00283d92476334144b976600e1012afa5f07697,FCBK,24778084,14380690,24777728,14380690,204,560,34,64,0.061593423243784494
edf1619a2b07a6c0000a2d6b19e735e253315599edb058a1658116f71ca001af,FCBK,24647594,14409428,24647620,14409461,586,593,76,39,0.2868454524554495
d5a1dbf3fb4ed1cf2e9bff176d841ecb68e1877a812d87af74183baeb78014f1,Zigzag,24674624,14281659,24674210,14281619,146,519,40,79,0.36946030473717906
c8c02666471d7fc702376fc89b8b1ae014d5d3f640007013b6bc0c153984ac3f,Zigzag,24660643,14277516,24660401,14277730,318,774,33,73,0.16108662485562286
8070dab4af1c736c2853881c0f34f6c43af5bc8b3c4e2958f437c0f4848e3937,Zigzag,24968226,14282695,24968684,14282622,1018,487,50,100,0.29370798582090657
2cdedf865ec800babd9aca6ec4260f4551867f6143886c5bbc536b0780d0a063,Zigzag,24778084,14281659,24777838,14282020,314,921,38,75,0.19100384417227328
14918274a1d07f4d8858d4edaad469bfa48f1cde94ecbe2503948d3b0a8c6be8,Zigzag,24730548,14216234,24730630,14216667,642,993,92,53,0.07674451286989517
924a6c5bf5e10804f98b3ce2e24198a72f55e091b9b18682ecacd5831615155e,Zigzag,24864766,14247433,24864613,14247618,406,745,46,100,0.31070441305584673
b2c81fc98a7f5330c5417c4f3a1499709df348111f5d7a54e0ae84d4953eb511,Zigzag,24751986,14267151,24751634,14266833,208,242,44,82,0.15751361142387488
3a0037c446782759b97b47311631e62dcadf97793e41403d9cb6750b923a6a8c,Zigzag,24762239,14197476,24762511,14197831,832,915,42,85,0.33380410642946245
49e786ab07c2398b2b7b787551dad9391b91f43639aabbe4e90bf398cd627a36,Zigzag,24775288,14238082,24774861,14237783,133,261,96,37,1.5667782825002394
d82861e13bb5ee1e35135ea076dcb825799be44f65212c705f1450acd2ba98e4,Zigzag,24607516,14398145,24607607,14398152,652,567,38,100,0.4528186783057452
19ebe9672a6453eebd647dc2f4a463ec4176799507d59d071ab67b7355983967,Zigzag,24861970,14272334,24862469,14272185,1059,411,96,47,0.04062303535260646
3f6a4eeb4a4c69ffd0d9565d418ed59c93c63cee789c67f7bc2854493ac9e909,FCBK,24738937,14383772,24739086,14384255,709,1043,36,84,1.5663403256589759
03f114ffbf37ccd2fa54a9aa2e7e042b1d47ed643f4c1e8048db231dcc20a0fa,Zigzag,24974750,14295116,24974954,14294811,764,255,36,82,0.2614537927134412
c6a1ae9df58f6ce37d7821ac62d6b449b96dcc19cb8d275a74f8fd11613b7b7a,Zigzag,24975682,14225603,24975847,14225950,725,908,45,94,0.0758350350352547
c6a1ae9df58f6ce37d7821ac62d6b449b96dcc19cb8d275a74f8fd11613b7b7a,Zigzag,24975682,14225603,24975964,14225377,842,334,92,43,1.565774137611225
fae803e3af6905fd869bd60b8d55cc4e963a20f15bf0339c9ae9beb7d8e83577,Zigzag,24952381,14307525,24952631,14307810,810,846,42,88,1.5306564970549497
337fc0877fbc0b96670a9df7ea6f95bf707bdee818fc1300330c13254403c68b,Zigzag,24867562,14263002,24867592,14262904,589,462,42,80,0.1793504670980886
337fc0877fbc0b96670a9df7ea6f95bf707bdee818fc1300330c13254403c68b,Zigzag,24867562,14263002,24867730,14263233,728,790,45,85,0.23463266461157606
337fc0877fbc0b96670a9df7ea6f95bf707bdee818fc1300330c13254403c68b,Zigzag,24867562,14263002,24867731,14263360,729,918,85,49,0.2689709144300829
c5434e178e1627ddd18ee14ba40b8e2f2b937b8b8dee169ac8d254ffef9a3807,Zigzag,24748258,14290977,24748277,14290976,579,558,32,64,0.17443824982268064
17213b558ed8ea32d9d3adebcd8d16f7cf9ba6c1e83fc631e6090ccb686705f2,Zigzag,24772491,14232884,24771977,14233285,46,961,36,76,0.20765312835912164
4c892ff951aa9baaef69fc42539516117fdb9c95b853bcebf723ad60d7671496,FCBK,24606583,14217276,24606134,14217223,110,508,89,38,0.3646496371230872
eec2840f3fce52b8749c9a7e72ee3c045949ecdeca5984c1f9c944755d7790a5,FCBK,24607516,14397119,24607412,14396645,456,86,89,48,0.35834273902956154
8d9ed6556cb58577670640a55e0a2382d0e2bb9f2be7278bad87bc2cf4c36335,Zigzag,24937467,14294081,24937763,14294188,855,667,95,47,0.11331281888382873
8d9ed6556cb58577670640a55e0a2382d0e2bb9f2be7278bad87bc2cf4c36335,Zigzag,24937467,14294081,24936994,14293609,87,88,104,54,0.22805061204317478
8d9ed6556cb58577670640a55e0a2382d0e2bb9f2be7278bad87bc2cf4c36335,Zigzag,24937467,14294081,24937460,14294171,553,650,41,88,1.5583218139328563
644773b8b694473e5623b64d1848aba769574928a8319d70c10636bbac0e1f79,Zigzag,24767831,14198519,24768186,14198354,915,395,107,49,0.2564103814648332
024d51e62fddc66c1ce5ecc8c3604fee8a593827be12f0b525cf73504b1e5144,Zigzag,24801386,14245356,24801423,14245316,598,520,73,35,0.10835453724394079
1cdc67bf2cbe5fefd1dc45dc87671a4f41ff9c0bc38777803ab0c752321fde8a,Zigzag,24634545,14219358,24634829,14219074,844,276,43,81,0.2708667189415695
6da84f26e6ebeecabae8a314e572b99d347b99c0f306773043fb0aba676e08da,Zigzag,24694198,14313724,24694422,14314097,785,933,78,42,0.15082892728496466
6da84f26e6ebeecabae8a314e572b99d347b99c0f306773043fb0aba676e08da,Zigzag,24694198,14313724,24694365,14313863,727,699,83,46,0.00339949028152657
6b7610b23c08049274d097636974dbb04b0bad92728ae12c536fe062322890dc,Zigzag,24702586,14314757,24702741,14314407,714,210,88,50,0.37462833528004597
c568b6366dcb241b46412c21a956380ce92b59ceaeb032c178cb66e52167b564,Zigzag,24862902,14256777,24863083,14257170,741,953,47,92,0.21551100153723898
797d5386e985e2129f6bb0d10b34b3829d140ec156ee8a1fade6351b523e1b97,Zigzag,24759443,14293047,24759082,14293463,200,977,43,86,0.2399374484764185
91db369f48566bb456764207d148ccfdbe366fe26a446d0c51c800ee9220182f,Zigzag,24713771,14219358,24713859,14219852,648,1054,46,85,0.34969042825351676
c5f8c2d63ede4f32c7a9b8d0eb5a3bf12effebcfc9dc2a4c0a004b2ec1b789c3,Zigzag,24966362,14245356,24965984,14245629,182,833,60,95,1.4865763873241762
908e0b122d8481b78fb23ba6437977a8c1577d4514e9f6754315dea0694d8d6d,FCBK,24700722,14383772,24700527,14384212,365,1000,98,45,0.1930614190752253
917468313376a9ae22e121c9f7d6082f70a793dd316451eb61eb408c1d22c978,Zigzag,24953313,14270261,24953836,14270448,1084,747,83,35,1.4615542578281733
a01546c49b0c74baa116bd927199e56ee14a67ad48041a5d744420f245d10a8b,Zigzag,24811638,14268188,24811371,14267919,293,291,85,45,0.21463353989232833
1f808f2ad9d65ded3385287adc38a1c3d477c15d8df5359d81bbde702ab4714a,Zigzag,24825619,14212068,24825501,14211878,441,369,45,93,0.3359360334610981
5563c3fbc32ed20a7906a8ef7f2f76775d01311f7d398b8491e6fd75089ec2bd,Zigzag,24792065,14276480,24791988,14276014,483,94,44,89,0.49899779173917824
181a7f67f35e159e5785a6cacd2ea1e1ce4476389213e46156c275cc38424a7d,Zigzag,24889000,14337461,24888925,14337411,485,510,39,87,1.0917768704737068
7c649474cfe3a020b7793264753d550e603b809e9cc0ea798f9e4fea2ea6a515,Zigzag,24627089,14312691,24627300,14312199,771,68,66,44,1.5596591202742396
b31d2af65baed50337485e44603cc404147918d05ef7d1c080086c391d28c34b,Zigzag,24865698,14254701,24866018,14254872,880,730,73,40,0.2523415040828693
9f841356c98136602cca7ea4f1a87c72e1ae0912d1810c98f0c1151e49af2015,Zigzag,24815367,14250549,24815099,14250901,292,913,48,104,0.06812803409407953
51faeee62398ba30cef7994ab584cbe3d17e46d8476cf164e35717752eb74b7a,Zigzag,24623361,14320953,24623203,14321375,402,982,44,86,1.5403702439729592
141450240920d3e6c3cf09d603eca0ca73b163527688623b2fa87ea5fd637287,Zigzag,24833076,14208943,24833032,14209295,516,912,80,41,0.3680685367515037
eb6d8c40551a2edca6edf34e441f885c40e9928a4f0842a99a899384f55aa39a,Zigzag,24977546,14226643,24977670,14226596,684,513,43,95,0.050541496134659004
ca0fc3ea502b48c4d98c7ed7ef4e9fe344b86140bd0a46b78e3ce256997a3b9c,Zigzag,24706315,14350857,24706010,14351203,255,906,39,93,0.13279320143462103
5f7d0537bbf7b61ae65bc347bab8cfec02e17d58489f7196abe043fa3f299bb4,Zigzag,24727752,14294081,24727458,14294595,266,1073,42,94,0.25548325186559256
127c053f73683d8ee4c9f5e92ca4427555b3caa40074780760d8672f0c03d758,Zigzag,24770627,14219358,24770880,14219710,813,913,44,108,0.14519247999586646
4a1db6587bf66e921fc520b7aefb9ed0f4f912d57fd3f23d45d6f58a967fcf72,FCBK,24634545,14215193,24634637,14214695,652,62,36,81,0.280854871320398
a742309217438526fec9455878a63610375eab373838cefe3dd10ebc56d0360a,Zigzag,24926283,14318888,24926802,14318707,1080,379,87,42,0.5923880268179639
ffa1462c2ac592fbf38ffa02d1612271d905d3206444e2edf5312e03c5ef827e,Zigzag,24805114,14223521,24805086,14223052,532,91,94,45,0.17736867577290613
44e141fbc814651c484058878e2345384b21bc94eebc44878c6959a394dc8c94,FCBK,24810706,14369382,24810798,14369130,651,308,80,36,0.6928151657345794
9725b776d016bbbc932a38829de3ba2c81c3045309af754f5834f2730e976362,Zigzag,24859174,14333336,24859411,14332924,797,148,43,82,0.7495656638255684
9725b776d016bbbc932a38829de3ba2c81c3045309af754f5834f2730e976362,Zigzag,24859174,14333336,24859508,14333491,894,715,42,84,0.40741414527536157
9725b776d016bbbc932a38829de3ba2c81c3045309af754f5834f2730e976362,Zigzag,24859174,14333336,24859539,14333227,925,452,42,69,0.9324821535575435
4b02b3676c1373a20f2136d633edf8795ab2a02f7794b9376752bfc3cc78909c,Zigzag,24796725,14315790,24796358,14315814,193,584,42,84,0.17871437107172317
4320140fef67aee4cf7f667867ba91f5387979c9f4556c603f9409bab9440e61,Zigzag,24799521,14200605,24799554,14201059,593,1014,42,83,0.16570757553156024
8b9d9369adb5cc15efb54e02ba3c39cbb5943d27eaa29d2420ffd9b9db223758,Zigzag,24696062,14312691,24696402,14313117,900,986,39,86,0.39697099182429296
983ccd4320d1094f093a2ffcc485e83414d473ed31f709eefaf56b286df4d781,Zigzag,24683945,14414552,24684048,14414069,662,77,38,82,0.30534203833243134
d746d59321ea9bd5b9e05bac81c7df04d97bedf26e55f736b5fbf9746e391597,Zigzag,24624293,14320953,24624632,14321064,899,671,81,38,0.052285400595470134
5ce9fe813e5f9cfe0fdd65f5adb74f50c98b6ffe2acee10189bebfc2091a18cd,FCBK,24618700,14149403,24618255,14148947,115,104,62,32,1.5667336745519806
82fc201733624cbd89a3dd75528664b7b311b70404f133431bb0e5d51dd11408,Zigzag,24826551,14313724,24826749,14313711,757,547,36,77,1.5657504354775234
b006293916866f7e30fc12bfb9109eb8093b50495df193716792d9aa14f81cf6,Zigzag,24626157,14250549,24625769,14250907,172,919,90,41,0.11371027903176624
89090dd6fb8f07e6054af7a3c9bef6b6997ce17cbe82b910a8dbba3659a0db41,Zigzag,24775288,14349827,24775655,14349472,928,204,40,75,0.2259509425502427
b775a4f87974eee09bde4f4d530a2ff19aa4e937713a23c25e4d863add06efb0,Zigzag,24633613,14245356,24633361,14244993,307,197,28,61,0.017243375088801603
953354742fe0344da87e1fa3f6ffebccd1a59aef09b6f37bfd50add3c6e7f5aa,Zigzag,24955177,14254701,24954827,14254841,211,700,93,41,1.3657366512843212
cb50fe9066bf24ccf06d6348924587262a035f715a64588aa93c7a0f0daed140,Zigzag,24747326,14229764,24747132,14230250,366,1046,83,44,0.18615828914790133
ee5c11f657adc84c6d52575e4a3921a24ba57ba430a6a80dba1643074a98a641,Zigzag,24939332,14288907,24939689,14288566,917,219,110,47,1.5618829929425102
cfd38c32538495cb28787201ad640d27f1da89503def2c14da58a15ba97351db,FCBK,24702586,14208943,24703009,14208540,983,157,81,41,1.0091118841844564
2f3d01a567da1af7cdf2ad1c82e5d754e9e9653a92ee1509857d5674fada2db2,Zigzag,24832144,14212068,24831608,14212363,24,854,44,86,0.27260449813187343
18d7f59f19281011c2dd88011fa0cfea5180d613b723a4e40ce68df870d74493,Zigzag,24601923,14214152,24601446,14213766,83,174,43,97,0.33449399830984744
18d7f59f19281011c2dd88011fa0cfea5180d613b723a4e40ce68df870d74493,Zigzag,24601923,14214152,24602040,14214496,677,904,45,89,0.27103373243143103
c87a56ef7b0bf68ef0af02433187580bde035cac2e6c7186c2b24fbfab989157,Zigzag,24690470,14191217,24690546,14191430,636,774,51,100,0.544883125214862
ccd185ffc4aa0253544ea64a41b01d0d224faad35adb16b97d8412b3eb4a12a9,FCBK,24765967,14362181,24766399,14362174,992,553,30,71,0.09527609434807632
9441b584a512f2ae3abe7d351b21a8bcaa694e12f38b0465985a6abbd008a7b2,Zigzag,24952381,14325082,24952688,14325247,868,724,41,83,0.2692626137932307
621ddfe16a4b0fa310d5353dd1168730517786ed5ee5d7941ec4177ba62fe698,Zigzag,24666236,14302356,24666545,14302621,870,825,42,84,0.16771859504970635
73b6f4e4bb5b8fa0136a4f83c8780f979ad4755f2a72b606b85a3dad64bbb3cb,FCBK,24709111,14213110,24708578,14212796,27,246,39,86,0.11724641600479505
1c40d33faf5cb1c29d5b60552f2f22ca7700dc150bfdf24cf1f4a6b1aa60bde0,Zigzag,24718432,14253663,24718423,14253581,552,478,46,98,0.10372878455566288
fa0853297435cc1e638d671be928001734e1133a0bf8460f63e5897c21184af1,Zigzag,24657847,14348797,24658223,14348801,936,564,33,80,0.11243931036866114
7b4d44afba2d5101cdae0b548304157366ddf617c11629e8d4cab075c22ce575,Zigzag,24802318,14273371,24802713,14273724,956,913,94,54,0.142362538442521
4de669334e5cf2c9748015dfe37ddbac23356d69f9c5fbec170d7bfc277d9520,Zigzag,24746394,14333336,24746508,14333859,675,1083,48,77,0.10768520163821982
b86e97009ed1dcd0d30975e6f4c56dc130709c5f4735194b2510a4a1684506c7,Zigzag,24733345,14346737,24732929,14346681,145,504,39,84,0.07601932578268818
50edc7df7d5389ff54cc50d0197ea25b067b3c0c6e14b86b96180345725e3222,FCBK,24658779,14351887,24658956,14352280,737,953,42,90,0.0479610012292915
371e11b6c0dbed5726655e62681d58bfb7c50cd7d9d1c7b1fab442276790049f,Zigzag,24923486,14256777,24923150,14256649,224,432,40,82,0.017512674770468258
4e49a7b7b51bf56e9fdc75bbbc5ac0651ec9b1ab2ceda4441212fa435a48f969,FCBK,24561844,14340553,24561715,14340322,431,328,81,34,0.004466576278131988
9811c25538b93e4955b6573b70b562346adcc73ecc9cadea1260c2ccf352031f,Zigzag,24710975,14381717,24710750,14381883,335,726,42,78,0.30966298391157127
d4986b2b7ba9d56ecba7703e02909dcddc7d94b23d247a7032352679b7c5c83b,FCBK,24747326,14354976,24746873,14355276,107,860,36,80,0.1490133671460736
e01adaf5aee5eb938a41d4fe2dba441a960b3a233de7dd1332e931fd605768a2,Zigzag,24857310,14282695,24856933,14282457,184,322,53,96,0.2231855327190612
e01adaf5aee5eb938a41d4fe2dba441a960b3a233de7dd1332e931fd605768a2,Zigzag,24857310,14282695,24856967,14283145,217,1010,93,52,1.44896376430066
3287dbe58b070f5fa305cc1a388ef3238ddf18c61175df85cc30199fcc60e7cd,Zigzag,24847057,14280624,24847215,14281017,718,954,98,52,0.07330735394325483
f2cf037d9c186c5efaea5e49b2983c0b2372d78938ae26cfebf840ea3edf01cf,FCBK,24714703,14193304,24714525,14192984,381,241,40,88,1.5624523767835694
bd5d7ce6da5967c52d7bf641b5d103d868516291aeea6eb39574a5ab6d73ca5a,Zigzag,24967294,14224562,24967606,14224468,872,466,98,55,1.4861032767565237
1135353735d4eddec4bd728d75aa4256698e82fc74a6c755dc101e2695c56055,Zigzag,24751986,14343645,24751471,14343536,45,451,50,108,0.021464549915009845
6e2d6d32cc30e247cb41db9fa7c9088e978611b5ec622710ba4364e161b5f761,Zigzag,24787405,14312691,24787135,14312624,290,493,42,79,0.14990248012075338
ebe3799a8c1be2555cd6cf4c100a43139116ad36a66a167d3aa8f36b49fd1218,FCBK,24777152,14268188,24777516,14267804,924,176,37,84,0.09502395957187307
0818ea20c73c141bbfe6dffc0a69d6e56096e895a8aaed170a684e9893b3b154,Zigzag,24634545,14249510,24634947,14249193,962,242,41,82,0.10406783825194359
7c49496f291f3c4f8b92f7acc204559d1ea3fcddcdcbe59563464ae3a4c16332,Zigzag,24760375,14254701,24760078,14255060,263,918,42,92,0.052755090665597644
4cdef1db96059ae6f811e4803a3e6d4f242f8279245d8dbc9bbaa0418ff00423,FCBK,24648527,14150450,24648230,14150042,264,152,41,89,0.09704405880486064
dffa3de6ee1893596c82542b0eca9607f49af9be81419e9c05350044945ef54c,Zigzag,24818163,14260928,24817683,14260773,80,405,41,84,0.26865814280480993
b9f98eae5003e9cbbb59295c4ab060c3b8f13ea5b01f88e8bde5fa214fc9bdef,Zigzag,24792065,14293047,24792175,14292549,670,62,41,77,0.0805249615834251
9b13486892d4e8ad003ffe664b48f70b7f265036e37fb3a725335518fcdaaadd,Zigzag,24952381,14267151,24952200,14267203,379,612,98,41,0.4416251126385195
cf15c7b893b66548cdc7762163ec89c574ce83ab1044f0f9989c53ce7a065973,Zigzag,24748258,14402249,24748149,14402766,452,1077,39,81,0.25266436243077095
70b17e20624c28328efa370968a4ff256a1349fd2beb8af5df9beccc3ad7381e,FCBK,24751986,14180777,24752276,14180356,850,138,46,87,0.06381819472892306
5e97c8fdda658caac7dad51935bcb9ab22201629b501c2a34c958c91efe1d76e,Zigzag,24858242,14266114,24858378,14266419,696,865,98,48,0.22179779276453457
91e510867327cc36e79142d350e14f6473012c77f6865aae9796d7fb856d44af,Zigzag,24768763,14244317,24768690,14244057,486,300,39,93,0.0500484950826149
5155ce10ac0671ad29d89c5f92e959ba5b46c2a7d072a2869ebc365df86fab56,Zigzag,24803250,14321986,24802764,14322121,74,696,70,42,1.5342126160585325
64df2a2c98cf0c91eddbadfddfb40830940621981fbc3d22d48b7658d493f2a0,Zigzag,24790201,14388907,24790317,14388551,676,204,43,78,0.4506911454899081
40473910b083bcd6597b2f7e52ba4ff7a9cd389ad29ad2d934f3fa76ad1ed6c4,Zigzag,24979410,14230804,24979865,14231245,1015,1001,117,55,0.0684598806106602
40473910b083bcd6597b2f7e52ba4ff7a9cd389ad29ad2d934f3fa76ad1ed6c4,Zigzag,24979410,14230804,24979288,14230494,438,250,44,92,0.10232069638593233
40473910b083bcd6597b2f7e52ba4ff7a9cd389ad29ad2d934f3fa76ad1ed6c4,Zigzag,24979410,14230804,24979639,14231053,789,809,42,84,1.4646511147017718
40473910b083bcd6597b2f7e52ba4ff7a9cd389ad29ad2d934f3fa76ad1ed6c4,Zigzag,24979410,14230804,24979081,14231092,230,848,96,50,0.15088257333617294
02671f39861f7832cd8b7b67235586f22e527bb3efd922156e1f6afe6335efc7,Zigzag,24792997,14297185,24792743,14297026,306,401,42,76,0.5375048041252839
02671f39861f7832cd8b7b67235586f22e527bb3efd922156e1f6afe6335efc7,Zigzag,24792997,14297185,24792493,14296988,56,363,41,86,0.38495337753676956
b840552e3f96a6efa7248b7e3057528ac9f3b10efd6fccb665ed6d8cfb3e1a81,Zigzag,24657847,14234963,24658186,14234604,899,200,41,82,0.21203461091879042
f6773a01b83e7b7ccfbc901a3468e4f25c96aca18f2c55f3ed89f038b9ba14fd,FCBK,24724956,14395067,24724736,14394653,340,146,69,32,0.22750842573474825
9362a54ec31bce0b75135c94ecd8653804697d9a13dca6b09a43ec0565f28de9,FCBK,24723092,14332304,24723043,14331925,511,181,36,71,0.34112806574328935
7c10624ef7c74ea12d2cbd175482c709e445f6f678723a205dbf31dc76d1c118,Zigzag,24855446,14261965,24855814,14261730,928,325,41,75,0.5324459631871102
05ded11d515e20dc5a73f9a805243370ee0e052e1a4e98e66bd91eee708c58c0,Zigzag,24640138,14331273,24639721,14331602,143,889,66,37,0.30948095685106436
f23532bd1bf0ee9cc00a8ebd5bd0f3af519aa14d026974a95e7f6c687981bcbe,Zigzag,24759443,14231844,24759446,14232226,564,942,47,97,0.0977469335955598
07b508e0e60856cdde0a4ee7ffbb3a8db7a9867fc666feacf23168c9d8f6d4be,Zigzag,24732413,14265077,24732886,14265350,1034,833,77,41,0.05845174204008845
f876dac94918d4e0de81b83360206a0e57f70bc011523399df9f7743678d720e,FCBK,24781812,14287872,24781466,14287517,214,205,81,36,0.08663649184385823
9fed4fdc013269826063643fea5941acc019d9c9790d74000657fee4a9dc469e,Zigzag,24758510,14213110,24758764,14212821,814,271,91,45,0.2418809402161743
3a3f669033708364b1dd620de3c6af29718f941cb2233135833e95156252118b,Zigzag,24861970,14244317,24861728,14243993,318,236,78,40,0.056964557985982545
4be2740681c4ee93662775c8f95c609d035bd20822c4a416ade898ed14bff40f,FCBK,24782744,14374523,24783183,14374216,999,253,39,84,0.13615751458306932
297afb530c5b2f20ff33dbe0332f5daa071c166030d4867f966b38db830dc1f5,Zigzag,24944924,14232884,24945170,14232418,806,94,109,54,1.5639289664499636
595971928be4c544f5233436e513cc2d5a74aff202a62c0f24bbea9477114443,FCBK,24611244,14402249,24611196,14402650,513,960,36,74,0.3590844626826622
1f606dfc3a0dd63138a53cfcb8f97effd857fdeea6fe4c69a9f4943e35fdafb1,Zigzag,24627089,14331273,24627432,14331338,903,625,45,85,0.2445655563977855
a0c365b15a0fdd5a5c2aacf35e96bf487e20bd68bab1ac27494804b590924804,FCBK,24748258,14288907,24747886,14288627,188,280,38,76,0.40748075759212715
63e15fe9ef108471f78f23cce4362d4371b20e3ebcce4d3b272da1af7cac7739,FCBK,24731481,14192260,24731180,14192303,260,602,46,100,0.3002108259916348
ec106f3eed089ea8fd26687a5ec4783aa76dead4a060132c2558f5e1cef05307,Zigzag,24662508,14178688,24662782,14178303,834,175,80,37,0.41391135951828706
b8ada4feb6357e61d2c60394b23ed1b5e683c2b2624d3093cd03949503e92e5f,Zigzag,24615904,14303390,24615482,14302844,138,15,39,81,1.3586097658911604
b1ec2a982917deb9c0778987cd76f115b9bc345a2585381e4c1f9ca463fcebb4,Zigzag,24768763,14261965,24769146,14262275,943,870,49,98,0.19573315221506324
b95ae9ed00a9d212d7891b6d38b9b3e30222d3b59752b6887045d7c3c1d2e6e0,Zigzag,24727752,14232884,24727497,14232355,305,31,51,75,0.2997428752985942
e165e319ace5bb89391aeaa4e37bea354b6ead1375eb0f2dd057987310672b42,Zigzag,24840532,14215193,24840068,14215705,95,1072,44,80,0.2196512017021466
8472c38798a57aaa0ac4897823180a9bc298f0633569ab8941d93d178217a6f8,Zigzag,24738937,14212068,24738561,14212348,184,840,41,87,0.2409527287077408
0e58e2dd47fc288bbfc3b863b66d7741601d05e93d967024f72c1ebbe43adf9f,FCBK,24647594,14152544,24647573,14152453,539,469,40,81,0.20572891124775533
92a3551a77104a6a86a0c2601ba9327cb6584acf047b25ad0d745deaa9b5a274,FCBK,24872223,14310625,24872206,14311170,544,1105,41,22,0.28078572900059684
e86fdf6f0a6b97e1c45b1174e355a13a7371de9041b51f3203271d283d127c25,Zigzag,24890864,14305457,24890578,14305183,274,285,95,52,1.5654638793442308
74a9b80ffca5b0807e462be8c6ac58a34fb908ea6d6886d45952b26f16cc59f0,Zigzag,24733345,14288907,24732829,14288859,45,511,72,33,0.06767635781201288
c4add4c76c227fcece8c2a23595b55254c2ad392656db1c8614717751dbccaae,Zigzag,24614040,14320953,24614086,14321136,606,743,80,42,1.5700987117473502
fe6b59db099d164100c4c6368d705450650eaccff8d94eb96b36cd81b49cb019,Zigzag,24850785,14278552,24851299,14278688,1073,696,98,44,1.4137270804436584
f2450ce28193e247ada95d043e5251b7fd9946caacf13ae28c8c610b7e2ed14b,Zigzag,24857310,14315790,24857701,14315910,951,680,89,54,0.2947043742532461
34b0c7a1146022b4c171b781cf14c3aeb91fc7de6d5672b9f61b150e238fa40c,Zigzag,24844261,14287872,24844614,14288078,914,766,50,98,0.26186704873559424
3f71d31aa8f76c5c45a4e7d82679df8794948fd142e4fcfc6daa8bab59bfe447,FCBK,24716567,14194347,24716811,14193912,804,125,91,46,0.2168994072820382
0b7bed04ca3a5256de1dc1f42335593d49eb500ce59dc675082611db4f2dd0de,FCBK,24714703,14218317,24714575,14218501,431,744,41,89,0.15311887963778295
f302260b915096506874c47c976e79e3d3c4ac09019719641181ba478564d6ec,Zigzag,24981275,14228724,24981396,14229201,681,1038,92,42,1.5500015660552309
99a84eef549b88bcd2a7791dbf06330246237fb88c9c292ad112452ea273a3f8,Zigzag,24682081,14413528,24682478,14413888,957,921,74,37,0.398460164926838
8f9ef470e1d70612f6f1b352c85bb1e0db97521e56df22aa8ebee6eb15d1622d,FCBK,24620564,14302356,24620920,14302543,915,747,76,36,0.29164899611362544
d3a5bbb700fa36347abd9b61f47410ae676b748a2034947b5417eeeadcd1f6b4,FCBK,24773424,14265077,24773450,14264587,586,70,89,43,0.2836150380531834
d447e1da962667389c9491e83c3ca474dd97740f8b1415349b5d7be6342d5410,Zigzag,24926283,14236003,24926162,14236246,439,803,48,82,0.0021324071288400066
c5426f6c06fc12275cabd00fd460db3eae80027f3c4798f902d9960668280325,Zigzag,24810706,14230804,24810400,14231219,254,975,38,74,0.12897380399014868
845cb17be0df7330b2ee49d7d6269291d1d8c2a5d158045c9211a8f39ad78022,Zigzag,24960769,14222481,24960832,14222176,622,256,48,97,0.001386842828141877
1d4651363c2da5fa3142e01f5185db74f2ba17df0d24878b49b6cbb8bef26385,Zigzag,24689537,14230804,24689064,14230581,86,337,43,82,0.3889899640905163
cb67157c9323cec83738c79515ea869befe4f56391b7dd19cdcbed17c4652a68,FCBK,24659711,14369382,24659551,14368887,400,65,85,41,1.5688399686581245
349322012956c7caf16b66e275934bd100d5592c70505cbbab7c2f9168ae64e9,Zigzag,24628021,14330241,24627816,14329967,355,286,94,50,0.1191775823021308
349322012956c7caf16b66e275934bd100d5592c70505cbbab7c2f9168ae64e9,Zigzag,24628021,14330241,24627881,14330516,420,835,48,106,0.17168064638244446
8f7ecabe2c3bd8f7c339e881390773f34cd02de3518818c3e6a8bf1a80fde78e,Zigzag,24641070,14336430,24640958,14336743,448,873,26,67,0.03705405411319641
de4df00d469f1b3ce1ae9355c25898bbda76f306ba74196a71eb93179f583327,Zigzag,24686741,14313724,24687214,14313788,1033,624,41,85,0.20403414210905615
5bfce6dc12aec651bacb5125ffebc5bdd2b737e19c415a1d6ab44a3d7d391a40,FCBK,24828416,14370411,24827985,14369909,129,58,76,37,0.2522044345105143
d3c22eae41a490f7a9f0a0d1f0506102223ec4a628a145ec38fb191aa5c35b85,Zigzag,24810706,14286837,24810459,14287051,312,774,46,87,0.19711135472393604
9eaba172504a06d637b519a596a241eb743c0aa198a5bcd012f309ef26046131,FCBK,24686741,14173464,24687095,14173557,914,653,38,81,0.3765762711698708
e27284e1bc0a26aa0155873b77b6ccaf1eb570696e0889289e2bd1b72aea3359,FCBK,24835872,14333336,24836074,14333729,762,953,28,68,0.16210017403223662
b7df045e1cf9ce02510db2b165dc01e3679426c74f5057fc5a2d3ec3b2d4dc8b,Zigzag,24857310,14286837,24857251,14287017,501,740,39,87,0.09656439852540216
a26616b8b0f8bc3d4195d8655785cecf5c6b2fd8102d3d2a9498ffeaa0ed4b8a,FCBK,24763171,14217276,24762803,14217206,192,491,39,93,0.17263602213399676
84838eebf60e0116e959b328a9b1308657183ee23890bb643dd605c91a016a1f,Zigzag,24756646,14252625,24756660,14252665,574,600,47,91,0.2662314704195297
76343a03b856b0e60ecd2a9e3c7c10aeae5c5977df0bb6e772b96ae6aa4ac2c9,Zigzag,24720296,14289942,24720421,14290262,685,880,45,95,0.08745478137829871
87f9a2ae0310da0526363ac1a5fb2093d666875369ccaa0218aaca8ca3930ea9,Zigzag,24870359,14345706,24870190,14346136,392,990,39,79,0.14382506328940847
940b5cbb764cc5d1332eabc59ddecbe75f019aa982b75f1c399bbb2c533f4d17,Zigzag,24793929,14205817,24794321,14206229,952,973,45,86,0.2142493622603276
4f9bc11f348606679283786be10f0b36e9c601a89efef22e9ffc8cbb3c05361c,Zigzag,24740801,14318888,24740413,14319139,172,811,34,75,1.5332437580539617
4f9bc11f348606679283786be10f0b36e9c601a89efef22e9ffc8cbb3c05361c,Zigzag,24740801,14318888,24740549,14319114,308,786,68,36,0.023061146197431374
4f9bc11f348606679283786be10f0b36e9c601a89efef22e9ffc8cbb3c05361c,Zigzag,24740801,14318888,24740998,14319085,757,756,41,70,1.5198476582966998
e9fc81112de6cbdf4a68ceca6c75815d3183e201f61acbe007205be375033d7a,FCBK,24633613,14400197,24634068,14399712,1014,75,44,100,0.1764948260402239
6c1334fdfc625b1f5b5ee5191c2204df25ed3b036354b3da085a269b7d05ec31,Zigzag,24845193,14374523,24845022,14374591,389,627,41,82,0.2858783255055872
22bd6fb759b4d2198e6110d60259c5e73ed759933f75ee7bf5bc0b74ac832ddb,Zigzag,24805114,14208943,24805081,14209235,527,852,39,87,0.21825369127537073
e9c3617e15c4e46703f16eeaf8edb33a03a2ecd8c6eee593988017c6631e4eca,Zigzag,24746394,14226643,24746254,14227014,421,931,40,86,0.48301865875113476
e9c3617e15c4e46703f16eeaf8edb33a03a2ecd8c6eee593988017c6631e4eca,Zigzag,24746394,14226643,24746307,14226751,473,668,44,90,0.3221156588526728
e9c3617e15c4e46703f16eeaf8edb33a03a2ecd8c6eee593988017c6631e4eca,Zigzag,24746394,14226643,24746139,14227071,306,988,77,43,0.34696791196064236
0eb96ad4fc554aca36acd889296d50415eb251a28c5b38cf102183a8651d07ba,Zigzag,24847057,14273371,24847440,14273721,943,910,45,92,0.37421574504816546
3a6d00635a4e1735ad30a9c931e28bbcac775996b17ed863b87c15b8420ed09d,FCBK,24797657,14343645,24798035,14344035,937,949,91,48,0.6127038180355787
74b81c254a8717d7d3f24df1992545bf41ac523f19c463f95e778ad57dc7a541,Zigzag,24788337,14265077,24788312,14265110,535,593,42,83,0.16753483693449087
74a6adbebc3fa98a4e3faace2342ed7762bb2d5738a3e10c639205ecaaf74ba2,FCBK,24628953,14324050,24629254,14324086,861,596,37,73,0.45234626681787876
f5cd1ddf716fee76c5b31e3d03cb8d65b34d09d8ed55dcc793f76650d4bb775e,Zigzag,24797657,14298219,24797490,14298515,393,855,41,80,0.2799211670422162
ae01291c7623057f9ee75ec743616346952f7294049b8df8bfef8687b011ccb4,Zigzag,24820959,14250549,24820582,14251019,183,1030,41,88,0.2747776209366212
b3d66b3e926a56038a18fb2db032d7b7b560a23ac45c15b4cef0535edf023520,FCBK,24742665,14358065,24743002,14358550,897,1046,74,34,1.451970073697196
3737a600425d55caad17ff6264e3f28bcfe63da836d6dc3e096ce7ca18699f76,Zigzag,24728684,14243278,24728783,14243694,659,976,78,46,1.186503646235062
55b725a950ed25ff11eb1a996132cd45fb3073e237a4ee3fa6c6a5d73fdb677e,Zigzag,24981275,14231844,24980977,14231339,262,55,45,99,0.059192313043779844
fdc005a5fd9d5187c5b9441bdd328880c98ba22b8fe504182f7ecae528279fbc,FCBK,24643866,14379662,24643992,14379586,686,484,34,75,0.1039203074499316
ce94e27d02131078f1c860e32a9f98517036cb2048a800954e535f19a5285556,FCBK,24779948,14379662,24779420,14379511,32,409,79,40,1.2534286181126442
2ae2c088a084883968bf8c86bd50f27849bfd40c73c9a7409a28e82dca4ed8e3,Zigzag,24787405,14284766,24787051,14285013,206,807,81,45,0.31022347945249207
5b64924317a46c49d6b20cf0833d5b412a209f092eb584339ee11e0c3a9af92c,FCBK,24761307,14382745,24760919,14382942,172,757,81,31,0.2008506992105163
ebcb215d13bb6ab9b36213f0fed618626482c2149f362c618fe85d24d3dff8e9,Zigzag,24636410,14383772,24636523,14383665,673,453,39,81,0.3039581599614853
8725d2c9e817bdd63d5802648b5a1160ab46144fac072f2770f5ba492b8b658b,Zigzag,24663440,14284766,24663697,14285181,818,975,38,76,0.4353472430008757
890956c457f805981e4b4c75c69e6c15a93052cbf4913af9ae277a847d4f0c43,Zigzag,24904845,14295116,24905145,14295553,860,997,46,88,0.14017093995771077
7e09aa140967f9f13dd8a9e8bb15f6da67dfb45e4264b60bdc5813e979f8c3d4,Zigzag,24809774,14266114,24810087,14266367,872,813,41,87,0.02815228628620063
92d02a135b50e560832f27d4453e1b1a38532a91af560f409eb4311040a8aa5c,Zigzag,24830280,14328178,24830543,14328649,823,1031,43,79,0.641120479236024
92d02a135b50e560832f27d4453e1b1a38532a91af560f409eb4311040a8aa5c,Zigzag,24830280,14328178,24830246,14328377,527,759,35,82,1.5696651491218854
272312442ff11f5b8d1b565d6ea3f5715d25ae2f6e61d944553abeb2e2201b22,FCBK,24777152,14370411,24777497,14370625,905,775,40,82,0.25088089338301534
af17276795ad4e0d72ccf3f6fbcaf61fdf347b66342adcb4615957472883d920,Zigzag,24953313,14267151,24953493,14267477,741,886,42,89,0.2159543013454395
b38fa2b8c60bf2dce338c087fb834674c359affa35a96856d6395af337efe3fb,Zigzag,24787405,14279588,24787528,14279632,684,604,83,40,0.3047687929077918
03c85772fcfc9e191c49f27d1f4a453c140813f6fce5badbee9e22728701e0c2,Zigzag,24806046,14396093,24806069,14395775,584,242,73,36,0.3724458081876988
be7068ed465dfd3b0c6e1268c4d0352081496c72d6df6b9fc10bce395e379ba2,FCBK,24790201,14220399,24790637,14219945,996,106,83,36,0.07343739110585636
0d7b99e5c5b6111a6e92f5d48db30807ae29149b98c6cb828e7e918a04504923,FCBK,24633613,14257815,24633607,14257743,553,488,33,70,0.31137626201984653
a5e4fbf4e92c8aedc128e493b1dd5b2ef3f3770d46459b67526a34648007e4b8,Zigzag,24785540,14387880,24785829,14387624,848,303,37,80,0.20172877671142908
935ebe12c7b89673e3d1de91a437175d0b8d5258af5e8b3c193d14f1139a04bd,Zigzag,24812570,14346737,24812595,14346423,584,246,41,88,0.28692604636793806
935ebe12c7b89673e3d1de91a437175d0b8d5258af5e8b3c193d14f1139a04bd,FCBK,24812570,14346737,24812307,14347150,296,973,87,35,0.47903606778848934
6054a2efa47226e3633bca9ba93be23a7c2e8a7573fe681fb1f785498dd6e593,Zigzag,24941196,14290977,24940988,14291101,352,684,109,47,0.08324081997357428
91f877858b294c151edfc45e266deee9424364829bc74fb1f415e276e3d0f5ee,Zigzag,24933739,14304424,24933854,14304316,675,452,95,48,0.016635505449099117
b6e5332a3fb678908f7d805af054072eaeb97f526a891832f16e06fa75581535,Zigzag,24798589,14216234,24798841,14216176,812,502,95,48,0.29907468818109334
152f113f8c06d75890420ec7ed6d210053fe60b67e4fa24347f31da54ed7d98d,Zigzag,24976614,14230804,24976728,14231141,674,897,41,93,0.10306180418303093
152f113f8c06d75890420ec7ed6d210053fe60b67e4fa24347f31da54ed7d98d,Zigzag,24976614,14230804,24976987,14230990,932,746,94,49,0.11411921573952633
953de3f8cbde02a1d697c52b47738bb11e61881741d2f139e408324013bbf69a,Zigzag,24751054,14360123,24751402,14359675,908,112,41,82,0.2681570856904683
b2031b269cdfcea3176c317d75def994f0a251fd2df5c9b70bdbfe10db7e6a9c,Zigzag,24970090,14282695,24970258,14282377,728,242,51,109,0.3273866538611849
b2031b269cdfcea3176c317d75def994f0a251fd2df5c9b70bdbfe10db7e6a9c,Zigzag,24970090,14282695,24970162,14282355,632,220,101,50,0.19683322083759092
f16e509f477f644879878787da0a108dcfa9dfc2ad6915362ff6d91e7ca943d7,Zigzag,24727752,14200605,24727387,14200737,194,692,47,96,0.3397751799095291
3d9ed30b038bd3db297e913391402e70dff52744cf4d1259c6c5d9504c969bda,Zigzag,24664372,14184954,24664098,14185255,286,861,38,82,0.28953824121265587
5c0debc045f7ffa27ac10115a55f526842e851349d68b949b33350c63c2ab109,FCBK,24693266,14194347,24693758,14194182,1052,395,78,37,0.5460110072260242
f8c8a3b3e1791292e7a517dd1a84d2384f8a494a63e94d10c0222ae9eaa3b0fc,FCBK,24687673,14259890,24687194,14259816,81,486,39,80,0.1386991689484137
c0b16326661676722f28255b164da6e72fc127f2eeb3f40fd3637a53830bd84a,Zigzag,24990595,14219358,24990263,14219363,227,565,97,49,0.05045086543381224
4b3f97b0178f0a216ffeff5b490aceea272a67b9822d59e9cd23244bb6b0a104,FCBK,24674624,14321986,24674951,14321901,887,476,39,87,0.21337897463706243
e1848c690d439e39a7270996e541b268680f390014817fcbe14861c5873ee1e0,Zigzag,24805114,14378635,24805281,14378100,727,25,91,43,0.37661948095855735
e1848c690d439e39a7270996e541b268680f390014817fcbe14861c5873ee1e0,Zigzag,24805114,14378635,24805456,14378415,902,340,38,85,0.03380727999557772
6ebb72f6a69e398d1c314f1b0aa54eed6ce841c87ee1b4b3e68f516be5a9706a,Zigzag,24951448,14283731,24951904,14283728,1015,558,84,44,1.5695249336904928
b05f65a2ebbc2f6fdcdb76fceb01e5d77a67a195d5891976c70c47b4c9c97170,Zigzag,24990595,14217276,24990563,14217272,528,556,47,96,0.05126097407027913
b05f65a2ebbc2f6fdcdb76fceb01e5d77a67a195d5891976c70c47b4c9c97170,Zigzag,24990595,14217276,24990800,14217455,765,739,42,87,0.10762406544644569
b05f65a2ebbc2f6fdcdb76fceb01e5d77a67a195d5891976c70c47b4c9c97170,Zigzag,24990595,14217276,24990844,14216842,808,127,53,102,0.06867632486706719
2e58dd6cc4989504465cc7869da9f19cccefd9cc7651d3eeef4bdffd69745ed5,Zigzag,24743597,14396093,24743432,14396547,395,1014,81,36,0.06810180195734225
ed385619fc4620c119c9a520f5e13d86f3b22435f2b962ef60d4098afa854aed,Zigzag,24811638,14319921,24811335,14319604,257,243,47,88,0.2580109412799708
e569d9e107ba43d9ebc5043ff86a7f1c84175f118a63b982651b49a88cab0b20,Zigzag,24740801,14280624,24741181,14280467,940,404,33,66,0.06621995407444341
8db79907856274421cb5146800dedfba6ed9dcfd0450caa5908790f87f42099c,Zigzag,24738005,14219358,24738145,14219001,700,203,82,42,0.3407996646913689
c30b9456ba958565049f474ca78b05b41a0bf216b912c0ec6ef4cc7ccf0b5828,Zigzag,24970090,14312691,24970349,14313029,819,898,43,82,0.20216685006599028
1d6cea1e7f97081dbf66a895d211e4b28a336fbf0738ed997c603d3fb5e8cc24,Zigzag,24697926,14301322,24697583,14301679,216,917,88,47,0.07961570013062322
1d6cea1e7f97081dbf66a895d211e4b28a336fbf0738ed997c603d3fb5e8cc24,Zigzag,24697926,14301322,24697799,14301421,433,659,43,86,0.40728088735231677
1d6cea1e7f97081dbf66a895d211e4b28a336fbf0738ed997c603d3fb5e8cc24,Zigzag,24697926,14301322,24697692,14301249,326,487,78,50,0.4324399366178634
1d6cea1e7f97081dbf66a895d211e4b28a336fbf0738ed997c603d3fb5e8cc24,Zigzag,24697926,14301322,24697487,14301343,121,581,38,80,0.11295921767009345
7c6a4b2eda257259581a0dd6002409e1d4bdacae12f580d0547969a85323003c,Zigzag,24782744,14269225,24782709,14269624,525,960,44,89,0.3308019582221297
9c8c89815cd4669fcbdfd0c5bd4512c01874b4a32c7b8dd904652b812bc1a7ac,Zigzag,24854513,14264040,24854971,14264319,1018,839,42,87,0.27236168441948544
ff523bcd5fe563f42b1969173d718ce4dd897147ff7a39c53e1d504681c82e32,Zigzag,24787405,14241200,24787258,14241160,413,521,43,99,0.19998262520844817
6d3b2bc10901ad6915070dba55f33a927692089dcc31d64d3011a4e84670cc76,Zigzag,24668100,14273371,24667786,14273407,246,596,41,88,0.066040373793188
293f4ba659b54dd02e19d3f2f7ec800065d9a5dfc6ac69ea708c14cbb90f4b15,Zigzag,24682081,14345706,24681549,14345866,28,719,35,76,0.26563232575328916
dbc80a3447e8f17abdfaca356ad9bb1d94a1caefdc16c14a4e8709ea6a1ba5f4,Zigzag,24929079,14306491,24929133,14306160,614,229,86,43,1.5464877913129804
9b97b28996afe034210333b5cb2a079443bf26a262d1a806a92fda97d1dd97d3,Zigzag,24856378,14282695,24856173,14282282,356,147,46,90,0.11553207263208377
35c127bcbecba88ebd3ca8da7293927a32a5007845dc521f853a03d663744a96,Zigzag,24733345,14317856,24733733,14317320,949,25,46,69,0.4321835740734297
037dbda1a33b2ded0ac997cc7e7c6345d2edfda54d6062ca52f000a234410c5a,Zigzag,25004576,14227683,25004896,14228037,879,914,49,101,0.1358518585913339
37901b078d8bf5b3f09b72c0bea5cab4d2e225f92294f72c294cc75ceb0770c5,Zigzag,24609380,14324050,24608895,14323760,75,270,72,34,1.564019380768972
c17a1019278a0ec9ce8fd92fa3954f9efa19e0a99b425f8ff5b98d9a0c86918c,Zigzag,24725888,14208943,24725775,14208825,447,442,109,54,0.09018533708871375
b0bd55dc8f048663b714b98aef8bc5c393a31f378de9a428c2753e54ecd92b74,Zigzag,24810706,14347767,24810881,14348139,734,932,45,95,1.1251622578989398
cba62f9a8c5b270b8621b48dec42419feb31f2f686b9fe3e99c4ebf7c6f7bce5,Zigzag,24758510,14362181,24758924,14362190,974,569,89,41,1.5498299253229753
6aaf62f26481ad3becf35068213721b085e28c54a3c5bd18463fc61ea8b717d0,Zigzag,24775288,14258853,24775286,14258344,558,51,50,100,0.12615702843944232
6aaf62f26481ad3becf35068213721b085e28c54a3c5bd18463fc61ea8b717d0,Zigzag,24775288,14258853,24775545,14258787,817,494,43,93,0.14395034837393988
6aaf62f26481ad3becf35068213721b085e28c54a3c5bd18463fc61ea8b717d0,Zigzag,24775288,14258853,24775543,14258610,815,318,41,91,0.22237383450831869
4b53afefc8f9570592ab1dc89e7b8d7a36b284628fb447658567a41b81b28395,Zigzag,24676489,14308558,24676966,14309080,1037,1082,80,39,0.17694058927243272
9053d65e2f57c31589d532035ac0761c8c26a607bf45236c753a3822b0ce4ff6,Zigzag,24671828,14278552,24672185,14278211,917,219,31,66,0.11255232826742137
513de0aa83d1e9dd48e1b8946a1bb1dcc2c3d650a62c12323fcfbdd322a55385,Zigzag,24570233,14374523,24570617,14374945,944,982,88,45,0.0663085707597158
e30acb095573f3451146683c62d1144232c75fb6b6d90215dd43305c39721a96,Zigzag,24673692,14183910,24673873,14183962,741,612,96,49,0.3591875270168483
64caaa00c942cfd7af49b3f47e5766d75991e6f7265029cc6d8b9294c823cd43,Zigzag,24885272,14306491,24885262,14306395,551,464,88,50,0.23997215279437364
64caaa00c942cfd7af49b3f47e5766d75991e6f7265029cc6d8b9294c823cd43,Zigzag,24885272,14306491,24885230,14306033,518,102,40,66,0.062298632461626674
c54cf209261f1b56cb1a4dc708e8d1eea2f8d7635ec3fbdd120e25070f25d6ba,Zigzag,24785540,14295116,24785194,14295000,214,444,45,90,0.16445570672689805
194b9c4ad99e232ed489fbc480db910789c5d62d833804d64db6ce9084c2a43a,Zigzag,24859174,14267151,24859110,14267578,496,987,43,82,0.0948563385483878
330d5e7adb0e563ea8234c6272349defb1a67011c54cf3ea07c6223c34e6af14,Zigzag,24910437,14339523,24910182,14339726,305,764,52,113,0.3384450308135754
01eed12e727916a9fd5db7408714bd21245ce774021e56c764b623beaf9f936c,Zigzag,24993392,14234963,24993465,14235051,633,648,47,105,0.18993148906983925
01eed12e727916a9fd5db7408714bd21245ce774021e56c764b623beaf9f936c,Zigzag,24993392,14234963,24993864,14235403,1032,1000,51,90,0.23652472405277966
5b78368056770b790bc7b772e456fcfdf0f0860bad0b268666b4f9cfc1f01892,Zigzag,24809774,14348797,24809857,14348853,642,616,89,48,1.1359776214018606
dd729bde53d6814ea5535848286dcfa99d627d88b95f51b0e86d167d4660d612,Zigzag,24784608,14260928,24784907,14260752,859,384,78,39,1.5455406380712935
69e0c56a57ca93b02e49f4eca747b63e8bc1e5708ca0e05855374c54a32a1d0b,Zigzag,24808842,14340553,24809118,14340554,836,561,48,90,0.6037286988459027
d2b3d70c555a36c1f1e7d51d32d53226841eb34cba4e040135f10fa65ed371d9,Zigzag,24874087,14343645,24874398,14343604,871,518,44,84,1.406789279487893
ca534438a0d65bf8430ebf42b1a00a43e9c113c73098dc42c0159909dbc652d6,Zigzag,24715635,14329210,24715145,14329556,69,907,77,41,1.4464287012590138
83027e8aaebfe5dc29dbcc1b2bb1da71460b456be9d263d3f0792ac52f8fbd5b,Zigzag,24821891,14255739,24821855,14255594,524,414,33,75,0.06651023863326205
a6805a615ab4bfd4b401f165f1cb3519266950d433ac2ed46d0dc99d1139a2dd,Zigzag,24725888,14313724,24725947,14313383,619,219,74,33,1.005293510392528
3011562f6ec7373d7696bb76ec80449bf47031f25290743b238fc2c2db119e6d,Zigzag,24797657,14205817,24798000,14205461,903,204,42,85,0.06962521748584084
bdf74b8cfa6fb0a6fb4e0cf4500c1f5daf2ac5b6c6a058851ede03525776dc97,Zigzag,24866630,14238082,24866832,14238175,762,653,48,95,0.014658511975067996
a58188e51b265af2ded525b7953da231f9ab68fcd24a15583d0ea2f2246f0a5a,Zigzag,24940264,14286837,24940376,14286935,672,658,101,49,1.5489203226526587
1c68a96fa5af57d9980c3fe0024f8dec032d74b7ec2ad8ad07b624d7cac9a003,Zigzag,24779948,14378635,24779980,14378309,592,234,36,76,0.24868083936174404
b4f1829a45c09d125ce0201dbd27bd7336cc9f6fba97bc31ad4dd563a7689050,Zigzag,24706315,14194347,24706551,14194569,796,782,45,87,0.19561073002870363
3307ddc503e9981d003da9af121acdd514f40521602e78eccb5e90d3104ea6ea,Zigzag,24762239,14276480,24762140,14276369,461,449,77,41,0.1671640749764814
d259c4615e9b4a6eb16d3baf8e052f3d1d207251d424732eeadd6fc95df59007,Zigzag,24748258,14213110,24748092,14213342,394,792,40,90,0.20948944450975854
00c223a50e0aaa147fd650107cba879a378261be84ddb8341af3eb245f362c17,FCBK,24749190,14373495,24748861,14374017,231,1081,30,60,0.08262757719831311
4c625c111ea3804141f74e2a57c5886c6779a457c363a5aa4e56ab44b811b735,Zigzag,24687673,14323018,24687600,14322496,487,38,75,38,0.32291943415917235
04fa8b650023c856705974328b9f68df7d16a87b2e82bd243184c078894ca559,FCBK,24736141,14395067,24736513,14395096,932,589,76,32,0.42025381081236524
b5578edef8ca70bd99f77789fc5232d52e0b504e5fe94b1c1b49e6b753a45c34,Zigzag,24854513,14263002,24854376,14262894,423,452,100,45,0.19678005748433017
a8aa46f3b7915d0ffc4ad7f5ef2994d8af3e73f045155d3c08710e1c11bce137,Zigzag,24806978,14234963,24807129,14234737,711,334,39,87,0.1881396809989203
cb3376df94d059933878188b5a63bcf748e4c21b302f9c95ee221d375f6f041e,Zigzag,24772491,14273371,24772386,14273586,454,775,46,101,0.15711996292524755
ec0349c52673a6488b1ee12e6d411725d97a1d17d9de0eaedccf1391254915a3,Zigzag,24661575,14274407,24661203,14273950,188,103,35,78,0.1352961234508616
d48769d7c220de1a67a55cd458e95763060bfab4434d7484e5f351c58524c0e8,FCBK,24711907,14366297,24711965,14366122,618,385,30,60,0.09390249411446229
04a70112e2d84e50ba30a0f26f2e2a144f1b5c141ded0302767cd54cac30cf34,Zigzag,24842397,14356006,24842365,14355605,528,160,40,88,0.21555219731035116
3a88771432526a3502f23152e4733fbdcea42b83a75e7c7eebea41382e859718,Zigzag,24946788,14243278,24946359,14243200,130,482,39,79,0.09339532005199193
f7726221e6428d4e164df7c0cd9249944c4dd9c713f2a4e82e7ef78ff7818e5b,Zigzag,24728684,14340553,24728407,14340655,283,662,31,74,0.01356565677402416
85ccc135fb9c731017caa144e112e6437354da2746d319d4c0dda7d6cac24fdc,FCBK,24712839,14218317,24712750,14218742,471,985,51,104,0.27147841375444703
c0db283c58596d46121d7a5d37c57cbcd0d6d18d806914c33abc5b37de8c20c6,Zigzag,24711907,14340553,24711439,14340378,92,384,36,81,0.18109079293618494
f3ae6f38a513a1490c23e2b447cf7554d07462e0dfcf1256741f62316f824c02,Zigzag,24885272,14304424,24884957,14304574,245,711,48,92,0.13663658397366094
5774e480cf577424b3aa50fa1d9595412114c708cd028966367253c70848becc,Zigzag,24770627,14384799,24770385,14384680,318,441,71,34,0.011153118908170093
60d6f50b9f9ef67c95b1560305908212f0dda2c04f4dea6b800631f16adf0052,Zigzag,24690470,14354976,24690892,14355416,982,1000,40,85,0.0655343107682349
743b0cfd1a5628c6a0f948dd493e4487f6a231ebbc37db77a2adadd6ab53cee0,Zigzag,24687673,14231844,24687774,14232122,661,838,43,86,0.2647418146190371
743b0cfd1a5628c6a0f948dd493e4487f6a231ebbc37db77a2adadd6ab53cee0,Zigzag,24687673,14231844,24687659,14231595,545,311,49,91,0.31381888008215353
743b0cfd1a5628c6a0f948dd493e4487f6a231ebbc37db77a2adadd6ab53cee0,Zigzag,24687673,14231844,24687148,14231536,35,252,78,47,0.3476992825750054
743b0cfd1a5628c6a0f948dd493e4487f6a231ebbc37db77a2adadd6ab53cee0,Zigzag,24687673,14231844,24687418,14231551,304,267,75,41,1.5109468413014369
1ce6b911f95ba9ca6f9b1deac640fc4acbfa47c87ecc63c22140a491cd5c60d8,FCBK,24670896,14313724,24670657,14313622,320,458,77,41,1.046744214600039
17751348ad17be8909aab2cd6a6d00e5427a9623d754c56b695a59d6919ea334,Zigzag,24614972,14304424,24614686,14304718,274,854,39,85,0.9886473554199604
a0f8ae0f4186689f95fe092738b9eaca819361d720eacdfd88eb1be1498dca61,Zigzag,24762239,14218317,24762330,14217946,651,189,90,41,1.5167517335294824
4bba6ceaa31edf73703149b48cdb32654edb7c5b27fd9f80a05fd60ca5928ddc,Zigzag,24565572,14341584,24565612,14341111,599,86,36,80,0.21756972492841115
53094d565eff9aafe7efccb7815d231a8457410553921e512e5ae37ce3068ccc,Zigzag,24818163,14257815,24818210,14258139,607,884,96,42,1.5677688452676943
e3c994e5e46f62e65c120bc0055e97e73c35007bfda07719cdee3e2aa61cd4ad,Zigzag,24761307,14361152,24760829,14361353,82,761,71,65,1.5114855987899598
a806298d6c026edafc6ada5e6b9441900afa086ae94a4c2514d19984c243deab,FCBK,24606583,14310625,24606585,14310087,562,22,35,46,0.10327607213748463
b408933d1fe935cc30bcfe1db9df65000d6e6f867efe094202313b812738d870,Zigzag,24733345,14192260,24732958,14192457,173,757,44,90,0.3637862402976835
bdae825561af6d20b59215647daaa6a6e279c474904c566838c92e2e03882990,Zigzag,24751986,14402249,24751588,14402717,162,1028,47,88,0.2757235424663038
c227608d5a73dccd7588aa429d74e12f35461859f22919e344ae542b225558f7,Zigzag,24699790,14410453,24699271,14410844,41,951,73,41,0.3479584081490701
0072749e16947a22d8324d1bce9d793adf8a76d7763ac3e456dc33dda4ae7a06,Zigzag,24943060,14315790,24943540,14315731,1040,501,57,112,0.34171302907672524
bbd84539961d40262ecec6f189d4b4f099bce0b52b5e3328e7d55cf0cfa1afe9,FCBK,24793929,14374523,24793853,14374821,484,858,90,49,0.0545611424871593
07ef51fa20f75ec3378439658b6efd1d0cad0c96cb39c455d7b8b71d8c21e474,Zigzag,24825619,14270261,24825964,14270577,904,875,38,85,0.09843636774513247
b7750b2befc593b4d6e7f157ee97f1f0e8199b0e937f80eb2a1830c24612a69f,Zigzag,24917894,14259890,24917502,14259672,168,342,102,50,0.11074940149895136
6a207f312833a9dcb3ade1812e6991590ad3f9eb669699a10c7ce6cfb7b2d100,Zigzag,24631749,14223521,24631999,14223418,810,457,81,39,0.04709316441500795
801c7be862919283b003e1d03c4b4ae81b3a76240d82c4249bcfa5a44664d6e6,Zigzag,24797657,14358065,24797886,14357864,789,359,40,94,0.06646581377732816
416c9c3f77ddae3e236bac2050744eb85b1b790c92973281ebee0152b37c1cdc,Zigzag,24726820,14267151,24727120,14267307,860,716,33,73,1.5698077613982593
507a06af1b362080982c3ff0b2ffd8abd92b65c1e1a199ab78b3fcca15e74de7,Zigzag,24799521,14287872,24799509,14287412,548,100,83,50,0.19730554910167325
306b5247dd3fb0ba4e51b610167ec8321dcb1429c32c65153b7886f991a32624,Zigzag,24800454,14302356,24800956,14302209,1062,413,40,80,0.2630627747755262
36ee5a25e235353a6c3147348e585c14531bcadb5b9d24f9a2787761fe8ed841,FCBK,24659711,14422748,24660244,14422284,1092,95,64,34,0.5558012534463462
36ee5a25e235353a6c3147348e585c14531bcadb5b9d24f9a2787761fe8ed841,FCBK,24659711,14422748,24659941,14422976,789,788,29,58,0.2024774911623912
15093bf64be0e48b48d60a8e2143ee6ec3e06b1ae459c48d749ee08b0db1559d,Zigzag,24732413,14301322,24731867,14301370,14,608,35,63,0.2830713537166437
db3fb63404dd2b3f11529df827061e70ac85578aa257d812fc1f364f98ca7377,Zigzag,24759443,14204774,24759942,14204995,1060,780,73,39,0.35985038781216905
64bf8a568e2c4afdf872579e323270b571c1cc8cc357f7f3fce35404edbf9988,Zigzag,24771559,14354976,24771991,14354605,991,189,45,83,0.11661523018168946
92f35d5fc28d036f65a8f1cce06255571081582cd6aed0c049ea7391292897dd,FCBK,24754782,14365268,24755212,14365018,990,310,46,84,0.21128290041160194
ecb244d95c3b04e0c6217887402560fb8ffe8e71458fdc63629f6a473a850c90,FCBK,24721228,14200605,24720776,14200431,108,386,44,96,0.26756641320544555
17c70dcd3e34fb09474a977625a5fd5da0f68f7201f9dccb236d7cfd7313777a,Zigzag,24609380,14385826,24608959,14385755,139,489,47,89,0.32093201690618706
17c70dcd3e34fb09474a977625a5fd5da0f68f7201f9dccb236d7cfd7313777a,Zigzag,24609380,14385826,24609520,14386358,700,1092,45,82,0.4307671718476711
c160a2291c31e9e832b3131e8d9e776cc28f061113b79a1dc7f139d01bcb21b9,Zigzag,24763171,14345706,24763063,14346208,452,1062,29,66,0.28130328106894015
5a09f2c1eb70c10468b311efc700c45aded03c8d3e42fb5a08340e9d458b8f4a,Zigzag,24664372,14306491,24664477,14306831,666,900,59,98,0.38226774602499275
6a1e8555c21850679ee6f233e799fb446f14476192148460d33129d1df3707a7,Zigzag,24646662,14138926,24646662,14139026,560,659,42,84,0.12064147201907689
5eb31401add92d5c7318c9816423654c456ec0e29db979d80eada63900e88df5,FCBK,24683013,14400197,24683270,14400137,817,499,86,37,0.4347787912661983
ca2c611a13469c345205501f2e632d91cac4e3415b5d1537c18a661eb814d599,FCBK,24681149,14271298,24680717,14271597,129,859,33,68,0.4236414182979733
73b2a2bfb2c28886321dceca15640de8d118e8f32f67c4af2a3a8bde25f5de99,Zigzag,24614972,14218317,24614794,14218579,382,822,86,37,0.31167643356421204
881fdccfb6ac031a361ba95f4a86a5c1511dacd24d12dddbe964f58cf2697db2,Zigzag,24817231,14202690,24817476,14202238,805,109,43,83,0.2814773519356904
fa972e69542a01930cb46484764546d60c0f4fa13e62b0769c9bd99cda0f97b8,Zigzag,24738005,14218317,24738104,14218717,659,960,40,81,0.36202961924266724
b336a88782a7b7ff23cbdcabc5565c4c3fcacad4081b5bf891bd04817cd41dc7,Zigzag,24910437,14231844,24910601,14231802,723,518,98,51,0.027925025018459802
5a3b12351f5e290b2633d8ec43859e86e777f39ab617a6a7f5be43205f1754e5,Zigzag,24941196,14284766,24941031,14284889,395,683,81,37,0.22032111987435604
6ae003ad5d49274614fde8c83776b06164241cdd866825e0642e390d3e12cdb6,Zigzag,24623361,14260928,24623733,14261151,932,784,38,85,0.33214222733022575
82cdcc5dc833e5ad16d3d300e2662e798a0b998bef532f5e802e725ceaff1bf7,Zigzag,24894592,14290977,24894126,14290572,94,155,101,57,0.0778386559589974
637473391671a8c3901451078f915785aaae71e1bad2303ea19802cef33d7edc,Zigzag,24764103,14360123,24763683,14359990,140,426,72,38,1.5487416245435144
dd52c1b09fa838faebc81153dba976c304657b7e5f2ebc434a72daddd115ff48,Zigzag,24886204,14313724,24886518,14313288,874,124,41,82,0.20281200084006196
95e2d291d99f99de95e008e7abe34501ab7e6814c112ca0db310ba36de754473,Zigzag,24954245,14301322,24954005,14301807,320,1045,47,84,0.44015058692196984
edf7d3612499666dcbce47334747dfa567413af95acbffdf9913be11d7ece9fc,Zigzag,24663440,14157778,24663764,14158064,885,847,47,89,0.4013734967118166
53ce71887176a2e2f42b619d131e2bbc53e9b87dd084da797506e5492a0905d6,Zigzag,24722160,14390961,24722539,14391492,939,1091,39,83,0.4023299044382913
cb877e693b0ea18bbd4b73406ad6873ecae96c57a883babdbe68afc6529b9ccd,Zigzag,24954245,14295116,24953715,14295111,31,555,95,54,0.628048086709261
77f47c87fbc94ea1f6102805858112ad4a21afaa906c4d9c9a1f661eac6126bd,FCBK,24749190,14364239,24749226,14364526,596,847,82,42,0.3099791677119909
39aa68b7e2ad63c0fe6b9701a6c8e769df79297d3675e690fb8d30d765cf26e0,Zigzag,24846125,14270261,24845786,14269822,221,120,105,56,0.16302449066757585
b9f350885842f82a761af7f61a5ef1a54428b9af288a2b6069973c668bb05703,Zigzag,24628021,14312691,24627515,14312172,54,40,44,83,1.5617110858941456
5361b8594ce2939a1a70e8ef2509f4145884865084db227e3d53d7f914da7bd2,Zigzag,24937467,14296151,24937717,14296423,810,832,39,86,0.18245912510426768
7f544234159e1ad491367bb2f44cebb889eaaa2ad66f3bd36fa11e05c4539b57,Zigzag,24803250,14315790,24802787,14315347,97,117,88,46,0.03406051748691983
fcb7a35ddfd737db7276ec9ad94049e4a2cdd0533d8713b67e5fd5c616ce40ab,Zigzag,24793929,14310625,24793929,14310136,560,71,87,45,0.09171261003960376
bb4ff0bf644daf33af0197846a46750f525356d5217ac243b6f0c483224bc144,FCBK,24682081,14401223,24681603,14401238,82,575,80,33,0.512182802690538
09e637efefb94a3b0d62cb0e009c199095f4a018e9e95af36113343c5633d15a,FCBK,24656915,14407377,24656881,14407222,526,405,75,39,0.20715103926985762
225d7b3cfc74c9f6fdc946d6df38232f5264fe430e838d94949c06fcb667c5ff,Zigzag,24677421,14182866,24677339,14182855,478,549,41,82,0.34671381310313515
4e1065d62438b36b2384d1fb0c21c1081670921dd249a0eb2d643336a751c399,Zigzag,24847989,14268188,24848308,14268678,879,1050,44,93,0.23405619010411477
4e1065d62438b36b2384d1fb0c21c1081670921dd249a0eb2d643336a751c399,Zigzag,24847989,14268188,24847670,14268715,241,1087,36,71,0.1648615058979989
ba2b2857fb515b43a14edfc322e8bcbee15ddec0c4068acceedc0deda14a23ad,Zigzag,24765035,14349827,24765045,14349980,570,713,51,94,0.29560875046992335
bdcfd290f692dfba527167618b67a448ae9dcf11fd10b7bdaf5649c57a45f720,Zigzag,24688605,14313724,24688361,14313502,316,338,38,79,0.21199616153055242
8f524d139977e1820eb02cacb03f9bb201eccabf6cd746b73e21808755db5844,Zigzag,24847057,14269225,24847251,14268973,755,309,53,109,0.10886397499333772
8f524d139977e1820eb02cacb03f9bb201eccabf6cd746b73e21808755db5844,Zigzag,24847057,14269225,24847033,14269167,536,503,44,104,0.27659341410210775
b069a7c7a8c19f237820d719d65a55fc3eb9dfd23ea4bef48784f240b8e6d0f4,Zigzag,24623361,14137878,24622930,14138317,130,999,37,86,0.24002138798502642
496340c55866e535de488edcab50f2c970448e1b5406192d17147e7fbd3f5d6e,Zigzag,24765967,14346737,24765934,14347207,527,1030,38,77,0.10957611259120331
50a497aac79f959b1b38b88f9240b2a52aa4fd33143012ae6f902d4f9c2b22ba,Zigzag,24722160,14266114,24721809,14266011,209,458,86,39,0.3483153050246543
845f42a3a21e215a694a874f460858336fdcdebf638b5a6a3c5b05081ec2e6ec,FCBK,24680217,14415577,24680746,14415843,1089,826,39,81,0.6486432435252254
6ee452a659840683c3ec96ce99948431abcc0d5855e520b5ef51a6c0d8e0468b,Zigzag,24847989,14269225,24847493,14268989,64,324,109,50,0.29448636122850946
cd04401061a6c93d98e7bd1efff4f4012cd02c939e221f19b08f9fc236ee24c5,Zigzag,24751054,14279588,24751257,14279882,763,854,38,85,0.27157660117488686
8e986f15616f794587920bd200fe77881516b4f2bbc1aa06ca16873e638be785,FCBK,24719364,14195390,24719289,14195342,486,512,90,42,0.15291729498802076
3a5cdcb39ab49802da9a9530e731772a7b5a09d7b37dc27e6c0d310c32456921,Zigzag,24803250,14249510,24802904,14249582,214,631,77,39,0.13058475013353762
fc37a814f91655a48a69f9bee8401f13d03cfc7d425c31cc72a86f166b601bca,Zigzag,24947720,14229764,24948102,14229576,942,372,80,41,0.021018589026313865
c3589ae12ec9f5b361570684574b2c4d5fc34214b6779e29e77462831126fb42,Zigzag,24686741,14193304,24686610,14193644,428,900,93,45,0.3997935763951271
b198bc6eff6d64dd03f5d720ccbdbfbe7fb0249d84b4e26abc33fcfe31755e46,Zigzag,24863834,14258853,24863662,14258790,388,497,41,89,0.041055595131473374
9a20cd398232b68adf430f0a95d267d052bc442929502346343ffb4ffda5b40b,FCBK,24737073,14376579,24737277,14376343,764,324,46,85,1.5256132688986666
b17b41c704cbdc64a11920cb23fd3304c52f01c64b9d77f6e7b631179bd82fa4,Zigzag,24627089,14321986,24626964,14322348,435,922,39,86,0.11331301862091048
74ed779d657f6e0ccdc05ecfa43235310d9f4d8253b3f198404c87fc0a0f66eb,Zigzag,24658779,14183910,24659193,14183520,973,170,83,43,0.1286761291593051
2477ec0f8fb32dabeb555164260789b3c7a71091fec961b99acf63ad19632222,Zigzag,24587942,14372467,24588453,14372529,1071,622,48,83,0.23299854896670347
6f438548344db87402db75a93ba57ad218e823d93085e62578f7b4b9ddc63115,Zigzag,24710975,14205817,24710652,14206187,237,930,45,83,0.18142462017882638
e4618f58aea0652a190df6894b15934838b4d7dd51f72e31ef8a86d4f88382b0,FCBK,24717500,14196433,24717203,14196615,263,742,83,45,0.2852164966851889
4192293f3347b708763fe891a2a4584af9e8b68c567fcfbd3a4932028bbcd212,Zigzag,24834008,14220399,24834205,14220523,757,684,40,85,0.2576096029036959
3947a3926e997ee660a94462af2591dc9f7150b48ee1e2e0afb38a05ac08765c,Zigzag,24790201,14206859,24790133,14206977,492,678,80,37,1.3753527933483796
a47d00ae9402e67b79b98426b5101d9a6d82c8a6cd4fd6ae9b7f75773e371868,FCBK,24658779,14430939,24658776,14431051,556,672,39,74,0.5151354161015952
6d58a79755d026d848f39b398225958651ccff58ce8f733b1bc779910e6877cf,FCBK,24689537,14189130,24689582,14188843,604,273,39,80,0.7550043048247009
0df40e971dcef28a83d17a0569b2da8c62dd09c59c5fc7d9f7098c136437f41c,Zigzag,24699790,14379662,24699727,14379287,497,184,43,90,0.08751863898781176
e1318c08cd687e4e3faee556bc38c8025cee3b8bf8bc5cee9d6a6a334789a482,Zigzag,24687673,14247433,24687374,14247834,261,961,39,80,0.5101563701275831
53c7d38c9613785540087f04986f0e2dcc5b31fff37f5e9fbc50c9f6302e60bd,FCBK,24599127,14316823,24599626,14316905,1059,642,86,37,0.12567278252948186
d4bc89af956ddb5d0a8b3463fa8ffed37254a78d3efbf224e90ffbf46b936bd6,Zigzag,24849853,14279588,24850086,14279862,793,834,43,88,0.4784260707408067
d4bc89af956ddb5d0a8b3463fa8ffed37254a78d3efbf224e90ffbf46b936bd6,Zigzag,24849853,14279588,24849939,14280036,646,1008,49,87,0.2176419631729795
317e21fe8178d4006a497dbd0f8e31b862b483b40345105e457d8e38d387e6fd,FCBK,24766899,14277516,24767152,14277919,813,963,80,37,0.8310273007762664
5bb91384473d5e072ea4508a2db79ff51aa84b4bf0f2fb32bd521e9a06af909f,Zigzag,24751054,14238082,24751494,14238182,1000,660,41,84,7.997327762071651e-05
5b4d87094f7706ac408c5de7bfe2b18fe95935b28cb5fecb40eb47b920e32c09,Zigzag,24885272,14263002,24884751,14263335,40,893,38,84,0.13457295037922898
a871a0f61a410d4091399e2c0f774fd337589a17f7650bbcfdc91f30551bebea,Zigzag,24663440,14278552,24663763,14278895,884,903,39,78,0.14846152687869554
39bf774c1a730273628578c8dd5a69924ae6451296437f6a697712a2959df6bb,FCBK,24716567,14345706,24717025,14345199,1017,53,41,93,0.142259557332119
3035863d8733c39520fe26dc592e4d28adc7fb0d6f3f5ac0e558208abadbde02,FCBK,24695130,14193304,24695031,14193272,461,528,47,90,0.41154137917471184
3035863d8733c39520fe26dc592e4d28adc7fb0d6f3f5ac0e558208abadbde02,Zigzag,24695130,14193304,24695108,14193480,539,736,36,73,0.6369612208245655
968721564d51e17fb63ea54142df37e04be45943a0847f122ff75260f9042795,FCBK,24642934,14231844,24643275,14232140,901,856,39,86,0.1786572629110978
0c06d47e3e9b5be0748d25053a0810fbc709064d1358aaa09b64d1f6380a1650,Zigzag,24640138,14386853,24640164,14386966,586,672,79,35,0.2643223667473496
28d49ad60450d2847a72d29e126ce80ceda408566df621dabdd905c2ca8b6b5b,Zigzag,24990595,14220399,24990807,14220462,772,623,50,106,0.03533365621019442
d472fd30f00491f5d274595eadc7b388fd4308e5200c5c10ea512553667dcd20,Zigzag,24792065,14249510,24792072,14250040,567,1090,97,46,0.00267888544385534
2cacb77d7e3801368b3671a2d9fe713dbe3444925f5d4ca3d289b11d6762f275,Zigzag,24765967,14204774,24766113,14204648,706,433,36,91,0.0504704105394999
31e802fc81945eb12f35525f644f76147a3240655ae310a334bc4ddd3f39a6fc,Zigzag,24956109,14308558,24956324,14308310,776,312,49,98,1.3895531677548454
abb5a02d963f3c67351d078a123cfeed9535f143357d164243c8d605b7415593,Zigzag,24781812,14214152,24781636,14214047,384,455,37,86,0.03177766828407152
dca7013b1eb81fdf63ad8e322633a3ebf13163139d61e4b4ba3ec7a55a119879,Zigzag,24665304,14271298,24665527,14271205,784,467,34,69,0.36346516293876086
6989fef96030bc1be97ae5bfb67614bb7a0fd510859e7d7ab52a5d43e60e3899,Zigzag,24802318,14323018,24802708,14323138,951,680,76,44,1.5613012254023826
cc7dcdf451001f63dfa64e2aa18122971abe29a0b885745078935e79b5fab04e,FCBK,24715635,14356006,24716110,14356399,1034,953,87,42,0.7902306689324787
efca56131c9d8da62851429e75b2e40be0316cd40d1d4330ec61d52b57e38cd7,FCBK,24716567,14193304,24716779,14192819,772,76,40,83,0.18470814800008276
6b40dcb835884e31fe7bf38087569124252d5b99c7a17e17472df019b177e2f0,Zigzag,24894592,14289942,24894594,14290267,561,885,57,104,1.1516897392011103
7533e5652e92de000995093e3aedc47529352ff1d66ad817b07195425098dc76,Zigzag,24938400,14296151,24938022,14296204,183,613,84,45,0.04775906287844704
597d1aab6ce336aadf115e0813293eb06579db53331195b0beaed2053b3ff547,Zigzag,24712839,14187042,24713039,14186724,760,242,42,78,0.4640051865960821
d695e06dc8c7effcd14746974b8ea2b5417f554ea5177439bd4cca8184f80252,FCBK,24751986,14179733,24751780,14180237,354,1064,40,94,0.3032763241433977
d57d352132d5503894ba662a0e635fed052e4d3de29f329335aeb0c4a0af77a0,Zigzag,24815367,14275444,24815507,14275528,700,645,94,49,0.4358319716087838
02aa9adbc32d258738159f55986a6799d4cbe9ec84caa36c75cfbb831d43ce10,Zigzag,24754782,14212068,24754233,14212325,11,817,46,101,0.28872864024127176
95dc55acc2831a42e00c060f752b9f07784ecc1a954dc352d2ac396f591bdfb6,Zigzag,24876883,14251587,24877172,14251758,849,731,93,48,0.10384449058264841
c32ca107ec9b44276e64146a662225769301528f9695aeb9030a44287d0a1cbc,Zigzag,24766899,14333336,24766569,14333624,230,848,99,45,0.05353675757386033
f46713753b74d73c504c72a71ca063dd5012c74d56859b7d811405ce9c2e86e5,FCBK,24791133,14258853,24790645,14258646,73,353,109,42,0.10606925374540858
d662a9557e86c4417f5a7fa676b9af218c96672d66cee49294ca1a5c319f7271,Zigzag,24703518,14218317,24703778,14217883,820,126,43,88,0.378153994378661
533a62274a27eaebaf9d4919640a9a2fa603d738a1e65e33105d81e54c50a109,Zigzag,24740801,14376579,24740723,14376351,482,332,40,79,0.09070736659663972
533a62274a27eaebaf9d4919640a9a2fa603d738a1e65e33105d81e54c50a109,Zigzag,24740801,14376579,24740279,14376237,38,217,42,85,0.1859640614806505
da5300e27ac1680ee74cbe95632717c7e7bc09ae3c189d0eb58d53206c978bd7,Zigzag,24712839,14348797,24713260,14348793,981,556,36,75,0.25263493450072555
c8db8197f09e73a673387de64e478b6fb166eeea441fa1394578c2abcf6db4de,Zigzag,24761307,14207901,24761530,14207955,783,614,40,83,0.23478250071240667
dfc1848116598b9d8d80540af183e5023581cbb9326e1bf80623213258255cd7,Zigzag,24728684,14240161,24728460,14240014,336,413,37,83,0.10989464330233363
47836308a161846c7008627f49a545abad01727ba7a7eb73c0be8b921f2c4276,Zigzag,24732413,14192260,24732305,14192692,452,992,48,94,0.22105583608483848
47836308a161846c7008627f49a545abad01727ba7a7eb73c0be8b921f2c4276,Zigzag,24732413,14192260,24731973,14192540,120,840,42,80,0.037124752717759606
23721e990506b68a47c052ed4c2e09ca0bfe350b4cce9a221c1042060f496937,FCBK,24683013,14412503,24683355,14412446,902,503,39,80,0.760863725276066
23721e990506b68a47c052ed4c2e09ca0bfe350b4cce9a221c1042060f496937,FCBK,24683013,14412503,24683558,14412302,1105,359,64,33,0.8452368630884932
4df90c8dfd9d24c93c649bbe0faeca0ff185a5331270176aec56b6b6b826caee,FCBK,24696062,14185998,24696360,14186080,858,642,78,36,0.15795922485327238
0c105cab6e0aaf8faa3665d307f35f0fba45ba777748883ba59629f07db7ac88,Zigzag,24811638,14301322,24812024,14301327,945,565,89,47,0.5392566980693652
981fc722ab0b2a839b2f2593537a7d0f6cdb4a7ed1420565f5dfa5854cc13d34,FCBK,24762239,14298219,24762789,14298512,1111,852,39,91,0.32295761723130134
9e93708bae21d928acce9dcec8d971448e9d6f8d6611f9e4a328ecfb99c1ffc2,Zigzag,24754782,14347767,24754683,14347752,460,545,46,96,0.08545961599101701
21ac5cb71c73b28c8895e47c223c8d3c04e230753e7f1f928c081ec02891ba8c,Zigzag,24847057,14229764,24847115,14229320,618,116,83,39,1.548384894115498
7afcc9792cf1847703069bed9b0fe018e048d2c5b190849cbdfee4e953a55b13,Zigzag,24749190,14380690,24749731,14380142,1101,12,32,29,0.11068455352640792
d89706e854b625fbe32459418332b88368109669a27c89d44844974228f26fe1,Zigzag,24608448,14391987,24608351,14392371,464,943,45,77,0.17135422605658482
da8e4ed97059deab85dffc640e86d508d273e04f6ba7dd4ae3f4e544f06d59fa,Zigzag,24575825,14337461,24576098,14337765,833,864,71,36,0.4197739424734466
8233f8261708d6eb5eb3f09f8647bb2253f9d8b18afce3e1e7102341e65714dc,Zigzag,24746394,14337461,24746066,14337764,232,863,35,80,0.013118554679189189
7c78385337300736ecf104d9607dc7f8a25f3fbb115373b49d5257efdb786441,Zigzag,24809774,14263002,24809723,14262875,509,432,80,38,0.6430665176235721
26a8feac98732652a9065b402e081b18b2c8f1bb11e1c8ee3b1b32436b1d53e6,Zigzag,24804182,14289942,24804073,14289458,451,76,46,81,0.38816917784255384
9496ad832f412ee91ff5a2e51cf1d987e9bcd6045907efdf0742eda660793f63,Zigzag,24639206,14333336,24639632,14332807,986,31,93,49,0.18703616691173233
5b7d0facb1ae68b121b6813b40788db04112745483a90093f0e1f51698bd218f,Zigzag,24721228,14195390,24721073,14195156,406,326,40,84,0.23031917588348835
f09a3a62bd92f23e63779f463879c1ddedc60a35e716732bb28dc966e18ca6fe,Zigzag,24809774,14230804,24810126,14230900,912,656,43,101,0.06029725441886452
636366b0f031883cbd0a6890506cd574612e4fce75a85d4fc79dee46c08978f8,Zigzag,24957973,14295116,24958076,14295579,663,1023,52,108,0.0851181488049984
8575b6398dc4176077e195a3a4d5480f9d4638a56983e7f7bee279f43c58b1d4,Zigzag,24818163,14341584,24818385,14341270,782,246,92,46,1.5326994079271496
cfc1cf1e672dd725bedd30bdd88373c82b8ed85497f30001ff9a3c2c46226fca,Zigzag,24709111,14185998,24709641,14185709,1090,271,43,84,0.26450495972958815
cfc1cf1e672dd725bedd30bdd88373c82b8ed85497f30001ff9a3c2c46226fca,Zigzag,24709111,14185998,24709552,14185712,1002,274,86,39,0.03617169474859351
6469a275811556378229ef49c4975eb5c67b1e3306240ab1e08b74bc27750dec,Zigzag,24980343,14230804,24980569,14231193,786,949,116,60,0.040685632121790924
6469a275811556378229ef49c4975eb5c67b1e3306240ab1e08b74bc27750dec,Zigzag,24980343,14230804,24980141,14230742,358,498,48,103,0.13576258443816738
6469a275811556378229ef49c4975eb5c67b1e3306240ab1e08b74bc27750dec,Zigzag,24980343,14230804,24980728,14231017,946,773,113,63,1.5507849348898777
6469a275811556378229ef49c4975eb5c67b1e3306240ab1e08b74bc27750dec,Zigzag,24980343,14230804,24980697,14231319,914,1075,61,86,0.016798093514243054
91e1d7a4d9bafbc8efbfc18452970a223a826e97594830a13d0da9ad78c0999e,Zigzag,24649459,14253663,24649160,14253789,261,685,80,43,0.19378796271011256
ac3d972535879e4099d1fd8533fcb8eaea84594f51e82400443d6b49cca9efc5,Zigzag,24820027,14227683,24819997,14227700,530,577,46,89,0.10429288368643369
86a92ddc57073e6c9e7241ef77ef706f78b71d9f3ba11f3cefc5274e1adf4fee,Zigzag,24948652,14247433,24948858,14246981,766,107,38,79,0.12501331726455098
516d6a4c36150ada94c06e8af12f0d387a190046ea54d5585dfbdd3868b159d1,Zigzag,24810706,14364239,24810662,14364008,516,329,33,76,0.36061138609365917
fa44d32a66449432c22daf270b266248158ec333af75649bea2077e44582237d,Zigzag,24786473,14364239,24786111,14363927,199,248,42,87,0.23112531474545533
05dd7674521e605a3907db86491b3d227519d2a0e922ff72f8d32463e5926dad,Zigzag,24964497,14244317,24964203,14244047,265,290,49,98,0.1346343778542473
2e01c0c80cb1fb25c44255008d3e1dcc1575dce4acc1c9b3bf480efa138e45a5,Zigzag,24802318,14268188,24801902,14268419,144,791,41,88,0.1704926934439442
2e01c0c80cb1fb25c44255008d3e1dcc1575dce4acc1c9b3bf480efa138e45a5,Zigzag,24802318,14268188,24802212,14268322,454,695,77,36,1.5556840860311874
454d93a0abca571f6a0fdea13b29471a5c139559e2202e422d5ffdba616e7094,FCBK,24661575,14152544,24661481,14152227,466,243,44,96,0.42758076618241847
a86aba927eb193ab0e47c5ad95c1ec84c68d98dc830a2f0b147998e83c999c26,FCBK,24713771,14182866,24714031,14183340,820,1035,84,42,0.32794468597809734
b525cb449ff179c0d02326297d29891e514382d43a564d1f089c5819360f10e2,Zigzag,24798589,14293047,24798705,14292553,675,66,83,45,0.3477209540483759
103968e754009987484d4bae8b3c4a779800e2aa67bc8d94f37fdd42143f51a3,Zigzag,24925351,14294081,24925055,14294270,265,749,85,41,1.5286462099061036
103968e754009987484d4bae8b3c4a779800e2aa67bc8d94f37fdd42143f51a3,Zigzag,24925351,14294081,24925418,14294480,627,959,102,56,1.3876161175359762
6ebb6fa4524878a7fa5e7e8337427ad51c3f06106b8559ebfe6e7a1f5428cc10,Zigzag,24806046,14317856,24805677,14318091,191,795,40,73,0.1975429699128538
96f7df947350d77111b1bc73cc4dbf790fa788976742dad427c05ff688e93714,Zigzag,24559980,14341584,24560479,14341586,1059,562,31,71,0.2448793433532241
a92a068786d953caf4179684814ee9d349b455e4c370311df5251242afc56146,Zigzag,24727752,14208943,24727773,14209116,581,733,50,95,0.18485387284598054
91a354888121db06c0312b3004e107651bac9d0d6ee77716b37d6059a9899d12,Zigzag,24651323,14151497,24651436,14151967,673,1030,43,97,0.22754334643454197
857c7319c15378c1c0503414ac46abc890c70538ada3f0d05b950fe0423f537b,Zigzag,24655051,14271298,24654876,14271094,385,356,34,79,0.02960245656234364
789c2e3f1789adc27c8b71a8df2415d5c2adae890ef09586f89811a2eb2902ef,Zigzag,24967294,14292012,24967712,14292185,978,733,93,51,0.2516170576873405
e945db04b31842181041716e6b1c282871fd039947287c206273988fa98b4958,Zigzag,24614972,14376579,24615196,14376448,784,429,41,85,0.11253841325072572
d88eafe5f25d0328fe0b7b66fba6801e18760b3883a3262054734fe789aba6c0,Zigzag,24823755,14251587,24823967,14251640,772,613,43,108,0.1156964229608553
6988a6ae7a6ab1ef915981d78166bc189635f77ce2992467d0e5291b85c0059d,Zigzag,24857310,14324050,24856823,14323906,73,416,41,76,0.24573476734011432
7469d344bf1e7a3aa43b843ddb93b41d6a40ed80195e1e20ce57fbf6038a7543,Zigzag,24638274,14230804,24638129,14230628,415,384,32,72,0.1244414450323485
6978ae269a64990aa84b1b45ff6195fd56db3e0690d0c27428c08e63ad733b3f,FCBK,24663440,14164055,24663349,14163849,470,354,39,81,0.06562746314973883
6978ae269a64990aa84b1b45ff6195fd56db3e0690d0c27428c08e63ad733b3f,Zigzag,24663440,14164055,24663695,14164172,815,677,64,34,1.560121311881423
09f98b23bd11fff9c61a0937239a1b35368b43e3cee300de71ca10c7e4038b5d,Zigzag,24659711,14145213,24659822,14144990,671,337,87,41,0.22505963246766358
0fc168c69d192d00eccd2f89d3d69b35034c0664ebfea99e22c22b5adfd0f7fd,Zigzag,24611244,14143118,24610894,14143467,210,909,41,76,0.012562025791876385
426cfe20325f31c239d590f65d9a6ffcc03bbc59edc4cf8a7576062c366c5342,Zigzag,24792065,14368354,24792104,14368319,599,525,55,96,0.28421131982125214
bce04063c5e16c926db1d8b3bbb7f6087bdd8e8681a6df1b4edffce1d84060c8,Zigzag,24679285,14215193,24679377,14215644,652,1011,85,40,0.052007965788911134
c58131df9c4ba8a5c87217e700c38fc763071755e6ab1928a8fdb760e683f1f1,Zigzag,24682081,14315790,24682553,14315845,1032,615,41,88,0.20423913893396503
c58131df9c4ba8a5c87217e700c38fc763071755e6ab1928a8fdb760e683f1f1,Zigzag,24682081,14315790,24682424,14316238,903,1008,88,51,0.5003824024794241
f48263b1241bb831e682c2d70d589a4f791c104183f8541237f94851516c34f6,Zigzag,24811638,14325082,24811548,14325338,469,816,44,76,0.4533993140024097
4262695c7f4030f62ce1d5ffd3e9a6354e605c9cbbd5f131244d8c58d9399541,Zigzag,24751054,14266114,24751383,14266627,889,1074,49,92,0.18046731363548377
81f2df86b4ae5ea03cbf24b6d230f7c88ddf40139e58309f7122335c51b8861a,Zigzag,24666236,14234963,24666776,14234846,1101,442,45,89,0.21488497558874542
c7012fb73f7bfc417d773a9e5dcc9977cde7ceeb390d23d7ca72f120b9079fc0,Zigzag,24624293,14240161,24624673,14240473,940,872,39,75,0.2832128674390678
34f1866b106e3b8422c25bdb216e016bdeb90613ab880fc4f3b4116f48516424,Zigzag,24980343,14300288,24980860,14299793,1078,65,48,91,0.03102306575038677
7bbcb811d50340c02d08f742c9272469f78d2bdd7a54cd3599254df200d21bc2,Zigzag,24627089,14330241,24626911,14330200,382,518,85,36,1.475932664553511
7bbcb811d50340c02d08f742c9272469f78d2bdd7a54cd3599254df200d21bc2,Zigzag,24627089,14330241,24627312,14330100,783,419,91,50,1.5618743376689677
f89ce37e762d3be95bde290accf2c4eacbd5db520468e42d6096291d161c9456,Zigzag,24691402,14418651,24691752,14418759,911,668,42,82,0.24827166130501016
f2ddb8fb8cc0291c22640fdc0f457f2e02950614bc10690db1391923d12ea6d8,Zigzag,24695130,14218317,24695205,14218257,635,500,39,83,0.18128320632494319
04e5633f0a3f5a997eddf77bb787fac78ca5f72a4106e02e258ee497fea53f27,Zigzag,24738937,14211027,24739099,14211389,722,922,42,84,0.18195652002754245
912be749a410dcb2212f8ffdc173f127a18f6aba680f60a834769ecbb1f38550,Zigzag,24787405,14292012,24787557,14292203,712,751,51,96,0.5455111318894164
86f93cb9a09e624512996edc313de4ffc4067f2fef5319332bc6625727238275,Zigzag,24722160,14226643,24721773,14226763,173,680,46,93,0.3933023542646543
9b2ffb08c97ced3bc3b2e8af66a7a8671e6c647b6a42d792ca345be2a5321655,Zigzag,24772491,14206859,24772551,14207316,620,1017,72,33,1.5620968447780437
d3f41ba920f204d78947c99ce3d5c5bd94c1f26d91d5b9fc1fb9ee231234c9f0,Zigzag,24850785,14300288,24851021,14300567,796,839,50,104,0.12422502158188752
e9477daef0bf4f74a409c641e24512453313f24c6fae249a6bf5c0f2683f8168,Zigzag,24701654,14356006,24701152,14356133,58,687,35,81,1.5144259949495162
e9477daef0bf4f74a409c641e24512453313f24c6fae249a6bf5c0f2683f8168,Zigzag,24701654,14356006,24701640,14355772,546,326,86,47,1.5656889164563426
85061d5122fad6e8c7a5f7fe35cf47dd56cd47e8394b216b95fe96a70444b2fd,FCBK,24655983,14380690,24656315,14381168,892,1038,34,87,0.1284932448938223
eb668b20334057aec169618c40ca8cd90be4e0f4f1ef3d29134fe87a428566a7,FCBK,24663440,14148356,24663923,14148098,1044,302,87,38,0.24356607204067873
a84908a11fb28b6d6f179c9acb62335ca056fd8fd770842507c3cc66a95ea2c1,Zigzag,24722160,14295116,24722590,14295172,990,616,66,37,0.13302899105963395
230320b3c9da1cb18f2842e78ed400ed48153870bed7dd25f075eddef83ef88f,Zigzag,24952381,14259890,24951945,14259811,124,481,97,52,0.0059707255006195385
e97ded2bf3c9409096440d58c2654ae0197ef623a675cedafec3b310f9771123,Zigzag,24805114,14297185,24804870,14297031,317,406,47,79,0.07240636493458899
443f5b870e31b09dac1918e42145b2b6e50de4456eb338cf90d7dd3c3228c5a5,Zigzag,24897389,14307525,24897195,14307761,366,796,88,39,0.03972462212005742
9ed06667257b9affe82145ecc43efaa19b2d67ca64709336dfa48489048ee795,Zigzag,24657847,14376579,24658230,14376133,943,114,36,79,0.22975656645845227
c596cd1f7f1e78065d8898c58ce5623e62ab2f2298fe185db536cf4b6608fe01,Zigzag,24765035,14331273,24765395,14331290,920,577,42,73,0.143886965139996
f197a621ad262d82deed8d56d7988c579d645dc188f0895c7ce2c795c8e557a1,Zigzag,24914166,14340553,24914643,14340093,1037,100,81,42,0.1387162215017686
19b15eaef58246949ab90113d3c1521a7c4a0754951ca6a717ab8ec7bb97be84,Zigzag,24647594,14231844,24648137,14232137,1102,853,37,73,0.09724438677548344
d365b6b557c906e418a89d0648723c5c03a257ff4415136ede5b63db3d234da9,Zigzag,24860106,14298219,24860476,14298261,930,602,33,72,1.5697262686689029
2ce9630189d03262aa4ab19e1171371c0e427156adc2f208b88226f149a16df6,Zigzag,24791133,14234963,24790930,14234624,357,221,37,83,0.08959181002789757
e7388d366a08bc182490922b10a4c785efef178873c8e11e7293bc3ecb04275c,Zigzag,24723092,14372467,24722869,14372824,337,917,32,76,0.05728579763128415
99b18fe9b12aea2f5696bc9d32c778bae1075b807edcdd178b76fc9945fe7444,Zigzag,24926283,14306491,24926046,14306046,324,115,80,41,0.15777606594930219
1e0e0e4cb45c18c638f105befa43015029d0fb36748e65266fe774d3ff5020ce,Zigzag,24667168,14278552,24667374,14278418,766,426,31,74,0.06026428115561798
a972c3cd10343fbdfaaa89e7a0e49bacc9800148b2a081535ee114827f1d7a8f,Zigzag,24678353,14269225,24677801,14268799,8,134,30,86,0.1630728436861176
49f3ef873539ef65a2a5a35a4464bf135274e795ef71daf9dbc316303bf3fbf1,Zigzag,24837736,14313724,24837417,14313853,241,689,79,51,0.22698504800152047
e4316e367e7c3f942d9af2a32f091fefde5edb276700beb456c020181f4fe41b,Zigzag,24753850,14343645,24754201,14344183,910,1097,86,45,0.3422374720743891
5634b7c499ebed0599cbd9ad272b16238a020e185b54884df8d91b5a8aa0bc87,Zigzag,24740801,14361152,24740462,14360621,220,29,50,57,0.08720162294955144
62ad799e60087cca47de75afc527e827cc5926b58f2b37bbe85c7ea4e67926dd,FCBK,24696994,14354976,24696765,14354683,331,267,38,84,1.5557096523776524
b9a323ed0d695d86394992ac01dd22cdaf7b8ed589d8775d737542b92e20ffde,Zigzag,24752918,14390961,24753339,14390491,981,91,81,39,0.06786494706789332
9bfb4dabab6a4b43389557f27cc297a1dbc805343fd4a2390cc9ea1fb7a71d4e,Zigzag,24672760,14212068,24672653,14211836,453,328,43,79,0.2353370207856316
9b9d813eb88bf1ffbac861cc506cf1eb2f3d0bac3041b245849b2264d73c46e7,Zigzag,24716567,14179733,24716182,14180108,174,935,79,38,0.3986751486058347
1720675c6f7a737544f78625913e43fe2296974274f28d8d8c43f32b8a6e7a36,Zigzag,24846125,14282695,24846221,14282924,656,789,41,96,0.4593157926801297
0459b0b8f223d79c43cc44ee0d02397745ab466deb2d5f0a0ebe055068c7ccb6,Zigzag,24977546,14228724,24977713,14228913,727,749,43,86,0.0010598561904390977
0459b0b8f223d79c43cc44ee0d02397745ab466deb2d5f0a0ebe055068c7ccb6,Zigzag,24977546,14228724,24977939,14228697,953,533,94,45,1.570190590804958
0459b0b8f223d79c43cc44ee0d02397745ab466deb2d5f0a0ebe055068c7ccb6,Zigzag,24977546,14228724,24977820,14228427,834,263,82,45,1.5581094268359226
0459b0b8f223d79c43cc44ee0d02397745ab466deb2d5f0a0ebe055068c7ccb6,Zigzag,24977546,14228724,24977718,14229250,732,1087,65,51,1.5686957584850965
931764de3ea82bf9d5332e606d629f2944bf4f68c2d7c23cd4e3d14770248bf0,Zigzag,24799521,14272334,24799443,14272486,482,712,44,82,0.31615314077760803
d35b16e0018766b751e1a00ac9515452f3b108c0f6dd3d5d074cd25096e621b7,Zigzag,24783676,14269225,24783702,14269381,586,716,44,96,0.14788087453727422
db37bd02385a7479cdce4f8f041ed29b9557fbd13e2a7c0db77e0bf0b9bdbadc,Zigzag,24804182,14271298,24804631,14271547,1009,809,68,34,1.4842889982639071
630b6005a69d8252b660d78784791efc5f45f913b0a013c900503e9cb986340c,Zigzag,24711907,14341584,24712356,14341335,1009,311,34,79,0.12207922114544821
be54232c169997c80b36fbb628611a4927f504c6eac092760c42296187eaf7f6,Zigzag,24843329,14289942,24843676,14290166,907,784,112,47,1.539249852102363
5a98335cdfa62dc3fc6bf6281e2f702a038f248bb1c0da82d4d525a15431466b,Zigzag,24635478,14246395,24635192,14246924,274,1090,35,72,0.19147534019851498
6864745bc9174b36dc96dc5bedc17a733579dec7848d80922a13d9e7f29c5410,Zigzag,24751054,14226643,24750755,14226634,261,552,42,85,0.14613806863041273
4afb3def01001451cd476a04be58983cdf88ad47587f82632a818621b980228d,Zigzag,24725888,14265077,24725823,14265316,495,800,40,82,0.09142361544943814
40d8c0071acc01422e5a6c4e765167753c55a19863b2d1789cd50bcdd1617318,Zigzag,24957973,14280624,24957773,14280963,360,899,84,51,0.20598174510374473
9f3aa62eb8440ca613a7d1671b6ce59ab5631a7a3b9f8f3fd21e72b59120eb09,Zigzag,24703518,14197476,24703646,14197545,688,629,42,83,0.1452863730690486
e5473b4353624e087bb6582a177a9608f0ffc7d46cddaf3ef2a1c976df27eb1a,Zigzag,24794861,14288907,24794696,14288872,395,525,42,92,0.09534187442700127
d769a0352f2c57c7232c23ec68fb58f8c36a8454e20a04d599aa2acc4efa2f0e,Zigzag,24813502,14380690,24813103,14380781,160,651,53,89,0.3821291950692814
328d9d3fe2d86bac9c54f6091e0b88d3f534840b2d1e45256462ff0bb1844e22,Zigzag,24749190,14340553,24749059,14340424,430,431,38,79,0.09792826989865898
f7942be2927991531a7f871d11d5a2e804aaf9160cc55c3b2c89d2136849d207,Zigzag,24612176,14214152,24612440,14214558,824,966,41,92,0.12785801439481115
18923c6e004cdefcf6359d3110e9e1a38574f9f56c245a19b3ff201b3b6043e1,Zigzag,24624293,14310625,24624244,14310967,511,903,84,47,0.25981809581667137
904526c0bd7cf27c20676255cf0aed9819c7d4dce56febe5f4f6c0a27bba90e5,Zigzag,24647594,14225603,24648039,14225930,1004,888,39,76,1.2843488504748457
c250dd1ae9a58cd6d8c452e35f3f60ee5c277e4aec7b1a51bacae5f3053b4b4d,Zigzag,24973818,14225603,24973458,14225881,200,839,47,91,0.5294060313818121
32fbf9b0def9624d86a573c0ddf7642ad9f0ee37ed708a2bb9058f36a4bfaf08,Zigzag,24777152,14281659,24777526,14281758,934,659,43,87,0.06020156371194661
2a9167943de4a42d39bab6d6bb427ae2c04030ee59bbd643edef23d53fac5f40,Zigzag,24751986,14274407,24752212,14274645,786,798,96,50,0.23640523134361915
c3b1921c32369acfdd1308a9b209bb023b0988777594ca9e49e50c34d9c60efc,FCBK,24826551,14370411,24826595,14370879,603,1028,67,30,1.5646042109443532
c3b1921c32369acfdd1308a9b209bb023b0988777594ca9e49e50c34d9c60efc,FCBK,24826551,14370411,24826684,14370867,693,1016,35,78,0.23996517864126898
551047a6dd7392b4d5a7f00a5c0f70917baf4dffaa9dac816aacc530525d960d,Zigzag,24869427,14282695,24869943,14282990,1077,855,91,49,1.4913326598730032
f57faae6fb59752977e379a99312e117fb8cc374b69c933a139510c180ea517b,Zigzag,24721228,14194347,24721703,14194504,1035,718,82,49,0.2426858473661371
f57faae6fb59752977e379a99312e117fb8cc374b69c933a139510c180ea517b,Zigzag,24721228,14194347,24721091,14194463,423,676,77,41,0.4112091831182382
f9d7c54775d89bec1eda178c5e162b96f5f55cc1138fb12fdca8906474db2887,Zigzag,24945856,14316823,24945809,14316782,513,519,52,89,0.2391087559689699
893965121d6e49394b300bf70b39f1707fcdbcdc4076acec652495e7c848fe9e,FCBK,24836804,14333336,24836259,14333137,15,361,33,76,0.275049379881107
648567e1df7a4d04c360020d07352a873d47eeb5d40457ea9774c5fef2ebc1c4,Zigzag,24708179,14270261,24707676,14270005,57,303,49,98,0.2426432700782095
cf1c7f44154d1b4d87aa7e33e19be973ec27a9fd56e084cbe5908b2db813fed8,FCBK,24685809,14171374,24685906,14171064,657,251,89,43,0.08418129034540055
cf1c7f44154d1b4d87aa7e33e19be973ec27a9fd56e084cbe5908b2db813fed8,FCBK,24685809,14171374,24685855,14171549,606,735,86,43,0.3074786924750019
114f3d6d13a10b85ccac52fd1a92b30243642a9585a7085c0caf351445d23b3c,Zigzag,24735209,14197476,24735345,14197780,696,864,41,78,0.09285975835677698
70d2d722ef08d5acfbd4b034363c1b8fdf432090518bc7ec0840e28dff05d464,Zigzag,24755714,14221440,24755599,14221340,445,460,82,41,0.2622603144048149
f35b9dceaad9caec7241f5785ea0d0179dcfa4afe4bb5d73646cccec9c343226,Zigzag,24748258,14225603,24748490,14225718,792,675,43,88,0.36261228559966296
84af58f391bd81076f6930b43c58055f3d01ac42decc30fe1ebe61a0a41f003d,FCBK,24707247,14375551,24707775,14375282,1088,291,34,93,0.12070623676783626
f2f8d77445c8913d9fc3e196e9d289884c63af66985e0aba353e3359c3176da5,Zigzag,24715635,14294081,24715713,14293991,637,469,34,65,0.23544980565779647
669735b52187c75d1a15b0b5ea1eea62cf3771dfa870870a3a3b3437270c31d0,Zigzag,24809774,14332304,24810119,14332465,905,721,78,40,0.07234124232355815
1736d03b880a5c1cd711c685d34e63c955d1e0f62c0c9c41d62e197b5edc559c,Zigzag,24713771,14209985,24714027,14210321,816,896,95,50,0.27314150792093106
ae19fe63dbaff0af1d25d56a9194aadb362bb8c1d2af06a09fbe5da54d569d85,FCBK,24569301,14369382,24569653,14369647,912,824,87,35,0.19052194517302343
aa27909c9f99e2e3e405b8af4f7434a184f2d8b8202a76e0b6b83c1435ac4fa4,Zigzag,24679285,14187042,24679361,14187302,636,820,80,36,0.4989613397217578
64d1e832be83688faa29dad7b99da6606499fbdb4f7d9858c44a7b648b614f31,Zigzag,24859174,14337461,24859002,14337649,388,748,43,83,0.14410659270614348
62e93ce48204dd084fbe1625e5325db1203a2f6b5e78df40ed81002f5f913d6a,Zigzag,24608448,14394040,24608025,14394304,137,824,44,94,0.38028951667776834
62e93ce48204dd084fbe1625e5325db1203a2f6b5e78df40ed81002f5f913d6a,Zigzag,24608448,14394040,24608228,14393583,340,103,44,93,0.1205676858121249
6b4f9f395fb392d85271d21e10bfb430029404e4f7bab9fadbf0757398d1a446,Zigzag,24929079,14249510,24928560,14249597,41,647,41,83,0.06625349325942159
62adb319cb9c9945f33dc26e6b2167efebd4d80abfc9d093d636a2c37caf7c6b,Zigzag,24918826,14297185,24919035,14297271,769,646,44,81,0.08391862776051308
b457ec4fd34a1a89e3bf2f163c2fdc23e787632ff7adef3f3ee607fb1cc256f6,FCBK,24779948,14375551,24780471,14375699,1083,707,36,79,0.12991139481904632
e9aa6813e779d6d59ba23955d6f2b0d8c56b3db9d13414368f24f6a0ec2d2100,Zigzag,24982207,14298219,24982498,14298200,851,541,78,37,0.11542492201010011
782b1313ce3798479148e7b660e939c044e450138b16e387620fcc1b3789d64d,Zigzag,24874087,14261965,24873781,14262472,254,1067,42,81,0.04982816843668128
d29ec8d6e4137cfa494195bb21bbaf2c3399cf9ef1e318594592bb4905069938,Zigzag,24831212,14328178,24830884,14328240,232,622,86,39,0.11379285367031552
26ea1f3aa24d41a80412a3eabb1fe46b4961dde04f6eb2a1e073671fb54a3d4b,Zigzag,24751986,14230804,24752063,14231286,637,1042,46,91,0.1373905748125328
da82ed89469ac919f70972b6e86bcccd34f0acda0f934f3f7169da74f1e01d9b,FCBK,24706315,14208943,24706568,14209179,813,796,48,93,0.2842778655589905
fea6d9d0140c5b196134a41647df803dd3ce273b54270c2b9b46eebd17e25605,Zigzag,24657847,14175554,24657818,14176050,531,1056,76,36,0.0
cbd534535f3e6635d79feef758ab27f061f3c44172edd3d0b33bcb962b995a4b,Zigzag,24708179,14185998,24708320,14185982,701,544,74,41,0.3046360010379377
ee74c9c1bb83bd3a78b467b2f02381ef599bd60a4e25dcd13d91aa2aefc7d941,FCBK,24658779,14365268,24658530,14364851,311,143,97,45,0.00024309628314230766
18c49fc2f33f76a8474c5a700ad06b09f3a229315b76b6fe73461cd5b26942cf,Zigzag,24566505,14359094,24566922,14359277,978,743,39,90,0.1631612273447946
69382c8359f4b2a0f9de4d44dd35064547a4b5243448ee7a120bd22df25953da,Zigzag,24765967,14214152,24765433,14214250,26,658,90,46,0.6879862554670204
ba94ed836c62ada3fdf767c06086ef945248c23483c89fd12bb10d31c9b9517c,Zigzag,24645730,14150450,24645428,14150482,257,592,41,75,0.09189378821751322
ba94ed836c62ada3fdf767c06086ef945248c23483c89fd12bb10d31c9b9517c,Zigzag,24645730,14150450,24645472,14149964,302,74,44,97,0.34460918347267283
d7a1de5229c7782a94ec320d8d519311ad6ff7e575dbf1aaa1aa398ab7ede39a,Zigzag,24813502,14241200,24813538,14240907,596,268,41,83,0.16202958361859268
7c880cff164a94f7c00139931bafa09e185da859a75bf9fbba2c62a26ee35355,Zigzag,24565572,14340553,24565831,14340801,819,807,82,43,0.6255983114015244
566b1501301adc1ff666573483a17a661f790761a0dc1fc9fce01b69c4de41f2,Zigzag,24640138,14382745,24640380,14382366,802,181,38,78,0.33565573575636726
a18c826387d266a0725cfc32af2d6abd31218b121fedc043f1377ce4d3ee0617,Zigzag,24660643,14206859,24660814,14206807,731,509,45,81,0.1819696360959111
12fd87b4e1cdc0d0b5c211173409e88c772d1ed0a31d8022a0edd6c534bff6ae,Zigzag,24661575,14369382,24661855,14369454,839,632,102,53,0.29714076717650506
12fd87b4e1cdc0d0b5c211173409e88c772d1ed0a31d8022a0edd6c534bff6ae,Zigzag,24661575,14369382,24661567,14369854,552,1032,93,47,0.32096187759990963
12fd87b4e1cdc0d0b5c211173409e88c772d1ed0a31d8022a0edd6c534bff6ae,FCBK,24661575,14369382,24661275,14369682,259,860,81,46,0.36587728780658646
12fd87b4e1cdc0d0b5c211173409e88c772d1ed0a31d8022a0edd6c534bff6ae,Zigzag,24661575,14369382,24661449,14369910,433,1087,50,90,0.5031273226149687
5cbe403aa37c9954470c128a3b5e81bab59327f2f73368cc8524cf7ddec76b18,FCBK,24563708,14354976,24564073,14355461,925,1045,33,80,0.10579681236589347
029e2b7ace3d1966f7bfb8b488d33304df741a06f8eee5eea718e2814d36e8fa,Zigzag,24760375,14181822,24760627,14181527,812,266,50,98,0.26129654969582883
029e2b7ace3d1966f7bfb8b488d33304df741a06f8eee5eea718e2814d36e8fa,Zigzag,24760375,14181822,24760340,14182363,525,1101,94,45,0.40132559310170884
9080a6deb81d9649980f0756c7c99c4292ab95e373a7fa8246706b1927298d68,Zigzag,24958905,14256777,24958749,14256714,404,497,51,98,0.16227619233553403
375fde8ab85e0b39890422f8c26fb9435cbb66c7cfbafe624cf0e1ef04a67760,Zigzag,24761307,14365268,24761667,14365715,920,1007,104,57,1.5700877927868808
ff3f691de3e44fbc22106f8a3b2451b8743279ef5da9c922a473f984df88a375,Zigzag,24936535,14259890,24937000,14260393,1024,1063,43,94,1.5498027610798564
7cc0cc0aa5f78b763c8cad67b9f530c9c0e6161133d77fee6bfe98c4601757c7,Zigzag,24828416,14236003,24828844,14235981,989,538,36,79,0.03321895858245479
a312345d019a31db9d05baf38cb1b6a51c3b879ac08924c3aa44ad061853d548,Zigzag,24825619,14269225,24825385,14269568,326,903,36,84,0.25186266771887306
0b326acae460b9651da41fb313fb46cad6b6fc6a1921cc176fc902a564c69b8a,Zigzag,24882475,14296151,24882772,14296533,857,943,42,81,1.4915330627450318
4d9bb01c59e99ad289018668fd981303a744eb9ed92edc29d6bb11e96c0c9a6b,Zigzag,24797657,14374523,24797503,14374941,406,978,35,88,0.18021248240867682
193fd382784318281316194cb20a1a5a1ec4c7c776c8a3f94ba48fb66898af80,Zigzag,24749190,14286837,24749456,14287296,826,1019,76,39,1.5087586549917733
cf3024e7ba2284262904cb2139f552329eb77d5bf7f196d1788ef5c4b31ee82f,Zigzag,24707247,14183910,24707124,14183987,437,637,39,79,0.40520332209643234
cf3024e7ba2284262904cb2139f552329eb77d5bf7f196d1788ef5c4b31ee82f,Zigzag,24707247,14183910,24707108,14183684,421,334,47,90,0.3482134724024724
9c62500fe534e678aaac9bbef9abde9e048147b171867fb815e6430a2c665a6d,Zigzag,24663440,14149403,24663154,14149077,274,234,35,77,0.35392688504707387
2440b38ad789d77d29de74d23f458064a747a4537c20e420050c278a9ba0f1f9,FCBK,24600059,14214152,24600079,14214050,580,459,37,90,0.2637954270361638
ae012e708a1be039f24fc2b4a14c97c3fda6a644fab132c945db50fee8474497,Zigzag,24824687,14247433,24824968,14247272,841,398,39,81,0.220639234466566
5b4abb056a507a60907601fd855d95fa3247287af6b61befbcc9f40cfaa213f5,Zigzag,24820959,14276480,24821112,14276876,713,956,38,80,0.05480145532483612
88f907d94625cf15e5bd9ea2b5831f1ab36f910e51a6d09018e2c1758ec631be,Zigzag,24661575,14160917,24661328,14160529,313,173,36,77,0.2104348001177094
622d4dc9622a37aaf8396dc796367deda88ecfce208567d0debbac3a221812f4,Zigzag,24800454,14292012,24800284,14291766,390,314,94,51,0.286586759645062
27bba208298d612637d221ff635c9b3d19ac56be27ee19ad00b9bf374ee9ee33,Zigzag,24720296,14194347,24720676,14194795,940,1008,85,45,0.17473793866909862
e8379adc558d9161a3a3cc946566f3ef12a86eb936deafdc644405e39227ec42,FCBK,24742665,14377607,24742799,14377287,693,240,31,74,0.15453759548473858
7959a88d65a94dfad3c134409db193ca7b92008e4d5187520238dc92e116d669,Zigzag,24809774,14349827,24809832,14350169,618,902,45,91,1.5669061142325633
6c2ed9587f05297e5809cea066d0b2368fbfbe4cad06f73ed4613734df7e474a,Zigzag,24751054,14193304,24751256,14193216,762,472,93,45,0.535730706075614
ee75386c2fe5d6dfc544728d6cad6bcabf988b8b1a317acf2eb30fe7e88fad8a,Zigzag,24771559,14328178,24771898,14327899,899,281,46,83,0.2269227633215262
53b3efd2f556ab3d9aa943f68054077e4c12ddedb0bc8fa6c05bc15932e4e1ba,Zigzag,24738937,14205817,24739289,14206074,912,817,41,85,0.23725085156874656
92a17285abae5cd286aefc28f6c4e068f64c33e679db2537eb195aef1a1b0fef,Zigzag,24680217,14255739,24680167,14255886,510,707,39,76,0.5659807872390106
92a17285abae5cd286aefc28f6c4e068f64c33e679db2537eb195aef1a1b0fef,Zigzag,24680217,14255739,24679871,14256172,214,993,36,71,0.30020676467097246
bbf29f462198e2cc2125d76ac0ef5a1002186326bd8a8b2ab7639557a21ec99b,Zigzag,24683013,14284766,24683321,14284931,868,725,31,73,0.12331293052042741
b6aebfdb8e96d424d1f94a6e720598f8cb38b2a32ab9e632cfe756488a1e307e,FCBK,24717500,14198519,24717327,14198569,388,611,45,85,0.4327484971196628
895117515263256d7094db03348098b628e043243d66886db0c3cb3285ee07e3,Zigzag,24765967,14241200,24766250,14241372,843,732,35,73,0.08409127550055588
536b46258ae43098e0127b104ebc7683cabcc8e01711c04fbc122835553081c4,FCBK,24809774,14273371,24809868,14273905,654,1094,33,63,0.23237210689928958
4e523eedc6d3714620d25d0eac6e37afad864f6a819bcf180e59fe2d352a893e,Zigzag,24697926,14180777,24697484,14181134,118,917,39,86,0.15275306117254692
8afccf6f89017d9a079f56820b7be98959866074f8a3129b01ab30b963835a31,Zigzag,24884340,14329210,24884025,14329582,246,932,84,52,1.5655668105203624
80221e4ceed15b45db9d625627a64c921f5442be69c12d4c33c5068135433a9e,Zigzag,24954245,14288907,24954009,14288942,324,595,49,95,1.3052868892811578
97e97e793760f4f7a66e5c899120e8c39084b23b072622d15844b74df4d72d55,Zigzag,24939332,14290977,24939326,14290559,554,142,94,48,0.3722570233559258
97e97e793760f4f7a66e5c899120e8c39084b23b072622d15844b74df4d72d55,Zigzag,24939332,14290977,24939374,14290717,602,300,81,39,0.1252649027637794
97e97e793760f4f7a66e5c899120e8c39084b23b072622d15844b74df4d72d55,FCBK,24939332,14290977,24939173,14290905,402,487,46,104,0.244656386835714
3c5f9ec379fb86318b45de7e627d2ae553d399802ea004a26b13af500138c3f5,Zigzag,24747326,14401223,24747672,14401774,906,1111,33,28,0.23797258486891487
0024e6aa0167d4d9a46a3274769f1fa2b25500c7d1a1cccc6682774135da7970,Zigzag,24739869,14237043,24740194,14237198,885,716,42,86,0.5949468585723392
14486f6ef7c708927d8aaa144d9801fc28296b0ea848f12814812376a57af61b,Zigzag,24724956,14353946,24725288,14354212,892,825,41,84,0.0011314420385627251
be38176c3a246eae152fb9c0dceb29eaa4fc97c943205a7d3d9cfd86995a8a16,Zigzag,24686741,14293047,24687035,14293380,853,894,37,82,0.10848379210297211
24d0cf4c37d6406c98470059678b96099fa02def4bfcac03eb218e3097bbfda1,Zigzag,24803250,14244317,24803472,14244134,782,377,35,76,0.2562418865916153
d06074806d997e99b47c8d9048665a2d93f94984254a57fe41b29c9d35ca0f79,Zigzag,24721228,14188086,24721327,14187726,659,200,38,87,0.32366238952427717
2a0d1d8971f2087f7a948e5f7b3f72c4f2c1ebb0cd3980ee5c0a09ad1398a649,Zigzag,24813502,14230804,24813452,14230325,510,81,40,91,0.2374619237298922
6d1212d08c5eaced84743c8c356bb270a0ac0ffff9c58a0b7bde371194254e4f,Zigzag,24856378,14284766,24856177,14284569,360,363,47,89,0.1120715278221212
6d1212d08c5eaced84743c8c356bb270a0ac0ffff9c58a0b7bde371194254e4f,Zigzag,24856378,14284766,24856243,14284843,425,637,43,94,0.1378397335751315
78f4cd6e320d3582d71a514853772b7dbd1a9a8b3ec799115d4b1dd8bf28e16d,Zigzag,24764103,14219358,24763581,14218933,38,136,47,87,0.309686153413055
78f4cd6e320d3582d71a514853772b7dbd1a9a8b3ec799115d4b1dd8bf28e16d,Zigzag,24764103,14219358,24764556,14219850,1013,1052,41,96,0.09999038882022097
d132de0834bf7b53411d3de79d9faea97e55bc53d8027cc64e03f5aea1ecde30,Zigzag,24800454,14272334,24800245,14272598,352,824,42,86,0.0516363466259258
31c53103bab1cbe7e2b9ed40a4bb37bb1630130fc2ec28d1939b0f20100d45cc,Zigzag,24865698,14250549,24865741,14250151,603,162,49,101,0.4090192324643523
5404ccb65c4ac5c9c105703edbd8119bd1b1a8f73e8a9aed509c0b54b35e23ee,Zigzag,24758510,14301322,24758165,14300988,214,226,40,89,0.039865923621832146
66ef6755fc1e2cbbcb0a6a82f27e0b3eb1941e37df0c40c2b9bbab551ae5600d,Zigzag,24651323,14177644,24651553,14177797,790,714,79,45,1.4992887204715606
d670a7c5ba0d91fdc1cb83f3aad2cc78d223882d2dcd928833a9a0bf25de2d28,Zigzag,24668100,14252625,24668210,14252202,670,137,39,78,0.009997274745859378
3e12e4fef5e5cda50bbf8d7a639eb8521857b21bd6c30ef9ca55ac313b80ac18,Zigzag,24710043,14349827,24710065,14349634,582,367,85,39,0.26135137752477083
ed95e7cbbc0f2e2233ba228b0154dfa743ed2458e8453a76112551497cc96919,Zigzag,24786473,14272334,24786425,14271831,513,57,41,80,0.031607003350684074
1c158ef5780860720c0a0508a869b7f1bc42691dd15db8d00d9d8be0919afb16,FCBK,24698858,14183910,24699077,14183890,779,540,87,41,0.23435812599270253
1b6b04831b3364ef53d379bbbebc8c20a14eee0e98a09e63ab0281f04352ab64,FCBK,24776220,14347767,24776023,14347867,364,660,71,33,1.5315507865489983
0b48bae75662b461b44ac9bdbd83c7d2686545fb79fad92450cfa62628b30476,Zigzag,24684877,14323018,24684773,14323257,456,799,43,91,0.08108612291461843
0b48bae75662b461b44ac9bdbd83c7d2686545fb79fad92450cfa62628b30476,Zigzag,24684877,14323018,24685213,14322660,896,202,39,87,0.13448092151880994
19af39b3867341cb82d7648475a8ad21c251ea2dd450a26f3f956501eccbbc56,Zigzag,24747326,14271298,24747708,14271758,943,1020,37,83,0.05024355914889559
ad1add51f84d529a6da2e400eccdd83d0909bd4fed6f07b6569c8461dc9fdb6c,Zigzag,24980343,14232884,24980130,14232904,348,580,47,105,0.05845396827631218
a7d8faf34f44ac346274294e79fac9776133871fc9932731a6c4102ce16350b5,Zigzag,24852649,14279588,24852138,14279204,48,177,88,44,0.20903795548120602
b07d2661bbd058744b095ef27156d69e513c94bdbca1add3812a7b951b5486a7,Zigzag,24698858,14181822,24699140,14181797,842,535,47,92,0.38931663408772815
031e6d3fded0de3490a4ced7ea659136b1083d023fcece4029fa86c9c079283d,Zigzag,24807910,14202690,24807698,14202914,348,785,41,89,0.194016045812721
031e6d3fded0de3490a4ced7ea659136b1083d023fcece4029fa86c9c079283d,Zigzag,24807910,14202690,24807963,14203037,613,908,93,45,1.5689997583235291
e78266e70c3521b26454183035e22adf2a07dd2e7425db3c751904e8c8ed913f,Zigzag,24599127,14213110,24599048,14212789,481,239,41,89,0.2765863067909486
ebe3a5b8de2a32cb8147b787e46dc29637bc70a38f5640225613a78707dad0da,Zigzag,24748258,14285801,24748188,14285302,491,61,46,72,1.5580818631186402
8b334251fd93d514b56cbba1da8e54c51743719fb514d3d96e6ffbf102c1db3e,Zigzag,24657847,14180777,24657759,14180743,472,525,90,46,1.3798499403231417
b3e8420dc7689bffd920d3a58811ca21d065b95e17c75cad1844d5c70d0f24f0,FCBK,24746394,14358065,24746602,14358514,768,1009,70,32,0.09275249954387405
011a01a0206c21b79e11aa16b3fbb19507d69808af9c0dac09ac92f3fc507c6a,Zigzag,24746394,14185998,24746765,14186185,931,747,59,108,0.2406936197784329
785ed258108692901c3cfe0d31432a22e1cfe2a77c6f500623cee630872a286f,Zigzag,24796725,14290977,24796966,14290927,801,510,48,96,0.10130614020153143
c2e9c1271683c21f4b7b37427594997a297a865800b334e21be59baaa9ba80e5,Zigzag,24697926,14317856,24698406,14317862,1040,566,86,46,0.07858541465103402
75f5beafcf71e4105c4473e9a706f010f37df51cbacc15efdbae08b9993b0fb8,FCBK,24867562,14309591,24867938,14309523,935,491,40,72,0.4447485345439917
64bcfc2a13532e1dff1f6eb3f2c84765aee0aa4bf9f0b150a1d1f7fd38ed9b74,Zigzag,24713771,14206859,24714060,14207254,849,955,44,84,0.24344929242687874
58899085b94283151b6d17927b98ca8e92968ca50acec683344df9377af9c6d1,Zigzag,24780880,14219358,24781003,14219420,683,622,45,88,0.1524503762699026
6aa27ae4b3c80a98d7f17c5535876c2c6c76fcc775f5f773cfd1d1093375180e,Zigzag,24637342,14340553,24637099,14340920,317,926,92,42,0.3242323725765814
4960e4fdd467a8b171b38f484a10fcf6e3c8814b7e6654c1f33cea5564ac2ffb,Zigzag,24625225,14320953,24624923,14321197,258,804,39,78,0.19788087512091446
d2378dd8bd4dd2186a3ab209d47e90a3d404bc055d198189c319ec269468f9db,FCBK,24794861,14260928,24794680,14261120,379,752,36,91,0.2598036481677577
ba87bc025efade2a00d2734142840ff54424ae4f97ae8de6847e245145ba8550,Zigzag,24669032,14273371,24669308,14273701,836,890,42,86,0.12062535989448193
5599129c615c0018b7c734fac1a3568fb08b122b54a0e8e09bc9284fcf828291,Zigzag,24861038,14271298,24860792,14271497,314,759,42,101,1.569233317551129
03435e2c03ce2ea1ad741f79afc10cd1d7c28238165b0b9a72bd8f1bdb2322e8,FCBK,24774356,14208943,24774703,14208493,908,110,33,70,0.30544030897665525
3158e5bec8134095deb6e347c0817f833902bf1f37afa69c2bd3cd1887b3486c,Zigzag,24668100,14287872,24668030,14287411,490,99,54,28,0.20629503271647892
4099db00c8ebde343617f9ca9381f9ce9778d1c260ad9161481d46a18018dcd3,Zigzag,24941196,14277516,24940883,14277680,247,724,48,102,0.2351569411616718
6d9d2e1692605f2d4e0231f0757a82352a9e24284d5a76a8e4dfae69da9f7e2d,Zigzag,24968226,14245356,24968607,14245608,941,812,96,51,0.1724713721996026
332e98f4676491ead6e2dee18adbe70052d1e6194b67daefa5ef5e517b4ddd75,Zigzag,24725888,14391987,24725985,14391439,657,11,40,53,0.458633790414474
8f6f10757284c6424a61a1b1e7c58a667749f6010caf82e53417f0b3cdd1b2b4,Zigzag,24820027,14299254,24820297,14298958,830,264,46,87,0.08029730292211537
67ee97399185d91c079c1c679ec5024b447a6d1204ebe21df414cc959e0b54d9,Zigzag,24945856,14238082,24945833,14238268,537,746,35,72,1.4774341547760979
f8a8fe06cb306573f847b53f980240314c8753b681fb028c65963e11187ffbed,FCBK,24588874,14371439,24588826,14371877,512,998,81,34,0.3037798613265045
78597cb9cd010db119e6a6800d0ecac964b92fb6a83e2e9152d85f878c1d206e,Zigzag,24685809,14208943,24686004,14209391,755,1008,46,91,0.5308561891743874
dedff7fdf09c80946cff7778deccf86e82421c7e1802be2a4f1eff8c243da24d,Zigzag,24655051,14301322,24654559,14301831,68,1069,81,52,0.9077112267313622
97887b8af929462dd6c4426a672a4f5a996fa2b717ebff44359860701ad179f2,FCBK,24746394,14218317,24746128,14218506,294,750,41,84,0.09863596334645551
c343fe2ba625435302199bd37268a1bb07105035a82114768b9ddfc2b9f0605b,Zigzag,24926283,14308558,24926041,14308645,318,647,45,86,0.11117131279464716
c019b50bea915c9fcd30ea9a9bb319eeda18791c7b4f6cff54a7106f19e931ac,Zigzag,24701654,14303390,24701259,14303442,164,613,43,81,1.5536060214325986
020411251696d813ef5fede5f7220e8ec8ac944686d4cc5d4e438f39af1e142b,FCBK,24763171,14395067,24763059,14395273,448,766,29,60,0.08915555927420737
f3deba36e82c2b9009e96e1a05b3a0be077034269564f4ed4049abb5282349b6,Zigzag,24754782,14194347,24754636,14194017,413,231,51,100,0.3120377579451086
df6648dc46471b22023fef9614b3889a75b28ac1ecfcb4cdc46a2af2112f7be6,Zigzag,24587010,14361152,24587253,14361605,803,1013,81,36,1.5641244424739755
007fe397ba9e61844575b01b75baad6e284eefdc259492f0d6ad004925e1db65,Zigzag,24619632,14256777,24619609,14256375,537,158,35,72,0.34767401583416324
89eae1aaa8cdef49985da2fa68d78e976c68479be3baf547acef4a3271ef0c4e,Zigzag,24698858,14173464,24699146,14173821,848,917,53,98,0.2876614783029634
9a8ee24f2eb1d062909398460b28f0ead55db56349ec557ade462a600d598872,FCBK,24718432,14195390,24718221,14195617,349,787,40,82,0.06635770608182776
62a0368e8287db6ffe113bd2557168a28e4621ab2079a2e67adf2cb3e448b490,Zigzag,24822823,14241200,24822748,14241148,485,508,42,94,0.5163597378337318
62a0368e8287db6ffe113bd2557168a28e4621ab2079a2e67adf2cb3e448b490,Zigzag,24822823,14241200,24822628,14240920,365,280,37,85,0.13732048374159328
7c112299ce58150194ea69e3a2700a12945d1c5d3c5c6cd6db7052ff112c8b8c,FCBK,24637342,14143118,24637219,14143364,437,806,40,80,0.1601707138224742
67fa4947ee1aa44d78669e0560caa3e3335541c70ccbb42f48c7ba5648a3c1b5,Zigzag,24635478,14204774,24635192,14204751,274,537,77,41,0.4000235403552555
67fa4947ee1aa44d78669e0560caa3e3335541c70ccbb42f48c7ba5648a3c1b5,Zigzag,24635478,14204774,24635017,14204451,99,236,68,41,0.29607919787648584
01ffc43d6b31d1e3c3dc60082c0813f1c0ea9034c2de704250f17b0c55938e48,Zigzag,24616836,14254701,24617351,14254897,1074,756,34,75,0.23448770542449168
525f1368bdd4bf00070faa778daab8743e552099074359c5b4a60c37fb051957,Zigzag,24574893,14334367,24574632,14334756,299,949,70,43,1.3535845140722353
15179bf68fe6ee7e5f95b2d58614abedea9583c21ca1534e546cc9316b1d0009,Zigzag,24668100,14243278,24667910,14243192,370,474,85,39,0.049833736107835216
096aa5eadaa2756ad887610ec03c36e050c82b90caffe96c987f59a00d9bc570,Zigzag,24971022,14248472,24970887,14248078,425,167,102,50,0.1732078361095504
e1c1ddd84e53fe617f9939a5964a2d53844718071b7b1e2b187e956ed848727e,Zigzag,24978478,14226643,24978201,14227083,282,1000,92,47,0.10562926624381386
e1c1ddd84e53fe617f9939a5964a2d53844718071b7b1e2b187e956ed848727e,Zigzag,24978478,14226643,24978106,14226890,187,807,92,40,0.04484231891832182
fa948dce9a05a79573f9e294687d18888571447edf5a996ba19f6268e229e561,Zigzag,24724024,14255739,24724243,14255709,779,529,45,83,0.4921453783858635
8c1501946a82d86b94edc221d56d1288be9f0023a591ef70fd2e2b45dd375163,Zigzag,24738005,14304424,24737706,14303945,261,81,87,41,0.14700337960284993
3dda7326b1e6b7abe07d90759fcae1f5a129a8914e75648c0276e849fd2e6d91,Zigzag,24710975,14365268,24710646,14365802,231,1094,82,41,0.15872276978255492
b362a251d48c2d0aecd3aede2ebcc2f2a2435e5c57ad9d4a2133cd6f6ec42ef3,Zigzag,24564640,14354976,24564311,14355290,230,874,31,79,0.025527757676684356
94db2c537a9c88c2015a7eb06f43be6f6dca89257384ed0a7a0010f571e3196e,FCBK,24739869,14351887,24739807,14352251,498,924,37,94,0.10929256915889396
3868ce4b083eea5e47b14602fb053e23de54cc783437228eaff7ec2b4398a4bf,Zigzag,24806046,14273371,24805834,14273472,348,661,90,43,0.06969131381514525
d0cddf734359bce9df0166cfda4a8374165c15442e83dc9f004be0d06adaf710,Zigzag,24704451,14284766,24704572,14284852,681,646,35,74,0.06400791998945599
034f00099a23ad4461a25a5b8bebfb1755d71d8b36abf93c4b397d47cf358544,FCBK,24690470,14397119,24690901,14396809,992,250,32,70,0.28685260970087906
b966fb9ea8dfd5a12c8ec0e0c4da69adee7e60779a754071f924052caf253ed0,Zigzag,24670896,14236003,24671199,14236361,863,918,39,82,0.13403906980445215
56feed7b86da6213615a00a0e7e7fa9c99440cad90d78d4004035cad7e3dedbb,Zigzag,24570233,14369382,24569906,14369507,233,685,41,77,0.1251820368419859
bce3550f27dccf81b106ea3c1e55b36f27a193097d94debf8ab3f45d63c90e99,Zigzag,24802318,14203732,24802572,14204172,814,1000,44,81,0.18898223858879412
be8df023e561c05f8b767efe1edf6ad8e0d683e5b5dfb594e3ccc186f267fa40,Zigzag,24796725,14265077,24796657,14265530,492,1014,44,93,0.11657787934740109
956fa261a58c5b61002c17a79b761156db142470756c1d1bf327835391d79145,Zigzag,24870359,14229764,24869984,14230018,186,814,40,85,0.8851527875597917
9d707eb52a93131a1a99db55b085d7b262125144c471e00efbed99967879f8c2,Zigzag,24762239,14288907,24762086,14288680,407,333,50,101,0.1760729313892849
3a29088d4287891e7988c76df60f93d01b169d9ec2bcf9c6d9c66b76d4d87da3,FCBK,24743597,14233924,24743951,14233753,913,389,40,83,0.05543856252017794
6d2c4fbc9d88859ced2b742eeed916664f8ce5fc4b297dcefa7ce2c89fa63248,Zigzag,24799521,14293047,24799712,14292685,751,199,50,93,0.22974005485969382
a0e34ad8a7b7e67b136119e47d4008b63c5bf96e1b374395256f3eef688d259a,Zigzag,24939332,14292012,24938815,14291874,43,422,106,50,1.564797290123384
26707dd2be53f8a3a50b8962c6177f57b555ef4e01603354c28035e1d57c1c84,Zigzag,24755714,14223521,24755455,14223760,301,798,36,79,0.09644193472715054
a316fa6801734bbfed0ed2d7ff6274a4993e7567da3c7359bfb09a537d266769,Zigzag,24935603,14295116,24935730,14294700,687,144,50,89,1.52037776051168
2010b4533775fc20b29c5126ee10c87642da393eb84c31d80fec42fe306bb7d0,Zigzag,24797657,14252625,24797363,14252890,265,825,44,81,0.0697874456081187
24dffca027367f219ff5e612c044a22d8ff54bdbaa58fc04198f52e124a878ba,FCBK,24707247,14401223,24707395,14401575,708,912,25,54,0.3902089595004728
9243101b32d2eedcdcae898b8da8a40b99e3971fb38bf1165eb55b0c3940de79,Zigzag,24791133,14307525,24791064,14307427,492,462,86,46,0.11983179614628715
07cc83ba2f8e9a672f6933d5e502e9e9d2a450b04ae74e2d57033c4a29bc15e1,Zigzag,24638274,14207901,24637833,14208254,119,913,39,75,0.32316727458811784
41c617646cf05f9d42ee21c032efaceb5ddd433dad11849ae87908b8ff8441b7,FCBK,24771559,14344676,24771789,14344806,790,690,32,75,1.564126439844793
47e5d5d931e51d57cfd165a42dc7c3e8d4d3e899883085524427c3a62251532f,FCBK,24800454,14201647,24800814,14201420,920,333,38,91,0.23993413616981274
e896037951c2de99cabbe5fbcff2e7ec8fef48cff0669f523a9a65fe3cf796db,Zigzag,24789269,14280624,24789797,14280914,1089,851,62,40,0.012452427350343917
f868eb9a7fa382304cbb6543615c3bbb31540150b728b3b9d2240e959716053a,Zigzag,24708179,14202690,24708517,14202921,898,791,81,40,1.5701996455526643
5c5d4e01a63db629fce7d82e2f1719d60ee6128cbe1eb094d82f6489669f87dd,Zigzag,24976614,14227683,24976721,14227255,666,132,96,47,1.3922016814589293
ba2772d953c237b3b14f9f67bf8ff69064db81c77222082fbaaffb31a94c14ce,Zigzag,24599127,14218317,24598704,14218485,138,728,83,46,0.29350172399447993
16a6523569620a55351777963b0f1e796a2476c01328d2e36b950a2cb478e9e1,Zigzag,24599127,14314757,24599404,14314281,837,83,77,32,1.4395048818989713
bfdbe65ec0b24aec9bcbe23fd458d56ba9e4221ec6a52cfaa73464dc18a1e5c8,Zigzag,24976614,14297185,24976218,14297311,164,686,44,96,0.29337106265349794
b97b52dfea5e1068515a597946e01bbf584f803ad7b1ee37f084e75e109766ab,Zigzag,24714703,14216234,24714775,14216739,632,1065,39,84,0.24567404726726053
3bb31f71856639d70da47d2c058cf6a4030760c210fb128c0b292edf1c3c105e,Zigzag,24796725,14270261,24797263,14270268,1098,567,41,61,1.2510683915965615
9199a2595b999b6969bdb5914c28ec7e500be70f181bba52d773c1483b75648b,Zigzag,24970090,14250549,24969996,14250333,466,345,42,90,0.1555647600724253
00b70f621da87b741a4d8bb88a141914859e105a168bda58f0aec9eb0ac39cc7,FCBK,24821891,14373495,24821846,14373364,515,429,84,37,0.15058634659917208
cd7c7b87940a2d65a8ad0228e8729f244657f7ac4c86db0180737df7a6bdd976,Zigzag,24819095,14273371,24818868,14272951,333,140,42,92,1.5619957778146751
d089abff91c9931b54454ffb991ae72c845d4b39893ad15231bd5da8de794746,FCBK,24626157,14394040,24626113,14393817,517,337,80,39,0.3727646884387221
481a71113c4e4b699909b372b76b0fc40c5ed2e5001436bce1f0b28dd0c65af9,FCBK,24658779,14431962,24658837,14431424,618,22,81,41,0.4220017433043251
561990a063df866e2fec399190b4248111621b37118456a7159efc53aa2d9855,Zigzag,24718432,14277516,24718854,14277895,983,939,44,92,0.09963600530291548
a92ec2ed24d39d53f3300105392e9ef5e7d254815a466a6da56523a922bea468,FCBK,24656915,14403275,24657260,14402800,905,86,39,69,0.32509060952737306
661537c2c6a8f37bc1d87571ead63d343281a05aecd3689f9601add2246a0d4a,Zigzag,24659711,14161963,24660205,14162249,1054,846,78,39,0.37248865179173546
c28f1439b5f24fd52e91f9904b2cc0d201c98492218c8b00188b1083de82580f,Zigzag,24742665,14318888,24742380,14319246,274,918,33,73,0.26234463674282954
fcb4b2aec14bdbdebd7a8258fd2330e81361242fbe3cef0a5b8b193709d94d00,Zigzag,24847057,14287872,24847537,14287861,1041,549,48,99,0.17691382450347742
7bb974adc239bfbb412b26c9774d6c85e2e4a71745cd594e66165acc0a45747b,Zigzag,24694198,14247433,24694137,14247677,499,804,35,71,0.2229634250841486
3cbb23f2d60c9a72d4b36f6c2ca51103d34917699dd97d509a6254f17b7ca23a,Zigzag,24790201,14244317,24790342,14244646,701,889,92,44,1.5700036368964345
d2d9ae21392c2f4ded95eeaffe0d0f63b2cad60b33c0ab54100e63d23a63d7f2,Zigzag,24568369,14342615,24568131,14342212,322,157,85,35,0.18859509819008066
7b31a0926c0eef31f688c31a1d0568f0ef46305e859b785fd7272905932374a5,Zigzag,24742665,14213110,24742698,14213579,592,1029,47,91,0.24303771752516384
13dd459cefc479af625b95ec02dde93ca27b371565ff7ede27e4bcc75bda17d4,Zigzag,24940264,14245356,24940274,14244950,570,154,105,49,0.035426325893750776
b8a90117b8b94095e3af1bc663eaa067a8967df5e179232c7977339f762c0cf2,Zigzag,24638274,14214152,24638042,14214455,328,863,40,89,0.38234274729919215
0b5ec916ed19c792981e23d2aee3794d308a32c1e2055142f7556d736d5719e9,FCBK,24779016,14361152,24779015,14361596,559,1004,30,60,0.003901478982101043
a61a23d45cef8d6e3f38e610e7110f713bbcd98c48500951e1d2b25be28b9c89,Zigzag,24754782,14368354,24755103,14367987,881,193,40,80,0.007934893669377595
4fc26cc217710385d1787ee4e8a36ba0c1388d8db20c49c4ec60c4c143fa2c38,Zigzag,24714703,14290977,24714700,14290984,557,566,75,43,0.08002040907015279
6b08236caa410026221c4994532603b11c98d28069bb6ed8b78a531adf99c2cc,FCBK,24635478,14393014,24636016,14393089,1098,635,37,71,0.3774704940848922
0d5efb5f0b712442ec3fe6f78fa9ebe1a5aa624d8593da17d6d33a9051e7c4ac,FCBK,24626157,14332304,24626545,14332757,948,1012,79,39,0.28047210849272636
c70286aaa15484ee56e69cb37f04d7d936d4cf97210d4259bfe19986e9579c50,Zigzag,24609380,14312691,24609768,14312991,948,860,37,67,1.4927646415911389
2309258bacf64a0490de8452383a9ee72ef282de45c6f33d8e0354e62b17ade4,Zigzag,24977546,14230804,24977123,14231031,136,787,87,46,0.0700994682193351
2309258bacf64a0490de8452383a9ee72ef282de45c6f33d8e0354e62b17ade4,Zigzag,24977546,14230804,24977065,14230664,79,420,85,49,0.19366181209822686
2309258bacf64a0490de8452383a9ee72ef282de45c6f33d8e0354e62b17ade4,Zigzag,24977546,14230804,24977473,14230936,487,692,44,90,0.04704050040445163
6d37c92f476183cdeedd25d97a2d377fb905f01066d63cf90f041738f2201327,FCBK,24739869,14353946,24739705,14353842,396,455,78,40,0.07531497793101107
0a6d886fbed954caea92878b5350c442072f905c320fa1b79039d4f70595798d,Zigzag,24733345,14398145,24733414,14398387,629,801,39,81,0.2927274764865666
e868c63cd85b9d5fef68bb32b1ab7c84a0aeb05ddf42217f2b60ea6953ec58b7,Zigzag,24974750,14240161,24974638,14239963,448,362,58,103,0.25314504636277346
c6284c5a643718c10612a4c508e091f4702d4e5981a2329e321f75bb63a06a76,Zigzag,24812570,14301322,24812426,14301180,415,418,55,102,0.052242948143218594
c6284c5a643718c10612a4c508e091f4702d4e5981a2329e321f75bb63a06a76,Zigzag,24812570,14301322,24812492,14300850,481,88,77,46,0.6433111955487232
c6284c5a643718c10612a4c508e091f4702d4e5981a2329e321f75bb63a06a76,Zigzag,24812570,14301322,24812787,14301082,777,321,78,43,0.2705791308333545
c6284c5a643718c10612a4c508e091f4702d4e5981a2329e321f75bb63a06a76,Zigzag,24812570,14301322,24812690,14301594,680,832,97,44,1.3228283324331827
c6284c5a643718c10612a4c508e091f4702d4e5981a2329e321f75bb63a06a76,Zigzag,24812570,14301322,24812857,14300995,847,233,84,43,0.061987404637548094
e6dbd9cc6f2312c70a874fa9faa3f02438317222db71bd47901fe2e31526dabd,Zigzag,24732413,14266114,24732338,14266332,485,778,42,92,0.10266213028243731
e6dbd9cc6f2312c70a874fa9faa3f02438317222db71bd47901fe2e31526dabd,Zigzag,24732413,14266114,24732639,14265711,786,157,40,87,0.026703622360549205
0232a1d09fcd14a90372e84804535f732603d5cf92196f240d97b3dc1dbef92e,Zigzag,24902981,14334367,24902817,14334243,396,436,82,47,1.5344915821827185
70030bcf7286d06af0ca2717ce65926136bbf98c11d899d20c698a7bc46077e0,FCBK,24700722,14201647,24700608,14201102,446,15,77,34,0.6197834988984181
aba4419855d5eb47aff0ad4255fe33b8ebc9048672b3565a571302f4404d72eb,Zigzag,24820027,14238082,24820369,14238163,902,641,45,90,0.23768672781540848
7715d9397dc2d9b665e7fff83765127ac9c94ef453e3d3fbcfc2e7b1152643e7,FCBK,24700722,14190173,24700432,14190476,270,863,81,39,0.5293575618499726
5187af0176ba890eb58f3d001379f9affe8f3c86dd7c434ab05846227e71747e,Zigzag,24758510,14219358,24758813,14219395,863,598,36,73,0.14437505598878028
1f203b3401526af02b4aa30e4a0e7e1fd8bb0b0483c1962d634a98668ab20a31,Zigzag,24693266,14320953,24693116,14320518,410,125,41,81,0.34019772370598383
fb153850fe513675abe5efd4c28c255353b71148470af84c938534b0d52dafb5,Zigzag,24656915,14380690,24656860,14380617,505,487,36,71,0.1987939232558913
4d084336cfe6a26997a38cd29f1f9dbbebec15a3bb500e2f33738ee30fc7937f,FCBK,24709111,14200605,24709556,14201052,1005,1007,78,43,0.17404075638522948
2edbfde14ae2bf7d72ceb852c1738dedfa4ab453b5967dcff3d50e2d10ca66e7,Zigzag,24642002,14223521,24642137,14223284,695,323,39,82,0.3756588787533658
ae1847e58737f78583a5b49fde8ed29d338ba92dcb423607fd244e1268f16ec7,Zigzag,24724956,14255739,24725338,14255319,942,140,88,39,0.16187055961200134
7175021e388d294791f288b5096fd768f6fd53a0fa3097bbe428ad56ed6c3407,Zigzag,24779016,14228724,24778598,14228698,142,534,90,42,1.5699086952035732
18f32726c8d4599a0fe2832841f2d319ebcad66a65791b9d08ceb5e6a3ee7ea5,Zigzag,24645730,14160917,24645577,14161085,407,728,46,84,0.028958098494815163
f4c28d8814a2b8b22a4d80734c7674a232c04c57aa7c3b3e68f12999f46295b6,Zigzag,24676489,14326114,24676150,14326209,222,654,32,73,0.2723024790195016
48ea07f09cd7b0a5920e7025eb26e4c2e0c030b36327906f0c3237ed42dba18d,Zigzag,24660643,14370411,24661162,14370007,1078,157,40,75,0.403734022833522
7f9e5af6692e128c1cb6cdb73fb2c5981d210905ea270f336aa3bd226e5e7ccd,Zigzag,24833076,14211027,24833278,14211094,762,627,59,94,0.21672778319453942
868b31ffddef51dba34afae7c97a1d62aeff52d07a1e9411e108d2c649779b18,Zigzag,24832144,14217276,24832604,14217567,1021,852,45,97,0.21115057459493863
868b31ffddef51dba34afae7c97a1d62aeff52d07a1e9411e108d2c649779b18,Zigzag,24832144,14217276,24832400,14216994,816,278,41,76,0.21639084338237394
868b31ffddef51dba34afae7c97a1d62aeff52d07a1e9411e108d2c649779b18,Zigzag,24832144,14217276,24832140,14216868,556,153,51,90,0.34787575028673673
8b716e2cfb8ef757c87c63bf5406e6e138f886c2efcafa7fd82750fffe02f9d9,Zigzag,24794861,14287872,24795111,14288422,810,1110,88,38,0.15389685557122235
78d620012d8f64f36749f0a4fae1eaddbab6ab8741a878dddd0967c5129e6db8,Zigzag,24851717,14296151,24851905,14295713,747,123,45,91,0.3478519149949805
0f01a9162e56dd21576b794517ee62848cf852810639d1cfe84cd16f987d6718,Zigzag,24749190,14195390,24749577,14195809,947,979,51,97,0.21707492624263125
33c2d262fde85773e7cb9540787aedb7274ed68b739056909d7a56a2a6b8b7a7,FCBK,24683013,14169283,24683317,14169298,864,575,41,89,0.23851380578144624
b847cfe5d3ab29dc8138aa403785f804e81bc1fb6940c8127455d131255ffdb5,Zigzag,24705383,14228724,24705139,14228849,317,685,39,82,0.18261295594673335
f882830761bb0fa1cced4ed0f7bfcfae1b0d47da0cd278229d126766400cdd84,Zigzag,24997120,14218317,24997236,14218597,676,840,47,91,0.05890678472422052
f882830761bb0fa1cced4ed0f7bfcfae1b0d47da0cd278229d126766400cdd84,Zigzag,24997120,14218317,24997051,14218667,491,910,95,45,1.5648721249500153
c44eb3dc55ef903b3002a7ee9a75d4d017cb1b4c0faa45c6feb8d6277908f133,Zigzag,24779948,14220399,24780342,14220103,954,265,78,39,0.13069148463660096
46a5498fa1eaec576f47e371a6b754f72765caf1f4dd36827698a9f3c8cfb1e3,FCBK,24725888,14390961,24725976,14391092,648,691,38,83,0.4534377301011341
8e09b4aad08b8e1015a7bb9523638211f1af6efc71357d76d86bd28d2e645cda,FCBK,24858242,14411478,24857916,14411281,234,363,41,84,0.31515372299952854
9545fb6d9640353648ab6f3ea80bf0f2248690485bb1ecfd3a6b6a24878511d3,Zigzag,24815367,14279588,24815713,14279975,907,947,92,49,0.13195344848627022
cd1569771cd6c0ae43e40f571f66436c27a1df457ca5d3dcb2c1914681266a3f,Zigzag,24587942,14369382,24588458,14369716,1076,893,43,87,0.07443102483094333
89c822efc0a0ff2d395a6d45a4930e42461dda52f8e7ae651afa971843b603e8,Zigzag,24862902,14269225,24863171,14269724,829,1059,93,43,1.492905522812804
66ab81dfbc8faec2c7578510669ba41d9d46dad8225e7ba1d5308135de33a220,Zigzag,24779016,14287872,24779379,14288361,923,1049,86,49,1.274212593049895
66ab81dfbc8faec2c7578510669ba41d9d46dad8225e7ba1d5308135de33a220,Zigzag,24779016,14287872,24779169,14287920,713,608,78,42,1.5698062966596595
6f6eb0693a2c26f05d05dff425540ebbfebe2c48a0926128c3700561f6bcfe0b,FCBK,24665304,14147308,24665182,14147747,438,999,41,85,1.0392667906283963
28dcf8f57aa91d3115ae8cd5775f925ac63f9ebe8dd98dc1a4dcd2ebf3b703eb,Zigzag,24810706,14283731,24810733,14283231,586,60,40,81,0.034274514964075305
ae68b5e256b128fcb2e7f8bf48ce7ca521b57fcf1b813bce81ef7d23f152eaa0,Zigzag,24830280,14278552,24830329,14278219,610,227,79,38,0.11045324134097773
c654f56bbc001a33b4c00f7d468ef12efe4467367e0297c549f661b6d3988ca6,Zigzag,24757578,14309591,24757250,14309206,232,174,46,92,0.3320304411434697
a0eb7e4901002b8564f239a3f9b3f67e02049bc2a7b2557bcdcbf271decd364b,Zigzag,24756646,14300288,24757013,14300587,926,859,38,76,0.38878420160679406
a4294613456fd0fbcc104a471f23b5bf4d6d21d1b2548d1d7913b6988ca6af8a,Zigzag,24686741,14230804,24686901,14231228,719,984,87,43,0.25021144126399664
a4294613456fd0fbcc104a471f23b5bf4d6d21d1b2548d1d7913b6988ca6af8a,Zigzag,24686741,14230804,24687112,14231291,931,1047,82,45,0.4816740287167537
745d1dc86b45aadcb6ded8c31a73e21925f7b73306f19d83d269c23c8adf179d,FCBK,24656915,14426844,24656518,14426693,163,409,40,83,0.2781034763744531
806fb69a01eb975879f18928bfc08cb95791ac5e9a993cd26add844fbcd6ce0d,Zigzag,24676489,14175554,24676243,14175950,315,956,42,91,0.05682019801014343
f56404698fa35822e9f1cf36eccddbe9ccfb75fd3e2d911576f25ff7dae57262,FCBK,24839600,14362181,24839559,14362336,519,715,29,66,0.5885832351475948
15b52995bc789c93de8843c624aba3c0f5461aa8e15353fd5203b6f4e1ab0057,Zigzag,24736141,14301322,24736146,14301700,566,939,36,83,0.26364905304475034
450351afcab2bc48ff2bb1de44386aa35302b602182f3b9662cb2ebe271b5b9f,Zigzag,24744529,14319921,24744550,14319872,580,511,79,42,0.20772733068499397
42c48c3c9cf7640e2b8558f6b8a5d91aa4a8e3d06d3ce783e794bd202eae27da,Zigzag,24887136,14314757,24887223,14315110,647,913,55,91,0.38984793472519896
c2b5dba4be25da8dee31ced52c8f612d1380c7fa339306164e2438afa72b1357,Zigzag,24761307,14369382,24761044,14369500,297,678,76,40,0.3941040323317954
298ba64144a99ac7d0da5aba0112ed1ad4f69e88ddb04965e40679a36e0111bd,Zigzag,24748258,14379662,24748617,14379482,919,380,47,82,0.007780849045816575
a2c95b00e93fc425e0414432f9c1713938ab451193dada931ff5ee0861720af1,Zigzag,24765035,14363210,24764776,14362986,301,336,37,82,0.0868420213009851
c2a239430d08e19880fc39c440bd0166715f079625263e9254f11308a3b7b6cc,Zigzag,24642934,14307525,24643231,14307784,857,820,48,93,0.029615293831035665
f2f683b198e485ec21aa19f39adcbffe8971f2cdf771b37c726db44a5f06fb5d,Zigzag,24943060,14242239,24942764,14242221,264,542,90,48,0.133610292546571
f2f683b198e485ec21aa19f39adcbffe8971f2cdf771b37c726db44a5f06fb5d,Zigzag,24943060,14242239,24942876,14242157,376,478,39,76,0.04616630945425472
1a96910f46c0905e7a64a4fee9f6e8d11e295dad0144fea8c9a58075260367ab,Zigzag,24663440,14354976,24662887,14354707,7,291,37,81,0.26793253127630423
cab831a11069c2e94ae98fb784b123432f0fd33f844229283d3cb72eb6fcfc10,Zigzag,24839600,14275444,24839582,14275092,542,208,86,41,0.28173634435170064
0b1b4ab1bd449c1c27012901cefcc46abbe41311880d86fb83a2bce0e82de5b1,Zigzag,24949584,14330241,24949711,14330744,687,1062,115,50,0.5472664879429149
46f0b108e809629d3dc136b9bcee767a24b3b64cba363439389faf0137fa98ea,Zigzag,24652255,14134733,24652589,14134221,894,48,45,87,0.37408125541311643
e04e80c8b5f7a1b9f92672b25a7afb4440d4c4618cbd0bbefa62fafd43ef8811,Zigzag,24682081,14367325,24681593,14367099,72,334,87,39,1.5015087315562505
b65962b6e891aff08c4f60f14bbd7856e00034174dd61b27f65beb5bba84302f,Zigzag,24757578,14362181,24757114,14362567,95,946,95,52,1.1477441328881033
5b9d129654bd6d710758508946acecade85e3552e865251d6dd90c2f7485d080,Zigzag,24692334,14341584,24692818,14341761,1045,737,78,44,1.5660698816502785
9e85a926fb81716e0d1f2ea798e13b22958fb9449ebfe49c8262496ebd4382d7,Zigzag,24562776,14341584,24563038,14341388,821,364,42,80,0.06064481358587667
c2dc6fa81efe9926123f96908b0e79d15322105585b58c5ea8429b9bb997ab36,Zigzag,24763171,14298219,24762807,14298717,196,1057,43,93,0.32796272889448264
e1d75230dfc5f8bc40dc0ccd8ba57cb0938693e53af14b33c505f6051c6ed446,Zigzag,24926283,14228724,24926299,14228900,577,737,86,41,1.5416745271168255
e1d75230dfc5f8bc40dc0ccd8ba57cb0938693e53af14b33c505f6051c6ed446,Zigzag,24926283,14228724,24926549,14229068,826,904,110,76,1.5468981844369616
e1d75230dfc5f8bc40dc0ccd8ba57cb0938693e53af14b33c505f6051c6ed446,Zigzag,24926283,14228724,24926069,14229066,346,903,48,86,0.005222537960240248
1c9434815a2dc1a2d65add9ef61b9c360a6cf52b9327311b5f6c322a7c6ace66,Zigzag,24873155,14241200,24872888,14241574,294,934,33,75,0.28883519997438856
4d4e366796f88e836b59e46f5c90eb29c7c6ac54894b907e81ec12178e153ad9,Zigzag,24741733,14318888,24741996,14319219,823,891,42,82,0.18911283335074888
6a2f63eceb28e53951970dc213788cafe292cbf98a61de2aaeb495be94864f70,Zigzag,24857310,14331273,24857174,14331649,424,936,44,68,0.42316707601831655
667c8388a19981adfb8641849ab68e54c7565d5d2b51a935d4da0b666aabe579,Zigzag,24820959,14379662,24820760,14379800,361,698,73,35,0.3950224900127365
85ccbed5d6c28bc844d7f8d5de9b5f33a14d025d706aaf8ef3ea797985be1d0b,Zigzag,24758510,14313724,24758402,14314035,451,871,43,85,0.31045474170365184
c608feecf46a5d9384fade29601a3009dce074cfe794b60c0b6fd667139ffcdd,Zigzag,24673692,14319921,24674221,14319594,1088,233,41,87,0.17900816767422936
25a6513aff3c0260d2f367cfcde907dc35ffa6c78cb1babefe600cf439b6c3af,Zigzag,24788337,14297185,24788304,14296804,527,179,92,48,0.2090311477756695
002b4e78862573ab123252ce48b70ad7174def177169dbeaca721f92e2b7a7a7,Zigzag,24916030,14338492,24915986,14338598,516,666,39,77,0.28425446303091145
d8c7afe9152a841d15c7e32ad9e56cce1df74e5296151e3c54949c8824ae28de,Zigzag,24860106,14275444,24860288,14274987,742,104,51,109,0.15026801562512354
d8c7afe9152a841d15c7e32ad9e56cce1df74e5296151e3c54949c8824ae28de,Zigzag,24860106,14275444,24860278,14275621,732,737,45,91,0.08518171513126724
d8c7afe9152a841d15c7e32ad9e56cce1df74e5296151e3c54949c8824ae28de,Zigzag,24860106,14275444,24859895,14275568,350,684,51,99,0.0351503433422237
01da3bd8de7b626b03539cd1164cc90107c595c761c9b728582825d09230f1d8,Zigzag,24680217,14183910,24679995,14184108,338,757,91,49,0.17741379970862617
01da3bd8de7b626b03539cd1164cc90107c595c761c9b728582825d09230f1d8,Zigzag,24680217,14183910,24679669,14183596,12,246,43,97,0.25686168740106075
d86465f718cda6d98c7ea32f31f04c0c6edeadfef8826c153f8600717b12e13f,FCBK,24717500,14199562,24717253,14199271,313,269,76,34,0.2234453573729121
11f579a384159db5ca161698cd2965e3849440d31582f96eb7ccb0f975b501c7,Zigzag,24655983,14166146,24655680,14165746,256,159,43,87,0.1251570364172528
11f579a384159db5ca161698cd2965e3849440d31582f96eb7ccb0f975b501c7,Zigzag,24655983,14166146,24656050,14165989,627,403,80,41,1.3760105941376288
df263b0bdc3c7e5ee41fd6eece0cf2c2c66b3de363a7e0c0ee36efc78b973d4c,Zigzag,24797657,14231844,24797466,14231378,368,94,104,48,0.08416959740373943
b152f72d30ccf8476a90aefbb65ad14c2e5606cf0eca957649fd68444a87466b,Zigzag,24790201,14254701,24790658,14254442,1017,301,48,99,0.16998323072741203
09fc3ec272cfa34f4f352881e29342b53eaae1bf46e8b5bb4644c92ca32e625a,FCBK,24724024,14398145,24723909,14397675,445,90,30,66,0.09664960303552787
0041e9947e474addbdc29f8a843b4f7072f11e92893537c4d10b4b1d735de6d7,Zigzag,24898321,14347767,24898649,14347285,889,78,97,54,0.0925400708350482
d8be40822f7f491a9d3e5841341a9a55ab1e1fbf2cae8482a63504d4ca422e0b,Zigzag,24965429,14249510,24964993,14249279,124,329,95,51,0.05693831336567766
a8bd421470786b9128df23fdd18f5f300fe20d0cf011364ffc86dd5756421ad0,Zigzag,24879679,14306491,24880058,14305980,939,49,50,96,0.12826264011055666
82e9fed8400d8ff7e646aeace44e9610ff7cf5f085a83c9a2ae6e8e80a77be5d,Zigzag,24768763,14352917,24769118,14352419,914,62,46,85,0.2613933389566964
1df0e074042bef5e8da2d263f69bb34ce38cb950defbdaf7fc9965207985caa0,Zigzag,24865698,14247433,24865387,14247895,249,1022,50,100,0.2543549038012396
13f02483dd8d2c4bb5d848b2f79b2133c8d408095c3bf27cb0cb3d8a025914d2,Zigzag,24643866,14226643,24644071,14226270,765,187,67,39,0.2745295474810804
2fe489e9c296a56b966bd1f2a5a46dfd910c984b1751951bf58ba8b53fc2b4a3,Zigzag,24945856,14246395,24945748,14246386,452,552,43,97,0.24660821759863305
2fe489e9c296a56b966bd1f2a5a46dfd910c984b1751951bf58ba8b53fc2b4a3,Zigzag,24945856,14246395,24945428,14245912,132,78,79,45,0.1117707820336456
2fe489e9c296a56b966bd1f2a5a46dfd910c984b1751951bf58ba8b53fc2b4a3,Zigzag,24945856,14246395,24945624,14246488,328,653,77,35,0.03902028259075872
25b7ac0cee69d702e6906211828711d463afccdd3fcf44e5cd78440d6dd0f40b,Zigzag,24820959,14271298,24821411,14271245,1012,508,40,81,0.19157547505550196
56730973feaf096630caa0b5a725943af4634147181ccf9f6a7efe314408ffa8,FCBK,24753850,14333336,24753991,14333712,701,937,35,87,0.07116337610768654
88cbd255710b9b948fc0ebcefc33724084a170473ddfb5e13989c1d7966f4325,Zigzag,24608448,14308558,24608110,14308451,222,453,43,76,0.007643198467419055
cd7c8931e77f4076639736270bc1cf7c8ee050894e039957dce28cfa9049454f,FCBK,24711907,14199562,24711736,14199652,389,650,94,48,0.3201958193123483
ca6b8a4ea4e505e8df34f9f78a5fa39aed6d6abd13fbbe062a0e939e0f1f581e,Zigzag,24711907,14198519,24711784,14199062,437,1104,49,78,0.7056796319592343
5b87f66ef98f276a8d2b37472d2498a8f5eb669d7740d298736dac8a02ba2121,Zigzag,24868494,14240161,24868522,14240547,587,946,87,47,0.18056741520295713
5b87f66ef98f276a8d2b37472d2498a8f5eb669d7740d298736dac8a02ba2121,Zigzag,24868494,14240161,24868410,14240495,476,894,84,44,0.36243252222608263
5b87f66ef98f276a8d2b37472d2498a8f5eb669d7740d298736dac8a02ba2121,Zigzag,24868494,14240161,24868823,14240402,889,801,85,48,0.2640931850907915
7303a16e427a3dd769a8880311f3fc2b1f9de57ae2f62bf3bb6bab886e869d82,FCBK,24682081,14410453,24682252,14410667,731,774,79,38,0.3859866507502067
fa09ecf2e5779aa99972666c9eeb50676f687266a0b5f3ca772925fd64377e05,Zigzag,24789269,14223521,24789273,14223305,564,343,81,38,0.013230529159756713
841874c695f8a02b9901341bc4b4abf9e86ea84fb3537f7a0d09cb0dbec91ef6,Zigzag,24709111,14202690,24708867,14202936,316,807,36,76,0.28674368641229486
a546750cbf74e590fcdfe5d4861adac5f232858d31dfde9d035fa16fcc9c5687,Zigzag,24652255,14346737,24652506,14347195,811,1018,34,75,0.06119947097834531
dcd49204d59b190c7eaf0014eccd10fae2587054bf152c72f2a31d38cfa7c343,Zigzag,24812570,14234963,24812033,14235066,23,662,48,87,0.21700917945321987
bef85b3378e15c62da86bda9821898319459a7a810f208612fe598569f8f812c,FCBK,24683945,14286837,24684148,14286697,763,420,33,68,0.34330932783411877
c12d6256946332ecc579ec6f80cf9c7199be12732f4fb9f3c8d142a74733e650,FCBK,24696994,14178688,24697511,14178311,1077,182,43,83,0.1695627009465317
45ac957448f926cd2f1c6aaebd7bf8c044151f2f13298fc7b5ce892cf352e35a,Zigzag,24977546,14227683,24977336,14228167,349,1044,35,87,1.5682372953034394
8f51c3f18dead708dde9bc00826aead85fc59b09495a7adcd08f33f575d114ed,Zigzag,24600059,14213110,24599688,14213387,189,837,42,88,0.26092751879252796
0afc7eff2d3285d5cf559ef5154232e7ad71905f86e4f64e5c9102e817362a9a,Zigzag,24951448,14273371,24951105,14273163,217,352,106,47,0.11310448478517887
343baf7df00bfff8c06dd9c8cbea72a3941fb0648163fd7248234207d05750f1,Zigzag,24726820,14211027,24726330,14210901,70,434,47,91,0.33497832744359196
8d7228de4d83f727a1d37f3e0858c78d87a2f8f6306df28e17afabb58672f383,Zigzag,24862902,14275444,24862669,14275412,327,528,41,88,1.570085129625791
ae1ff59d243357f0c08150c2580430a4c30b1a539fdbff10a42cf12fa33a3909,FCBK,24717500,14188086,24717512,14188195,573,669,41,89,0.4560207300424019
4ee23edbb20271c2951cef8dfe2ecb49f98e9adda0a3291d9bdf3f171ab9a2be,Zigzag,24799521,14282695,24799141,14282218,179,83,44,81,0.1610016034378221
fa206a751384d07f338b3401158728ca859b938016b1d222e4d88118bf34e2f5,Zigzag,24821891,14253663,24821735,14253274,404,171,43,80,0.04812768182401683
955780e5e3ec80582499dad3e9afc9966733a6e5ae9951299f4865f8f16db3c4,Zigzag,24642934,14261965,24643319,14261542,945,137,34,77,0.5929264514113506
820088871c2416245f115377bf8b17b766be09e1d8bd6ef6be2493721870284c,Zigzag,24918826,14339523,24919303,14339651,1036,688,44,76,0.06832266539668308
1a83fa8035748e45a812ef10b56202da89016ed704430f374a3f347830c089d8,Zigzag,24792065,14314757,24791943,14314876,438,679,42,90,1.5627771492785043
774ca36cde1785ab362c3299df4b33df4441abc52d8ee227e1f07aaf7d2fe636,FCBK,24718432,14206859,24718137,14206908,265,609,34,74,0.18266084291208434
e5eb734cbcb9f971ad484ac7028b67466d425983112daff9c2c672ff149b8fde,Zigzag,24751054,14294081,24750737,14293565,243,44,37,78,0.13566471326810695
3ab480f22e250dff314b50e724c57465c9bac96453b168592ce2aae87992c7a4,Zigzag,24776220,14250549,24776121,14250868,461,880,44,86,0.14411822739115576
da0bdc9a6cbe743480e4942a183753ed87bafd642d3e20a6028d7e791678b8ea,Zigzag,24723092,14383772,24722888,14383729,356,517,43,84,0.12319237254683088
f450f588b17150d2245a3a7a6ea977392e9408883df4496e53a5addc19cc9153,Zigzag,24679285,14340553,24679491,14340542,766,549,42,76,0.24992052420441913
7088bfbf08836da3cdfc03e1227fbdb0e0f91b7d7a642bbbd3db6076de64add1,Zigzag,24786473,14247433,24786928,14247451,1016,578,90,43,0.02526586907298869
7a5d02a01fe10fc788cec1df1b5ef7944fbef47c4a56d06e294021ec1a6e2435,Zigzag,24655051,14150450,24654516,14149977,25,86,44,96,0.3224255509350171
926eac929f33143f3a7a1c6ea338fda3c2c36dffa7b42801654fa0d4779db708,Zigzag,24722160,14240161,24722676,14239635,1076,35,81,47,0.02181642631582037
57122e748c987f3d44036baa8aa549dcb532d49eb554ed3d5268805f622218b0,FCBK,24635478,14231844,24635817,14232202,899,918,61,31,1.5703519783670168
52169e7f2f0f765fa602b3fb99822693c4598f9dc5204f505dd0feadc4038059,FCBK,24794861,14336430,24794833,14336777,532,907,93,43,0.9587722806275605
6cd7cbe702f286404175d87d7dffc5a5087c8cc0c48345a605aa0bbbc3267ffb,Zigzag,24968226,14305457,24968480,14305454,814,556,102,57,0.2417823366768141
7cca6bcc42373961ef04b16adbc57e58d14e1fb10409a8751c308de163832f33,FCBK,24763171,14321986,24763494,14321578,883,153,71,34,1.570561569144806
d4894c7478e86d192932846ff3738b606e16099972b7751fd6cd8075143980b3,Zigzag,24636410,14147308,24636205,14146777,355,29,39,58,0.14114247776812847
7504e3b3579dec0b168b8ed9439dd1ca3b333c4ecabcb38f5c72c6b0850b4cd8,Zigzag,24866630,14249510,24866852,14249341,782,391,48,95,0.42544980454667797
aa4a5a2842d4bacdd708e6081e084df708d17b319c1842de350e07a76f31c5eb,Zigzag,24800454,14288907,24800693,14288858,799,511,92,46,0.1269293534779437
aa4a5a2842d4bacdd708e6081e084df708d17b319c1842de350e07a76f31c5eb,Zigzag,24800454,14288907,24800370,14288480,477,133,74,39,0.14366482421556978
0e23629cc948d6c7ddc473b0175ffb39191320258f327926447d414aaa485d50,Zigzag,24752918,14391987,24752419,14391904,61,477,47,109,0.10339787014546371
232e6b1d8506a079402903a477476c78d0300cf6ce1366bd649e3876c7f811c5,Zigzag,24930011,14336430,24929868,14336049,418,180,44,83,0.44971469747623055
870949f6b96a4c060f746fc98de86d22912d0569281947ea552530bea787e9dd,FCBK,24696994,14216234,24696764,14215757,330,82,43,84,0.4111821520331738
dd5ca534042f0dcbc87396d86ae309b4fc33afe9e8b17b1f464643d3d383c496,FCBK,24681149,14191217,24681148,14191738,559,1081,40,85,0.3824377222815671
26114b3c1b49e4f97a1253ed2c493686de2483f51da46faf417b660e49072baf,Zigzag,24781812,14279588,24781530,14279559,278,531,98,45,1.5707506535822018
e84f55814b9608726963c909e75a9d4570ff7b1de8412c20334e8477970f6187,Zigzag,24786473,14256777,24786331,14256868,418,651,40,85,0.17596717060449513
45f053d45326f97f3b7b2b6aacc5dec787b5a232d5f15afb67af5dbdc07cfde6,Zigzag,24667168,14246395,24667541,14246458,933,624,41,74,0.13793343523361024
a2116d3fc55366bd1fa54b0915437fec54331595d0f56fca4957f45c101640c7,Zigzag,24625225,14229764,24625049,14229531,384,327,36,80,0.0929477591860473
d1d0e145f3eda2bc011bf53a602c0198df7a31692a99040b24097ebd22f39160,Zigzag,24667168,14146261,24667651,14146028,1043,327,93,44,0.2732331373071866
4bc0efd5175e029c766dedc6c26fd901adb708fc8eb3341dcd57f4db03756da2,Zigzag,24724956,14228724,24724905,14228984,509,820,94,44,0.2908714862333768
d9bc20106f6fc9d0d08e22c97cdc33d0815960844122a4fc81fd1f80af2b7690,Zigzag,24697926,14214152,24698197,14213653,831,61,90,46,0.25850723799386394
656ea0e7dbc2fb7957cb8fa297d26f96668de228056a23154ef85037e1cc8699,Zigzag,24770627,14278552,24770195,14278052,128,60,41,85,0.07711475884044343
7347c6c56697819da689580c1c13d9dfeef1bca2c27918946d28e0e6155cf6f3,Zigzag,24939332,14294081,24939422,14294244,651,722,98,48,0.1839302220009138
7347c6c56697819da689580c1c13d9dfeef1bca2c27918946d28e0e6155cf6f3,Zigzag,24939332,14294081,24939723,14294547,952,1026,88,47,0.46903782868703214
7347c6c56697819da689580c1c13d9dfeef1bca2c27918946d28e0e6155cf6f3,Zigzag,24939332,14294081,24939875,14294560,1103,1039,42,85,0.550020263089084
9fbeccafb9c67f10341a5519c246abfe21035d47593d12221aba5d0365daea60,FCBK,24794861,14377607,24794715,14377615,414,568,37,78,0.15599364552122577
ab8c8969b538eb4e7cb2ed7854b4bdc6cfbedfe8c7a7e757e2679863d80c9796,Zigzag,24760375,14280624,24760176,14281091,361,1027,46,90,0.22693551320524497
b17ecf83f9322555359d20b8683fe439dcfc9a56374321c6c54aaf903d2017dc,Zigzag,24721228,14199562,24721349,14199637,681,635,89,51,0.21911053006659012
60067b215d1b5a3d1a07cc88a4cd72a426e198924e43d483b24b120f18dd7883,Zigzag,24808842,14246395,24809198,14246943,916,1108,91,38,0.15414872403131658
e400e5a599d135e71675baf1b9dc725339e4c897e1a8192c928f2efb2b2b2409,Zigzag,24904845,14314757,24904752,14314689,467,492,52,92,0.2774046629044163
4867aff17445b8498fc939ae1f1a1235978f1851c89b67e1ff6deb318c11bed1,Zigzag,24739869,14346737,24739792,14347152,483,976,78,38,0.03391217317241861
2230659792cd68b4e84bcd0835795d619e7c1b7e45b4d6c0ecfaab65a859b884,Zigzag,24705383,14258853,24705715,14259074,892,781,41,75,1.3169511353815413
d5f0b5a240fe4076cb0e4bf6c0947b2a876a88f909c294269c7e3b5be06d4f78,Zigzag,24834940,14240161,24834432,14239952,52,351,53,92,0.1873302964093748
d5f0b5a240fe4076cb0e4bf6c0947b2a876a88f909c294269c7e3b5be06d4f78,Zigzag,24834940,14240161,24834625,14240089,245,488,38,83,0.008668796887519432
7985bd2e8183c613d09cedcfc60378e727136d639437fa89d3be5d15f7d2e7d0,Zigzag,24833076,14217276,24832772,14217302,256,586,44,90,0.4410121195346105
2826ef7ff2eab4998c118023fd110f90eac6c7adb8dd9e6446dd99b27186e4e8,Zigzag,24837736,14238082,24837560,14237708,384,186,41,99,0.2594871814064722
2826ef7ff2eab4998c118023fd110f90eac6c7adb8dd9e6446dd99b27186e4e8,Zigzag,24837736,14238082,24837771,14238549,594,1027,86,44,0.022674332452070373
b7e1d36683a6bf6a1c532d84c5cc87290f0cd0a6c90e1ffb7eec18ac172c14cd,Zigzag,24844261,14335398,24843749,14335347,48,509,41,83,1.565901969343549
80841cb35b3141b6ba3f76816ce99c6e9f9366f9400ed1b728d85b4f602c56fd,FCBK,24745462,14363210,24745192,14363017,290,367,34,76,0.26665636112669505
ab5d5c007cce7c54ff40ea662ab5d40332325426c67ff7dbbd2c9b249efa5d33,Zigzag,24720296,14408402,24720328,14408082,592,240,37,84,0.19652855520888585
6178160e0bd14b2f3d914445ec106677679e70e90c4c9a6126c69ac66425e2de,Zigzag,24713771,14211027,24713566,14211382,355,916,46,95,0.18225832275807569
8a386cf20dc53da0bd50903df249288ed547fff9a7dca44fd3360ef6b73fcd59,Zigzag,24663440,14233924,24663704,14233930,824,566,31,67,0.2964801700681109
9a86b63e3268cfa786df91d3d6fcd5a380afce8a2fccffcd78dd7b4104a5f2e1,Zigzag,24791133,14277516,24791439,14277773,866,817,74,37,0.7952231638699959
524ba6ab7502925b1888d45d47b7a9cf64d57cb21b3e3e9a6233d63551f9f3fe,FCBK,24673692,14414552,24673221,14415084,89,1092,41,58,0.0578512200202216
b3547388dcd94b54e17a2c0b9505f0d250bdac8221abc4b38f73d5adb4ee30d3,Zigzag,24861970,14294081,24862023,14294164,613,643,48,92,0.24167958859300748
595a53b967d554f44fb90b2a7f4c19c0e81876a376151d66cb308c90d5e85683,FCBK,24759443,14207901,24759963,14207765,1080,424,41,77,0.05383560586005925
8e4f92585fdcd7b5f4310b892247e6fdc00c658332a00d06da4a87e0fa0e18c0,Zigzag,24721228,14193304,24721548,14193796,880,1052,92,48,0.2992030525456352
16509f543c168d512b52f0d91a304df47516e1ef2a420a97bf1f02a44f4beeb2,Zigzag,24824687,14339523,24824879,14339486,751,523,101,47,0.004760960128464475
b06a594100bdefdb3368053b79f27db1fc272a76879e7b48c6cf3632bf30db99,Zigzag,24666236,14165101,24666192,14165045,517,504,79,42,0.4041989774703361
a3fbb6761119729f4e6b6daddfbed3effbcea63d25fe0599a97bbdc636ea1f78,Zigzag,24704451,14256777,24704895,14256949,1005,732,95,44,1.2860033393020576
b26c99c44ac6b4dbe45fc18212179fb2fb097479f758b68a5cd5dcff0b474104,Zigzag,24679285,14253663,24678974,14253110,250,7,86,37,0.367916037489583
6de423e65c9fb1fa70d193c98651a8cf0744d6e961a9d7d1a84fcc06675615cf,Zigzag,24735209,14261965,24735383,14262378,734,973,49,93,0.10327955089165855
6de423e65c9fb1fa70d193c98651a8cf0744d6e961a9d7d1a84fcc06675615cf,Zigzag,24735209,14261965,24735182,14262495,533,1090,80,40,0.07579803374085942
b6f836a524be29d498d302ef8b7963b908befa69f92f4c04b7916fa9ae50ac68,Zigzag,24749190,14396093,24749375,14395914,745,381,42,97,0.0027769862595449064
7aff5092233393a451123cfb3f11d3ce17f6fa93b5ab55a852865d2df2084548,FCBK,24691402,14352917,24691710,14352683,868,326,28,67,0.4360946258712928
16a6445c2643f6eb989bc7571610d45c3a28e3c76c1809cbfc26ff5fd0af61a5,Zigzag,24738005,14293047,24738026,14292938,581,451,80,38,0.007565260433939506
ac8d30e5c3134cbc19c2361394fdb6cfc6807893839e52180133637ca1140aff,Zigzag,24785540,14302356,24785235,14302885,255,1089,42,71,0.25511728359754526
a26c85025f68acfc0337383aa24649d1cd8ad3c3f27ed63dc3d662cc992ea850,Zigzag,24751986,14198519,24751903,14198189,477,230,47,81,0.7161658287514213
35db18b1fa2b188dc63f5e590b325af91535960b629d1dbbe85411de89111007,Zigzag,24776220,14209985,24775784,14209683,125,258,44,99,0.2626321582720172
5f305065aa42fca2be1c4131d4a6630cc2cb2f8481548fd98551db75c3c35022,Zigzag,24632681,14204774,24632152,14204484,31,269,38,87,0.16904261887515284
9c8653dc820e3d8b0c234450f58fc841e41cfe6103dbf24503ea3c6bc8465ac2,FCBK,24586078,14361152,24586560,14360641,1042,49,89,40,0.2849612326947048
5aa8667aed3c4554afb6bce6fdfd258c7b8775c305b51a0497f8aa601d7f29a1,Zigzag,24764103,14352917,24764309,14353345,767,988,68,36,0.36802782367633907
478e7010793c38117a49efa0bc2031a5ff3f787cdc73735e8a19e3b237ab86ca,Zigzag,24939332,14245356,24939609,14245255,838,459,95,48,1.550913432412474
478e7010793c38117a49efa0bc2031a5ff3f787cdc73735e8a19e3b237ab86ca,Zigzag,24939332,14245356,24939651,14245448,879,653,93,48,1.5467559716347512
5febf9c95f49f8abec99a05a8184a1f086939fc6304cb20c78d1567a4f9e10cf,Zigzag,24666236,14229764,24666729,14229919,1054,715,52,93,0.24718382657874005
8408bec679ab707cbafdf3e69861687644261993f1f9430cc1674a3c174ab7df,Zigzag,24714703,14212068,24714453,14212111,310,603,74,45,0.9429070976446587
165a269d95a489a1e10c1c01d7a99d6e1a93340968e65f96de36f70cc568343e,Zigzag,24725888,14242239,24726043,14241967,715,288,52,105,0.5695623394310038
cb45603ff21a1a73d056755b4b0db483ddb81b774644eb536fba688bbec67084,Zigzag,24821891,14224562,24821524,14224681,193,679,86,42,0.174460736889135
cb45603ff21a1a73d056755b4b0db483ddb81b774644eb536fba688bbec67084,Zigzag,24821891,14224562,24821582,14224907,251,905,39,85,0.3227770881989076
cf178d50cc545c2628bc9498bec32c79973bfc7a735ff5836c1d84322f08b00e,Zigzag,24741733,14197476,24742086,14197525,913,609,43,81,0.3052194330537468
205a95bf545f304b6a36f2730e2930f219ac226fa2b11b2c480a339395decd39,FCBK,24613108,14224562,24613208,14224780,660,778,35,86,0.3400938937129843
b68904c703fa1d0bc0b7612eaff567c172af511c6429262efd49bf18b5c9c456,Zigzag,24744529,14363210,24744527,14363693,558,1043,37,66,0.26493852235505305
aacaa31728312c6f1258c2858b2cba7a28ab38be61d202fb610a59dba1595933,Zigzag,24696062,14246395,24695754,14246509,253,674,40,76,0.07327976525883728
d972eb1d61899258de951d12901e7f85ce3d603cea14a1891034b9cd88f47cb9,Zigzag,24682081,14323018,24682270,14323375,749,917,45,93,0.14372665948713004
cfa6c73452981498012cbe1e8f4f59fe0638973f8afa803d49382c09cf83dd0c,FCBK,24959837,14323018,24960351,14323502,1074,1044,96,39,0.043450592544538445
34a019de6dad27df22972c02afec0b998fba41a75811cfe94f14f86af4b231d5,Zigzag,24569301,14341584,24569429,14341165,688,141,36,74,0.11229165473097306
27da1fa05b4846cc2cc416cbf7e8b4da3b8b396849d1ffec40ac2f84d63c4ee8,FCBK,24663440,14184954,24663560,14185096,681,702,84,40,0.5035951068604412
01cfc9e947ba50068d7f98676d0338064d55f8bf99c4bbecd5c41433fbdbf4dd,Zigzag,24815367,14255739,24815754,14255658,948,479,42,90,0.03387503455877962
877aa7d6c2a92314867e6decac5d2b8c3534741f4261b95b155798f8796cc952,Zigzag,24645730,14134733,24645694,14134902,524,729,98,46,0.09880235265793662
b0a0bb7788162a3087f359884fc4b6640755ea9e6b91483dd425001af42cb203,Zigzag,24695130,14315790,24695067,14315338,497,108,61,34,0.21180809242332238
a4db6418607c1057785c86fc562d087251f77e7f297e6b4cc638ac8b85972109,FCBK,24795793,14375551,24795849,14375213,616,222,93,50,0.2559643019822449
f2c073edc1a8955f374d08fd7b78fe1040ffc6ec4e495986f17872cbb704bbe4,Zigzag,24815367,14307525,24815793,14307807,986,842,43,81,0.006514338056645458
d183d8cf0dfd996479ea4ae24feefb81c6b54e68cc586fc7bed6835ec85c0909,FCBK,24744529,14371439,24744250,14371794,281,915,34,78,1.5539246686570265
22579eceb7e6f604877bcd62503b0ec5ff832474f87e03afaf421b78a8a89ad0,Zigzag,24763171,14365268,24762781,14364733,170,25,97,47,0.2059704433138687
b9412e7df19355936325bcfd7efec1b19f27610a6bed1514c6a33ea1d9f4981c,Zigzag,24769695,14239121,24769697,14238712,562,151,47,106,0.1555003115740454
fe0ebf4c6b067f99e68ccd6e40173e5050dad2e9cee5b7fe57493d2955f39579,Zigzag,24639206,14137878,24638986,14138212,340,894,86,45,0.05660291735470659
7fb23db9346833b3478dde8f5f92a681af2aa48a165afd2523693ab829457052,Zigzag,24647594,14150450,24647360,14150676,326,786,92,50,1.5366941495622684
d8bab18b4edad6a6bddfffebb642f695c394921a4dc1581a3009bdf1708dc195,FCBK,24616836,14419675,24616941,14419136,665,20,35,46,0.1302684664645771
a1440c3f856088af8eb98e387fa8cf64e176f5afb3d0575056b5de158cc98fd5,Zigzag,24936535,14223521,24937012,14223863,1037,902,90,45,0.1295665820369083
a599208fe137ca569fc332df97c2c36d5aec24e4c7df320c04cd8182f7a123b2,Zigzag,24629885,14250549,24630432,14250363,1107,374,31,67,0.04823219841323484
00ed976b1f329d064bbf1dc1c209bfa519d8cb5d4213a406ad78ac996097ddee,Zigzag,24628021,14145213,24628383,14144857,922,203,44,84,0.04712705730106841
47156f7a98c8d8fcca6c6286a9a3ad2627833b836ed83203d00927ce71866491,Zigzag,24611244,14145213,24611731,14145512,1047,859,40,81,0.16710357128546616
8c0a20e54acae67f811c61211eebf00a5b70b8da6cddc229bb35b8afc893a8c2,Zigzag,24676489,14236003,24676981,14236474,1052,1031,37,76,0.13584899569316203
f3a895d78229897b0f8f1de16fa26b853923c49e4e080ccfcdb88c99c0b1a923,Zigzag,24862902,14253663,24862946,14253230,604,126,91,47,1.5696762012404093
9fe7eeadcaa2d757a1067a8cdfd3c4a1f85631c55466c55a3d9378852eb86044,Zigzag,24750122,14197476,24750566,14197599,1004,683,48,95,0.09664250404674712
2878f09fd33887d2b7511f20163fe879b317f028a7fa42cd1bc7d626edee6919,Zigzag,24663440,14166146,24663603,14166122,723,536,36,71,0.022455576655060983
3e5af1021676dd1ae23ce8257dedc958f7e0844f2a32deebc048bf51ad1be3ce,Zigzag,24698858,14214152,24699220,14214087,921,495,91,49,0.08142084897412777
c78d1ba76c8a9b0383654dbcd72e8ca54f4b4e699115d8e557a841fd57213b4a,FCBK,24637342,14136830,24637510,14136444,728,175,86,41,0.207289057593351
4e0d9349c94e2b765669fd0e4e68b15474168508c76f935bc995be29f1291341,Zigzag,24660643,14307525,24660948,14307118,865,154,64,36,0.5552970837624805
c82c5b4d0b89ff1b34169939b8f8c68b05ecff9126ecefc7f8e82dd079bca849,Zigzag,24742665,14338492,24742820,14338438,715,506,28,65,0.11654880095724879
52b38aa16dfd22d6fce9c1336da95d6367c7df25dc0a580b00ade80244fe1947,FCBK,24724956,14231844,24725404,14231848,1008,564,84,41,0.4167961954796017
affb322d53e4bed42fbdf4901173b8d5e0daf977ad0aa98438ea29e37d716d6b,Zigzag,24769695,14246395,24769944,14246068,809,234,50,106,0.10564556146073378
9ff114c0257db48fb75b683afba99d389224963e9dc244e0f7497b41ab5aa884,Zigzag,24706315,14200605,24706043,14200840,288,795,43,83,0.22716972157836066
21ca6146efd118bae5d591e346d9a8210f149543866257f55ea9c5f1075d1a87,Zigzag,24949584,14315790,24949942,14315320,918,90,80,39,0.04537164715211029
cae39ef40fff11ce4c833e16bd27ce30795c684ee7c6a395dea483da8bc606e7,Zigzag,24841464,14213110,24841134,14212956,229,406,103,51,0.3139625576229633
cae39ef40fff11ce4c833e16bd27ce30795c684ee7c6a395dea483da8bc606e7,Zigzag,24841464,14213110,24841640,14213518,736,968,48,86,0.2742173084880254
f083a6dbc874f4711c17eaeecc90d9c8ebb26821e724d3050befc07507ba4a72,Zigzag,24800454,14295116,24799957,14295649,63,1093,28,65,1.5511906674819511
4d79c81c9762d6b1edc73d0c14ad3ebcbee00a83e594700dce8fdd7fa0c587f1,FCBK,24655983,14396093,24655466,14396577,43,1044,41,73,0.3017591212703796
4d79c81c9762d6b1edc73d0c14ad3ebcbee00a83e594700dce8fdd7fa0c587f1,FCBK,24655983,14396093,24656344,14396497,921,963,85,45,0.109372805209111
eacd5b040a1f4e3a28c8146279a9a62dac32001a71552ef1c855886304fbb73c,Zigzag,24616836,14218317,24616796,14218321,520,564,41,90,0.40912103179702064
f8786d175964f75060efeb9f2624570fb3eaa2751f14ebdbe059d88290b7d229,Zigzag,24820959,14240161,24820851,14240067,452,466,39,81,0.15684637305751234
125f0e9acaba4424d48228dde1ff8eaa4386921315e7042594124d0ac373c226,Zigzag,24881543,14256777,24882032,14257125,1049,907,94,51,0.09701895018920824
3ff5755335f513f2509f4e1b4f45cce86cbc4dfafb033b6d0665b5e806f55aed,Zigzag,24751986,14189130,24752077,14189056,651,486,40,75,0.18840656302965986
3281fced1278f8d4a917cfc53ebd09802185c7a5431b3e1530df48b84432b66b,Zigzag,24725888,14207901,24725834,14208242,506,901,45,81,0.15293407290288824
cfae3ec6c73729649337a197f84bc3becdc786ee6f0f454d3d4708fd296c6c9e,Zigzag,24749190,14261965,24748846,14262267,216,861,43,76,0.3379195225514755
7c70ccca5abc433085dbcb9a88fd1164c51feff3b65e0616f2ddf9a3e15cd90f,FCBK,24748258,14269225,24748448,14268852,750,188,32,69,0.29200173180000644
b8a2204431f0e99cde140953556c74baedf922a1dab534139b3cee13d4ef7366,Zigzag,24737073,14318888,24736813,14318943,300,614,92,48,0.4485195040685166
b8a2204431f0e99cde140953556c74baedf922a1dab534139b3cee13d4ef7366,Zigzag,24737073,14318888,24736933,14319038,420,710,69,37,0.3705246703563429
706b8d4da07c249813f6fc8b08b8111d175ad97be966dd6fb5185f43e71f54d7,Zigzag,24936535,14282695,24936174,14283113,199,978,102,50,0.12760230931827152
d1040b2596b0b1d591621baa57620fa786441a8eb01940a84ea1dde9b49a3824,Zigzag,24654119,14224562,24654295,14224962,736,960,35,77,0.2018863692689345
d1040b2596b0b1d591621baa57620fa786441a8eb01940a84ea1dde9b49a3824,Zigzag,24654119,14224562,24654636,14224060,1077,58,39,84,1.3996390914351937
1b949ca2c192b3c41d317cfd4631afa77c058fd8a0786c3754a6c749b9d5652c,FCBK,24647594,14263002,24647298,14262879,264,436,37,77,0.05984276517289648
492c68bf74b6941236f3001c42545eb5d7f15c5547f9a7ba17f2d66e1e4600a3,Zigzag,24716567,14337461,24716914,14337695,907,794,26,56,0.004687863118474255
4b96f943ea9c0cf12871b32672bcb79979191a1355653cdcd9921f1d2118fb78,FCBK,24741733,14372467,24741649,14372120,475,212,33,73,1.3375010184589742
e2586f726d8d098e835fd6ab526f89fd1a912493453388fa4f9a41c8218e7d95,Zigzag,24782744,14284766,24783045,14285215,861,1009,89,47,0.31062781388499333
23764cade52dd7e2b062da72fef1402a5a06b9ad6a795e125fff384fd9781bbf,Zigzag,24769695,14263002,24769345,14263382,210,940,46,91,0.0025766907982127524
37188cb7f49d922637d7d2ca0146e4c65acc1fd4d6f0a07db3d2b646aa873beb,Zigzag,24975682,14252625,24976194,14252608,1072,543,41,86,0.1536101496351185
8d352323cd0c31aa69fd696aa34d07a5327e696119b6bc583b383523546b8281,Zigzag,24655051,14385826,24654551,14386087,60,821,84,36,0.10745371468284308
1df1d53be8e373426a28bead47c26f864298d7e80a1d04eae5941c2611f7bc42,Zigzag,24654119,14363210,24653628,14363461,69,811,80,39,1.4842626329691153
1cd7e4cf94d4e7b000d71b865e17c631bf9e39e6f84da2313912a3f4a0195c2a,Zigzag,24757578,14358065,24757918,14358195,899,691,37,93,0.12670905179914532
5c497af631e12dd72fddd341b83364823f98b9a327cd23b60a97d14f32090d91,Zigzag,24857310,14272334,24857144,14272801,394,1027,46,91,0.19497634841228995
b3758779ca5f056d38139de70587f8b653e6672c764d8cb64f65e57287bc903a,FCBK,24641070,14406352,24641594,14406134,1084,343,40,83,0.25821062842745635
494fecb6d783f033aa54713fa8e086bc71a25dd6ae034dae5929951d2baabdd4,Zigzag,24613108,14251587,24612812,14251654,264,627,36,83,0.11976889561029086
e15bfb5b5e8d4cf7f5a84ef43b26ffa5ae061d60450190e6cd44f54d4ad13469,FCBK,24738005,14395067,24738015,14395603,570,1097,81,38,0.007166050505942026
6c420fca832fbf03d848c6b5ea2656427b06c8520e2b3737baac6abacfbf93a4,FCBK,24742665,14349827,24742858,14349659,752,392,31,67,0.39097278739062113
0d296c220e4ede00efc4158b32d729e861a7da3c5e9823af25e86d9b08b8e0ea,Zigzag,24739869,14212068,24739568,14211882,259,374,77,46,0.2496599671812685
0d296c220e4ede00efc4158b32d729e861a7da3c5e9823af25e86d9b08b8e0ea,Zigzag,24739869,14212068,24740289,14211983,980,474,94,45,0.2291431905251366
60fecc0b13cd7f575226b673b823eddfe6256a6409cabf6e80749bf2747b78b4,Zigzag,24763171,14224562,24763105,14224247,494,245,38,83,0.06505826656219403
5b8704cfefdfd4d9c3c1501cb81e96d4da14c560b0038253d473fec8820cc46f,Zigzag,24728684,14211027,24728888,14211333,763,866,47,97,0.15939092361054216
26c74407db5a5b42908a2b5aeae2f19f838cd2fc9f39bc86fb433a81486d0152,Zigzag,24862902,14334367,24862539,14334257,197,450,47,79,0.21686606783414175
ae1a3bddf3a8837338d33a2ae30823b2784eca0383744130a7665d5d53e71898,Zigzag,24767831,14215193,24768053,14215191,782,558,36,83,0.33297516425066165
7edc29e70cae74c7414db472738604d99f9f0771d2032e2f5233cad19b62abf5,FCBK,24669964,14195390,24670271,14194883,867,53,36,79,0.7116186143481655
72a8abd927c56b0e425a31706dddbca9acdd31f4dd1384d7e5e81e20ef950c66,Zigzag,24712839,14351887,24712923,14351766,644,439,35,87,0.04161511695412061
cd0685ebb5559d8d0939b704d7cfdc7f564614a793278b1108ddee1e799c90ea,Zigzag,24640138,14380690,24640287,14380884,709,754,38,89,0.4505106497470279
fc2def55a6d1af4d48008eb3f591efec4fc7389421b0a0dfc4ccef5dc15d8ecc,Zigzag,24863834,14250549,24864341,14250570,1067,582,92,41,0.020101094660673342
055507cfbcf780c1d0ce0fa4ba689556cb44532ca6a3bf5fc070543b8a7f828c,Zigzag,24718432,14221440,24718455,14221986,583,1106,90,47,0.2050756378323589
dd1d0835142c2cf22b27626f90293f931fed1c7dae7af5f4d821e7f4465fab66,Zigzag,24696994,14275444,24697163,14275090,729,206,69,33,1.3890480992541119
c3b9464a2ca2364a4d761d73a0a2d8c72c8e03c7330d82d28e1795ce7bf4463c,Zigzag,24802318,14285801,24802451,14286164,693,923,42,85,0.21067686481604078
3cfbc4eb6a50b5bfafdb747ea92764be4850f024ec19037ebc8a5561f3d0f548,Zigzag,24969158,14258853,24969466,14259117,868,825,86,45,0.2244523984496119
cf7096a95244cc7cd996099c57db84c6a8e2b2003e45bd57bf03dd7f170b424d,Zigzag,24754782,14216234,24754348,14216639,126,964,49,90,0.24871857302543912
cf7096a95244cc7cd996099c57db84c6a8e2b2003e45bd57bf03dd7f170b424d,Zigzag,24754782,14216234,24754260,14216618,38,943,52,112,0.16312217874531132
f96198a44a81a0dcbac63577080e7466ff5fa630e33a83947d65def6383412cc,Zigzag,24916030,14317856,24915606,14317532,136,236,102,48,0.1119107894055781
11602b19d3630f6369869483b67133274627627b7e537e4c5ec1055134403f49,Zigzag,24627089,14146261,24627004,14146204,475,503,37,77,0.010333771391374695
665d3dc998a182df6ff6145292a843a964718f845a0e6102771d8a03b79dd268,Zigzag,24660643,14246395,24660991,14245990,908,155,38,77,0.17172145932614993
7d63914a93470046fc9b457abb7ad9a8b754e0428dec86ccfefdd3672c0d43e9,Zigzag,24950516,14229764,24950969,14229301,1012,97,46,85,0.009117032386263638
18f7dd70130907cd0989503fc1512aaea1ade45a75f5210b4e4671c2829b1b9e,Zigzag,24925351,14304424,24925505,14304602,714,738,45,89,0.3195501359060586
1b0bca7c59c9deb392efeffde1cda955cf06df6191b5287dff0b450bd73e1ee7,FCBK,24637342,14207901,24637060,14207383,278,42,77,38,0.3032821165187687
7588a80b66e03532776bb85478a207d3c6b45d0bc70f4405700d50eaa2a6109a,Zigzag,24646662,14213110,24646189,14213358,86,808,87,44,0.44117750183830445
2b43ceca03a30b4e71b93ebb7cadb0694bbbf9cda0033dd496d366c7df5c2d91,Zigzag,24617768,14207901,24617724,14208280,515,939,33,65,0.24058694353201843
003dc78dcf3121120373979d6b58c48e30825fa9d8f0a27f5e957138cc9a49a4,Zigzag,24669032,14209985,24669231,14209918,759,493,45,81,0.07426188081220966
55de865af83a81459f19f93560148e3f754bb814632cdb815388410afd444dbd,Zigzag,24811638,14313724,24811876,14313354,798,190,40,82,0.3466553234276943
c2b8fe9964898ad3279c41f55e7ea422a4ff1b886dd0c736e99b4b3b20a3d157,Zigzag,24944924,14253663,24945018,14253341,655,238,76,38,1.2255375983323533
114e3a7178b55c73cfc93cfbde41e9346387cc065b72600ced86e89bdc7ad86d,Zigzag,24792997,14231844,24793274,14231973,837,689,39,82,0.21633621529051367
114e3a7178b55c73cfc93cfbde41e9346387cc065b72600ced86e89bdc7ad86d,Zigzag,24792997,14231844,24792779,14232071,342,787,41,81,0.03215500700161673
114e3a7178b55c73cfc93cfbde41e9346387cc065b72600ced86e89bdc7ad86d,Zigzag,24792997,14231844,24792981,14232317,544,1033,78,33,1.5666496518195885
681980620175d6ddf0f882c89534c568430100b3148cc6c62b5a56c4b99994a8,Zigzag,24746394,14184954,24746243,14185091,409,697,44,92,0.2078123021685243
a3e7ae63a9a0961cb47930158b05f0c10ceb0dd131358e2c39514fd4c9a8bab5,Zigzag,24767831,14283731,24767856,14283803,585,632,42,84,0.023123216576181636
d21880f3cab4953a832f410778028f66c9241e3dac8d16240582b189d8d1a8df,FCBK,24733345,14301322,24733563,14300844,778,82,33,72,0.31516028103371285
b3e053e7b9cdc585f92a9ac60657ee704ba7316d23b8228281171cd4c4ef3622,Zigzag,24682081,14325082,24682184,14325298,663,776,32,68,0.20964623811893693
d5073c3d3b3aa09bd30f4518e80f2e5cdf58b6b8d581d99aac33379915c71617,Zigzag,24767831,14212068,24767455,14211898,184,390,96,48,0.31670694512629
7a8d2dbd4e68af9d93fdf8cd2b741d6b16210a93753c236bab678e49b0ab593d,Zigzag,24638274,14216234,24638443,14216062,729,387,39,78,0.26417276367311443
e8f3bc3c0a0d80db39f5cdf8267d177e56d9eab4544e11f4917833a045bd18ed,FCBK,24741733,14378635,24741548,14378199,375,124,37,76,0.167354674086747
589b05673eb490dbe4772c46268d906b017e9f1dfe08f0c0084429d4a4f65e3a,Zigzag,24836804,14329210,24837036,14329193,792,543,74,36,1.3009252972058805
6346f9daedf8361f36c5d432fe4cddc0f482b44d91fb8dfccc6b6d016f496b6e,Zigzag,24639206,14217276,24639741,14216893,1095,178,33,59,0.42950446730632363
993bc87c1088f1bb070647565ecff00ab2ce4e8d5fb933246e3c3d718eeff37c,FCBK,24682081,14362181,24682366,14362167,845,545,37,83,1.0983733873357784
2cc12f7d6fbb22f1d51add4229fb579bf86b5c662a0a2fabcdc1a9186f2c4006,Zigzag,24939332,14295116,24939303,14294725,532,169,93,44,0.038897485897370854
812a0e4a019a54981101e8e251491fa38225468b533ce96b063a401a9cbdae49,FCBK,24712839,14193304,24713015,14193049,736,306,43,89,1.3825253519542353
4b61bb5adff113d9757bb93ca38d855fb79599f3718f49443ff7f6c5d12d9029,Zigzag,24649459,14230804,24649488,14230307,590,63,38,72,0.19993007771118954
132b1ce8d64ff6ef7cbb9101dea9914d60105e5f6bc44690eef733d7a43841a6,Zigzag,24668100,14230804,24667835,14230574,295,330,88,45,0.10206186209511185
f4efd08054d6119422723bb515c1ee11c14e1946f86d3afc7711102a8409c694,Zigzag,24738937,14381717,24739106,14382131,729,974,81,44,0.03451365434639681
f4efd08054d6119422723bb515c1ee11c14e1946f86d3afc7711102a8409c694,Zigzag,24738937,14381717,24739208,14381221,831,64,70,40,1.4606348014618233
a39d6b6dee2f9cafb4ec397eecc11b1465f2e16f51a9b31c392ec46fafc02168,FCBK,24660643,14368354,24660340,14368017,257,223,97,49,0.205894493288531
a39d6b6dee2f9cafb4ec397eecc11b1465f2e16f51a9b31c392ec46fafc02168,FCBK,24660643,14368354,24660114,14367996,31,203,78,42,0.3481582118098533
7ac010ebb03dc6fa2fa3cb4c693bf20f3a4cb7999fa64dca55d3734b56246e4e,Zigzag,24722160,14308558,24722377,14308191,778,193,73,42,0.4901408170333609
240493f2c2a884fe83297f362cc739801d7fd975c7502f0db9e5f1b0d97fc7d5,FCBK,24739869,14390961,24740193,14391111,884,711,77,37,0.02374654399347689
2d4f26ac90e53dfbae5d77eb6590f3d1684b14fa351104b2f7e84783868c1931,Zigzag,24650391,14216234,24650155,14216258,324,584,34,71,0.24136984631347444
5012401373af1cccb89fcf4cbf5844fa8fe1bf39ebdbcce1cef76a2268c8b024,Zigzag,24752918,14338492,24752864,14338490,506,558,40,83,0.0006998483707953563
6a9fb87a6f34e7165df91448bdaa2855e9074c1b660f1536b89f88e85c00edab,FCBK,24683013,14402249,24682831,14402482,378,793,36,76,0.44942138357167194
902854f2c12b61bfb8421d28cf87c2c18b9b4e897626c7563c14a8534946017b,Zigzag,24943060,14299254,24943304,14299634,804,941,108,54,0.2309260936511606
f2817c10c36fb96902f3a5bb99a2701e74f34f239bfedb4d28c582d1373225a7,Zigzag,24651323,14252625,24650943,14252673,180,608,80,40,0.17243934768749442
f3e2df4eccd0e26089f2663612844319244f1023fe5559d8e0fd4ad1ce102b7c,Zigzag,24801386,14302356,24801456,14302489,631,693,43,83,0.1637920303384935
afb27d100f74bedbe9f2dc4fafa08743f10095b730801a480b09f5edb40926ad,Zigzag,24785540,14261965,24785156,14261630,176,225,88,42,0.10166391924922676
050c971f19312f572a4304c1ec912f85680d41d60d80c6f56b271fcef420087a,FCBK,24882475,14302356,24882232,14302509,316,713,45,92,1.4798453808270555
beb86205d22feb1b9a4b71f76e4254a222c1a6de4392381f989e38255788a2e1,Zigzag,24748258,14201647,24748437,14201528,739,441,49,102,0.33528951781696775
58b6a17f81891189cafb2e538ba6f53538a179b996c3e1e1722b48dff5b690f6,Zigzag,24734277,14292012,24734608,14292290,892,838,39,78,0.3115808593705918
2426915047720656a08b3eb97c7341a16da65ae348e00071bf384c3bf491b649,Zigzag,24717500,14299254,24717154,14299358,214,665,42,85,0.3133411755616206
f7b4e0de58b6a06d523ce88b8ec3787332a60c9065ec55116d2537fad09c58e8,Zigzag,24784608,14302356,24784909,14301842,860,46,107,50,0.059059179956411106
f7b4e0de58b6a06d523ce88b8ec3787332a60c9065ec55116d2537fad09c58e8,Zigzag,24784608,14302356,24784832,14302507,783,711,77,39,1.5677344904896326
4a0f662b19e60efec9516a6fbe2cf404d9e1bbf670c275fafeb172492b51d902,Zigzag,24724024,14353946,24723933,14353647,470,260,83,48,1.548188219668996
8de2224dbec01f4cd9dcc48bd25891a20db244f38433feb53a78c682fe125568,Zigzag,24765035,14214152,24764981,14214226,506,635,44,110,0.1838551375029304
3a1cb2323c80a64cb576637a3772fd4dc203e771ab77c8825e16ce84d8dfe327,Zigzag,24834008,14222481,24833935,14222636,487,716,42,81,0.10452533603770559
7bf608825542bf6b62255dc44be084e2b92bafc8a51f2d54bbd62e11df74bf98,Zigzag,24712839,14212068,24712679,14211951,400,442,42,108,1.1119420599316776
62bd92238f3f5fc642c4edc57be212a96441c7062e9aa42c06c2234181431430,FCBK,24676489,14252625,24676847,14252902,919,837,30,63,0.25576403226827094
3d7ccdd4c097eb723ef7c8185dd8e1bd53330da507e550555deb223fdc17c186,Zigzag,24889000,14320953,24888889,14320969,449,575,90,48,0.1467512947609171
e6cbfaa53de35e7144c61dea9c73be82948431d4facc04dae0b16956d47117b4,Zigzag,24783676,14260928,24783836,14261293,719,926,89,47,0.11332278909315971
20d7e8ef25058fdb7befc6325011ca5ef8cd0ef9908065a642cb8c082ce8e838,Zigzag,24676489,14220399,24676943,14219945,1014,106,55,96,1.560380836929651
4775d1aedfdecc26a62d9952d04a4c13f822cf0314e9493e80dfb10e388d3392,Zigzag,24978478,14227683,24978380,14227975,462,851,95,46,0.48239181720955726
4775d1aedfdecc26a62d9952d04a4c13f822cf0314e9493e80dfb10e388d3392,Zigzag,24978478,14227683,24978639,14228110,720,986,39,87,0.12809848119648848
b693a8508e5cbab09ab3d07ce7878ad4463b092a7887c2acfd32a355e25f41ae,Zigzag,24809774,14376579,24809963,14376514,749,495,35,72,0.42312796083980597
eaffc7ce970a368a74709ebe982d76d4bda3c786760153018a1207b6cd2e2b45,FCBK,24680217,14411478,24680591,14411849,934,932,78,35,0.37069294884772225
d1eb466f92a7f7642c3ee1e030ebc2bbbe58a52054aa3020c1c22332cf067355,Zigzag,24825619,14329210,24825913,14329698,853,1049,85,41,0.12737805450973003
28851f9cbaff77894e3dbdc363b6df4ad88833ef5ba81363c75d83e2d70dc34e,Zigzag,24669032,14280624,24668502,14280566,30,502,38,78,0.14458226656634526
0db35011d12b7659fdcc04e7e73d04ea19b9c07e638350cb39662faf0a997eed,FCBK,24616836,14413528,24617214,14413760,938,792,36,75,0.05686051577233372
11c252c1d72e173982d2215203e1f8897a479876a1143590f490f4c9a9eb7824,Zigzag,24912302,14316823,24912800,14317206,1058,943,62,122,1.2300716300882133
2603e2ef1e057d305d9776feaa2a6c31c56308920d36cb67a9d988cd8e5f1abf,Zigzag,24688605,14380690,24688060,14380831,15,701,41,89,0.2146019980781677
e246991e9799bfce3d74432ddfb8d25c92e3c12262c0f8ab4bc221cc833983e1,Zigzag,24726820,14206859,24726423,14207360,162,1061,86,50,1.4320660071841074
e246991e9799bfce3d74432ddfb8d25c92e3c12262c0f8ab4bc221cc833983e1,Zigzag,24726820,14206859,24727128,14206505,868,206,63,34,0.596695956197276
89762834647d3fa97326bce817b3cc95f9f46935a84d88d935fe78df58ac0d99,Zigzag,24861038,14331273,24860657,14331147,179,434,87,49,0.43717983072598643
8c491c5f58ce44c9de964b1027871ef447d290732071b817f51df598277d3acf,Zigzag,24601923,14313724,24601778,14313216,415,51,36,77,1.5703585031116873
7cbaece1ca7516b16bb06c1118c399d26ff90781c2a7180b48d05e9b8fbe1347,Zigzag,24655051,14159870,24654724,14159449,233,139,42,90,0.2841569580455009
99b3eb615f1e71df100ebd68b743174b09015367a65d949d997e496b2149bce9,Zigzag,24870359,14243278,24870110,14243373,311,655,36,86,1.4980442252941664
20a2b6950678d5357125c9f25258663f0e1bb082d62f7f62c4f0cfff7a1977c0,FCBK,24813502,14379662,24813228,14379672,286,569,73,36,0.25190206585824937
813107f67951c92ac95ffd90b9ff4877734cc6dfca1fb7c0600fcaa0529dd2dd,Zigzag,24876883,14253663,24877405,14253242,1082,139,89,50,0.2676466409332842
813107f67951c92ac95ffd90b9ff4877734cc6dfca1fb7c0600fcaa0529dd2dd,Zigzag,24876883,14253663,24876986,14253287,663,183,85,44,0.21664803816464834
5043f859b1f574599ce80ed96578a7b1757cc04beddca0952e3f34cf0190a008,Zigzag,24867562,14248472,24867331,14248444,329,532,89,45,0.12105393741528132
5043f859b1f574599ce80ed96578a7b1757cc04beddca0952e3f34cf0190a008,Zigzag,24867562,14248472,24867783,14248639,781,727,76,40,0.14497010604484487
a580368a84cdd9482ff5315f68b1b67acfcb6821eaf5e655cbdf0619846594b4,Zigzag,24822823,14384799,24822777,14384894,514,655,37,82,0.4999035328259142
a580368a84cdd9482ff5315f68b1b67acfcb6821eaf5e655cbdf0619846594b4,Zigzag,24822823,14384799,24822767,14384616,504,377,74,33,0.3963324323739192
61acd766bb4f52c85d8204f784dc3d1015f5ed30a06e732ca810fa9bfac9fd7b,Zigzag,24790201,14375551,24790580,14375364,940,372,37,81,0.08698305232546161
094fc369d39d56acec8fb56f3b464ab4b9c9e4e566c0e6f15f90d60f670bff7d,Zigzag,24716567,14300288,24716892,14299958,884,231,61,47,1.5263168760586656
094fc369d39d56acec8fb56f3b464ab4b9c9e4e566c0e6f15f90d60f670bff7d,Zigzag,24716567,14300288,24716151,14300356,143,628,82,39,1.5640092607568297
cafb9d89a073a6a69974dd4e2f8ddaa3306f3df86ff09f4cc9454e4533bf2374,Zigzag,24807910,14318888,24807447,14318655,97,327,44,78,0.2967290091824652
35b6c86b93f88ab4c262ef48da098bf04a603975d6c3db5b146698c78a5e4f52,Zigzag,24789269,14297185,24789042,14297036,334,411,95,49,0.13515930354985875
79ff81d4464948ee40ec6d6aadde571c5333607a9b4933ccdc1ffc55a5080149,FCBK,24801386,14348797,24801182,14348261,356,24,47,42,1.551196659594404
84176a1c153587c94cce92f11ff7e31ffebce3b2dfd155926d80a5583304eb40,Zigzag,24730548,14298219,24730379,14298563,390,904,69,36,0.13168415296579278
69c5e6048aa705e0ead6ab173bdac4c6f22ff25b47fb919bdb45102b5830fcde,Zigzag,24714703,14188086,24714739,14187564,596,38,46,93,0.3672811398857081
c497f8d6f8cefacc9acd2829e73da8225f6a0f534e2d4ae3c4c57f9cdfc522d6,Zigzag,24754782,14373495,24754856,14373756,633,820,37,78,0.07134911494896275
7ac63193c06cee70d3fd274989f169cde870d2b2c21c59fa1b2ce9c21002a3aa,Zigzag,24698858,14313724,24698818,14314103,520,939,74,41,0.2985415566203731
a742a959d3ad8f313040feea8d983e8e4294341df48c23463174d0fcbebdf2e0,Zigzag,24792997,14332304,24792813,14332485,376,741,48,84,1.2366770685399369
fd2a21cd9f829ce95534534bfe19520f85a223409078a6585e4dae42e22a9b3b,Zigzag,24684877,14344676,24684652,14344763,335,647,44,88,0.05811056613731408
07e8ad53e5543a25462893203e66ffa7749b2cf7be4292051c18b75f9ed151a5,Zigzag,24664372,14224562,24664174,14224336,362,334,40,85,0.15361444398237625
acd777cfc84ade6615b8732868b2c763a2322fb8d64e320979377309da1b699f,FCBK,24775288,14384799,24775580,14385243,852,1004,33,69,0.12602810647554727
aaef58ddc194be40f7a08d7484d6f9c8c6c197ea9f8527873e3f22259a079952,Zigzag,24957973,14334367,24957978,14334481,565,674,97,45,1.5483858262218797
2fc7097ca72bded8eaadc9238afb305ad17566e98be9a3538376e4fa625aa4a8,Zigzag,24747326,14228724,24747433,14228626,667,463,36,85,0.03213093868326513
d8e0b50305175f5fecc4c905b54cb976a60e0ec10ef890d83173bc729bf49b53,Zigzag,24819095,14315790,24818912,14315460,377,230,67,35,0.30226735227490764
2c79ee75dfebcd9e600efb81a987e42b56e338f1ad90b5026756f7c6ec450a81,Zigzag,24689537,14303390,24689318,14303901,341,1072,43,81,0.00111354515391104
e4684f0ae6dedb94eafe99d6ee735cf7d403299e49e219169f4fd4192c1ff09c,Zigzag,24654119,14233924,24654167,14233965,608,601,43,89,0.2819460349980307
aecb078bed74fc1857f0fbae7f11c0319b2b216a388a975ca70534ddb90876c4,Zigzag,24754782,14236003,24755077,14236168,855,725,43,85,0.2386394570506275
