ENC_ID,class,tile_pixel_xc,tile_pixel_yc,bbox_pixel_xc,bbox_pixel_yc,bbox_local_xc,bbox_local_yc,bbox_width,bbox_height,bbox_rotation
5ac744e327437f848fa199ac657d18a76b67bdc3aa0fdc991261f2625f621c85,Zigzag,23823647,13915596,23823497,13915309,410,274,114,49,0.003815439633391419
35f7f993b23f9d016e5c6c62fbf52f0d50d9f600a38b91b5a6e20b91faea83ed,Zigzag,23913125,14035749,23912900,14036230,335,1041,90,52,0.11556838316907134
b8e2c2b10dc124ddab9d4171efd1e6351bd42900c52d020891b1ba134dd7a7b6,Zigzag,23924310,13896334,23924347,13896601,597,826,99,45,0.004745115360275804
b8e2c2b10dc124ddab9d4171efd1e6351bd42900c52d020891b1ba134dd7a7b6,Zigzag,23924310,13896334,23924286,13896048,536,274,60,113,0.0002259833925439469
0dc45f0d8bf351cbb271ec51a95aa7529de0c7dcfea92b5961017826de350db2,Zigzag,23890756,13911318,23891104,13911571,909,813,123,63,1.506261408837606
4873d559a257921492672924f7b256fe0190e873acbd91a200dd12d01caf4bf0,Zigzag,23931767,13994426,23932150,13994865,943,999,105,54,0.04461982845400251
4873d559a257921492672924f7b256fe0190e873acbd91a200dd12d01caf4bf0,Zigzag,23931767,13994426,23931575,13994796,369,930,55,109,1.552660732403675
b4b44111a905a3d6d7ff456e3259311c2715e8c9bef904ea6796b0b9508d28f3,Zigzag,23914989,13918802,23915421,13918918,992,675,58,112,1.5661184843401725
b9d14fd745075eb579d9c10e21b932357b4d2eb1575d91dbe90ea5dbf75a324b,Zigzag,23930834,13884547,23930503,13884127,229,140,59,134,1.5572850453204887
0d56b954f38cfd75dd92810ba07e25d7973ab6f480320f0312c74e637f088001,Zigzag,23859997,13879185,23860335,13878795,898,170,51,110,1.5669404690106254
e692e51477c1c238f64c99aea3b9fa47c10e1fb637a79a7b48ba3210b7c806fc,Zigzag,23935495,13995488,23935712,13995202,778,274,114,53,0.046716031676328304
e692e51477c1c238f64c99aea3b9fa47c10e1fb637a79a7b48ba3210b7c806fc,Zigzag,23935495,13995488,23935228,13994949,294,21,89,38,0.0008791298266511038
86fb09dfbc553f5babf701763116aeed4ba9c66ae76b92d47e6a7a5bbee70133,Zigzag,23878639,13981681,23878825,13981285,746,164,100,52,0.09660397975710346
ae9aee0c94bd1c0af15328fc944697c9ca4148679d176c3a26650ab0f45923c2,Zigzag,23954136,13898476,23954449,13897963,873,47,85,69,1.5691215979434003
44e078eedccad4c472b1af3c90b0b3215b9321a517523e300cc9e644e9312b5e,Zigzag,23907533,14037864,23907657,14037898,684,595,50,121,1.5702607650996816
84af44da76f4aeab2d716109f7187c7e6618dc94b91bb74eb29f9006a4ede026,Zigzag,23974642,14071650,23974867,14071184,785,94,88,52,0.14925746250473618
30c77b5ad47460babf0a04f3b51f9867f059c1bbec8716a102dad160a9053b8d,FCBK,23763062,13897405,23763192,13897030,690,184,118,50,1.562254637072631
30c77b5ad47460babf0a04f3b51f9867f059c1bbec8716a102dad160a9053b8d,FCBK,23763062,13897405,23763318,13896997,816,151,114,54,1.4741012086718634
d618aee2f047143d151192223499df081a66c7ab11fdba544bd2935bf7e8558b,Zigzag,23949476,13973176,23949764,13973182,848,566,51,104,1.5573299195848564
d618aee2f047143d151192223499df081a66c7ab11fdba544bd2935bf7e8558b,Zigzag,23949476,13973176,23949659,13973303,744,687,77,154,1.5676829583225396
d618aee2f047143d151192223499df081a66c7ab11fdba544bd2935bf7e8558b,Zigzag,23949476,13973176,23949224,13973034,308,418,41,116,0.0003277853909740591
b8b2e2e519971c1f443594aa5f8cecefc1d2176266f2a234cdf71ff50517e180,Zigzag,23907533,13904899,23907963,13904576,990,237,135,57,0.005405052920181245
b8b2e2e519971c1f443594aa5f8cecefc1d2176266f2a234cdf71ff50517e180,Zigzag,23907533,13904899,23907666,13904395,693,56,129,55,0.0011861372295988782
0300c6e0f365362d718a23c72862634682f118c4ee5efe4a67e72de3dd0e4567,Zigzag,23950408,13775705,23950350,13775674,502,529,125,56,0.11986419516542364
d8b033b24698152654869501d23439c17e5fa7f9ce40a60d5a8a6359f2ec5de0,Zigzag,23770519,13897405,23770130,13897834,171,989,61,145,1.5638670479546195
d8b033b24698152654869501d23439c17e5fa7f9ce40a60d5a8a6359f2ec5de0,Zigzag,23770519,13897405,23770270,13897904,311,1059,107,53,0.009300289078180115
3b2a3606fc9448c080d154b7b01447f7c4ad4ff7eadfacb4d055a6567adb5388,Zigzag,23893552,13926281,23893344,13926429,352,708,102,45,0.005483391468121606
757f4fce1723f8ca62f09dcd48033193914006db85910ad04d2cb0a55dcc27c8,Zigzag,23940155,13985931,23939887,13986423,292,1051,58,112,0.0025705226154419114
f6649e0163d145257777494b9d8b1e35a962b7b02392373e635450220d8d1140,Zigzag,23947612,14087453,23947657,14087058,606,164,92,53,1.5695769984898038
c704d27acfe205ce8e879b273f4fafba2dbd78f9b193ead75b86d800a70ef397,Zigzag,23928970,13985931,23928469,13985846,59,475,58,128,0.06924186793049154
c704d27acfe205ce8e879b273f4fafba2dbd78f9b193ead75b86d800a70ef397,Zigzag,23928970,13985931,23928932,13985966,522,594,64,145,0.20086071935411773
149ded009d14d4963844e7a5518c056427dc18ebca5fb7956c4c4f3e103facc4,Zigzag,23901940,13855559,23902305,13855372,925,372,56,114,0.14756738718745827
5df8aa97a67f8037ebad9b8ac42f0b98a64f0df519c1b28ad832475c1e620195,Zigzag,23970913,13837267,23971247,13837444,893,736,48,105,1.0070624485675859
d3c8e171ecae6cca9e0a35c3ecc8aeab031c03dae8d6f28292d23fed3bbfda7c,Zigzag,23994215,14015636,23993833,14015350,178,273,105,54,0.029611923267781032
b50c5ccff0a6a2c3f5081d05e1d03a0476cb7724753a322f0e489b6595c2d6e8,Zigzag,23935495,13992303,23935590,13991841,655,98,56,95,0.002201749185722945
9b7855f14957be0d00a008a33c6c39e2e66691d28c417c63c06966a45569e8d5,Zigzag,23992351,14067432,23992620,14067406,829,534,105,58,1.566445520522034
9b7855f14957be0d00a008a33c6c39e2e66691d28c417c63c06966a45569e8d5,Zigzag,23992351,14067432,23992618,14067571,827,699,50,110,0.007222968812310016
9b7855f14957be0d00a008a33c6c39e2e66691d28c417c63c06966a45569e8d5,Zigzag,23992351,14067432,23992721,14067590,930,717,91,49,1.5698462440760108
9b7855f14957be0d00a008a33c6c39e2e66691d28c417c63c06966a45569e8d5,Zigzag,23992351,14067432,23992405,14067131,614,259,78,186,1.565407420329121
1cc4909a9f385e9c3f7d075ae8b4996002dddd41d79d3b78a19c55b8dce26e0d,Zigzag,23952272,13946556,23951741,13946337,29,341,97,51,1.564627913078055
dce9e26d06f2f7982c3c5ee3ba7ab275fec977abc5fb56657f9b465ef5ce1a11,Zigzag,23962525,13798428,23962779,13797949,814,81,87,45,0.12464968758483587
dce9e26d06f2f7982c3c5ee3ba7ab275fec977abc5fb56657f9b465ef5ce1a11,Zigzag,23962525,13798428,23962321,13798042,356,174,99,53,1.5587443244397976
2069d30c97f7fdc959d5bd0d450424b55422d6dd60f4cedba6b558190c9c6a98,Zigzag,23841356,13901688,23841388,13901263,592,134,107,53,0.0025942218883260393
6e9b51b7abdee76162dada3d7cb783010d799f7c62657680d981a313df936e7f,Zigzag,23946680,13977430,23947026,13977491,906,622,108,60,0.05119615522606012
6e9b51b7abdee76162dada3d7cb783010d799f7c62657680d981a313df936e7f,Zigzag,23946680,13977430,23947013,13977956,894,1087,115,62,0.031422517027358036
6e9b51b7abdee76162dada3d7cb783010d799f7c62657680d981a313df936e7f,Zigzag,23946680,13977430,23946699,13977091,579,221,122,60,0.0013902236643323542
6e9b51b7abdee76162dada3d7cb783010d799f7c62657680d981a313df936e7f,Zigzag,23946680,13977430,23946378,13977830,258,961,57,107,1.5697148170762154
6e9b51b7abdee76162dada3d7cb783010d799f7c62657680d981a313df936e7f,Zigzag,23946680,13977430,23946284,13977732,164,862,119,73,1.5684302413244156
6e9b51b7abdee76162dada3d7cb783010d799f7c62657680d981a313df936e7f,Zigzag,23946680,13977430,23946156,13977553,36,684,112,62,1.5675167770705185
6ef962a0027fdf766cb86df47610428bb9b8b2df259f153092b08418aee8f6b3,Zigzag,23884231,14028343,23884424,14028261,753,478,90,43,1.5669423332233885
6ef962a0027fdf766cb86df47610428bb9b8b2df259f153092b08418aee8f6b3,Zigzag,23884231,14028343,23883877,14028118,206,335,57,119,1.5683129290783977
6ef962a0027fdf766cb86df47610428bb9b8b2df259f153092b08418aee8f6b3,Zigzag,23884231,14028343,23883924,14028463,253,680,88,39,0.030419555996671985
8f58a7cc06b2b2cc3c663c9efa02af1986031c99076801e147f5050663efd5f2,Zigzag,23867454,13966793,23867448,13967180,554,946,54,108,0.023832079318144274
e91cc9e51d6bda17833172af2be296b765ee7527dfb21295ad290c3f5000ec43,Zigzag,23914057,13862008,23913997,13862223,500,776,114,63,0.16362579915220213
e91cc9e51d6bda17833172af2be296b765ee7527dfb21295ad290c3f5000ec43,Zigzag,23914057,13862008,23913871,13862200,374,752,108,70,0.1654226672291922
b56a0864a0d556f24c9ddae376b5ded43b2d833b56f6e80c52def473ef43c9b3,Zigzag,23985826,13821101,23985966,13820942,699,401,97,51,0.050150261125769556
b56a0864a0d556f24c9ddae376b5ded43b2d833b56f6e80c52def473ef43c9b3,Zigzag,23985826,13821101,23985570,13821115,303,573,70,113,0.5144550450221071
b56a0864a0d556f24c9ddae376b5ded43b2d833b56f6e80c52def473ef43c9b3,Zigzag,23985826,13821101,23986122,13820980,856,439,110,59,0.01757825511231146
2a67173ed30f00e6572782f444e0e3c1bb1c9ce31787f6c79dd2f84bbe15d7d5,Zigzag,23859997,13890978,23859691,13891167,253,749,114,44,0.007426446803159679
4019a7605fd2f2de72b6823312c7ce303e8922ef439d704d38a7e5a1847384d3,Zigzag,23940155,13904899,23940258,13904389,663,49,107,55,0.057892062092251485
8f911bee04530f965668180849a73f61898c2dd531700df52249f9ea356e9301,Zigzag,23933631,14000794,23933724,14000313,654,79,100,58,0.022084186357481824
f97164bd49bf9a7e92fbc23feab40d09fdf4de4106f6e56403d2b02651735865,Zigzag,23887027,13928417,23886644,13928035,177,178,49,94,1.537146620631473
00d73c1fee40f17fe17640a3415d0c660ab5607becb4b6e09b5e7b33ba578b12,Zigzag,23935495,13915596,23935633,13915233,698,197,94,58,0.08314224140134932
628908e6a06e586b152a2aa1ee348e0d048cb5842f74e2ab197c4643569179ad,Zigzag,23942951,13926281,23943058,13926277,667,555,71,111,1.56514336790704
eb3d0ac538df14be1ba7ad81eb24d8a8b2c6fcca734c9c9f0bad49d40d07e77b,Zigzag,23984894,13829726,23984770,13829638,436,472,50,99,1.0013284630035635
eb3d0ac538df14be1ba7ad81eb24d8a8b2c6fcca734c9c9f0bad49d40d07e77b,Zigzag,23984894,13829726,23984591,13829510,256,343,96,53,1.569952770519614
8e6b2becee4d8c45bcb7e2d4ebf1916cfa769b3bce80ecf34c816d125fb995d7,Zigzag,23928038,13975303,23928261,13975518,782,775,112,52,1.5659365904377198
059b321082abc6367e2f5af7941d06f00f9966618da42946ae71d1521546a46f,Zigzag,23995147,14030459,23994864,14030062,277,162,47,83,1.4694075204086534
059b321082abc6367e2f5af7941d06f00f9966618da42946ae71d1521546a46f,Zigzag,23995147,14030459,23995162,14030119,575,220,55,105,1.5680721793158545
059b321082abc6367e2f5af7941d06f00f9966618da42946ae71d1521546a46f,Zigzag,23995147,14030459,23995060,14030086,472,187,104,59,1.5700395895711505
059b321082abc6367e2f5af7941d06f00f9966618da42946ae71d1521546a46f,Zigzag,23995147,14030459,23995270,14030049,683,149,55,110,0.0014723656692416482
3f7356b5fee9754322d0b7e5112ef1ee7d0ffed695bd8f0eb189738a66dd7f5d,Zigzag,23847880,13948688,23847686,13948907,366,779,113,61,1.569930533124512
fc6e78e9b9707d2dbbe352c4fa389f70cbba38cbe55d7acf13a46c0f77380978,Zigzag,23932699,13995488,23932337,13994991,198,63,50,97,1.569313878174104
fc6e78e9b9707d2dbbe352c4fa389f70cbba38cbe55d7acf13a46c0f77380978,Zigzag,23932699,13995488,23932654,13995189,515,261,102,57,0.29627776982526494
fc6e78e9b9707d2dbbe352c4fa389f70cbba38cbe55d7acf13a46c0f77380978,Zigzag,23932699,13995488,23932864,13995709,725,781,53,95,0.0031245004336987996
fc6e78e9b9707d2dbbe352c4fa389f70cbba38cbe55d7acf13a46c0f77380978,Zigzag,23932699,13995488,23933020,13995785,881,857,72,103,1.5643871633155118
a1d76283ffa3c4a5b3faef68b3afed2a59cb96aa835bf4ee5d010ad1be8611e5,Zigzag,23991419,14060047,23990962,14060483,103,996,55,106,0.0027936351775471047
9e2f93be0d811a323d428dc7053972a9afd8f2ca9cdd622017da5ee43e2218d2,Zigzag,23933631,13931620,23933545,13931479,474,419,52,112,0.7605091253769221
2a4d9f7a8d0f0a0b71c1e474d3680d5a9a9f066b09ff9c4aa73040016fba808b,Zigzag,23901008,13982744,23900570,13982369,121,185,47,97,1.5604530085951922
7d11661746a6b80d2cbe817b33edd5fe5958d22e41f038e7a8f17c9b61682c85,Zigzag,23930834,13972113,23930862,13972031,587,478,108,57,1.5663268766954712
134df5cdc669eeedc812e7056f04572f54c4ec8052deaa4067b3cc3f07d42baf,Zigzag,23887959,13871673,23887467,13871474,68,361,60,121,1.2822220500283084
134df5cdc669eeedc812e7056f04572f54c4ec8052deaa4067b3cc3f07d42baf,Zigzag,23887959,13871673,23887565,13871596,166,482,130,64,1.5652508264570246
ff6ab97ee63b0f04c223bbfbd922c024e7f91a30cc3f8dc51eab471b4a7b7ca9,Zigzag,23984894,13824337,23984955,13824300,620,524,64,107,0.7180490831162709
ff6ab97ee63b0f04c223bbfbd922c024e7f91a30cc3f8dc51eab471b4a7b7ca9,Zigzag,23984894,13824337,23984885,13823972,551,196,74,47,0.07715727787172222
ff6ab97ee63b0f04c223bbfbd922c024e7f91a30cc3f8dc51eab471b4a7b7ca9,Zigzag,23984894,13824337,23985082,13823997,748,220,97,56,1.5693254629248456
ff6ab97ee63b0f04c223bbfbd922c024e7f91a30cc3f8dc51eab471b4a7b7ca9,Zigzag,23984894,13824337,23985161,13823960,826,183,99,50,1.5662871955952289
f81f4246c3b3d7a546a5fd60ee804c5a0c209db2817609367be186a2b2621b9a,Zigzag,23932699,13880257,23932167,13880441,29,744,130,56,1.5028652126574824
6eafde45308f9ec976160d7738cb18b46dbf162a4d495853dae849f527dc7022,Zigzag,23908465,14048433,23908856,14048344,951,471,54,105,0.11772734128577132
6eafde45308f9ec976160d7738cb18b46dbf162a4d495853dae849f527dc7022,Zigzag,23908465,14048433,23908819,14047908,914,35,68,53,1.5527982846739776
335440139fbdf463d789fb553e02a3d15e19b36307184af571216489ca645474,Zigzag,23893552,13950820,23893594,13951152,602,892,119,58,0.2341140972130672
335440139fbdf463d789fb553e02a3d15e19b36307184af571216489ca645474,Zigzag,23893552,13950820,23893491,13950986,499,726,112,53,0.04595505836197338
cce505713d62624dab38d8777db3fa0304df1cb5136f5e909511487114d10035,Zigzag,23893552,13904899,23893162,13904473,170,134,106,44,0.034628290947757115
13de65b1246e5aad145a2b412057c2da152fc7116ce339438f015c954236e983,Zigzag,23856269,13957212,23856071,13957057,362,405,119,64,0.06038042826865906
57236a6730c8e4959639a606577ec1741311a5cc799610892381c6ad9505a17d,Zigzag,23953204,13892050,23953653,13892394,1009,904,47,104,1.546526273990732
57236a6730c8e4959639a606577ec1741311a5cc799610892381c6ad9505a17d,Zigzag,23953204,13892050,23953701,13892171,1057,682,49,99,1.5702623629963357
18295aec04ab00f3394d6987597d39515cd401516e2207f1771c2efdd270c875,Zigzag,23975574,13805991,23975584,13805634,570,203,45,72,0.9371476788922262
18295aec04ab00f3394d6987597d39515cd401516e2207f1771c2efdd270c875,Zigzag,23975574,13805991,23975322,13805463,309,32,100,59,0.7169931397440544
4947992168386d5d6455ad8836120cc97397c2caf31d461eceb8ee8d4c6e98cd,Zigzag,23985826,14030459,23985438,14030300,172,401,115,55,0.043868567355247974
cc3e135cefa5c7cc55fdc517579cb5719e2c70da31740351d4718fcfa27b9454,FCBK,23950408,13933755,23950345,13933683,497,487,57,112,1.543745933812689
30c9fe29c0ac22248ac3c92b378a303629f438837fb6f58399c3f7692d2c91fa,Zigzag,23954136,13892050,23954017,13891611,441,122,54,116,0.031658213025613856
c0f0f40cbf87806f28625b477628d12c26a48e87caf72fed4ef01471f38b9e3d,Zigzag,23887027,14008217,23886915,14008652,448,995,50,115,1.561898172960724
8c24337063788002408a845f2e29d25ce3ce39d1e5d2a0efad245ad680c9719e,Zigzag,23968117,14079028,23967657,14078561,100,93,118,64,0.011415471484461922
8c24337063788002408a845f2e29d25ce3ce39d1e5d2a0efad245ad680c9719e,Zigzag,23968117,14079028,23967658,14079034,101,566,67,134,1.5661456485832912
8c24337063788002408a845f2e29d25ce3ce39d1e5d2a0efad245ad680c9719e,Zigzag,23968117,14079028,23967813,14078752,256,284,92,86,0.6280215882564147
06491f010ef161f0f6706d768fe33da8d2f71a6b7921633835c3ed6a0c49d926,Zigzag,23884231,13928417,23883818,13927918,147,61,108,49,0.002820633493246433
7e92f1f7926beb002da180a31f242efcef3f239330df9982796dbe7e93fa4082,Zigzag,23899144,13967857,23899559,13967992,975,695,47,94,1.532361053310655
f91e04453661a28c299fc8be2f5ab981561047f9167547a9b5fc77aecf0306e7,Zigzag,23887959,13901688,23887474,13902072,75,944,62,114,0.10484910152485356
39d7ba08b7b5e0b6f3fd11742802c556c3103ee43dca7fae38eb61fdeba8671d,FCBK,23949476,13807071,23949803,13806816,887,305,109,49,0.047729942876402705
9cbf5f5ef120235063ab9264a9ff20d784396a666f2ee6f7fd175f573cff5531,Zigzag,23892620,13879185,23892375,13879163,315,538,107,59,0.28241714819486574
9cbf5f5ef120235063ab9264a9ff20d784396a666f2ee6f7fd175f573cff5531,Zigzag,23892620,13879185,23892364,13878955,304,331,124,55,1.5676147813986334
5a7f57a15b17ab10b57823a7310240a5dee096305e85692904b61ca5d1ed0a6d,Zigzag,23926174,13985931,23925891,13986250,277,878,119,61,0.38695530901769576
5a7f57a15b17ab10b57823a7310240a5dee096305e85692904b61ca5d1ed0a6d,Zigzag,23926174,13985931,23926496,13986432,882,1061,110,59,0.4791062087936993
5a7f57a15b17ab10b57823a7310240a5dee096305e85692904b61ca5d1ed0a6d,Zigzag,23926174,13985931,23926213,13986461,599,1089,90,53,1.0492783455353039
804f2ff2cb5526a87c21b2edb6d3a67d1810170c07c9feac3fbe9e8e74990b18,Zigzag,23957864,14043150,23958025,14043638,721,1048,120,56,0.00513032080600975
4d5e3441e71bccd1b8f91225fcdd8bfc30c4711bc165251fbaf09e56b2edb465,Zigzag,23913125,13858784,23913302,13858566,736,342,59,125,0.0818250003143041
ca4c37a36b7cb1b2ac8538565989043fdf1ae19f668412998f05173a19304077,Zigzag,23946680,13980618,23947075,13980116,956,57,113,57,1.5664194215433513
200b15694cb66e5615ede1634abd82c8b3fb46d2c4877927385c615d5ba84bda,Zigzag,23973710,14074813,23973431,14074692,282,439,55,117,1.5493419010532183
0e26c1ebfc7bb6cc88544393dc1d676090321bded601d549bcd4f35444e18f3c,Zigzag,23936427,13923077,23936187,13922917,320,400,58,126,0.022530099392501963
0e26c1ebfc7bb6cc88544393dc1d676090321bded601d549bcd4f35444e18f3c,Zigzag,23936427,13923077,23936121,13922766,254,249,61,137,0.026333401357136157
0e26c1ebfc7bb6cc88544393dc1d676090321bded601d549bcd4f35444e18f3c,Zigzag,23936427,13923077,23936369,13923167,502,651,63,154,0.05422231349509556
3fd37b483e4343780b36e0a42b1948b0b6877b711951e64411899ef33d30d7f9,Zigzag,23775179,13902759,23775642,13903282,1023,1084,102,51,0.0848569925706025
ce00b5e20e7583130228c78616652cca4920a98f37d8834852d1d2354639013f,Zigzag,23878639,13978493,23878656,13978973,577,1041,57,109,1.5683345006832274
81b106775f369ec438fcb46c1ad6af33ba2cf7cbe1af9a654a8b3d55389abec9,Zigzag,23887027,13980618,23887455,13980103,988,44,53,121,1.5450472874793564
81b106775f369ec438fcb46c1ad6af33ba2cf7cbe1af9a654a8b3d55389abec9,Zigzag,23887027,13980618,23887423,13980159,956,100,53,107,1.5647018157983048
22e631eb6a8245b1ef418737d9a707cd0f77db82b534b7a6555345855d8a670a,Zigzag,23996079,14063213,23996596,14063727,1076,1074,95,51,1.5659421830760092
49663b6a2de14bf4ebbb8a462364befe33d56cdbc1dae487ecc388d3f8340fb3,Zigzag,23965321,13815707,23964949,13816049,188,901,75,42,1.5304735378880614
00d7971b346826782af6de5bb8e03ef8873548c607c69490c5a970f4a7b92857,Zigzag,23769587,13860933,23769677,13861120,650,747,108,59,0.075733718400534
70009bb357100c971911e7911c5a1517d1977856656a6c29f08aca3e156706dd,Zigzag,23907533,13851258,23907796,13850937,823,239,53,99,1.2482527645340753
d75e855b7814dc30b536642e6c2cd12545c0b16922806afd658c722c0062bf3f,Zigzag,23803141,13896334,23802623,13896853,42,1079,75,62,1.56248167155556
dc716cabb6a5c17af4acdcbb4f81b7b8377671d6b7ae72e00fd3cfbd497e679c,Zigzag,23961593,13930553,23961227,13930037,194,44,86,56,1.541297290348416
bef444ed088c9084c40c980cc7b75b13901543bf17a795aff7851c91211bb65d,Zigzag,23947612,13973176,23947260,13973191,208,575,105,59,0.2651370443695617
bef444ed088c9084c40c980cc7b75b13901543bf17a795aff7851c91211bb65d,Zigzag,23947612,13973176,23947402,13973317,351,701,105,64,0.04037954336637835
036080c926c9ccb04f04d77148f29fd4246da33c42a39a84c2d721824207f647,Zigzag,23913125,13955081,23913128,13954965,562,444,95,49,1.566323680902163
374db6ee726eb1819064e63be1d9d9589ba352f1bbdb0bb8afab42c6a4080a1d,Zigzag,23832967,13915596,23832475,13915481,67,445,138,63,1.560193217230855
fb9efde78aaccefa5629e259937979c7c60bd4e82c83c115e93aeef2df5aa721,Zigzag,23982098,14028343,23981815,14028698,277,915,47,80,1.5460242681252518
7ea0eb17ecae36992ff7de9a1698e7754d96a29cd1de698394d337fe934ae0d7,Zigzag,23945748,13958277,23945817,13958645,630,928,141,71,0.03625652059050174
7ea0eb17ecae36992ff7de9a1698e7754d96a29cd1de698394d337fe934ae0d7,Zigzag,23945748,13958277,23946008,13958294,820,577,63,135,1.5701667555132017
7ea0eb17ecae36992ff7de9a1698e7754d96a29cd1de698394d337fe934ae0d7,Zigzag,23945748,13958277,23945468,13958630,280,913,134,68,1.5645662608988198
7ea0eb17ecae36992ff7de9a1698e7754d96a29cd1de698394d337fe934ae0d7,Zigzag,23945748,13958277,23946183,13958118,995,401,59,165,0.000420095229192201
99e5eaa113740c63c98b14ac1891df2c2d1f94c93f3e0f719be284efb2cd396e,Zigzag,23892620,13865230,23892959,13865145,900,475,64,120,0.732630755611809
510974df294a315d4dada0225fe7536f89b5ef1f1b07bea02505576a478bcf00,Zigzag,23942019,13963600,23941624,13963282,165,242,194,65,0.06374859883949872
ad62305df84100635b7cb8bf1bc22e9d5a60d3d92861284a7a62107e4016853d,Zigzag,23925242,14033633,23925326,14033653,644,580,98,53,1.4304851547610364
ad62305df84100635b7cb8bf1bc22e9d5a60d3d92861284a7a62107e4016853d,Zigzag,23925242,14033633,23925600,14033845,918,772,105,46,0.002354690834070778
ad62305df84100635b7cb8bf1bc22e9d5a60d3d92861284a7a62107e4016853d,Zigzag,23925242,14033633,23925125,14033764,443,691,51,92,0.005352894494113122
ad62305df84100635b7cb8bf1bc22e9d5a60d3d92861284a7a62107e4016853d,Zigzag,23925242,14033633,23925413,14033885,731,812,48,94,1.5687795149013797
4ca6256904d71a0b192a1fcfafc9bd57ec2d05ec8ba24ccbb81dcc9bc78ed7d2,Zigzag,23965321,14036806,23965245,14036679,484,433,54,101,1.527558841233024
1bdb2e1961fbf59d0302b19df2bfd16ce3ef5fec372d9321cdcb395e0ef7ccd9,Zigzag,23948544,13843727,23948637,13843722,653,556,52,108,1.5671873440436757
1bdb2e1961fbf59d0302b19df2bfd16ce3ef5fec372d9321cdcb395e0ef7ccd9,Zigzag,23948544,13843727,23948812,13844195,828,1028,89,52,1.5701112286044736
0f21ed7923e4857c391c98136c31030a97a4a87b2ed5914304c7c71bc7ae25cd,Zigzag,23891688,13910249,23891305,13910240,177,551,99,51,0.004925488348074429
e5b2b496b07ffc354f97690bb0d1cc530e9b700a659864f6f6f744005b6dbaf1,FCBK,23800345,13901688,23800566,13901175,781,47,56,116,1.4310837002160317
e40004d3621ddcb5ae276d8b24bf96089aea470a2a76c148bc065bfce85fe6f8,Zigzag,23871182,13909179,23871343,13908860,721,241,121,54,0.027099988115726264
8228466eee6e899ab85ac618aa027938d5894d26503623268b1b216c3521e51b,Zigzag,23742557,13873820,23742621,13874135,624,875,56,110,1.5699201467962605
f4f54b562aa6d583b04ad801db889920b379f1cbffd7924aba7378675bd0520d,Zigzag,23875843,14046320,23876296,14046102,1014,342,94,58,0.1345701540600844
df6f6023579768e743bb52696fbbd9857462d6cb4aeb63af039dd072b113f5cc,Zigzag,23960661,14045263,23960808,14045448,708,745,51,103,1.4606581041213615
b886932ca6cb4114d58f49cf28b4e7064cc2d170c97f03b93afb86ef7247ef4a,Zigzag,23911261,14033633,23911062,14033258,360,185,46,117,0.03807917139579516
b886932ca6cb4114d58f49cf28b4e7064cc2d170c97f03b93afb86ef7247ef4a,Zigzag,23911261,14033633,23911134,14033340,433,267,96,56,1.5669651032507086
524c595e0a79b833a96fb2e461e8c17e4243a0423b5075e996bb0057fb717acb,Zigzag,23960661,14044206,23960793,14044662,692,1016,55,111,0.0014222349126499717
70b728fd99b13b72fed7b679a1a2564332e41cebb051757a997397930926925e,Zigzag,23982098,14066378,23981933,14066051,395,234,51,96,1.565599167927607
9202f5f0c24f4763264fc4285deddc5426d5990ef3a0a7494322064a495161d9,Zigzag,23848813,13883475,23848896,13883487,643,572,95,53,1.5688583444696458
8fdb6f197454c82f8f9ad4a2a3c028e500ae54f2b5c7c2acfc9fedb39ec8901c,Zigzag,23996079,14060047,23996115,14060304,596,816,108,56,0.07255397063800663
8fdb6f197454c82f8f9ad4a2a3c028e500ae54f2b5c7c2acfc9fedb39ec8901c,Zigzag,23996079,14060047,23995803,14060017,283,529,109,53,0.029312388385363576
8fdb6f197454c82f8f9ad4a2a3c028e500ae54f2b5c7c2acfc9fedb39ec8901c,Zigzag,23996079,14060047,23996123,14060400,604,913,51,98,1.5702245461088564
8fdb6f197454c82f8f9ad4a2a3c028e500ae54f2b5c7c2acfc9fedb39ec8901c,Zigzag,23996079,14060047,23996229,14060355,710,867,91,51,1.5686709910869587
8fdb6f197454c82f8f9ad4a2a3c028e500ae54f2b5c7c2acfc9fedb39ec8901c,Zigzag,23996079,14060047,23995850,14060222,331,735,108,50,1.564324046397677
9f246da7b2d1e609d58b2a7e88669dde49f8c3d110a24a8389a0070ec58f1829,Zigzag,23861861,13887763,23861556,13887870,255,667,60,111,1.3839484120827192
b96f176ef7fc001e83587628240724d16d9591257eac14f45109e03f76ecfced,Zigzag,23994215,14068487,23994183,14068665,528,738,52,90,0.33267336152012844
a912e91b6bbee289509e07fce3c30baddd126534114ea6a98bb45a2986ff667b,Zigzag,23811530,13890978,23811381,13890672,412,254,52,107,1.5412707918955697
89de7e30ce3c88ced36a25cdfcafd9894be77c8abc030a94234afc0b23b45041,Zigzag,23928970,13980618,23929038,13980657,628,598,111,58,0.4474833013778804
c45d504da918318d44ffd1e0e29c255fcb6a2712adb72434747980dadaf4d712,Zigzag,23852541,13915596,23852648,13916090,667,1054,105,57,1.5675946745324034
c45d504da918318d44ffd1e0e29c255fcb6a2712adb72434747980dadaf4d712,Zigzag,23852541,13915596,23852384,13916033,403,997,121,60,1.5416138070439718
305c5966652e7be87a28c11d8cea7c18a9f098ea6274b081a8d58d1c6d6b49b1,Zigzag,23985826,14068487,23985686,14068669,420,742,55,95,0.003993207196600159
1455fa240899a21bfbdf3c8f9bb832efc8540e76aadd15ff5fc8fb754b41455d,Zigzag,23964389,14042093,23964496,14042060,667,527,50,103,1.5695620847876994
0baee34a4e55d5e72189241ee6cd0f783d00f1bab7a831b3b514f113c3d6a70c,Zigzag,23990487,14038921,23990830,14039032,903,671,45,104,1.5695209389488576
a97a51b5340fadecb2b5d69f5019ab0ea84e62beb2ddf13f7cbf93cf83de393a,Zigzag,23977438,13829726,23977026,13830261,148,1095,110,57,0.0963996154329535
a97a51b5340fadecb2b5d69f5019ab0ea84e62beb2ddf13f7cbf93cf83de393a,Zigzag,23977438,13829726,23977091,13829860,213,693,101,45,0.00416745933515513
c729f188112607dad1e2bcd2765d9ff2c2e548aef246f32e43912c3e2d846d21,Zigzag,23886095,13927349,23885669,13927360,134,571,115,58,0.26069677252882933
c729f188112607dad1e2bcd2765d9ff2c2e548aef246f32e43912c3e2d846d21,Zigzag,23886095,13927349,23886074,13927278,539,488,103,54,0.04504646686063321
c3e270921c91da44bc11be35a4f2a312c80c256af05c7582833cee494fdc9a4d,Zigzag,23868386,13878112,23868622,13878170,796,618,54,98,1.567317705779035
268bb09d0281a568c8501993625aefb9a79c2cecaf1fb4c3131d5b4571638b11,Zigzag,23980234,14070596,23979845,14070825,171,789,100,53,1.567263244134743
268bb09d0281a568c8501993625aefb9a79c2cecaf1fb4c3131d5b4571638b11,Zigzag,23980234,14070596,23980273,14070507,599,471,54,105,0.001972305634319334
c59a72dce7c953da0790144b02bb41ac3b57dc505ab81413a9f3123c4f666b92,Zigzag,23903805,13992303,23904126,13992095,881,351,53,106,1.568881380813075
1a5d489bcd0284b7467cc934204a9714dca5b386b2973841a2ac27f2d6917353,Zigzag,23939223,13996549,23939071,13996593,408,604,93,52,0.0018159711863620649
487f629cefdc01e7db898584fd7eea43286803e2f5f2771196245b0361e528fd,Zigzag,23909397,13976366,23909556,13975882,719,75,51,110,0.04532636093001133
413bc68e0efd099557ed3274da4461aa46aa8780e050a4404fb61bb6c39e136a,Zigzag,23899144,14023050,23898880,14022638,296,147,99,44,1.5677743047479291
0fd0cd1da80fcb6ad92fab242605436a9ee0e844d794c619ebfdcdde3766d729,Zigzag,23954136,13791941,23953812,13791462,236,82,97,46,0.03367973954649814
0fd0cd1da80fcb6ad92fab242605436a9ee0e844d794c619ebfdcdde3766d729,Zigzag,23954136,13791941,23954509,13791460,933,79,76,54,1.5622502428568323
d1f58aa1e2966ea870ce45ebc74a4749569c0b372d70564d3eabae005f2895d7,Zigzag,23942019,13959342,23941794,13959485,334,703,54,113,0.07089701006440818
d1f58aa1e2966ea870ce45ebc74a4749569c0b372d70564d3eabae005f2895d7,Zigzag,23942019,13959342,23941639,13959639,180,858,57,113,1.5706972572023457
d1f58aa1e2966ea870ce45ebc74a4749569c0b372d70564d3eabae005f2895d7,Zigzag,23942019,13959342,23942052,13959481,593,699,117,52,1.565922875158106
24ab891ac8b2c77b65d28d25d8ec402215fc22023f38fe5c10e86e2faa747069,Zigzag,23941087,13989118,23941490,13988629,962,72,58,105,1.5694915110188123
be5dbb8c5d81e1c6166500b6688369e3d3373b45967bd50a7c1bc7159d5c7bbe,Zigzag,23854405,13961471,23854285,13961061,440,150,54,113,0.13392482019368773
b4b03e91bc3ee9658eafbac74593cbeded3c31fcba3997590b48fa844a262953,Zigzag,23956932,13795185,23957438,13795037,1066,412,89,55,1.5646203230689484
881273856b702840f752e7826c9cd166d3b14f2b35273ea87dba5cbb867175ca,Zigzag,23788228,13894192,23788251,13894506,582,874,51,105,1.5536819215236657
a3750addb02fe0dfb32eb40cc15ad6f84e2b5cebd2abd225272281fe16cdfcd1,Zigzag,23983962,14066378,23983742,14066732,339,914,108,56,0.002857003587254454
45e5fff22f5af88876c7ea9dadda68984671fc160c7a6c765029738455b92090,Zigzag,23821783,13872747,23821799,13872810,576,624,110,54,1.5474786203965443
45e5fff22f5af88876c7ea9dadda68984671fc160c7a6c765029738455b92090,Zigzag,23821783,13872747,23821505,13872832,282,646,52,101,1.059251684080569
77492f65ee03ac2424bf8473d53a924c5fb9ec7cc89d97f45cf2b0cf62f90ae1,Zigzag,23933631,13895263,23933412,13894828,341,125,110,45,0.01106655576976951
dc5c1321518d7e60e99160a9854b5b12df3729ffd4621a20aa4382b27806d77b,Zigzag,23891688,13948688,23891387,13948194,260,66,54,126,0.2528925620466771
dc5c1321518d7e60e99160a9854b5b12df3729ffd4621a20aa4382b27806d77b,Zigzag,23891688,13948688,23891660,13948186,533,58,56,123,1.5678519358937049
eb2ebfd28508f26f1b4b9742a9769078ad75f76111993d933386de0f82e44b62,Zigzag,23974642,14055825,23974603,14055785,521,519,53,96,0.8086199294175304
ae36c2a7075e7c2ff527b8b2aac867f9c4aab33020726d5b789d7aeecf84cabe,Zigzag,23765859,13900618,23765911,13900453,612,396,148,67,0.01999565636804682
7a08cab62620def84815fe5233576ed603e65a9d09f78eb74702f4f700f30c4e,Zigzag,23739761,13875966,23739971,13875841,770,435,115,57,1.5596966708456097
ee8584cc8c497dbdbdd1ffb39011502462b0d98b2f1a570831b4c925d21ca052,Zigzag,23926174,13986994,23926086,13987316,472,883,87,42,0.11559657938711256
ee8584cc8c497dbdbdd1ffb39011502462b0d98b2f1a570831b4c925d21ca052,Zigzag,23926174,13986994,23926356,13987041,742,608,116,54,0.03286725903218541
ee8584cc8c497dbdbdd1ffb39011502462b0d98b2f1a570831b4c925d21ca052,Zigzag,23926174,13986994,23925975,13986925,360,491,106,53,0.023562929439288935
ee8584cc8c497dbdbdd1ffb39011502462b0d98b2f1a570831b4c925d21ca052,Zigzag,23926174,13986994,23925976,13986690,362,257,48,102,1.568089756179049
ee8584cc8c497dbdbdd1ffb39011502462b0d98b2f1a570831b4c925d21ca052,Zigzag,23926174,13986994,23926115,13986966,501,532,53,104,0.23365508475443522
ee8584cc8c497dbdbdd1ffb39011502462b0d98b2f1a570831b4c925d21ca052,Zigzag,23926174,13986994,23926313,13987192,699,758,110,56,1.5669204953024498
9f0155eabb9adf87d74dfe7ad7015e6acde9668bf89c43a05d02ba5a0c0a7444,Zigzag,23870250,13901688,23870587,13901613,897,484,58,117,1.162257828196817
9ffded5cf1cd617c3ad91ce14dee2c40287df2606cecef954e1cb0e94f094e5f,FCBK,23860929,14058992,23860673,14059184,304,752,41,85,0.4317566027716627
9ffded5cf1cd617c3ad91ce14dee2c40287df2606cecef954e1cb0e94f094e5f,Zigzag,23860929,14058992,23860471,14059433,102,1001,48,105,0.39342472651674354
0dc751d7420857124d999f6b6a7be23dc6df6a528e8dfbd9426606d4438cd77c,Zigzag,23988623,14031518,23989086,14031967,1023,1010,49,106,1.5648529501901667
e4c996b1f14127e2348da9b69e3a7568d6d15dff3474edd61720ed2f3305193b,Zigzag,23884231,13974240,23884648,13974643,977,963,104,58,0.11016726777417367
b91fbb95b80d4cd7aaec5e3ba2853a7d51d3862d017f544ead562ae7e4a5af35,FCBK,23973710,14058992,23974045,14059022,896,590,39,91,0.18045874158572509
79fe9890323adfb66d39a223261f486515b0daa46b0c2873aaedd2c8f1fd7eec,FCBK,23888891,13981681,23889192,13982029,861,907,107,50,0.009420263444990883
2f7b0b0abc49488d467ef44d5a20007770d42e673c44ef89c23929ba58649559,Zigzag,23847880,13946556,23847605,13946097,284,101,130,59,0.20020288527535454
ff74f253d369d75ebe493fa2fe1a661e33d109d1590f778cf3bd76f7cdf03380,Zigzag,23785432,13918802,23785231,13918698,359,456,52,116,1.5673902769187396
080bac5bb63e83f7da13f082c9b03f159f17695b186a78f0aca434b3d469e087,Zigzag,23899144,13971049,23899625,13971528,1040,1039,55,115,1.5687357059014477
26ffcdb42d379ad13e3286970c6393b01aac7337eb8fc886095fdca6555fae01,Zigzag,23927106,13985931,23927523,13985496,977,125,54,93,0.26800017556799227
26ffcdb42d379ad13e3286970c6393b01aac7337eb8fc886095fdca6555fae01,Zigzag,23927106,13985931,23926784,13986436,238,1064,109,54,0.31902456106493143
4abf6d4c1b9bb4a134c7ee221abdb266f561555557d3abc6255906d5725a76d5,Zigzag,23873046,13931620,23872953,13931654,467,593,52,108,0.005171623729743897
13d61b818eab931c7cd9556c1df6c69b399b72a03e2c93be69c231e7f7aab2d2,Zigzag,23984894,13828649,23984504,13828770,170,682,104,51,0.017123794994667842
13d61b818eab931c7cd9556c1df6c69b399b72a03e2c93be69c231e7f7aab2d2,Zigzag,23984894,13828649,23984455,13828678,121,590,51,109,6.147419899634619e-05
84fa29cfab3cb320f745bc0b18096f8c17f95837b731940568c9df56a68a847e,Zigzag,23927106,13989118,23927383,13988687,836,129,82,54,1.5569307117374536
84fa29cfab3cb320f745bc0b18096f8c17f95837b731940568c9df56a68a847e,Zigzag,23927106,13989118,23927198,13988820,652,262,54,100,0.004381353562803501
84fa29cfab3cb320f745bc0b18096f8c17f95837b731940568c9df56a68a847e,Zigzag,23927106,13989118,23927301,13988749,755,191,101,55,0.04995121480142134
d8e7854d537e2a6169233b923cc8cb59590ccbdc54c0db52537e3a0b1b18d1ae,Zigzag,23969981,13836190,23969665,13835881,243,251,110,63,0.030265510852962314
4700571635e85e79c698ee94de36b2dc60ede33ea176d8d3ed496577c77ef17f,Zigzag,23956932,13965729,23956807,13965576,435,407,50,111,1.388273652009117
543a0266151f4f99066ec97b8dac855240f413f92275d8b38ac637b10954d741,Zigzag,23932699,13998672,23932300,13998452,161,341,92,52,0.054038488800852845
543a0266151f4f99066ec97b8dac855240f413f92275d8b38ac637b10954d741,Zigzag,23932699,13998672,23933020,13998493,882,381,106,52,1.5703539757378344
ee4e0b853c4c1611012bd00fac68516ac4ae1cb9f1a097676951a6d8df1a3b98,FCBK,23964389,13855559,23964611,13855201,782,201,109,52,0.00025740586509859535
6960ec917db74ca0cae242b68731b379772a2f48a09f007ae9f69346adf23923,Zigzag,23862794,13948688,23862569,13948956,335,828,98,53,1.5684627318897146
ef9a9419920aad096703b25de47b3222faee6ce5b4e7c8c8c51afce79eaa233a,Zigzag,23865590,13969985,23865778,13969510,748,85,91,45,0.4609856612626367
f182d6db65c1df3b9d226206efbe06404fc98164b21eb02c8411e2e1a2064548,Zigzag,23936427,13945490,23936681,13945737,814,808,54,115,1.5637767667936657
42225438f973fd7896033083e895eb4bfa4c08f6b9ca18a08bbac291994bde9a,Zigzag,23914057,14052658,23914007,14052639,509,541,108,46,0.004651367408567162
a6c013f29e34c1b6758885a2d8450e8398bebc13a4b9e586cf75cee0ceb5e31b,Zigzag,23925242,13974240,23925638,13974645,956,965,130,67,1.5694483678091529
d3788c24e6baa2bb5742e7134404a69c6a15ea896a97c964d59fb2674e76f3b5,Zigzag,23786364,13885619,23786544,13885335,740,276,64,127,0.017320622364873414
81800dd5fc44f7fb6c56a01fb94d6c81d2d66088fb8e4c6cd0580f4c05f364f2,Zigzag,23900076,13980618,23900240,13980361,724,303,50,103,0.05298680648638056
81800dd5fc44f7fb6c56a01fb94d6c81d2d66088fb8e4c6cd0580f4c05f364f2,Zigzag,23900076,13980618,23899739,13980785,223,727,156,55,0.0005969599118717083
de07a374953174a2b84ddaa85c11420c548e99316dd0e0074054107092a63443,Zigzag,23777043,13860933,23776774,13860503,291,130,116,55,0.0013497658521179545
b5cda2b1ad9524f23898a962b619ac73fe59fb60b31261c6b8641ed2ac6b7787,Zigzag,23962525,13846955,23962265,13847474,300,1078,94,53,0.8964314745133589
770b60237ac619df3b41193c5c7dd6d1803fe70ac416e718bbfd4aee334c4961,Zigzag,23901940,13915596,23902075,13915477,694,442,51,115,1.5657124854319897
e5518d1297e50ac051125c0e68c128fcbd65c8b512ed398d64b13eb4c6bcc28c,FCBK,23927106,13816786,23927381,13816696,835,470,55,122,1.5190982447659513
7a496a69581bbf518c627b07dcbff2d346e246a369bac9c6c643bc00f0d8c4f7,Zigzag,23889824,13881330,23889841,13881837,578,1067,132,65,0.03269347528749012
b3493a703257bd24165eef94b9a3be332b971a42fd4f580d9cf9374db9c957da,Zigzag,23914989,14033633,23914883,14033482,453,408,91,49,0.18593478335341646
b3493a703257bd24165eef94b9a3be332b971a42fd4f580d9cf9374db9c957da,Zigzag,23914989,14033633,23915171,14033229,742,155,49,96,0.018710974505922417
460f64391b5c665cc2c4a0ffd4ce1e743de835d2223d3c690ae09daaf9986814,Zigzag,23982098,14071650,23981938,14071575,400,485,106,48,1.5594175715633696
460f64391b5c665cc2c4a0ffd4ce1e743de835d2223d3c690ae09daaf9986814,Zigzag,23982098,14071650,23981708,14071170,170,80,92,53,0.005184023553420928
460f64391b5c665cc2c4a0ffd4ce1e743de835d2223d3c690ae09daaf9986814,Zigzag,23982098,14071650,23982175,14071713,637,623,100,85,1.401807170878627
f0d15a537cf3a47631c02997a7da415f9d222f10460f7695f6152c19d8fc1b72,FCBK,23876775,14012457,23876921,14011972,707,74,44,104,1.5705257496281444
1e389fec838bdcfd14658163dfba7e1013a699f4c9c2581f9920f065028c5865,Zigzag,23937359,13957212,23937657,13957534,858,882,126,61,1.5529709906706692
1e389fec838bdcfd14658163dfba7e1013a699f4c9c2581f9920f065028c5865,Zigzag,23937359,13957212,23937790,13957524,991,872,63,122,0.002125340649349915
3b37617b6fece24ace56aa6006ae4563a7e0a6afe119266ad45722055c41c1c5,Zigzag,23990487,14027285,23990420,14027718,493,994,121,61,0.4852496553753213
3b37617b6fece24ace56aa6006ae4563a7e0a6afe119266ad45722055c41c1c5,Zigzag,23990487,14027285,23990829,14026782,902,57,54,93,1.5624699536467639
3b37617b6fece24ace56aa6006ae4563a7e0a6afe119266ad45722055c41c1c5,Zigzag,23990487,14027285,23990259,14026760,332,35,59,70,0.034899492292889654
3b37617b6fece24ace56aa6006ae4563a7e0a6afe119266ad45722055c41c1c5,Zigzag,23990487,14027285,23990813,14027524,887,800,59,99,0.7566518694330785
458adbcbe29709b9294c04f54cf5439690031115bda4dd38f23ee99ae866ddd2,Zigzag,23889824,13975303,23889789,13975690,525,947,91,51,1.565194900074133
a57d31477379d67bbc867ae3a6281ed6d52a61541428c0cc4dac32c271374bd8,Zigzag,23899144,13969985,23899082,13970476,497,1051,102,49,0.006796464604031127
a57d31477379d67bbc867ae3a6281ed6d52a61541428c0cc4dac32c271374bd8,Zigzag,23899144,13969985,23899217,13970477,633,1051,101,51,0.03626660315194121
cd6ab581827e89cacfaa15f47db0ee83f403d20ff44cf0969a65a4fc096876c6,Zigzag,23929902,13997611,23930253,13997504,910,453,117,54,0.04869216794538355
5a3cc7b497ffefc8a5e456019959b65e34bd1a20b591a62856d207f3d98af454,Zigzag,23954136,13919871,23954117,13920045,541,733,55,106,0.12116190363034882
d2696ba84f4be0530279d054d82e4ac7bfd8e8d0283a423c2676740568a22ca7,Zigzag,23743489,13868452,23743676,13868252,747,360,98,50,0.019637070049646058
37bb9da488bf23a0c44c390e7c0168ee81d78e48933f5a8af80c60969a98a362,Zigzag,23991419,14038921,23991079,14039140,220,779,53,87,1.5576628147211165
11597d19474f9aedd1e03eff96d0b2828ee8755a7a9c466d0eb591f7ed3f5fee,Zigzag,23948544,14086400,23948622,14086285,639,444,50,102,1.568353142810858
d3918b66254895e1af3a6fb39ff8ae1024d4c6a483adc96a1365c5fed50bb214,Zigzag,23949476,13860933,23949690,13860560,774,187,97,50,1.5419857174902014
6a078ed21a27f19e9eacd2ff88280279e26ff37369a49ce3e194691ddd9bb734,Zigzag,23947612,13977430,23947970,13977785,918,915,52,111,1.5601443482248523
d2cc8977758078ddce1bb12bd335960d68db9c93e5c551a196590ca4a00d6792,Zigzag,23929902,13989118,23929553,13989628,210,1070,96,54,1.5645801093364882
d2cc8977758078ddce1bb12bd335960d68db9c93e5c551a196590ca4a00d6792,Zigzag,23929902,13989118,23929723,13988770,381,212,53,89,1.5692791239218784
15ba994f402741dcbba71bce63dd7cb7bbacc0c750f98c3979fd54cfff2be195,Zigzag,23834832,13943357,23834896,13943626,624,828,114,56,0.002956513225563645
a1a0fe6386fe922642cbe21e1dc2ef472a782701683548d1a0a0fbd8cd3b30cb,Zigzag,23924310,14000794,23923839,14000491,89,257,106,53,0.030283447659022918
a1a0fe6386fe922642cbe21e1dc2ef472a782701683548d1a0a0fbd8cd3b30cb,Zigzag,23924310,14000794,23924814,14000933,1064,700,110,51,1.5464053664772424
a1a0fe6386fe922642cbe21e1dc2ef472a782701683548d1a0a0fbd8cd3b30cb,Zigzag,23924310,14000794,23924034,14000719,284,485,117,54,0.006594671374660128
e175cf5d1efa8cd79d415fa909ceb09ed45422e50c9a730a2a45c24a69150fc4,FCBK,23878639,13976366,23878669,13976561,590,755,104,52,0.12511292781169836
e601b234992d79eb3bfcc191e0b725880281e781f6501998c9cc397cdb02e50d,Zigzag,23991419,14024109,23991279,14024065,420,516,107,54,0.039967077970173924
e601b234992d79eb3bfcc191e0b725880281e781f6501998c9cc397cdb02e50d,Zigzag,23991419,14024109,23991154,14023964,295,415,52,99,0.028425670175070274
305ce5fd3e35bb04b4577724889ced6a88c46f92f8ca8ba6dc39a033e30f98e7,Zigzag,23996079,14058992,23996458,14059307,939,875,61,104,0.00010756075919450206
00f04d0bc0ab6dbbad7c48e0780d41a9b621db90b704dab280aaa5d136c3bd0e,Zigzag,23979302,14046320,23979341,14046736,599,976,106,59,0.05550017308752124
a8fdb12162f805875e0f69f7eb43d8088c3148ea2bb0974837b7c22689636673,Zigzag,23958797,13810310,23959295,13810656,1058,906,53,106,1.4711296535275533
00cb57cc13c77f16f39d9dbd1c68203857bf2a1beb426015965066994f12bdbf,Zigzag,23969049,13801670,23968949,13801656,460,546,93,47,0.33072745629063477
8c6249228fcd33d973e34416457eb9d609ef3c8d5832ce2f785889d72359f715,Zigzag,23943883,13751847,23944374,13752190,1051,902,70,131,1.0350453474054844
69f1b5453e64944c1f647550217d17b87b58fee803d77b93214738b5fa966364,Zigzag,23931767,13997611,23932136,13998074,930,1023,88,46,1.5668685636611932
69f1b5453e64944c1f647550217d17b87b58fee803d77b93214738b5fa966364,Zigzag,23931767,13997611,23932163,13997874,956,823,48,105,1.5687064111294569
9d3baf3a17770bc008b3233b8c275acffe421646febd8dd74882ae5f0b2b0fd2,Zigzag,23841356,13875966,23841155,13875656,359,250,101,58,1.5646892989411814
3d28a42d39f91ef18c73dae6efe11f746507fce67ce0b8ce335e37d8b73445e8,Zigzag,23901008,13935890,23900922,13935819,474,489,42,102,1.5671426029373625
607c2ff820ae8e484946a490cba6cca274c7f40cd075ef3e33a940e3ba1bcdcb,Zigzag,23895416,13926281,23895110,13926483,254,762,113,54,1.5616066899794148
a602c27c2d01da26c62af24a3476fa3d78f01b97e5d07668861d0d8afce82006,Zigzag,23942951,13956147,23943425,13956235,1034,648,129,63,0.025971858513806487
073d8d0dc3e87eec36a690a192f683a4c3a054ee779955eed1f55e2b885c52d9,FCBK,23965321,13808151,23965015,13808320,254,729,55,106,0.6611357327246236
e0426cb0256491aa0f6a4ab78aacc4ed21fe2e12d81f0adb5d02b2ffe24702e3,Zigzag,23940155,13962536,23939633,13962996,38,1020,52,112,0.03799772443951997
e0426cb0256491aa0f6a4ab78aacc4ed21fe2e12d81f0adb5d02b2ffe24702e3,Zigzag,23940155,13962536,23939765,13962769,170,793,115,54,1.5645494829839521
3639f8e8ca2e79e34bb42901410895838b9ffd3bd73b0385e4cbbb9df6f52a34,Zigzag,23946680,13956147,23946328,13955793,208,206,131,64,0.03462158519135608
3639f8e8ca2e79e34bb42901410895838b9ffd3bd73b0385e4cbbb9df6f52a34,Zigzag,23946680,13956147,23946497,13956106,377,519,65,123,1.5681210483218575
3639f8e8ca2e79e34bb42901410895838b9ffd3bd73b0385e4cbbb9df6f52a34,Zigzag,23946680,13956147,23946204,13956468,84,881,113,66,1.57030151146436
66d784e6370e0f28c4930acb527605521a4dd9f4d57f77a35405a5a7eae7fba0,Zigzag,23901008,13922008,23901298,13921543,850,95,120,65,0.09985959432118444
2446676615f506bfb3ef18c3e2afff66d654beb8157d7ab7378e69569b80413b,Zigzag,23978370,14049489,23978417,14049608,607,679,57,107,0.5397540101134239
2446676615f506bfb3ef18c3e2afff66d654beb8157d7ab7378e69569b80413b,Zigzag,23978370,14049489,23978377,14049416,567,487,59,114,1.5691594148308794
2446676615f506bfb3ef18c3e2afff66d654beb8157d7ab7378e69569b80413b,Zigzag,23978370,14049489,23977975,14049537,165,608,120,88,1.5102825157675166
718a19085213af777ae908ac3ca2ef1663267abe3129c886021101b0e60a0dfa,Zigzag,23914989,14032575,23915376,14032762,946,747,116,63,1.566092252203435
398af894c3034d3da7fcf862191992f9e6962363d6ace6bb6feba39b76ea615c,Zigzag,23981166,14070596,23980833,14070399,227,363,46,97,1.5657329917723835
2cb7f4c1f92a35b59232ae75d7521621b6f6cc5093e4653b3067d44d8c156a12,Zigzag,23919650,13916665,23919653,13916380,563,276,106,56,1.5686064094305243
40df52264bfdce4be3417a0d50f50f198fc8d731a06c45490920a8fdfedafeb7,Zigzag,23887959,13979556,23888286,13979255,887,259,48,85,0.026589626582326203
fb23c5a8243de9dbe7822f2228b89f1d8761c3452c80621eb963d5ed412feb19,Zigzag,23969981,13838344,23970407,13838254,985,470,116,54,0.06831058962561526
fb23c5a8243de9dbe7822f2228b89f1d8761c3452c80621eb963d5ed412feb19,Zigzag,23969981,13838344,23970042,13838216,621,432,48,105,0.05399980638601944
fb23c5a8243de9dbe7822f2228b89f1d8761c3452c80621eb963d5ed412feb19,Zigzag,23969981,13838344,23969458,13838570,37,786,116,60,1.5695936432466169
fb23c5a8243de9dbe7822f2228b89f1d8761c3452c80621eb963d5ed412feb19,Zigzag,23969981,13838344,23969934,13838390,513,606,105,56,1.5590254210928554
fb23c5a8243de9dbe7822f2228b89f1d8761c3452c80621eb963d5ed412feb19,Zigzag,23969981,13838344,23969890,13838483,469,699,130,51,0.006763442966960094
fb23c5a8243de9dbe7822f2228b89f1d8761c3452c80621eb963d5ed412feb19,Zigzag,23969981,13838344,23969882,13838538,461,754,128,60,0.0024656684497497976
1d9f83425bfd7a92372b1540a1473ab42ed757b9c86ab941039eb910bb1b3ba6,Zigzag,23836696,13956147,23836449,13956301,313,714,52,111,1.540708598589454
d8e94ca07acc92c174bd7bb15128a779fd3daf7550ac14cb18c9ecf6d61d72c9,Zigzag,23898212,13974240,23898416,13974403,764,723,94,47,0.03936644775938779
d8e94ca07acc92c174bd7bb15128a779fd3daf7550ac14cb18c9ecf6d61d72c9,Zigzag,23898212,13974240,23898661,13974059,1009,380,100,54,0.05543138862999154
d8e94ca07acc92c174bd7bb15128a779fd3daf7550ac14cb18c9ecf6d61d72c9,Zigzag,23898212,13974240,23898712,13974236,1060,556,51,108,1.5692146754234986
d8e94ca07acc92c174bd7bb15128a779fd3daf7550ac14cb18c9ecf6d61d72c9,Zigzag,23898212,13974240,23898641,13973942,989,262,110,47,0.005619333358202542
033f1f2edecad8bb5b7bc49ef68e665d29400a8d22535186ec963820bf3b6c10,FCBK,23930834,13882402,23930499,13882662,224,820,52,108,1.5502348589667216
1e13bcb5ed3ed8fd5215a44e42677dfd1b3d5c04b32810617529cb02d76b2279,Zigzag,23938291,13963600,23938439,13963665,708,624,124,70,0.007526379842470301
209c00a6b5b5b5025c044453ac7c66680b22b11e3558eb8d187f7021ca521432,FCBK,23950408,13788695,23950814,13789207,966,1072,98,46,1.5624587683701854
b4bfce6d9d43e154f32d6f0435734e669d98ea70ce5d0751b383ddbfe92281f8,Zigzag,23984894,14029401,23985233,14028909,899,68,110,65,0.0766997301516898
b4bfce6d9d43e154f32d6f0435734e669d98ea70ce5d0751b383ddbfe92281f8,Zigzag,23984894,14029401,23985013,14029867,679,1026,105,46,0.030493123741190824
b4bfce6d9d43e154f32d6f0435734e669d98ea70ce5d0751b383ddbfe92281f8,Zigzag,23984894,14029401,23984845,14029277,510,436,53,99,1.570357038373088
b4bfce6d9d43e154f32d6f0435734e669d98ea70ce5d0751b383ddbfe92281f8,Zigzag,23984894,14029401,23984530,14029258,195,417,59,105,1.5692069522563372
36b3f91e3f93ff81a1218725137d4cda232f1545f57bdc55c27b7af458557f7d,Zigzag,23917786,13849107,23917415,13849502,189,955,104,50,1.5679637886594884
36b3f91e3f93ff81a1218725137d4cda232f1545f57bdc55c27b7af458557f7d,Zigzag,23917786,13849107,23917676,13849503,450,956,123,57,1.5288593959513643
540c56095757c74172644cea32a8072b4c733fbea9f2d4359c20d6026c4b3bb6,Zigzag,23832967,13946556,23833243,13946368,836,372,54,102,0.020461742848324315
9bb743b63db88e19be3df37f50edc15b1a13bde8597ebd7a1f6fa7949e77c46f,Zigzag,23928970,14017755,23928688,14018100,278,904,48,96,1.5684890971845065
a0e5231d148f365046d41ae7b67b965048feb6528c93c2db36f17feaf82bd445,FCBK,23952272,13919871,23952545,13920079,833,768,55,103,0.09471215334249523
29aa5dd66080470e8ed17a6a472d8f6f1f7e1199c8355e01fd16d7362ab468a0,Zigzag,23836696,13954016,23836407,13953530,271,74,53,122,1.562730810275537
29aa5dd66080470e8ed17a6a472d8f6f1f7e1199c8355e01fd16d7362ab468a0,Zigzag,23836696,13954016,23836501,13953515,366,59,54,110,0.010317505302779197
3f12194017c5989698e07d5b93e9c3bf54f3fe99a5b1ebe6401e0ded514b5f2a,Zigzag,23946680,13958277,23946397,13958120,277,404,135,65,0.009245085701912514
3f12194017c5989698e07d5b93e9c3bf54f3fe99a5b1ebe6401e0ded514b5f2a,Zigzag,23946680,13958277,23946410,13958558,290,841,115,59,1.5647887680078958
3f12194017c5989698e07d5b93e9c3bf54f3fe99a5b1ebe6401e0ded514b5f2a,Zigzag,23946680,13958277,23946590,13958008,471,291,63,133,1.569077922101523
3f12194017c5989698e07d5b93e9c3bf54f3fe99a5b1ebe6401e0ded514b5f2a,Zigzag,23946680,13958277,23946753,13958030,633,313,67,133,0.002544235603022013
3f12194017c5989698e07d5b93e9c3bf54f3fe99a5b1ebe6401e0ded514b5f2a,Zigzag,23946680,13958277,23946553,13958561,433,844,65,120,0.0023189844497406758
3f12194017c5989698e07d5b93e9c3bf54f3fe99a5b1ebe6401e0ded514b5f2a,Zigzag,23946680,13958277,23946231,13958384,111,667,121,60,1.5660979779997788
3f12194017c5989698e07d5b93e9c3bf54f3fe99a5b1ebe6401e0ded514b5f2a,Zigzag,23946680,13958277,23946304,13958388,184,671,132,64,1.5693599508609624
fe5339d2921b031203b5f0a943f540cdeb1b07a598d33960dc4d2d4475db22d7,Zigzag,23878639,14006097,23878193,14005747,115,210,103,46,0.0013283267551570037
fe5339d2921b031203b5f0a943f540cdeb1b07a598d33960dc4d2d4475db22d7,Zigzag,23878639,14006097,23878448,14005870,369,333,108,49,0.003278002542217445
56b2f8fe2580a29c5429321413add5a6e56691d42a1d12254069d7b7c412881e,Zigzag,23934563,13998672,23934801,13999195,799,1083,77,56,1.5461999035991427
105174a42cd6b8822a7e1f8bb81123907ab42a268d8b605cc68e9038853d45f9,Zigzag,23792888,13899547,23792424,13899983,95,996,123,55,0.04422511052974994
105174a42cd6b8822a7e1f8bb81123907ab42a268d8b605cc68e9038853d45f9,Zigzag,23792888,13899547,23792477,13899189,148,202,63,117,0.023356994266214754
105174a42cd6b8822a7e1f8bb81123907ab42a268d8b605cc68e9038853d45f9,Zigzag,23792888,13899547,23792674,13899510,346,523,50,111,1.5541459773436122
105174a42cd6b8822a7e1f8bb81123907ab42a268d8b605cc68e9038853d45f9,Zigzag,23792888,13899547,23792623,13899905,294,918,60,103,0.0030466794336655913
105174a42cd6b8822a7e1f8bb81123907ab42a268d8b605cc68e9038853d45f9,Zigzag,23792888,13899547,23792604,13899732,276,745,56,109,0.004873541622507022
105174a42cd6b8822a7e1f8bb81123907ab42a268d8b605cc68e9038853d45f9,Zigzag,23792888,13899547,23792680,13899421,352,434,144,64,0.0028569747190043565
1ee8112c9d84cdc8f50f1ba39a16ab50854c07372a2f349d8f547049fa72e745,Zigzag,23998875,14053714,23998595,14054157,280,1003,40,85,1.5682668563915394
1ee8112c9d84cdc8f50f1ba39a16ab50854c07372a2f349d8f547049fa72e745,Zigzag,23998875,14053714,23998628,14054079,313,925,49,97,1.5689385056184573
c664148c78ad3eaefa556e1965b30221bdde7b92301563d0321ef98eab18fa06,Zigzag,23843220,13905969,23843431,13905660,771,251,112,48,0.0034628755960650574
2d490f01d881b4c40c8ad9b17843dd9453ea79e8feb0872db4f29e106d436dd0,Zigzag,23930834,13959342,23930682,13958824,408,43,47,105,1.5674960044140158
e85f12ac7acc2151fb1e42629b3b37d1d3d3d3e1976404fc29a86b9101bd2827,Zigzag,23938291,13951885,23938649,13951934,918,608,91,52,0.04480943720123775
954bfc7b6595b6fe986788723410ff881fe989ca3dd25be3b3202184b9d46f1c,Zigzag,23927106,13872747,23927157,13872884,610,698,116,60,1.566354839886917
13a023af16c4eb98fd50e11f2f34496f618a11bda88fd33d10930126b4b85a9d,Zigzag,23970913,14067432,23971165,14067567,811,694,56,112,1.551483881517969
85ee82b8bed31beae3711f300ffc718f6c34490b067f370b1bd72c3c7fd815b0,Zigzag,23967185,14079028,23966780,14078552,155,85,56,108,1.5241985977276167
85ee82b8bed31beae3711f300ffc718f6c34490b067f370b1bd72c3c7fd815b0,Zigzag,23967185,14079028,23967582,14078933,957,466,55,109,1.5683528764947487
4b829a200db415723f47991303a2be20e8abb99f818b115fc5d0a7640e43295b,Zigzag,23932699,13964665,23932667,13964263,529,158,118,55,0.009251321243933583
83d4ac228428be9227eb57bbfdef7f250651cd34d4740ab48b6e0137fa96e513,Zigzag,23919650,13858784,23919215,13859318,126,1094,75,61,1.1592544482774803
c66dab8d1384920680fa9350acc2226a3754ddc75b8a7179ff9c89f184fb3eb6,Zigzag,23991419,14027285,23991053,14027088,194,363,75,97,0.005311514068230065
c66dab8d1384920680fa9350acc2226a3754ddc75b8a7179ff9c89f184fb3eb6,FCBK,23991419,14027285,23991260,14027283,401,559,100,83,1.5065326517946305
94c4e4e116390e8f94727af760a10db37842229bb2ec421b1afbccd442a1b057,Zigzag,23970913,14069542,23971331,14069984,977,1003,93,50,0.05151322535978007
5160921705a4302fedc248f036dd35651dc4d28fede44ff62c2c21b5a695d195,Zigzag,23776111,13893121,23776447,13893403,895,842,56,124,1.5628141672176565
258362d2ead4ba8720f1b08f11dbd752e9bd3231b414b1dfb6ad0c7087b72de5,Zigzag,23878639,13898476,23879068,13898599,990,683,55,119,1.5700684848689779
621a194807dc1a8374350a486191814c83502856805f93ac37550303325bc4e1,FCBK,23959729,13810310,23959518,13810250,350,499,129,58,0.00651565871406884
7d61c21c0910281055791d5e24a6e1fc4e420318adc43dd61908dd19f53f9894,Zigzag,23925242,13853409,23925198,13853821,516,972,95,54,1.5415771885789833
b7898504cab5989181fbced6f40f2ea0fcf8af295215d27a076128460cc069ad,Zigzag,23983030,13810310,23982715,13810047,244,296,58,108,0.28078536281594696
b7898504cab5989181fbced6f40f2ea0fcf8af295215d27a076128460cc069ad,Zigzag,23983030,13810310,23982671,13809947,201,196,109,52,0.024559840100873465
b7898504cab5989181fbced6f40f2ea0fcf8af295215d27a076128460cc069ad,Zigzag,23983030,13810310,23982753,13809849,283,99,68,91,1.5338207319041275
1745150abf35b02558616a6fddd774010f17aee7c859dd8d896509e036c63ddb,Zigzag,23800345,13904899,23800515,13905199,730,860,103,55,0.0016226533891379466
18ba59efea5b4cbb2a03f0c8702fe8be6a742bacc6f66473be5012782dc2db35,Zigzag,23879571,13981681,23879459,13981360,448,239,120,58,0.04823028842739054
18ba59efea5b4cbb2a03f0c8702fe8be6a742bacc6f66473be5012782dc2db35,Zigzag,23879571,13981681,23879543,13981198,532,76,52,97,1.5641533377718029
35f176999857d5d9f8464e946fb4fdea535f0ebed9d4d3e7b991c2c26e985155,Zigzag,23805937,13879185,23805613,13879114,236,489,106,49,0.018625050110064535
05357a39434121d6a0775e927998a75f68ee3d3df0bd8112c0f7985a8574ae70,Zigzag,23914057,13896334,23914155,13896710,658,936,123,67,1.566764167746462
b1c464cdc8e7dc8c5e6176a0053d959f23e635fff046008e47bb29b81face026,Zigzag,23826443,13958277,23826717,13957930,834,213,96,53,0.15607993194054434
d712fcc03c63077513e2b331338b1ec312be1c3692623819fd12091c58524de2,Zigzag,23980234,14065323,23979906,14065566,232,803,52,84,1.56724393621684
00fb333fdb20eb194b8f13577f5b2e8251339e3d2a58980bb288095233ed5352,Zigzag,23944816,13887763,23944323,13888167,68,964,61,112,0.05655418566794735
4e231d314d73635aa59bfd7a4a9dae029e26d66bcebcf3b3289bc0bfdbcbb76e,Zigzag,23960661,14046320,23960522,14046182,421,422,116,53,0.006866504700402909
bbc7c0f4bf4967174ec56834b2965f1f79679cfeb6166e116e65eca0a6004efd,Zigzag,23932699,13993365,23932570,13993512,432,707,56,111,0.06800423871528287
bbc7c0f4bf4967174ec56834b2965f1f79679cfeb6166e116e65eca0a6004efd,Zigzag,23932699,13993365,23932440,13993441,301,636,113,60,1.1587505781992373
bbc7c0f4bf4967174ec56834b2965f1f79679cfeb6166e116e65eca0a6004efd,Zigzag,23932699,13993365,23932706,13992941,568,136,54,106,0.0009117740958762653
e66b53356b755aaf76640d196ee9a40aa3710ca490669e9dc856b1aeeb26ded9,Zigzag,23950408,13968921,23950385,13969432,537,1071,57,149,1.5702180213641859
dc77ad413eaa9e4e27519828ea107a740e70a62a1430e0f3ee20bdf48f5ad3a3,Zigzag,23967185,13862008,23966918,13862397,293,950,56,109,0.019553615319580303
061d09f5f2c7ebbf0e64ff2be3cb2e531234902e09ca6d13a3e8e19554ccb1db,Zigzag,23984894,14052658,23985141,14052679,807,581,91,46,0.07190962713464037
061d09f5f2c7ebbf0e64ff2be3cb2e531234902e09ca6d13a3e8e19554ccb1db,Zigzag,23984894,14052658,23985040,14052580,706,483,96,48,1.564288626355179
061d09f5f2c7ebbf0e64ff2be3cb2e531234902e09ca6d13a3e8e19554ccb1db,Zigzag,23984894,14052658,23984766,14052809,432,711,44,98,1.5703262788624976
5f5643bfec8b964bf2ba41ff82a533d1b0ad12fe9947f76ce83e8df6a24fce43,Zigzag,23959729,14044206,23960139,14044402,971,755,101,55,0.2808139917976653
5f5643bfec8b964bf2ba41ff82a533d1b0ad12fe9947f76ce83e8df6a24fce43,Zigzag,23959729,14044206,23960061,14044460,892,814,91,47,0.02507718202916198
5f5643bfec8b964bf2ba41ff82a533d1b0ad12fe9947f76ce83e8df6a24fce43,Zigzag,23959729,14044206,23960069,14044027,900,380,111,50,0.007137300329588131
219abc9f58bf2bb151168a8c86517d475bd878ef480257e2792b063ca4f3b8cc,Zigzag,23957864,13962536,23957783,13962684,479,708,117,60,0.03320618997338462
219abc9f58bf2bb151168a8c86517d475bd878ef480257e2792b063ca4f3b8cc,Zigzag,23957864,13962536,23957749,13962118,444,142,128,67,0.2737221436175956
741c67cb57d49dc22d7a387aaec6ec7eee36e0d55a2a41492a59c4b6204115d6,Zigzag,23941087,13962536,23941495,13962846,968,871,109,57,1.5655779957969407
10926f6df09c290bf48d86818b094aa8b6ff4af4fa4c67778ff0b379df547834,Zigzag,23859065,13911318,23858511,13911645,6,887,95,13,1.5653291233930728
ebc401d8bbca8b6b69b38b4a49b4dd906027e851e4173ae1f8869aea809ff4af,Zigzag,23983030,14065323,23982677,14065612,207,849,46,99,1.5688181307371858
7738bfac75f80eee518607ece6fb7d0b03eeca8a6226129eb34455c10cf03614,Zigzag,23887027,13979556,23887322,13979942,854,947,57,99,0.013868920081967731
7738bfac75f80eee518607ece6fb7d0b03eeca8a6226129eb34455c10cf03614,Zigzag,23887027,13979556,23886832,13979341,365,346,50,110,1.5700849964677364
a959c7b0eb0ba060b6364835f9a1e31b579ba47ff23c91ee4c67aa46c5ba6fbc,Zigzag,23900076,13977430,23900000,13977088,484,218,48,91,1.569179122222946
6aa2c9f1c40af12d9f897f7db673b3e4a6a42ec9116e66e4efa829b4f8658ae6,Zigzag,23841356,13944424,23841191,13944727,395,863,61,117,1.5548197570994022
6aa2c9f1c40af12d9f897f7db673b3e4a6a42ec9116e66e4efa829b4f8658ae6,Zigzag,23841356,13944424,23841253,13944605,457,742,114,56,0.0023503767211643096
2b15319da068c5e41a95ab07cfb3d94dfd9da96a658add8983741e7847824410,Zigzag,23936427,13868452,23936263,13868880,396,988,117,59,0.26565268229087147
a71c0f6f399b9241185d52430fede1ca30b1b52dd17675c435f17bf07c65751d,Zigzag,23906601,13924145,23906636,13923968,596,383,52,108,0.03265122049172574
a71c0f6f399b9241185d52430fede1ca30b1b52dd17675c435f17bf07c65751d,Zigzag,23906601,13924145,23906425,13923986,384,400,55,121,1.5681382257108885
b19c6e042afffbaf408ecfd6414e61d621a4e2eacef763266d90d1fa4a4f068e,Zigzag,23954136,13871673,23954495,13871331,919,218,107,53,0.26537286728408815
373b65b23aa076ce33ab4a7036ea4c2adaea641d8d0ce1b6a843bc82ad34f0a9,Zigzag,23944816,13852333,23944877,13852205,622,432,118,59,0.043738904699674744
30b880fead84af79cd12e730c6f95b83646e3356b45e1b22d881fe3761d7ffcd,Zigzag,23923378,13998672,23923112,13998956,294,845,101,47,1.556040150668931
30b880fead84af79cd12e730c6f95b83646e3356b45e1b22d881fe3761d7ffcd,Zigzag,23923378,13998672,23923092,13998807,274,695,112,56,0.08057051828282227
2387709de080b25ede97008706f7a7705036e48b927d71d9fbd5b27aad42b2db,Zigzag,23821783,13954016,23822144,13953853,921,397,50,101,0.0019354326866035335
2387709de080b25ede97008706f7a7705036e48b927d71d9fbd5b27aad42b2db,Zigzag,23821783,13954016,23821367,13953524,145,68,42,71,0.0030441242034204715
17a6d0920b25bd2ecdaecde4e7574aca8520c67a0c5e738f114c46dc68951d8f,Zigzag,23910329,14039978,23910634,14039607,865,189,46,94,0.021567152357194353
b645c0e29f592f15a374554d349954b6e05d690453a9940cb4315a57340e4173,Zigzag,23990487,14028343,23990886,14027952,959,169,61,100,1.4602105599001738
b645c0e29f592f15a374554d349954b6e05d690453a9940cb4315a57340e4173,Zigzag,23990487,14028343,23990382,14027838,455,55,72,101,0.001610791789276923
c6dc2268204749da325b33f2067f1dec74d038c4fc995f4220c851fb75ac6445,Zigzag,23819918,13929485,23820252,13929559,893,634,52,111,0.8332224778837914
97fe4f4e8bc58bdf1b5ec8f701736cc4ac3276a09fdda10bc9d55096a294be97,Zigzag,23874910,13893121,23875046,13892705,696,144,118,64,1.5043238259865188
bfc1ab88278a1732a92748e5f7c1c626982daba45ef6cea3f372ca328233e837,Zigzag,23874910,13982744,23874889,13982344,539,160,102,50,1.5614442371529198
f9f3fef9d1a1609fd88985114b452b47d21be4e64e913ba769e25fd1cefb82ee,Zigzag,23775179,13881330,23775299,13881418,679,648,113,59,1.5564450843126776
94d0ba8657fe696a3ef94a4ebd6c88b4c059ad25aec867fdf414364fd2c9cd77,FCBK,23970913,14053714,23971222,14053907,869,754,95,44,0.6427733701665818
94d0ba8657fe696a3ef94a4ebd6c88b4c059ad25aec867fdf414364fd2c9cd77,Zigzag,23970913,14053714,23970854,14053453,500,299,116,54,1.5668057130594675
2e6cf9475322ddcce92d933e840092796c2284bd9fd8bf0ebad5edcaf2c7beb7,Zigzag,23876775,14042093,23876886,14042568,672,1035,105,53,0.05836788991645379
2e6cf9475322ddcce92d933e840092796c2284bd9fd8bf0ebad5edcaf2c7beb7,Zigzag,23876775,14042093,23876947,14042434,732,902,55,93,0.01209612968600494
2e6cf9475322ddcce92d933e840092796c2284bd9fd8bf0ebad5edcaf2c7beb7,Zigzag,23876775,14042093,23876412,14042453,198,921,54,105,0.044810469176160155
2e6cf9475322ddcce92d933e840092796c2284bd9fd8bf0ebad5edcaf2c7beb7,Zigzag,23876775,14042093,23876579,14042339,365,806,110,52,0.0014288172637836982
946caf4d655945fe3b90a17d7513b2b61c1459238a7d4534427b648cfde3b3ae,Zigzag,23873046,14061103,23873270,14061263,784,721,89,49,0.0
af16c2dae171b9786642c9bf25ac046a151a9d40313aa9a7994440a2a7c154db,Zigzag,23938291,13994426,23938292,13994951,561,1085,136,60,0.013933863761862834
6ad7d5f178ef1fdf6ceaecc556ab04da7b6e3877c972211c1d2578a19d533059,Zigzag,23912193,14052658,23912095,14052208,462,111,49,124,1.5650388388342544
25374483964c1c335aab58816e44e30711bab1b5be0bb110e581b89f08152298,Zigzag,23900076,13981681,23900362,13981345,846,224,106,60,1.5632878104175272
824031ea8efd29380cbb54991728aa5a58bc9a0c0a526dd6d0ee22afe8589709,Zigzag,23796617,13898476,23796994,13898283,937,366,52,107,1.5585038409933634
9b2cbb9d89e99420ffc949ffe8f17e6209fa374bdf4f8ba4d9200fd81e09f19c,Zigzag,23958797,14045263,23958848,14045646,611,943,97,50,0.004824722030625857
f4159bc44d9642e83c24375d3c99d4821ce42fd64e64ff774eda5e4123c54d6c,Zigzag,23721119,13866304,23720859,13866471,299,726,140,60,0.28326057131209387
b0c5432aa23384a1a398fd65b1880ab74020753b2a6f737af0efaf56d83a2cfd,Zigzag,23965321,14063213,23965352,14063366,591,713,115,62,1.5664702879201717
9365a2ae4afa1c638e2fb704ffb9bd2a14d9a906e2853e76fb1daebff5b528ef,Zigzag,23880503,13916665,23880890,13916207,947,103,112,50,0.0015368188489594194
f3a67131652e741bf76db362b10a6ae83a359a470495c883e15f73a2f239cf10,Zigzag,23901008,13858784,23900749,13858281,301,57,55,109,0.0960831237045328
c1593b693b8a7c936e624ecc3254c3bfc9a91d158ed766a67a82a2e2418fe00e,Zigzag,23951340,13888835,23951381,13889370,601,1096,110,58,0.12433530974053043
7b6dcbd35798f571463b6b541c6045652a2019e4ada88f784cdc0a701ab8cedb,Zigzag,23932699,13930553,23932873,13930515,734,522,104,54,1.5571083445821616
709a184d8f98c22eaa6f4e88a27515d50048264e66b23b6ae5540ae9a0579bc8,Zigzag,23983030,14054770,23982848,14054548,378,338,53,96,1.567634755106809
709a184d8f98c22eaa6f4e88a27515d50048264e66b23b6ae5540ae9a0579bc8,Zigzag,23983030,14054770,23983577,14055268,1107,1059,78,43,1.4279050842969676
26602bcdd7aa665f95935cf3514b83823433b6b85e4b725e3427dab037975dcc,Zigzag,23958797,13803831,23959155,13803872,918,602,54,101,0.13427694834644507
0862c6c0bc950353f6fb8b0da94cfe0cd2f67536800e679a06c84c93d37255ab,Zigzag,23881435,14024109,23881813,14023670,938,121,44,100,1.5530524834000254
0862c6c0bc950353f6fb8b0da94cfe0cd2f67536800e679a06c84c93d37255ab,Zigzag,23881435,14024109,23881699,14023605,824,56,100,55,0.04753016418275473
aa8dec74b6f3251d42c281a25aa8fc97d57f0388e9227aad758afda330650ac3,Zigzag,23946680,13971049,23946657,13970880,537,391,121,54,0.01357854293668932
57eb125a129c5dab940294f0c200d3c120748f873a44e4b0d709806260d7936b,Zigzag,23900076,13940158,23900346,13939821,830,223,130,55,0.0157711785979085
1a7e3f4eb92e034a57457c8036212c491ac2eedfafade656b3596dce55b01569,Zigzag,23924310,14021992,23924209,14022081,459,650,107,54,0.43088498343639337
a688b0a0c87e34251450fbdc6ea8f7fa668d06a6d56121e5424c710902122c74,Zigzag,23981166,14066378,23980698,14066186,92,368,45,85,1.569720010240341
3a0cd041de5ac656d7593bda035b37f50e1f26eb39e3f6df9d72fd2f00ae9610,Zigzag,23896348,13925213,23896299,13925596,512,943,119,51,0.06353446820428874
3a0cd041de5ac656d7593bda035b37f50e1f26eb39e3f6df9d72fd2f00ae9610,Zigzag,23896348,13925213,23896766,13925104,978,451,112,53,1.4233035414074742
3a0cd041de5ac656d7593bda035b37f50e1f26eb39e3f6df9d72fd2f00ae9610,Zigzag,23896348,13925213,23896567,13925189,779,535,47,129,1.5503682833373347
315a2e19424c07cf82090e00755d339c06533148cff5caf61f73473a947c2baf,Zigzag,23966253,14067432,23966055,14067356,362,483,56,109,1.5692759281285702
6275436b187043ef12883a92370950248c7d4f56cab138f1f2befaf34b8315f8,Zigzag,23895416,14014577,23895604,14014971,748,955,102,49,0.4106444598090868
d8541da2ce9d374677f5dd5123ee2a2d05eb693dd2288c766aa85eacd29df682,Zigzag,23986759,14032575,23986465,14032985,267,970,104,58,1.56570569437121
9913c93a4b9cf70de0d4e4bb1ab0b0f967e5146e15e169e664575dd0b3c99747,Zigzag,23933631,13992303,23933450,13992690,379,947,54,99,1.5673443373899358
538154703673f5cccaeeafd014ba700744975769a597612b53830037e3137452,Zigzag,23875843,13967857,23876147,13968107,864,810,57,98,0.0002340908520299549
d0dacf8b594cd3def569706eb9729563b49a1a66efe6b2a760504c841857c677,FCBK,23735100,13867378,23735154,13867111,614,293,108,53,0.24180410801872548
0c928459a81abb47014972ded1ec6061018f59545fb8c96e41a86b5f69ee73ae,Zigzag,23846948,13956147,23846781,13956048,393,462,112,53,0.002519855975703154
f78a4ea0ed9576aade97442c6ce12da0cdbcb4b6f5018600c13bb648fb5cdbc3,Zigzag,23942019,13920940,23942124,13921193,665,813,93,119,1.2985681333250514
2df41d39779ba10d0ec5373ea2d3dbb4865974c4ac62b0dad23b88f7f529f8c5,Zigzag,23887027,13866304,23887288,13865918,821,173,60,102,1.5436623105544607
81d983632e81a44cc35bc394cc433ad964ed09f8ca79dbb7a6250aecdac48197,Zigzag,23903805,13983806,23904047,13983602,802,356,76,43,1.1668822742716853
a6fa7c6d4ef52bfaca6a1120f75e9bd960bd38021857e114d081666d51f753ac,Zigzag,23938291,13947622,23938129,13948148,398,1086,109,46,0.002317943892365538
38a0adc5f23ec84826d2a29c2012cd1b4157951f8390c6374c7abce4a7a09c2a,Zigzag,23874910,13899547,23874784,13899465,434,478,59,125,1.5256702605459944
a7984a05ce4635afc4f2a0e78b2f5509f179cb7464d1b83408b35f1fd2e83bdb,Zigzag,23931767,13991242,23931612,13991406,405,725,53,105,1.5007366811562366
a7984a05ce4635afc4f2a0e78b2f5509f179cb7464d1b83408b35f1fd2e83bdb,Zigzag,23931767,13991242,23931256,13991497,50,815,117,58,1.5676464730156054
a7984a05ce4635afc4f2a0e78b2f5509f179cb7464d1b83408b35f1fd2e83bdb,Zigzag,23931767,13991242,23932112,13991156,906,475,51,95,1.5580686804712442
56c3f06df3331752ba9bac77dcc4f1741cda2fa94a14c0c8264e2bacc493d7c0,Zigzag,23997011,14064268,23997020,14063849,568,141,101,49,0.03930279820933489
56c3f06df3331752ba9bac77dcc4f1741cda2fa94a14c0c8264e2bacc493d7c0,Zigzag,23997011,14064268,23996857,14064475,406,767,50,101,1.5662112955041616
dae77568e1a83c43d67534371fda108bf3f94e0e96896be5572dfdf401e6abd5,Zigzag,23878639,14015636,23878845,14016101,766,1025,57,106,0.01781452119348812
091a961d137a068e16ca11f36188998cd9cc3d96b791f90e6dd07b79474a66d8,Zigzag,23973710,13836190,23973673,13835736,524,106,70,92,0.00210561934330693
a141aef4f84e926b42ade3043344f5384a37b3bd3c87c4fee29b91f3cb582f2a,Zigzag,23853473,13901688,23853801,13902065,888,937,55,113,0.09427267350598331
fc618a3c9676c03ffdd3cc2fb38c6673baf82c6f2e3346b303e80ef49ab973c7,Zigzag,23925242,13983806,23925048,13983816,366,570,111,59,0.05812002452037307
acd8e9347760f517304a3be97e5e893bf90326d48192364768509fa393064b14,Zigzag,23991419,14034691,23991549,14034429,690,298,123,54,0.0042208492131530885
20fb8397cca61406fef97de81d8d5ebf6cce6ff68494a3854d8471ff57329d69,FCBK,23728576,13904899,23728919,13905127,903,788,110,49,0.0036138713683117212
19f673cbafb967a2e8769f58cb801a3b37194374ae54d0348c6c3afc160fb966,Zigzag,23928038,13986994,23927662,13987397,183,963,116,58,1.562484601032759
c246f86ad7c0440dbf034e76190f19fc950d040e04879d43187fa3f27e540a00,Zigzag,23818054,13889906,23818540,13890120,1046,773,109,56,0.03896002440990647
90097cd8d0124092e49ae0222b0181c45d04f86b5017efe665855837caf52155,Zigzag,23875843,14069542,23875864,14069351,581,370,39,96,1.543179878922993
acee6c73a2f5dc14d6a39140ed82403f3b3ab02e0c8466937fa403820157f927,Zigzag,23938291,13971049,23938464,13970657,733,168,63,146,1.5682515432152713
acee6c73a2f5dc14d6a39140ed82403f3b3ab02e0c8466937fa403820157f927,Zigzag,23938291,13971049,23938660,13970598,929,109,142,58,0.0018424934360091096
caad088c54284ff016a3e04ea812d58ba7354809adaf3879bc90cfe79267ad14,Zigzag,23949476,13822180,23949614,13822501,698,881,44,99,1.551626626952397
f3b811c65cc647922d2d4b717397c3172a5772cc4eb91924972e315e3ea50b7e,Zigzag,23846016,13952951,23845709,13952973,253,582,105,56,0.09925723721687896
becc9fa7e976e2f5df7a45623b4e36382d4457f3da00ed7cf39236f95bdf224f,Zigzag,23824579,13929485,23824871,13929907,852,982,47,114,1.5682069352670125
84d1bfefadffa43fd82805fbd7e23d9f5779980d329170d0538e16f43c3b5fd4,Zigzag,23948544,13844803,23948679,13844913,696,670,59,98,0.07605968931795969
84d1bfefadffa43fd82805fbd7e23d9f5779980d329170d0538e16f43c3b5fd4,Zigzag,23948544,13844803,23948450,13844327,466,84,100,54,0.08283559504658351
e46504fb4af9746d8fa9a92d40c66ebfd519190902f39992be3c49c48bbd00ad,Zigzag,23982098,13815707,23981928,13815983,390,835,90,48,0.01862031675734584
5c2b050bb2801c840faaa6bed5a40418a92d64f717a2c723defef7712612a4f3,Zigzag,23985826,14060047,23985858,14060303,591,816,85,50,1.4618725055784376
4516a2a2fa2c07813526a496fb272f2100e7f135624cf9700c647c01e56f624a,Zigzag,23876775,13982744,23877179,13983176,965,992,62,118,0.3195039300611457
2f38350b3c4ef3608f57909c1a059d4c12c9956745b7955ac909af9525ed2353,Zigzag,23758402,13877039,23758551,13876728,709,249,101,53,1.5661957160117848
71390b8293afe4b9e813920179f4ec2499a95ccbbe6e237c66f2d050ec3b943f,Zigzag,23952272,13939091,23951975,13938782,263,251,58,110,0.09375719370986325
b128f9680bf1525b8a92a2d47fbac333543ad66027480279724cf77f47be901d,Zigzag,23873978,14039978,23873951,14039982,532,563,43,99,0.3742320901993558
e5b62c34f9df0812dbeb604c5a14d9bc3758a82019edb6eed097567234761c1e,Zigzag,23976506,14060047,23976594,14059806,648,318,55,104,1.5647052779077217
9bee5afb23113f38baa9a6891cad749312e4fccd6f664d460c087e96a11ef756,Zigzag,23946680,13957212,23946321,13957628,201,976,81,132,0.001106089993341932
7179e5fbcd0691fd3cf8084e724a6abb4e4d5d588d0b41b1204f1b88913fea2b,Zigzag,23960661,13929485,23960557,13929585,457,660,120,62,0.024143097002168098
6014e35c9729d7963ca320565de2cf2a62843f3e8f5e48d4e9843f8e150b0a80,Zigzag,23846016,13950820,23846362,13951000,906,740,49,111,1.5688463602447404
9e33836cc77e74f398a2a1e16b3221bbb2ef0631f1d6c132e14ae3e526f7a799,Zigzag,23971845,14069542,23971777,14069513,492,532,54,114,1.5310965844250852
5e3dc7e3deda297fc41f1abb8ed4f37b9986179301820351b17b11136275ac2e,Zigzag,23881435,13980618,23881563,13980162,688,104,102,47,0.017853863156810236
56a83692d4a3983dd2ddb5f7aeee6460d4c382028f3341cc8ca432d1acfaedab,Zigzag,23770519,13898476,23770139,13898842,180,926,50,114,1.5659291335866679
56a83692d4a3983dd2ddb5f7aeee6460d4c382028f3341cc8ca432d1acfaedab,Zigzag,23770519,13898476,23770032,13898037,73,121,133,54,1.5502312636992501
3bfa39e09d06070a7023e75dc5f5660b8a93dc042ce0361703d0adb0d466b331,Zigzag,23880503,13909179,23880200,13909069,258,450,107,52,1.5657875865747302
821e7449a6ef75ee55856d0029c12c0d262447d2c854080ff9d80304f4d73e9a,Zigzag,23863726,13960407,23863459,13960602,293,755,106,63,1.5626764817892995
2136107fe7d8c0b9033b21d42ed093a28296e5a156476b3867aa585fc2b4e770,Zigzag,23942951,13924145,23943091,13924385,700,800,112,51,0.04031290608247753
d3283fa40ecce85b6d0068096505e45841478813be52fbbb4ace86c317d8074a,Zigzag,23931767,13898476,23931742,13898358,535,441,52,99,0.012508926937048328
f59458492caaf909a8328908a8a5dd261c3b4778940fe4709f345523c066c0ae,Zigzag,23880503,13883475,23880523,13883133,580,218,51,101,0.03670259591190081
43d887de6fd286c420ea7d9ae5380145eaa4b954bd74eaaf81b38e04a220eab4,Zigzag,23881435,13902759,23881836,13902708,961,509,52,106,1.5699410526108175
7eb7c6c00e250608d5bb2c0bdd632b93057ce8658017c4b76e88e0e6fac7dfc9,Zigzag,23907533,14024109,23907116,14023846,144,297,86,51,0.016000031520519577
984365d7c89d7b741c1c723e7dca6b13b6bc759c0b97c836b64426a0e9910621,Zigzag,23953204,13967857,23953270,13967574,626,277,45,96,0.15906608453657978
960f42e2505e63e7375e3b31ab3975adaca0e1994f2f7b7e927af93293d5c0e0,Zigzag,23951340,13922008,23951575,13922492,795,1043,127,62,0.035686783048360524
4d92c458ed45b6a56732f3f891a5db4b1d8d9d9341123b0549bb7e76021f7f3e,Zigzag,23816190,13956147,23816020,13955780,390,193,48,100,1.5707181630169027
8733b6efcf4f8c63fd0317e64436752e3f39add1b30755421f85b21cf63d04d1,Zigzag,23886095,13929485,23885990,13929695,455,770,106,44,0.002816841609584973
286b8224d324252792e0fd9b14c4ab604e76d8e7fb604a60e4829c6b3429c703,Zigzag,23983962,14070596,23983927,14070290,525,254,101,46,1.5650516220074866
d91678a1a906495846d1140b7c32078929040d6388f22463f3b90e0ebc0686f9,Zigzag,23942951,13751847,23943010,13751669,618,382,56,114,1.2780309002627963
d91678a1a906495846d1140b7c32078929040d6388f22463f3b90e0ebc0686f9,Zigzag,23942951,13751847,23942683,13751609,292,321,102,63,1.4857486768573795
d91678a1a906495846d1140b7c32078929040d6388f22463f3b90e0ebc0686f9,Zigzag,23942951,13751847,23942503,13751377,111,90,100,67,1.468924422986913
99ee4a27ab4dbb141474aae2b1097c8bbb7919896b96ac9fa90e574497a5f602,Zigzag,23988623,14025168,23988748,14025547,686,940,94,57,1.3253691212711727
99ee4a27ab4dbb141474aae2b1097c8bbb7919896b96ac9fa90e574497a5f602,Zigzag,23988623,14025168,23988857,14025599,794,991,53,112,0.0014796272044756426
5c29d8defd54e347ce94752b20494c0157a59b806453e808e175aff0041a2e59,Zigzag,23901940,13981681,23902118,13981449,738,328,111,56,0.045263156627203184
5c29d8defd54e347ce94752b20494c0157a59b806453e808e175aff0041a2e59,Zigzag,23901940,13981681,23902248,13981164,868,43,52,108,1.5631040523023116
08892ee9c351b41ff54557db0a8d727bfc2e2a25871f85892f8980f38d898ee1,Zigzag,23994215,14030459,23994269,14030057,614,157,44,80,1.4572908032390655
e60335f8aef8a7b6d66bd1f87b89aedf58a9cee44a8610a4b1fee528ff036898,FCBK,23935495,13950820,23935698,13950527,763,267,57,124,0.0350797737345258
e60335f8aef8a7b6d66bd1f87b89aedf58a9cee44a8610a4b1fee528ff036898,Zigzag,23935495,13950820,23935609,13950380,674,121,125,60,0.0007727001957154909
a1b8bc7baf01bf44f15c5e373b92265ed24ba6dbfc1410ce77daae14959daf54,Zigzag,23988623,14013517,23989031,14013015,969,58,99,58,0.0003100147073886786
387f326180f34e53cde0085dd73552741019979a781b457aab0d42596b5d9e11,Zigzag,23978370,14069542,23978516,14069753,706,771,50,100,0.04441558480433945
925b53c94ba73447ba86e2358436d54bc82fc4846d68b40e6c6183a7b85e9385,Zigzag,23901008,13873820,23901480,13874001,1032,741,50,118,1.5695005657665184
3e359058f163c66b526c51441198dc7742dd1dd758685bf441e1fdb75362a53e,Zigzag,23820851,13872747,23821270,13873125,980,939,118,59,1.560021443340545
4083f8eda11771891a904c7218ac2039f7ba6e3ccbeecf69feda19ef662e7bd8,Zigzag,23936427,13915596,23935998,13915407,131,372,121,64,0.019017629183066636
451a78601fc35a996c27ca6187962cd1e9882088c8bba20ba682be782386ba74,Zigzag,23959729,14065323,23959787,14065492,618,729,47,104,0.009445177525048034
164fd9f1b48d43f5f521dd85dc358d1958d3cf0102315ba5a67eff453f556958,Zigzag,23932699,13996549,23932936,13997032,797,1042,61,120,1.4752247963357679
e53cc502af8e3ee93c93416ff297a623d9ae6ddbc97b59d34741075e707467f9,Zigzag,23864658,13968921,23865160,13969218,1062,857,106,52,0.00021470416411563452
75ea803ccc7768a6ba693f9c793b4662894c5948889e29096d8d968f92fee0ed,Zigzag,23977438,14047376,23977742,14047564,864,747,109,52,1.5603388921424823
75ea803ccc7768a6ba693f9c793b4662894c5948889e29096d8d968f92fee0ed,Zigzag,23977438,14047376,23977616,14047653,738,837,58,110,1.5472730243603903
91481fac21e1260cb74e4a8ea48433e47a85c52e08ac2372093456820cda0f2c,Zigzag,23922446,13890978,23922298,13891063,412,645,89,72,1.4929392118005935
72c2cc3a3eaba36fd3435b8184334b819b54a69982acbeff5487332c4a79df13,Zigzag,23942951,13852333,23942622,13852739,230,966,46,109,0.05200673407690697
699f74d542f06d26e90ae6c5eef90d2ba9751d404682451f4ac66cd6209d3e75,Zigzag,23827375,13930553,23827214,13930577,399,584,59,108,0.007158425646875724
defe09b4ad455a6f02677fb2ed8653a10129f7ef819820ecc9a316c5040f9eea,Zigzag,23993283,14036806,23993330,14036367,607,121,51,106,0.18301730702399147
7097e95ea8b001507b7cdbf4fdcd8ac903c5f1ce2b176d3e2a5462c4ead4e658,Zigzag,23943883,13978493,23943683,13978898,359,966,102,50,0.5008457259300706
d3708ec8e5470dd0a94a731a3c159116548fc1de784acb906b9d045bdf78fc3e,Zigzag,23842288,13903829,23842235,13903364,507,95,56,113,1.5681021398781179
2f30e95d56029d8483dc55630c7d24bfb7d9ebcb25016ae5876b4bb068b1e204,Zigzag,23923378,13988056,23923884,13987855,1066,359,115,58,1.5694863178546867
2f30e95d56029d8483dc55630c7d24bfb7d9ebcb25016ae5876b4bb068b1e204,Zigzag,23923378,13988056,23923056,13987555,238,60,54,106,0.002148642658702295
56ae56aa8c195d11aa9ed9c243023830e7c9c11cb708391c559e57fcc432f3d5,Zigzag,23992351,14031518,23992377,14031347,586,390,124,63,0.04386061948386977
56ae56aa8c195d11aa9ed9c243023830e7c9c11cb708391c559e57fcc432f3d5,Zigzag,23992351,14031518,23992442,14031570,651,613,117,55,0.022359116128140472
56ae56aa8c195d11aa9ed9c243023830e7c9c11cb708391c559e57fcc432f3d5,Zigzag,23992351,14031518,23992054,14031179,263,221,54,84,0.7158132928021221
56ae56aa8c195d11aa9ed9c243023830e7c9c11cb708391c559e57fcc432f3d5,Zigzag,23992351,14031518,23992495,14031040,704,82,50,96,1.569165673259441
79dd2daed166ff4be4bb13e668d599263ed2fddcb448cd62fd7295ac96c9381c,FCBK,23859997,14060047,23859491,14060239,54,752,43,100,0.32164734197498235
0a877321ef895abded364d3350b18ecef9435e1baeb8722f20814a9a2a17b94b,Zigzag,23940155,13949754,23939725,13949390,130,196,62,118,1.5627358702816083
e141eb6ba139ab67f860c5cdcfb413ff20bd6fc6a31ffcf224d3d71103d34b19,Zigzag,23836696,13879185,23836698,13879370,562,745,124,54,0.013911127024056282
505abcfd4675cf8fe95e344e5719824bac36a49ffc1005ec21880e6065af0ded,Zigzag,23900076,13854484,23899893,13854874,377,950,54,112,0.6306898759315924
1e123d6e095391bb50d0ecd98bd9345d185fb96bfad1aba91c4a5e22a1468ee1,Zigzag,23946680,13972113,23946229,13972168,109,615,119,50,1.5679913523767706
e5f8fd71b7854e20327c42c875beeb88d6e3b5a868d9c4bd8b1dda6839a0fb66,Zigzag,23750013,13894192,23749627,13894429,173,797,105,55,1.5669955964451898
ab6d9c7481f77cebf75e9eb35f3cf334e9afadb47054ed72ede981f1f79572be,Zigzag,23957864,13966793,23958222,13966675,917,441,99,58,1.5684153276223112
5734936a3882454b08e12839118c7b87faf413cba2f0779ea7ad9a0b1aa5487f,Zigzag,23975574,13830804,23975341,13830509,327,265,48,116,1.5481091237846205
b01256a96e4b1f0c1c8e97a6502ea7c8df9ba9c9980975039d8b9a0f41853f92,Zigzag,23969981,13821101,23970135,13821034,714,493,79,54,1.5637084567117052
219ae83a091dd01320a57259de60a04c924b7d18d89b456209c445601a6c88b6,FCBK,23890756,14052658,23890843,14053041,647,943,90,37,0.04164068746177458
faae2e402d181337a6ea86b7293a3a2b9ec9ed872f6785a2ee607f6afe984341,Zigzag,23932699,13989118,23932558,13988637,419,79,50,87,1.543504651417928
efcee7abd6535d2bbafa885f1352c26b6fb11d22c592028a222a815a03d00d2e,Zigzag,23983962,14067432,23984121,14067196,719,323,56,97,1.5081329452936592
efcee7abd6535d2bbafa885f1352c26b6fb11d22c592028a222a815a03d00d2e,Zigzag,23983962,14067432,23983753,14067242,351,369,48,90,1.5688467597189042
efcee7abd6535d2bbafa885f1352c26b6fb11d22c592028a222a815a03d00d2e,Zigzag,23983962,14067432,23984404,14067018,1002,145,112,53,0.033028875459650386
872c7aa9d0c0b74d0d08a63cadc976489db3ee7ecadedf03fc1c36e02e475801,Zigzag,23848813,13945490,23848712,13945837,459,907,94,51,0.8677362466628913
872c7aa9d0c0b74d0d08a63cadc976489db3ee7ecadedf03fc1c36e02e475801,Zigzag,23848813,13945490,23848580,13945851,327,921,60,121,1.5652770585937619
cd476e4ae62bdbf3547d5337bed86eec6e87818338483e2dfbc976f4b7d639a7,Zigzag,23925242,13981681,23924832,13981558,150,437,63,172,1.10099094179219
cd476e4ae62bdbf3547d5337bed86eec6e87818338483e2dfbc976f4b7d639a7,Zigzag,23925242,13981681,23925301,13981888,619,767,110,60,1.552860203169322
cd476e4ae62bdbf3547d5337bed86eec6e87818338483e2dfbc976f4b7d639a7,Zigzag,23925242,13981681,23925198,13981393,516,272,48,105,0.02357398363840737
9ef8be5df2238e9ea036c9af3158b65e88719810ebf09109886fe92ae5ea240b,Zigzag,23801277,13894192,23800818,13893981,100,349,107,55,0.011910232719539003
bc1e95a2f78a8859f77b90b4b82cf699c5adbf1656d65234ff03c08287ab850d,Zigzag,23781704,13894192,23782140,13893842,996,210,55,113,0.009075696173015865
b62384fbfa50fc20cb8caae9b70876b47b39258734b9eba10fdf8044dd9405a4,Zigzag,23884231,13903829,23884093,13903586,422,317,118,52,0.00986079086088472
b62384fbfa50fc20cb8caae9b70876b47b39258734b9eba10fdf8044dd9405a4,Zigzag,23884231,13903829,23884383,13904092,711,823,90,58,1.5536801904689572
aa9eeb96341be5ef0db395d090a32d8fd0217118cf159180706073a46674f08b,Zigzag,23928970,13989118,23929413,13989558,1003,1000,130,63,0.22457563622905533
a5aca22a567be48e2c343697aeb0f0016165a795b5d4a537b32b23127610060e,Zigzag,23947612,13958277,23947368,13958467,316,750,71,131,0.19716862933212956
79871411e4e8436bd3f480bd8c597802f1a8c41157954519d0149d1f41d34a3b,Zigzag,23991419,14062158,23991066,14061622,207,24,103,44,0.035270277137439736
dee824a72a6a2e6a5905309474bf7ed6abdbec52c981fd75d09532ef2d26b6c9,Zigzag,23962525,13924145,23962189,13923626,225,41,52,119,1.472469223555863
1e8ece04d9706a31c38456d440e0ebb69e45b319f9789096f69661955f29962a,Zigzag,23911261,14051602,23911536,14051480,835,438,125,59,0.03708312834215951
1e8ece04d9706a31c38456d440e0ebb69e45b319f9789096f69661955f29962a,Zigzag,23911261,14051602,23911612,14051627,910,585,116,48,0.0006877860585738576
673cc8c716d16ca58911bdb284b754dc4f0648cc302543fe976c8a3a66df3e44,Zigzag,23820851,13871673,23820428,13871973,138,860,56,111,0.00543679967291013
7d92bec146db239a9889d9542d1fda6e0f4f371995e47bf1750f027b2b33920e,Zigzag,23900076,13982744,23900542,13982450,1026,267,104,47,1.5687347737950663
e777c6d1ecbf55b8cdd015d918bc1a3f9f84ed1a0300cbc58ba90b175d1fbcf3,Zigzag,23924310,13982744,23924481,13983261,731,1077,112,56,0.006979742101893618
aeb53bfa6c4b42d5f39ef6e8d02734633910bb5f1e7680dbfaa0db3e0b96bc93,Zigzag,23928970,13988056,23929402,13988324,991,828,59,102,0.06416340282403538
aeb53bfa6c4b42d5f39ef6e8d02734633910bb5f1e7680dbfaa0db3e0b96bc93,Zigzag,23928970,13988056,23928961,13988283,551,788,51,108,1.5676000008545834
aeb53bfa6c4b42d5f39ef6e8d02734633910bb5f1e7680dbfaa0db3e0b96bc93,Zigzag,23928970,13988056,23929452,13988553,1041,1058,96,57,1.5685139977406988
942a433c738260cc999bf087952743c0073da76bac2dc7648ea31068a6ae4ef1,Zigzag,23878639,14005036,23878269,14005352,190,875,96,44,0.0016478478293176666
208de7589c0aadf9f0fc59e1fba5fab6fd89bbdc72cb1bd087d13a862ae8a5a4,Zigzag,23953204,13940158,23952806,13939661,162,63,114,69,1.5545286735922565
208de7589c0aadf9f0fc59e1fba5fab6fd89bbdc72cb1bd087d13a862ae8a5a4,Zigzag,23953204,13940158,23952822,13940457,178,859,107,48,0.0585130321958631
a0199db5f5a9b4d50fd118aa8352b85884ed288da4130dcdcf04c7ee388b4337,Zigzag,23962525,13926281,23962937,13925790,972,68,108,59,0.03707189729249994
3be32fc0f57d123662e2fec6e3ba2995131f944603081de51a4e1d58d4a77c20,Zigzag,23990487,14016696,23990484,14016673,558,537,99,69,0.04262539959720978
83dda715204a505971a5e9ca5b677387c248209d9c65b772a80563c11c272edb,Zigzag,23939223,13986994,23939246,13986494,583,60,53,102,0.02750069607183691
83dda715204a505971a5e9ca5b677387c248209d9c65b772a80563c11c272edb,Zigzag,23939223,13986994,23939528,13986971,865,538,132,58,0.0019541233180957384
b51e4e8f06e82fc63bf8a9a7a2000ef900e3f2d0e68f9b44019103d95207b065,Zigzag,23949476,13965729,23949779,13966081,863,912,54,105,0.05415274673399565
7b8b5d8e5b7d94f87b9178f7c692e16901fdfd8b684ea9a65fed56ab278a4c46,Zigzag,23952272,13963600,23952576,13963461,864,421,107,45,1.5666812102785062
e2eabbf16ec46ba709492c77c4dd65e19141c4f195cea414c2f59b13e7e85bd7,FCBK,23953204,13807071,23952910,13807259,266,748,122,53,0.048155445278380914
cb0d35705ad9795dba1fc18606f0afd2dd442c16fb4f8785543dee1ad9c4a15f,Zigzag,23749081,13885619,23749064,13885982,543,923,47,90,1.564607539895716
2da8d3055941613523a2fc8b7d2712ab823612e3d84ed6efec30dac4d9f4e61f,Zigzag,23957864,13782202,23957748,13782442,444,799,48,85,0.0039836718315409145
5e37119f3cfb4929482856adde29caa24126efa909d1dea58c71749023dd52be,Zigzag,23949476,13941224,23949472,13940922,556,257,105,54,1.5662652245162358
5e37119f3cfb4929482856adde29caa24126efa909d1dea58c71749023dd52be,Zigzag,23949476,13941224,23949607,13940901,691,236,122,62,0.7433834682500857
426bbb4d1b1d491e671b48a36b8e203c21f4aac389935069dc13633de5ce9cd9,Zigzag,23877707,13981681,23877679,13981928,533,807,106,57,0.06121140526898024
426bbb4d1b1d491e671b48a36b8e203c21f4aac389935069dc13633de5ce9cd9,Zigzag,23877707,13981681,23877610,13982129,463,1008,52,102,1.565001554578993
e13cb997e0d22e592e173b13785f64691846ec74878089614acd05d3771009ce,Zigzag,23804073,13895263,23803797,13895240,284,537,106,58,1.5689249234968978
24de9207e674113559e9353a15827fb80e2a1c420746c7bd95f4ab927b240287,Zigzag,23909397,14026226,23909510,14026638,673,971,99,44,0.04324559155844039
56e916b99b260f007a899069a300b7441eac8211257f434909af722ba0ec6124,Zigzag,23940155,13749676,23940507,13749378,911,262,86,41,1.551249523342042
337402d3f7a59221b3c31e1a401a9784aa335f5256f1d3b11de0d191245a338c,Zigzag,23831103,13910249,23831044,13910675,501,986,49,95,1.489343544854823
4f650f7353fdf03831a57cd321b50438d3954ba33a9dc7884aad06be4023b324,Zigzag,23939223,13950820,23939382,13950697,719,437,107,50,0.000577234574676683
834757e4d05e40c13e04c4025e35f64a7404bafcefebe5a04c667db912f5dd46,Zigzag,23940155,13963600,23940113,13963319,518,278,70,118,1.5695217378971846
e30a4fadd64d7cc355d07e85e4ab83d0bd7cf32525da28d2a9c166fafc2367cd,Zigzag,23942951,13927349,23943170,13927618,779,828,117,58,0.0017681709557985329
cc2d17ab7caff2d6a0443f3c06e67e4b6bd7504fe37a1674b7c3f026dbb1fef7,Zigzag,23963457,13917734,23963377,13917975,481,802,108,65,0.8135677498277615
2aee5c93f5fac4f492df39675c301f90436225b148e64c60666a219d7e8fed01,Zigzag,23982098,14074813,23982549,14075052,1010,800,48,96,0.00023526479502463077
bb414a6152bf6badca3425016e119a70dabf413d0d70790cf94e38db3df24775,Zigzag,23896348,13928417,23896154,13928115,366,258,113,48,0.0040450667972686235
543d5cae28118856d29b79272b992627cb3a3d26eec8d5f9c2a69b7cf27629e6,Zigzag,23906601,13855559,23906306,13855472,266,472,62,110,0.5009397355165504
c026cd32ea8809dc2e0e701c395a70656501f3a4cd4f73aea2d6e62d1dddd80b,Zigzag,23769587,13898476,23769571,13898890,544,974,120,55,0.00691730397804752
c026cd32ea8809dc2e0e701c395a70656501f3a4cd4f73aea2d6e62d1dddd80b,Zigzag,23769587,13898476,23769195,13898832,168,916,49,88,0.00027931273824271456
db92a14456b3f4964ff2aace48363c6e88d9797b728762733b55876cb5d9bed3,Zigzag,23990487,14026226,23990504,14026609,577,942,68,126,1.5679785692035382
4839f5bb04f5d78ade7c72e4a16c944f2fae3292eb5e685c41756b47d0330579,Zigzag,23846016,13945490,23845895,13945768,439,838,111,51,1.567950206537929
8a4f42272813f44593234414f88faacf7cd1842b8a4e1a055c1b7ec2c4c01e09,Zigzag,23939223,13997611,23939196,13997764,533,713,109,68,1.5592700324389792
8a4f42272813f44593234414f88faacf7cd1842b8a4e1a055c1b7ec2c4c01e09,Zigzag,23939223,13997611,23939293,13997459,630,408,82,52,1.5236035143820383
63f68fa8fd8357491256638e05ad9e3c4eee8d12eaa569c5b2dd3427a105927b,Zigzag,23885163,14010338,23885227,14010653,624,876,85,47,0.01892751238908648
a140f068618526cb8257ab5e36c39e32cd3759587b035a0117a43b86e888f5de,Zigzag,23953204,13795185,23953447,13795660,803,1036,48,95,0.0395251596767889
3d430b534645eccc030d2897087170517d35eb64f129f44110ca0fcbb9e3fba0,Zigzag,23912193,14036806,23912174,14036383,541,136,48,96,0.34589838646686655
d5ce21c8dd9b3bde5ce641e1c279d80ed05ad113b021a76ab4c35c693cbb004d,Zigzag,23890756,13948688,23890673,13949202,477,1074,133,61,0.5846855657342094
56ad293a71b7180d6b2e431331aae0b39d2dfc0acf2a59784414caa8d4db360a,Zigzag,23943883,13929485,23943850,13928974,527,49,118,52,0.05365704507015863
56ad293a71b7180d6b2e431331aae0b39d2dfc0acf2a59784414caa8d4db360a,Zigzag,23943883,13929485,23943863,13929069,540,144,115,58,0.04132506126070815
af46e8074090754cd9a18167c7453165f71b9b234f54b68b72580561f9d72ef5,Zigzag,23881435,13975303,23881315,13975240,440,497,109,60,0.024896942199417852
ee19b73ea8c6df03fc41200c36ad47f91472012bee2fe5fce949f1a98ddf1029,Zigzag,23847880,13934823,23848243,13935237,922,974,55,118,1.5599802975017032
ee19b73ea8c6df03fc41200c36ad47f91472012bee2fe5fce949f1a98ddf1029,Zigzag,23847880,13934823,23847738,13934535,417,273,47,100,1.5638541316233325
38f9ce0981ab96ffb3bf3a0eca7060c0aae3593cbecee4f1029cf02b95db12bf,FCBK,23963457,13843727,23963393,13843591,496,424,47,109,0.14335576437106606
7dd6e59bc8c39a738e680cd8077e3c4369648990c4c6c83e796d471c8c1ca005,Zigzag,23934563,13996549,23934732,13996636,729,646,101,54,0.05029680572594036
7dd6e59bc8c39a738e680cd8077e3c4369648990c4c6c83e796d471c8c1ca005,Zigzag,23934563,13996549,23934063,13996482,61,493,57,117,0.004621032339275477
7dd6e59bc8c39a738e680cd8077e3c4369648990c4c6c83e796d471c8c1ca005,Zigzag,23934563,13996549,23934380,13997021,378,1031,99,60,1.569148229554301
ceb77ba6c92d1855a24935ae1e41d1a8dfbb71764fdb4ea66e330538570a0b79,Zigzag,23918718,13918802,23918647,13918825,489,583,64,112,1.5367524727901412
ceb77ba6c92d1855a24935ae1e41d1a8dfbb71764fdb4ea66e330538570a0b79,Zigzag,23918718,13918802,23918738,13919054,580,811,113,61,1.5365350256871362
30d5828452d2b47a959b656bf1d988806eadadc5c2ae25ada235f0f8bb7f154e,Zigzag,23903805,13839421,23904053,13839150,809,289,106,58,1.5341803918093426
0038fa2a949e70f485cd4e5fc730a3743b5f0ca9ec02278ecb14eae6ee919383,Zigzag,23982098,14063213,23981928,14063424,390,771,103,51,0.049325862965578705
761166e068f91180045ce523c2304a360884c032a7858d2d2552f8768ac6251e,FCBK,23951340,13805991,23951692,13806369,912,938,114,51,0.014727803057383195
e376464a756485e6316c4d45202fcf3f52b3ba1e75220b23bc6dfd3601ff6af8,Zigzag,23822715,13955081,23822321,13955248,167,727,106,56,1.3867769554764924
64f7b9479007a5dff6fc62172b8825317830baaf82bf61459e1ba1693110e827,Zigzag,23860929,13948688,23861100,13949155,730,1027,98,54,1.2103297500855106
3c881c0cdf34aeaaf71806819d44a2ce4ec23d3772c3a95e706cf69e91e2da79,Zigzag,23983962,14060047,23984108,14060487,705,999,52,104,0.002607965516041395
3d2c10267c4123b0c93fda545f86c2015f2b0065c2250cdd30a413c861e83944,FCBK,23806870,13944424,23806790,13944100,480,236,47,101,1.5667660319592251
1617b96d0f82890d815da41e22ef9c877f1978f914d10932ecab08b42185c4d7,Zigzag,23919650,13859859,23919539,13859530,449,231,104,59,0.005864400874692726
162068b9700fc995ead02ef6c815c6d0eb9a78f7ae539fc213c3263392e4d3f5,Zigzag,23914989,14044206,23914476,14044585,46,939,99,54,0.35247819199309804
5af7ccbd831584effcf478da6d96df1401e64948014652e382cf5c0ade6ffb57,Zigzag,23956932,13899547,23957273,13899682,900,695,108,50,0.028912464813417738
05d6299210e5f0584b3aab2758d6dfc7b984e8acf08a26ad07e2f6b585558f83,Zigzag,23841356,13886691,23841746,13886466,950,335,119,56,0.005336067685272485
05d6299210e5f0584b3aab2758d6dfc7b984e8acf08a26ad07e2f6b585558f83,FCBK,23841356,13886691,23841133,13886605,337,474,50,123,1.5658194113497566
f7378089ec026f0f92b713ed4a5a4a79c4053d38a15ad0490a758cc760f96c1f,Zigzag,23932699,13991242,23932600,13991199,461,517,118,62,1.560706807847077
f7378089ec026f0f92b713ed4a5a4a79c4053d38a15ad0490a758cc760f96c1f,Zigzag,23932699,13991242,23933004,13991692,865,1011,48,107,1.5706491871446697
f7378089ec026f0f92b713ed4a5a4a79c4053d38a15ad0490a758cc760f96c1f,Zigzag,23932699,13991242,23932597,13991394,458,712,107,52,1.568356338604166
ed83b8de7fd067304c0ce69fc06dc3a8c181611d5c6eab0cc165d652d9abcc02,Zigzag,23926174,13979556,23925680,13979857,66,862,111,56,1.5143578180256103
b8bc1178e596feb053576cae55ddb2fc2b5cc548fe5509603009ce5e77ebdb65,Zigzag,23939223,13969985,23939249,13969777,586,352,131,70,0.037918961450280876
b8bc1178e596feb053576cae55ddb2fc2b5cc548fe5509603009ce5e77ebdb65,Zigzag,23939223,13969985,23938953,13970159,289,733,54,108,0.02245055201909806
b8bc1178e596feb053576cae55ddb2fc2b5cc548fe5509603009ce5e77ebdb65,Zigzag,23939223,13969985,23939273,13970051,610,626,57,108,0.02540143229485213
b8bc1178e596feb053576cae55ddb2fc2b5cc548fe5509603009ce5e77ebdb65,Zigzag,23939223,13969985,23939641,13970324,978,899,62,138,1.536325434909347
b8bc1178e596feb053576cae55ddb2fc2b5cc548fe5509603009ce5e77ebdb65,Zigzag,23939223,13969985,23938899,13970252,236,827,53,136,1.5681094635711157
b8bc1178e596feb053576cae55ddb2fc2b5cc548fe5509603009ce5e77ebdb65,Zigzag,23939223,13969985,23939340,13970461,677,1036,51,110,0.02686952481289353
1953f0cf292f349cab7f3833c85cf599e5c32565658e0ea3ce306c2b1e8f9983,Zigzag,23865590,14051602,23865086,14052006,56,965,100,53,1.5586307406193056
474204b84eff296746a84f5677679b3ce6798e2aa6d5a30ba66ae2269b6041aa,Zigzag,23868386,14061103,23868629,14061496,803,953,66,46,0.009292384899288542
3f1be009bd6e515e8583a707845fb473e3907a6506d4dbdd27b289aaf896ae61,Zigzag,23930834,13995488,23931148,13994997,874,69,49,96,0.04215711600903298
ca42333e83297f34bc52df25bd5ca3a253af14984063dcfeeda64a649b5a305a,Zigzag,23956932,13963600,23957206,13963192,834,151,128,68,1.5667224892754024
20de3f56b212f9677451481c08a651de93859add7259ebf20f8b00c47629993c,Zigzag,23925242,13975303,23925410,13975071,728,327,113,69,0.04277791550388726
c53d1b619e987426b4395247c82243f58581d1b4cb2079da26d0c298ccbb3992,Zigzag,23984894,14028343,23984908,14028848,574,1065,115,74,0.09232715942827477
bb9f4aaa38a3dd421fdb1085c64378b7c546aad7e3ee5e8e590af2bac203b533,Zigzag,23887959,13972113,23887454,13971752,55,199,61,101,0.0033038125783249207
40289cd4997560c1440fb7ebf26a577b1d90b38d358c15d991adc924398c0dbc,Zigzag,23958797,13788695,23958309,13788642,72,507,98,46,0.14365365558374826
ba26f2db91b7750caf1194082fc148d91086223e3a596b8faed8e90ff0f031cb,Zigzag,23867454,13960407,23867428,13960626,534,780,58,106,0.020228110799913306
7063562675e4f956c313e9a56a3e213f98176978ad6e883fd8193e417416f7a1,Zigzag,23883299,13978493,23883148,13978038,409,105,52,102,0.022052399033158206
c3d7d7f7f41f32032bf2f2ba8ac71f9542f87bdf015cb426b685754c6dc7898f,Zigzag,23942019,13922008,23942368,13922441,908,993,59,107,0.03343443536237202
b9a75f6f10af6b06a21164d27a430a329ba76c8ba5d5c50d50106f6aa3c7f8c6,Zigzag,23927106,13916665,23927111,13916333,565,229,107,45,0.008798459022944015
b9a75f6f10af6b06a21164d27a430a329ba76c8ba5d5c50d50106f6aa3c7f8c6,Zigzag,23927106,13916665,23927010,13916300,463,196,55,111,0.009275725578313335
26342691d01afd87eb68f0fe9f7257381bd15a4cfe3cb9b84c41eaeb094b5f94,Zigzag,23934563,13994426,23934685,13994594,682,728,98,58,0.041319580974527474
26342691d01afd87eb68f0fe9f7257381bd15a4cfe3cb9b84c41eaeb094b5f94,Zigzag,23934563,13994426,23934933,13994848,931,981,52,97,1.565904898820748
fbdc29d9f01d9ee6b6b0848addbf44260365c019dda8dd67cb5c83ef7e1611b5,Zigzag,23947612,13971049,23947233,13971120,181,631,121,55,0.002043094874784865
846631e9f54db508b6a7327dcdf0feef57ffa929b156cf2333c483a738e3ae59,Zigzag,23960661,13805991,23960800,13805604,700,173,112,64,0.2650289699635749
14efee57a2aa241eb404f210be899e06a4dfd94937024e553a8246481724d7d2,Zigzag,23807802,13930553,23807266,13930065,24,72,108,46,1.496498926071648
985a7a118dcff779f8959eba9b1bab623a74e70a1f8d24a99f4802a0e861b244,Zigzag,23974642,14057937,23974540,14057782,459,405,125,59,0.008758262975537931
985a7a118dcff779f8959eba9b1bab623a74e70a1f8d24a99f4802a0e861b244,Zigzag,23974642,14057937,23974315,14057709,234,333,104,53,0.17396164385609733
9c7290cdaf12c6fd9475baccb8c9b68ed53427b3992ea5008b978bce4ed3d352,Zigzag,23913125,14044206,23913140,14044080,575,434,102,51,0.0380189007313753
727ad95260817050960a04a39fa12d49eb4632d1ecb0470bbea1f3151389987c,Zigzag,23947612,13979556,23947759,13979184,708,188,115,62,0.025615768908927673
727ad95260817050960a04a39fa12d49eb4632d1ecb0470bbea1f3151389987c,Zigzag,23947612,13979556,23947554,13979053,502,57,50,129,1.5700945838476605
b1b23f7a74a8a987612e093112389dcf29dbe9081fa2ea80d2e4eb486b333647,Zigzag,23928038,13988056,23928198,13988044,720,548,107,56,0.14408039385891983
b1b23f7a74a8a987612e093112389dcf29dbe9081fa2ea80d2e4eb486b333647,Zigzag,23928038,13988056,23927621,13988047,143,551,116,59,0.026928973642445748
b1b23f7a74a8a987612e093112389dcf29dbe9081fa2ea80d2e4eb486b333647,Zigzag,23928038,13988056,23928185,13988129,706,634,51,95,1.5690680684054896
b1b23f7a74a8a987612e093112389dcf29dbe9081fa2ea80d2e4eb486b333647,Zigzag,23928038,13988056,23928548,13988166,1069,670,60,109,0.0013534278286539763
f03feda398aeeb0cee2631c520a6bc8a906a8eb284244bce4363afe10b87e04c,Zigzag,23895416,13894192,23895170,13894647,314,1014,109,56,1.562092983194463
044c0a28f560e52c08f6d3a0b66a75726b5348313b542fedf80f2559d29321df,Zigzag,23859997,13947622,23860394,13947931,956,869,100,52,1.5634324200647185
52d1d491fede9462af72a13089740180b8eedc3c1c490dcde913f14d133ad518,Zigzag,23935495,13986994,23935366,13987510,431,1077,60,87,1.562076871069868
d20e161b327380ea14062ea5abb14843d7aad0ab2b2b7277ca03e6dca69b918f,Zigzag,23854405,13930553,23854373,13930353,528,360,52,108,1.5692815207668596
5a2cecab3e1e728cd6b27a249e065190dd532a5ce67afa0a1d1b2b98055d09a9,Zigzag,23821783,13934823,23821703,13935091,480,828,53,109,1.5668993231717836
09078536d44b0078434fc0f1050c6e4223efac62a6aa8b45a7762ac2a3a3945b,Zigzag,23909397,13969985,23909485,13969797,648,372,56,107,1.5626080385492844
e55242d0d063e81933cd4e84d1209f8f6ffcc4d8e420a39be0e3e8c9c24091a7,Zigzag,23823647,13963600,23823269,13963536,182,496,56,102,0.014997624968294857
e55242d0d063e81933cd4e84d1209f8f6ffcc4d8e420a39be0e3e8c9c24091a7,Zigzag,23823647,13963600,23823169,13963410,82,369,53,106,0.016256429435061556
d087d9a1098b77aaf7ad780b185a5d4a98a2981cbff93da99544086b45512160,Zigzag,23869318,14023050,23869174,14022757,416,267,95,43,0.05566327922072098
08449a6a6ccc759dfb0281ca37fcc36187efd05922497231d8f8ac71d7cf1242,Zigzag,23851609,13946556,23851653,13946983,604,987,47,106,1.5619276008907692
08449a6a6ccc759dfb0281ca37fcc36187efd05922497231d8f8ac71d7cf1242,Zigzag,23851609,13946556,23851680,13946188,631,192,113,59,1.5702905925038906
14cdf3e0dc2cf55c6edcf69eebd917e32bb66ccf218a7c15925d329a0fb2fda1,Zigzag,23839492,13972113,23839495,13971571,563,18,38,91,1.5581902537750065
72910540dc0d332b4fdc605c6ab90df5ae650c8421bb7db3715b0fb4ee155cbb,Zigzag,23752810,13851258,23752906,13851210,657,512,55,102,1.5544245439936344
c10fdc5e2c2fc08289dbc529a82c30fb0157bb533d31f63106ca368bd78a2c9b,Zigzag,23823647,13943357,23823936,13943152,849,355,128,56,0.01217706481600813
f90c6c6702d16f42c0b41b2223e1121eee4c1e5a0e3a3f1a614f746bfc33397b,Zigzag,23917786,13879185,23917552,13878770,327,145,105,57,0.7972187370538195
7db05f5f2acd10634837c7992107bf5531b49e05e019e268e685bc75ed02605b,Zigzag,23961593,13913457,23961233,13913121,200,224,107,55,1.567923841243137
b36c93d26dc4d4cb83803f7d1641be4deb68489d74858f3996f4a9ada61df0b8,Zigzag,23750013,13854484,23750012,13853957,559,33,61,64,0.012914337036958648
1a6cb8d5e27b6e7f661d544e401faea11a7ef4ac2d21a2f6dbee2c0991a543ad,Zigzag,23920582,13869526,23920745,13869335,724,369,117,57,1.5415048837553875
0f5f8b02651be500330128b037e43a2e22e459a267923422d45da2bd6ec19635,Zigzag,23928038,13992303,23928376,13991792,897,48,93,57,1.5691306526911066
0f5f8b02651be500330128b037e43a2e22e459a267923422d45da2bd6ec19635,Zigzag,23928038,13992303,23928272,13992340,794,597,55,103,1.565870810358795
0f5f8b02651be500330128b037e43a2e22e459a267923422d45da2bd6ec19635,Zigzag,23928038,13992303,23927675,13991957,196,214,94,60,1.5627702250596702
0f5f8b02651be500330128b037e43a2e22e459a267923422d45da2bd6ec19635,Zigzag,23928038,13992303,23928068,13991931,590,187,97,53,1.5624503794127518
968eaefc38893cea039c8cae4d91483f7d074f2d05d7af9d04c3b1675fe1ad49,Zigzag,23911261,14044206,23911345,14044665,644,1019,119,53,0.10827687280865136
1b9e8f4214b954b49a23cba1a93d98a996fbec61e425eba30abbc3dd94848e27,Zigzag,23900076,14016696,23900376,14017021,860,885,104,50,0.0425141210755365
93df8d681a1643c9bccbfb2e2a8e134ebe361e79ad6b8fff911a775688d732bb,Zigzag,23951340,13775705,23951652,13776099,873,954,59,104,0.031865631662639
cd9f032612400b7e6a0a8c64487acc0ee172da047555df19c8a694093731f275,Zigzag,23835764,13958277,23835689,13958148,485,431,110,58,0.9678680410146171
8b3495162ac1ce18aeb3718149c07833f81b72cb8e3a32a391865258d1f90ba2,Zigzag,23978370,14048433,23977992,14048942,182,1069,117,58,0.014904197948303515
5810a77fc53392eaa6fc3054a04b7400a3998a2cef4f93606068013fc7f79887,Zigzag,23940155,13968921,23940312,13968801,717,440,50,105,0.023462147517380853
54deac97964d38f73ead20a8bef73019edc3f8cb11b87fa6ede7cd44f842227a,Zigzag,23906601,13872747,23906455,13872442,414,256,104,60,1.5537271952621972
b65f132cea796456f19530a2cd1a479ddc7a6b3149253e5f6cc63a3f2d6846c3,Zigzag,23984894,14030459,23985284,14030393,949,494,107,61,0.06774660284695293
b65f132cea796456f19530a2cd1a479ddc7a6b3149253e5f6cc63a3f2d6846c3,Zigzag,23984894,14030459,23985325,14029973,990,73,58,106,0.06871828629899275
666a86bad5928c7decbbe030bc332b690244690730c6dff53c65eb3d6aed967f,Zigzag,23859065,13909179,23858758,13909142,253,523,116,53,1.549282379402855
666a86bad5928c7decbbe030bc332b690244690730c6dff53c65eb3d6aed967f,Zigzag,23859065,13909179,23859076,13908740,571,121,116,58,1.5436468642201382
be16780509745bb55b1e6ec6c86b9e038c2566daeccc4c03000c0798982a1314,Zigzag,23936427,13986994,23935923,13987216,56,783,100,66,0.0601428867829916
7ffcbc0cb98a460b230d9241336db1a11c03d042acd03770c61ee747dbabcbd4,Zigzag,23932699,13994426,23932293,13993947,154,80,111,52,0.005836379946746699
7ffcbc0cb98a460b230d9241336db1a11c03d042acd03770c61ee747dbabcbd4,Zigzag,23932699,13994426,23932722,13994703,583,837,134,63,0.007631807732123812
7e9da0a2645a8e766f1017fa0f0891a5c3c9c19ddab069c9304b238ef9c8f083,Zigzag,23977438,14055825,23977591,14055930,713,665,109,55,0.03248613363246525
854ae651867a2e6b7e8822fd7f7da592c08002a0f86e66e6d3a0fe6ac9bba983,Zigzag,23751878,13850182,23752177,13850032,860,410,59,116,1.5520992048878317
9fe0abc7b7b91b8ff1b8ac096d9ac4410913a8be744942c9864d1ba2dd12af88,Zigzag,23887027,13867378,23887299,13867123,832,305,105,59,1.5602954826167141
eab70108cb934a9862964224a56006c5556caef028b37f5592b9368032267e61,Zigzag,23983962,14055825,23984070,14055962,667,697,93,56,0.08928908351336122
7c056766c2e3f6b0afc3c2f1f37765048fac975b7afb09ac4266cd1ce01ab1bf,Zigzag,23996079,14061103,23996256,14061213,737,670,123,64,0.09622852397767272
7c056766c2e3f6b0afc3c2f1f37765048fac975b7afb09ac4266cd1ce01ab1bf,Zigzag,23996079,14061103,23995780,14061002,261,459,50,98,0.2798527238022012
7c056766c2e3f6b0afc3c2f1f37765048fac975b7afb09ac4266cd1ce01ab1bf,Zigzag,23996079,14061103,23995748,14060649,229,106,92,49,0.039876855065869084
7c056766c2e3f6b0afc3c2f1f37765048fac975b7afb09ac4266cd1ce01ab1bf,Zigzag,23996079,14061103,23996174,14060967,655,424,50,100,1.5682037394737045
7c056766c2e3f6b0afc3c2f1f37765048fac975b7afb09ac4266cd1ce01ab1bf,Zigzag,23996079,14061103,23996147,14060810,628,267,105,54,1.5680941503948476
7c056766c2e3f6b0afc3c2f1f37765048fac975b7afb09ac4266cd1ce01ab1bf,Zigzag,23996079,14061103,23995690,14061021,170,479,60,96,0.0006638510283139329
2e886be048df3dff160aa76eaf1257d64f364d440381a3ee2ba706bcf40e3d56,Zigzag,23833899,13945490,23834127,13945337,787,407,130,49,0.024549536996406218
db2d5a26cfa030ee03278325b0e46f506dd240b92634afa754fea3034ec08f7f,Zigzag,23924310,13995488,23924507,13995968,757,1040,106,58,0.9438402027115952
db2d5a26cfa030ee03278325b0e46f506dd240b92634afa754fea3034ec08f7f,Zigzag,23924310,13995488,23923907,13995393,157,465,51,96,1.564322714817132
ec791baf3e9fc07a09dc0041afcff635363d1e81119b25d1e3f1c4482c23267d,Zigzag,23915921,13872747,23915833,13872284,472,97,56,110,1.5688093423055884
284cfc649c0323b8b06436472fe89e6fc115f19babcb1d14784fc31fd6359bc4,Zigzag,23831103,13917734,23831042,13917328,499,155,116,59,1.557585316733395
45b9c47b6c818599bb6f578d14e92a579c2ca8de7b632cbdfdf42ed0d830aaab,Zigzag,23886095,13969985,23886343,13970140,808,715,54,111,1.5501345909516802
4449422e9b2ba86cabc940724a232021d70ccce0b809d7e02342f9820f4d9990,Zigzag,23982098,14065323,23981960,14065776,422,1013,97,51,1.561287909596932
e2356d48b947baaf36a21fbff16514d54c3ea6c5677200c800f5e4d96d772f1e,Zigzag,23958797,13853409,23958726,13853358,490,509,50,101,0.07751822774559043
f90d03f676a2b2c8b0894e25d440427029075f9b696cb2564c57435dac62948f,Zigzag,23750013,13907039,23750323,13907344,870,865,94,48,0.06537693875375723
c9ec4d834eeb72a5538bfefcd56a73e420231a56120b42e6dcf2a09e9a8b4d6a,Zigzag,23958797,13901688,23958794,13901866,557,737,119,51,0.00973594894300345
c9ec4d834eeb72a5538bfefcd56a73e420231a56120b42e6dcf2a09e9a8b4d6a,Zigzag,23958797,13901688,23958642,13901188,405,60,101,57,1.5642510757838088
16f8c54f7eb918ef61f059b90493bd6c6580e3f4dd7e99f9605154f8545e7b7e,Zigzag,23911261,14047376,23911624,14046895,923,79,46,110,0.1357581735776119
bcd49ea48cc9c82c5906eb0a71444888f01068a4d3a3b000cb2c2a7262914dbb,Zigzag,23929902,13986994,23929493,13987445,150,1011,52,102,1.5687571443482229
bcd49ea48cc9c82c5906eb0a71444888f01068a4d3a3b000cb2c2a7262914dbb,Zigzag,23929902,13986994,23929842,13987055,499,622,106,52,1.5691089479282223
bcd49ea48cc9c82c5906eb0a71444888f01068a4d3a3b000cb2c2a7262914dbb,Zigzag,23929902,13986994,23930003,13987055,661,622,120,56,0.0037083951217324446
fa1fb67e859f39f7e7cf8e49f13c69d5eafd1c29f1b958d96a0bc76157506813,Zigzag,23942951,13959342,23942445,13959047,54,266,59,136,0.03471375345161344
fa1fb67e859f39f7e7cf8e49f13c69d5eafd1c29f1b958d96a0bc76157506813,Zigzag,23942951,13959342,23942675,13959006,284,224,120,68,0.18113368647449202
fa1fb67e859f39f7e7cf8e49f13c69d5eafd1c29f1b958d96a0bc76157506813,Zigzag,23942951,13959342,23942711,13959336,320,555,59,114,0.05837506380664019
fa1fb67e859f39f7e7cf8e49f13c69d5eafd1c29f1b958d96a0bc76157506813,Zigzag,23942951,13959342,23943049,13959473,658,692,116,62,0.0014611430719976488
fa1fb67e859f39f7e7cf8e49f13c69d5eafd1c29f1b958d96a0bc76157506813,Zigzag,23942951,13959342,23943441,13958896,1049,114,65,118,1.5657188770186061
fa1fb67e859f39f7e7cf8e49f13c69d5eafd1c29f1b958d96a0bc76157506813,Zigzag,23942951,13959342,23943379,13959111,988,329,71,121,1.5675319570887318
3c353276e4e23764d7c82e949e319bb5bfa2a27c2075863299604229145fee7c,Zigzag,23888891,13862008,23888936,13862150,605,702,86,101,1.0344350174626655
4fa52ed61b2e19f5db6eaf0ea939d82288df6a7c47bff0002bc15c63d6e3d662,Zigzag,23930834,13898476,23930683,13898020,409,104,102,48,0.004403752203987288
d4dc749e430cf593b0ce44ac2625e534f064d9766e1153607dc7a50eb645cf5e,Zigzag,23927106,13863082,23926967,13862945,421,423,57,114,1.5664340689293468
6f95436c9a76dad0d739358a134afe57267648b0bdece33d5dc32f6a789e7d30,Zigzag,23933631,13998672,23933234,13998754,164,642,55,110,1.5687832433269056
3748d47f494e6634e3aa10c5a20cdf08dc64b1cd0008518bfabf2e61d047fe58,Zigzag,23944816,13990180,23944539,13989831,283,211,122,61,0.003659571628736401
a0b1acbcaf486bd565616f05908735f4ab0238be6c0eb1e63f61512509e346e6,Zigzag,23934563,13990180,23934908,13990459,905,839,55,90,0.01787926305570687
c68496511636cfefa7cb4f764629e75d924097ab91bc23defb0c1ab27f4c45bc,Zigzag,23919650,13908109,23919627,13908228,538,679,104,59,1.5668350078314581
c68496511636cfefa7cb4f764629e75d924097ab91bc23defb0c1ab27f4c45bc,Zigzag,23919650,13908109,23919766,13908285,677,736,118,64,1.5676948093893903
cb2676e2f8dc83124d0262ff4e06616b7db6e06a3b2c492fcee3a21371783cd2,Zigzag,23922446,13892050,23921930,13891554,44,64,94,52,0.03277513446441468
9b55b0645cffe03262d003f55fa5a0b75377328bf6e3e6ae79c9cbf542374b79,Zigzag,23915921,13951885,23916366,13951967,1004,642,50,105,0.0038243638237864365
9b55b0645cffe03262d003f55fa5a0b75377328bf6e3e6ae79c9cbf542374b79,Zigzag,23915921,13951885,23915797,13951507,435,182,54,108,0.0003317484035415032
86ac354d41a607729f5d3a1da992f53f525bfaa3f4e917a394e598bce55e73ba,Zigzag,23832967,13944424,23833470,13944815,1062,951,108,53,0.0059884152360711995
2afa0fc15b952d0f1bb1c1097f492593df1ae178069ba964eb6bffd024786195,Zigzag,23844152,13918802,23844171,13918383,579,141,121,62,1.5653941045236708
2afa0fc15b952d0f1bb1c1097f492593df1ae178069ba964eb6bffd024786195,Zigzag,23844152,13918802,23844119,13918546,527,304,125,67,1.5477176391043788
b17e4a6ffed56b9a7320013a59ed9348674d60a38304803dfa07824c7d9fdad0,Zigzag,23876775,13950820,23876923,13951010,708,751,56,106,0.028452576424458483
b17e4a6ffed56b9a7320013a59ed9348674d60a38304803dfa07824c7d9fdad0,Zigzag,23876775,13950820,23877057,13951239,842,980,60,111,0.007281951588671466
c98bd4ade30bc5e197eef1947d756cf8ce8caf931ff2a1c9e5af633eff03c56c,Zigzag,23789160,13889906,23788785,13890002,185,655,137,58,0.030752216025741904
c98bd4ade30bc5e197eef1947d756cf8ce8caf931ff2a1c9e5af633eff03c56c,Zigzag,23789160,13889906,23788784,13890391,184,1045,60,141,0.0011917372800063128
b819560e6ddc679dbe7cec9eb52b2de48e4832f15f148a1e2e2d0618554a8b3a,Zigzag,23836696,13960407,23836695,13960379,560,532,53,117,1.5416742608007166
0f5adef278ca060bf1adf521b1d6b6aa2fb08b5cd6e5a01160ed643e28f2b6f5,Zigzag,23824579,13951885,23824327,13951398,308,72,57,106,0.024880526308011037
0f5adef278ca060bf1adf521b1d6b6aa2fb08b5cd6e5a01160ed643e28f2b6f5,Zigzag,23824579,13951885,23824189,13952165,171,840,56,112,0.03460091032279974
8063484b91187eac6cf23f5795aac595456734b7254071c621c906497eef2711,Zigzag,23991419,14021992,23990935,14021496,76,65,53,94,1.5690357109982451
d47204edcdc324c17cdaeb9ac6610fab0a6a7fc00b2202f391b68051b52cfacc,Zigzag,23762130,13902759,23761967,13902546,397,348,95,57,1.569354890854891
d47204edcdc324c17cdaeb9ac6610fab0a6a7fc00b2202f391b68051b52cfacc,Zigzag,23762130,13902759,23761712,13903064,141,866,51,107,1.568997894110766
90cd6da6d69752e45c00b7f08ff08d141b324ee096d815b719eb2363a8f69cb5,Zigzag,23942019,13967857,23941519,13968322,60,1024,49,93,1.568974857767337
6a636f2274a23f1a5482711d98796d32d0c7a35ac5c6d921921d86a32e67b4f6,Zigzag,23893552,13888835,23893394,13889113,402,839,61,121,0.008156123293368317
bd2bec28593df7520e227a5b63cbbd7ea01000a867c2e6922ead1fd4bd8fb8e5,Zigzag,23943883,13853409,23943595,13853271,272,422,58,110,0.003639519638188921
1e061a52a7f027f004ac92d23b2302c9a50ee4aeec370372d7389e38257cf194,Zigzag,23949476,13959342,23949441,13959322,525,540,48,91,0.6071953356368589
86b2357f6362c0451bf1f6a6cb07b29ad6443d2b63d57de580348e9fe32c0d74,Zigzag,23946680,13886691,23946941,13886295,821,164,59,100,0.5085621353200344
86b2357f6362c0451bf1f6a6cb07b29ad6443d2b63d57de580348e9fe32c0d74,Zigzag,23946680,13886691,23947058,13886256,938,125,54,93,0.011044232029991382
86b2357f6362c0451bf1f6a6cb07b29ad6443d2b63d57de580348e9fe32c0d74,Zigzag,23946680,13886691,23946309,13886546,189,415,132,65,1.5606703225401428
c34e24930d6088781c9581f00be24d2a484f47fedccf08dd15bd7e8833ea03e4,Zigzag,23823647,13952951,23823917,13952683,830,293,111,55,1.5628506525245907
c34e24930d6088781c9581f00be24d2a484f47fedccf08dd15bd7e8833ea03e4,Zigzag,23823647,13952951,23823519,13952893,432,502,46,100,1.570427079509757
0d78d62b5ea000d43cfc59c1f4271a631f88586b1f6dba6bbe78b27e9fb586ac,Zigzag,23865590,13886691,23865240,13886828,210,697,45,100,0.0035366706455441225
18398026553049a34f33bd19c503e6bc0b2180e2826aef2f6d2063ffeb2690f3,Zigzag,23963457,13945490,23963548,13945706,652,776,56,118,0.20441084624524786
18398026553049a34f33bd19c503e6bc0b2180e2826aef2f6d2063ffeb2690f3,Zigzag,23963457,13945490,23963324,13945604,427,674,107,57,0.04869833066659356
421939d7946a816a81ee6d5c35995f3c9488b59a399a37db1b2c8dc825ee3adb,Zigzag,23848813,13980618,23849012,13980323,759,264,103,54,0.12453509675655682
05eb2577d7f68c755f6a8d6bb437a18092a524955785978010914e8e7a1c4d46,Zigzag,23908465,13840498,23908431,13840291,526,354,101,62,1.566996928025735
a8de84c8922788957462add31a3c94dbc4ef4da55cc2e6b326ceaeae8f4a181f,Zigzag,23770519,13900618,23770213,13900800,254,742,104,52,1.5690582147094563
586daee66a82f05c1aba8affbd4043129ac38d30e0a29987ae9aedfd9831452d,Zigzag,23931767,13933755,23931901,13933371,695,176,116,64,0.00028997087667315146
586daee66a82f05c1aba8affbd4043129ac38d30e0a29987ae9aedfd9831452d,Zigzag,23931767,13933755,23932095,13933776,889,580,105,57,0.031128655926419207
7d58ecdfe1a62776c7be840da7a228a4d35b1b6da37fc114b22e7b73b011a36a,Zigzag,23927106,14018814,23927445,14018836,899,582,97,48,0.036582807758306884
32e44ef53b73a9e9025fff23d30b64fe79646bcab06aefbc6a51b942070d6d35,Zigzag,23866522,13947622,23866386,13947771,424,709,52,122,1.507271013206855
2e1fd545e41c846d64208070bb9d022cd3a305811fdc0323d49e5b20d174d5a9,Zigzag,23943883,13887763,23943931,13887985,608,782,136,60,0.033153305419800536
e97d578839a5595298f236cf3471a2929021cbadf47fa47abe2ef094110cbcd4,Zigzag,23854405,13890978,23854382,13891374,537,956,108,52,0.030573108039461068
e97d578839a5595298f236cf3471a2929021cbadf47fa47abe2ef094110cbcd4,Zigzag,23854405,13890978,23854400,13891221,555,803,57,118,0.04869801857740332
07e97c3b829d19362c955419c82a02120648d1af425559bbcf97a874f469a3d5,Zigzag,23928038,13984869,23928311,13985034,833,725,108,57,0.2034159558410215
ac3a3ee6399d224621e63fed0c7adf0844322c52540cde07082e41eb9fd62407,Zigzag,23882367,13982744,23882726,13983239,919,1056,102,49,0.027729496979582945
be039987ae71e23ea61f799a2adc67e247c29bf6d6a706065530680f09808dbc,Zigzag,23979302,14065323,23979449,14065063,707,300,107,46,0.009115422006041981
47f25153785e24cc51d4881a72b423f246950a895f6fdc6d277934f1c8275474,Zigzag,23826443,13946556,23826265,13946845,382,849,108,58,1.5622409217930169
5e5e097b78f634af3b2009c85a4679782c199a1aedc83a4a5f7e9b0294cd2789,Zigzag,23991419,14013517,23991540,14013889,681,932,95,61,0.1655381984862312
414517782dbd36dfddcac53765b7156c0001c9ff266bd59019362c285752b802,Zigzag,23865590,13943357,23865751,13942918,722,121,54,115,0.03030842103602622
cca87ce3e15b3ff73cbacdfd78ccd15c8a70b09b3ebdd5259cf6727a6c961502,Zigzag,23923378,13986994,23923700,13986639,882,205,60,114,0.0011956318930262284
1cda40966807498e8a5bb3f64067c6e427d14f42aac54b06c6d2a3f51ed13b7e,Zigzag,23895416,13971049,23895933,13971053,1077,564,68,120,0.018727109517058017
96d5e6b9381b9b53b7e8bba6b8081a684a2b1efac931c9c9cd272e4060170514,Zigzag,23928038,13940158,23927873,13940271,395,674,121,62,1.5167111203228587
96d5e6b9381b9b53b7e8bba6b8081a684a2b1efac931c9c9cd272e4060170514,Zigzag,23928038,13940158,23927985,13940433,507,836,113,58,1.557226722092616
d2cb9fbc9d7a7db36ed6668293ddead237a68da91307695fccae77137589115c,Zigzag,23982098,14030459,23981737,14030956,199,1057,103,57,1.565828998729681
aaba3658d537cf337237e711d51b2fdbb6e1bf5fe97fff743ca33e83809e41af,Zigzag,23983962,13828649,23983979,13828469,576,381,72,133,0.7584509013284543
aaba3658d537cf337237e711d51b2fdbb6e1bf5fe97fff743ca33e83809e41af,Zigzag,23983962,13828649,23984278,13829145,875,1057,54,96,0.004194245950353744
aaba3658d537cf337237e711d51b2fdbb6e1bf5fe97fff743ca33e83809e41af,Zigzag,23983962,13828649,23984173,13829174,771,1085,99,68,0.027629603471569755
f9c0d25168c4fd2fa0650c0ff1408f332fb10727bb1bfbe1c60e22e05ffb4ae6,Zigzag,23979302,14048433,23979120,14048634,378,761,116,60,0.0008772905810232676
f9c0d25168c4fd2fa0650c0ff1408f332fb10727bb1bfbe1c60e22e05ffb4ae6,Zigzag,23979302,14048433,23979403,14048225,661,352,62,83,0.027923583166400878
f9c0d25168c4fd2fa0650c0ff1408f332fb10727bb1bfbe1c60e22e05ffb4ae6,Zigzag,23979302,14048433,23979175,14048888,433,1015,97,64,1.568474183482402
604e1c4424fb615da8ae247121090ae7d10696eff02f86ba62edb40ac2796367,FCBK,23953204,13805991,23953576,13806100,932,669,112,51,0.0009081013262557478
604e1c4424fb615da8ae247121090ae7d10696eff02f86ba62edb40ac2796367,FCBK,23953204,13805991,23953175,13806099,531,668,114,51,0.031760757211149515
a695264528ed6deed469134456b7c53135c2f4aac732eba88fef3c43fbb69168,Zigzag,23994215,14036806,23994526,14037274,871,1028,100,46,0.0002906829601755574
634466f07fd3f40857fcbcb4cb25e5fdb4d245774c22d008a4b31e6efd189135,Zigzag,23930834,13981681,23930856,13981394,581,273,111,60,0.8620207034894178
a9733190fa73837debb7a7707493124c8ee1571137c6479c437fbcd7d5f0f205,Zigzag,23925242,13989118,23925461,13989200,779,642,58,88,0.002836287887029055
2ce417063fd8d51d7926c31a9086400908b30478f6e2904e4234f28ec0ec9787,Zigzag,23935495,13994426,23935114,13994466,179,600,49,100,0.036879359068065616
2ce417063fd8d51d7926c31a9086400908b30478f6e2904e4234f28ec0ec9787,Zigzag,23935495,13994426,23935184,13994732,250,866,47,88,1.5699144209999167
2ce417063fd8d51d7926c31a9086400908b30478f6e2904e4234f28ec0ec9787,Zigzag,23935495,13994426,23935883,13994773,949,907,89,100,0.9723848953814459
c197a5d398e1d91281899635abd6ef3eaac306efcddaa6761456aeaad2313b22,Zigzag,23870250,13977430,23870129,13977416,439,547,117,56,1.5685157287954072
8637916db6be14c804f594f7be4aeb47b6d0e5f56c804250e68ffb1abfab2ef9,Zigzag,23889824,13894192,23889815,13893977,551,344,126,51,0.028705530954934777
2d91e91cc3f2550d14085cc5d5911ae812852a6cea6d3633627d5371aa543456,Zigzag,23867454,14047376,23867421,14047190,527,373,52,111,0.055012248686305096
2d91e91cc3f2550d14085cc5d5911ae812852a6cea6d3633627d5371aa543456,Zigzag,23867454,14047376,23867393,14047622,499,806,51,95,1.5674050574627896
6b2594fdb7f3156c071bcd12d2d02ce6122bf380f9c554afc0b19701a79a1764,Zigzag,23776111,13866304,23775789,13866319,238,575,115,54,1.5592211634329762
1e9709b40c5eaea18bbebbf52dfc0ffedd0285bc3890747cbaa0cd970472838c,FCBK,23836696,13893121,23836763,13893336,627,775,114,46,1.5663641609507322
8c561a40eeaaf386f8dde31c2bb6ad0a87fdd632b63809fdaeb8b1dc3edd08d0,Zigzag,23941087,13866304,23941172,13866531,645,786,111,46,0.076327794738325
4e55530840e673129932fdb1fd1467d35c619150d814b8903ce650dcef0b3232,Zigzag,23912193,14047376,23912266,14047444,633,627,102,57,1.4147858201350192
947a687925d4977e93eb205e76c11d52bfe827794cc519e27869cdeda0a6b97f,Zigzag,23962525,14045263,23962733,14045750,768,1047,139,64,0.057866062982109584
947a687925d4977e93eb205e76c11d52bfe827794cc519e27869cdeda0a6b97f,Zigzag,23962525,14045263,23962726,14045508,761,805,58,101,1.4873186103199814
0824364b27d325548da0b619572c70e56c3ab23ae345a8b39ade0999472c6998,Zigzag,23944816,13885619,23944317,13885565,62,506,62,122,0.993575535017152
959b12aa7ddacccc32d987ebe3195b50674da12251db930032e2fcacabbbe5cf,Zigzag,23959729,14025168,23959593,14024924,424,316,100,47,0.0375402432985148
959b12aa7ddacccc32d987ebe3195b50674da12251db930032e2fcacabbbe5cf,Zigzag,23959729,14025168,23959299,14025245,130,638,52,89,0.0026458011288719345
e0babba8e2930dca55aa6c2b1048f105f6eb3d65ede5b458910d1cba5c8b35cc,Zigzag,23860929,13888835,23860738,13888930,368,655,128,57,0.013629367701617802
1e93ff69c705862495f346ce669d088b6dd7c0ad564749dbb03b874bdebf5b3b,Zigzag,23974642,13798428,23974879,13798888,798,1020,107,59,0.0631242873009569
d2c4b8ddda32fdf1dbf60f2c2a7df7e9e97bcf057a58d367067eac25c21302a8,Zigzag,23976506,14055825,23976916,14055664,970,399,100,55,0.02334779179629177
a5b0bf48493f438faabe49d464b4a537a22717dae6f6787b56bf727f8f36ad78,Zigzag,23923378,13981681,23923273,13981684,456,563,52,115,1.564511133464255
a5b0bf48493f438faabe49d464b4a537a22717dae6f6787b56bf727f8f36ad78,Zigzag,23923378,13981681,23922999,13981635,181,514,61,113,0.014265674908335293
a5b0bf48493f438faabe49d464b4a537a22717dae6f6787b56bf727f8f36ad78,Zigzag,23923378,13981681,23923062,13981646,244,525,114,60,1.5648996886672975
1670e46e88227067c4ee7cdb33643e3936ac5ca18802643eb2f3065d1a74d701,FCBK,23955068,13796266,23954533,13796734,24,1028,56,114,0.3716058471798878
a966da521bc30d1f59148c6993ae302019d2308461c85e68a01e24612203b270,Zigzag,23909397,13963600,23909372,13963955,535,915,89,51,1.5679945481700788
c5d9185d5e20e93f36878a1c70ef74329e21439af94e5e95dd031e5af4f12654,Zigzag,23962525,14041035,23962327,14041166,363,691,103,58,1.5518106513837218
6fc39b8811de72aed9bfa0c041561af807d8615d47c5600f13ef873b2a0b6925,FCBK,23957864,13784367,23958189,13784748,884,941,110,55,0.29338494438067997
2beed657b760dc8d4ef6f7bd0d95756f9e06ca95524b2a37c0d7b8e4340d1760,Zigzag,23863726,13948688,23863326,13948951,160,823,44,89,1.5628718246552569
2d60c18d6057071b4e35c760cda1905dafe793a6e94fe336b9ad5f4c36a042c9,Zigzag,23741625,13881330,23742007,13880846,943,76,91,49,0.0015888607617298505
cdc74873417d28e4491ce0daddacec3604b0726e8d0494c644866dcf3c181a1d,Zigzag,23989555,14033633,23989709,14033188,714,114,123,57,0.0030867436233887966
cdc74873417d28e4491ce0daddacec3604b0726e8d0494c644866dcf3c181a1d,Zigzag,23989555,14033633,23989830,14033273,835,200,58,119,0.5837641119970419
8600cdce8442b4e11e1450d14eded5b200b9023e3a8c95c797e851852f27c0e7,Zigzag,23974642,13832959,23974358,13833451,277,1052,127,62,0.0349546259692381
0497782db31f63108196ddeb5d66f35ff814f73a8767f51b4a9f35edd753c7c3,Zigzag,23936427,13947622,23936766,13947936,899,874,155,100,0.0057038289057177605
ca302d3c6e90c777b2a4333c9e613adb3ece36a9dfa6fa117484e2c6c1064cea,Zigzag,23948544,13846955,23948619,13846966,636,571,60,110,0.07915912612886435
ca302d3c6e90c777b2a4333c9e613adb3ece36a9dfa6fa117484e2c6c1064cea,Zigzag,23948544,13846955,23948809,13846948,825,552,100,49,0.13466075979379594
ca302d3c6e90c777b2a4333c9e613adb3ece36a9dfa6fa117484e2c6c1064cea,Zigzag,23948544,13846955,23948956,13846981,972,586,61,123,0.08460489940629129
ca302d3c6e90c777b2a4333c9e613adb3ece36a9dfa6fa117484e2c6c1064cea,Zigzag,23948544,13846955,23948920,13846819,937,423,81,69,1.44672630951083
ca302d3c6e90c777b2a4333c9e613adb3ece36a9dfa6fa117484e2c6c1064cea,Zigzag,23948544,13846955,23948543,13846710,559,315,65,81,1.1853206700788488
455b1319f8665ca49ee58de9077ca1debf8c62a079e5042da9cbfec45cb2476c,Zigzag,23901940,13922008,23901815,13922059,434,610,102,48,0.5163643317866122
90c87287fa70ecf7b865c40dfd30b0f07696d5d85eeee07d8ce07cee9a260896,Zigzag,23923378,13985931,23923576,13986406,759,1034,53,107,0.0018727958659729804
aa14e09511548f3bdac5d39e58ade13884a5ffe2e2d3febfcba1b2edef5fa680,FCBK,23742557,13867378,23742847,13866864,851,45,91,48,0.05336741797923411
097e03ccdae049bce80ca520aac9b1a3644aa3d02aeb5b4fd268621eeaf4d837,Zigzag,23921514,14028343,23921362,14028062,408,279,58,98,0.6432243099181594
90c837f35e3bf1810bb420f6fb45d41674936a924aca6a98e8a9a3216aaade8c,Zigzag,23974642,13843727,23974684,13843985,603,818,47,97,0.18286209466671027
90c837f35e3bf1810bb420f6fb45d41674936a924aca6a98e8a9a3216aaade8c,Zigzag,23974642,13843727,23974326,13844166,244,999,56,101,0.18163091529476666
b62fbab30612429adab8fe7f3d4e0b2e6b620970c384e43349e3b7b5a9ef6475,FCBK,23960661,14082188,23960283,14082207,182,579,55,109,1.2028952695864452
ab5a2e9d3f03b21b02b79550a9fad0590e1606b938713a157de4d6fd919e751d,Zigzag,23834832,13957212,23835045,13957044,774,392,49,105,1.5694672762528925
440acfc4f112b89694533c01bdc628eb76dd8996032672e188213d13aa627b52,Zigzag,23941087,13969985,23940817,13969791,290,366,57,122,0.08919117905378718
cd74e1cc0ba5898986f73153c2dd1ed3b097f598f9015b2ac470cc3a9c114568,Zigzag,23885163,13983806,23885539,13983748,935,502,58,115,1.566778681974403
bcbddaa01b45da45d0572c0700fa8cfc3e737e2d3efe1113de8e935d985f78ee,Zigzag,23827375,13961471,23827143,13961390,328,479,103,48,0.12940068374575317
2f6f11604428bdc2cf26ba55e4d96034929cd6ec151a998d2aa0794a5f347f1e,Zigzag,23887959,13882402,23887918,13882916,518,1073,96,56,1.5669853432749932
a6d6ff28a44d0f33de7d93947e456ac93aa748d25028819d92083a744014f08b,Zigzag,23949476,13917734,23949641,13917738,725,564,51,93,0.03444245223794003
7ae56e0bb3f99245b6338c09919f26c5a991464428749a68ec1ec553520e66b0,Zigzag,23977438,13808151,23977786,13808339,908,748,55,113,1.5676115856053254
22f2f07d270ee607cb74e05a1274607f8e5b8e0125205cc26a0a46cc3561e831,Zigzag,23948544,13923077,23948659,13923266,675,749,61,127,1.5496712009220066
eabc41dd170482c67315fad9a0027089d9d74e594db4a561f08a1bb41800aef6,Zigzag,23897280,14014577,23897263,14014623,543,606,95,47,0.027097260456203535
24dd7a57d8a2f879baf4505b67a8cc6cb787569ab2e3e6cb1b6052a997950063,Zigzag,23957864,13894192,23957800,13894672,496,1040,125,63,0.0037514948989794193
5eabdb7b6f8b36be1c351d65c333c7c84a32a0c80aca90555c6e0ab6ceacfcaa,Zigzag,23941087,13750762,23941139,13750937,612,736,101,55,1.2452055756148066
1171b19690fce0a403f3cd0e025796dd920337f579f24471ea8dabd9a246318c,Zigzag,23939223,13940158,23938825,13939820,162,222,62,136,1.5564392253582793
fbb477097a53a7b25d841ea466491fef46e993cc7721f6619ecbb2b58f098af0,Zigzag,23900076,13974240,23900313,13974077,797,398,47,96,1.5403657165991063
78bc55c6a66cce35f33f57f47a0264ae645a3d823f389b6bdd5cb5637d612a69,Zigzag,23763062,13858784,23762834,13858473,331,249,69,33,1.5610129382143816
f79535240ca5c296f3e1310010c6b03bc858345afef3f2b3c4a3af21c2374055,FCBK,23756538,13894192,23756222,13894681,244,1049,52,120,1.5690426352170794
3b527a92c0a6e4a49e081adb9066ffc9a6628d194abc5133df80e9f7de096f88,Zigzag,23978370,14021992,23978380,14021587,570,155,48,90,1.5079534482361878
7fe94d3a1c4f9bc6f451a53c7c6a94ef8f484be98d663e499828b7e5cb2dcf09,Zigzag,23925242,13982744,23925323,13983096,641,912,101,53,0.018223435014707575
7fe94d3a1c4f9bc6f451a53c7c6a94ef8f484be98d663e499828b7e5cb2dcf09,Zigzag,23925242,13982744,23924846,13982263,164,79,54,101,0.001968112586011248
5047502dea16915c83e79759ead31c278e27411d6374e1e47a8e271db221606e,Zigzag,23901940,13934823,23902271,13935083,890,821,53,111,1.5543688839268517
e41e3aaf685bd4b39f333fc23b889ebf86725abb99674cc8d3c9fc7fa0e8b0ae,Zigzag,23859997,13872747,23860288,13872722,850,535,55,124,1.5666523149806788
376bab3342f1d037bedc06f96a307e4ddb71cc8ab0eca81c5de608adb4fcab9f,Zigzag,23953204,13917734,23953687,13918175,1042,1001,52,99,0.0028858117601828705
e83546e726c9807f89916f4b399adc68c80f650131fa3d5302a57ee79c0f5642,Zigzag,23880503,13975303,23880741,13975121,798,378,108,54,0.012310498549296807
e74d9a6334ff9f758e307c84687771db4387bcd01a3ca06c88621e3ad2670fa0,Zigzag,23944816,13958277,23945035,13958018,779,301,64,131,0.27889654910232187
e74d9a6334ff9f758e307c84687771db4387bcd01a3ca06c88621e3ad2670fa0,Zigzag,23944816,13958277,23944710,13958219,455,502,62,130,1.5702632951027171
e74d9a6334ff9f758e307c84687771db4387bcd01a3ca06c88621e3ad2670fa0,Zigzag,23944816,13958277,23945282,13957979,1026,262,127,65,1.5671071828948644
22f969a036cfa047624faa2664752bbd53557c2806a3a07b4bba87b146bb2695,Zigzag,23928970,13913457,23928906,13913932,495,1035,117,54,1.5652413722351548
4aaf7adadab7d46baa0b974bb4f88175ecb44cb1fe2861eb92ac25fa1e53be4c,Zigzag,23851609,13890978,23851632,13890579,584,161,126,59,0.012113859472902682
bf35745218c572d5d9a07cf4d1d199eb092e6c64e4b40f1f5cc6cf82e66e66a9,Zigzag,23965321,13821101,23965266,13821323,505,782,55,98,0.0017696886195232553
e5262e98840e16cd1ea1014309dc6a7cda064a0ee9a53ad01b5c824ce28c2711,Zigzag,23837628,13907039,23837436,13906625,368,146,117,57,0.001953085751575341
e5262e98840e16cd1ea1014309dc6a7cda064a0ee9a53ad01b5c824ce28c2711,Zigzag,23837628,13907039,23837682,13907459,614,980,102,50,0.00016444995349271309
e5262e98840e16cd1ea1014309dc6a7cda064a0ee9a53ad01b5c824ce28c2711,Zigzag,23837628,13907039,23837559,13906993,492,514,59,112,0.0017175799976884094
159783479d199030abb9a2a76031a21d0adbc8eb359cab47897bc5b10023701f,FCBK,23950408,13796266,23950640,13796508,792,802,54,136,0.0009881010989483444
96585ec49f818e185c552450a248f942cb1b9096756fa406a23fb72c672cbeeb,Zigzag,23824579,13952951,23824111,13952629,92,239,106,65,1.5696433112009467
471d0523c6a5e6a85b1a5395848ffef643032f60cd3c77743f6c50075e4bcb1b,FCBK,23947612,13809231,23947597,13809488,546,817,57,105,0.6238032742477838
e21f101684fcfaf70e6de182c542bbed5d46512cd27fecdd6b51d27175092b4c,Zigzag,23855337,13958277,23855324,13958676,547,959,54,119,0.093087258892897
9f974b015fe348e25389294a7574812d77e70ea194e4f0853e930df1aa203768,Zigzag,23974642,13799508,23974874,13799999,792,1051,87,53,0.07852028371762478
e1a074287f35d24a46e9ee41ade4ae7fe23b6c22eaec02eef95dfe4e4c140311,Zigzag,23995147,14051602,23994947,14051360,360,318,57,110,0.13965871421154763
e5c1cc4ad0d3c1dfde9c534b5dedfc9d2ec722647cc28d69033eff29a1b28fb9,Zigzag,23845084,13915596,23845474,13915170,950,134,107,52,1.5163649093811487
f269acb21797af56e4c24a98cbf44b979a4f947e430e26561174e4686ca0ba71,Zigzag,23916853,13939091,23916352,13939029,58,498,56,122,1.519460434674202
face7782d0dcee997624f3cf110bcc49b15191d06797de4d3810e17e9e627ae6,Zigzag,23850677,13952951,23850210,13953038,93,647,58,114,0.0023028356546658424
8bbb2a6a527da443967e3a43a8b06db01f70180fd1dcb3e842c8ea26cb9816ca,Zigzag,23960661,14041035,23960874,14040956,773,480,116,54,0.08518298845516342
6e15048738f8add0b257399f12dc82f236a5b55d877e098d27ce9bcb4c6c9d6e,Zigzag,23846016,13949754,23846496,13950037,1040,844,117,54,0.011836105295072329
bbadc17264eebc6a15f8d6b69c0a1619b8dcdd771ddaab336de54b1d7bda7824,FCBK,23972778,14028343,23973180,14028069,963,286,108,55,1.5702343998048898
7e77cf8dd82915cad125ada59005c140fd11d73098dfc02b5809b907d44ef9c1,Zigzag,23873978,13942291,23873712,13942561,294,830,102,46,1.415620721136759
7e77cf8dd82915cad125ada59005c140fd11d73098dfc02b5809b907d44ef9c1,Zigzag,23873978,13942291,23874136,13942808,717,1078,110,49,0.9982334703427279
38d58f4e8745cd02b2406b9e2e682cd0e358c48ca8fd0854a2255913692f28e3,Zigzag,23776111,13867378,23776156,13867082,605,263,109,59,0.1413273677268072
b5de1218a92b9c46e6700f9321232100e6258e382bc67779c42acb334d0cdddd,Zigzag,23978370,14072704,23978487,14072772,677,628,113,57,0.017835803595668137
c78fab1fcfa215d34179925e5cbcf9873a5b5cf5b27f7a7cda1c03431e32757e,Zigzag,23922446,14010338,23922409,14010435,523,657,47,98,0.00597350725560191
f19014aa33dde7e44be14a4c64dfb1a1c3babb3ea5d567e0762a9ee06234b8fd,Zigzag,23934563,13997611,23934471,13997334,468,284,96,47,0.043653267425871875
f19014aa33dde7e44be14a4c64dfb1a1c3babb3ea5d567e0762a9ee06234b8fd,Zigzag,23934563,13997611,23934655,13997326,652,276,97,49,0.001031626487828514
f5d6ef33bd178af1c27d2d61f60ad8331e30ea9a5f00a36c693a861340b1837e,Zigzag,23904737,13855559,23904880,13855418,703,419,111,68,1.568215457382501
879ca3de4b1075830ef20654c099aa3ae71e591a6508d34ae5cba73556b39049,Zigzag,23767723,13863082,23767530,13863320,367,798,117,55,0.9841725124193275
1e90e16093c04d684d5fc9358a45170099558025c5dea34022ee65661cd077d3,Zigzag,23908465,13864156,23908981,13863774,1076,178,61,128,0.04488729721241974
c87c43b12b4b44b833bea4bdd21442bb658b6d25c435e9345ce2f750b83c5595,Zigzag,23835764,13905969,23835956,13905858,752,449,104,50,0.050533252818847366
505a48c2c76c123df71b1046d51186119851cb06d895143f291cc9e1fc71b08d,Zigzag,23863726,14062158,23863310,14062663,144,1065,38,67,0.10464258170469633
db5b9d966b2506d7b9e67f6681dced2a4ce41b9be689587509ed027bc3d8bee4,Zigzag,23955068,13890978,23955131,13891075,622,657,124,55,0.029469080045406507
db5b9d966b2506d7b9e67f6681dced2a4ce41b9be689587509ed027bc3d8bee4,Zigzag,23955068,13890978,23954852,13891498,343,1080,63,74,0.025807734969846546
db5b9d966b2506d7b9e67f6681dced2a4ce41b9be689587509ed027bc3d8bee4,Zigzag,23955068,13890978,23954790,13891387,282,969,106,56,1.565180652162301
db5b9d966b2506d7b9e67f6681dced2a4ce41b9be689587509ed027bc3d8bee4,Zigzag,23955068,13890978,23954845,13891070,337,652,133,66,0.005895765838312214
b40c3c161ab7f9d324d99e23c412509c92f6bfcba8dcbf5abfc0cbabbfc97c4c,Zigzag,23958797,13961471,23958396,13961436,160,524,128,63,0.03480697449273922
b40c3c161ab7f9d324d99e23c412509c92f6bfcba8dcbf5abfc0cbabbfc97c4c,Zigzag,23958797,13961471,23958419,13961950,182,1038,55,118,1.5668380704667118
b40c3c161ab7f9d324d99e23c412509c92f6bfcba8dcbf5abfc0cbabbfc97c4c,Zigzag,23958797,13961471,23958940,13961646,704,735,115,58,1.5692410407182902
a05dc8bff62d102089310642705e837e614b26e416bfaab0e5da1b7b4190bcd6,Zigzag,23945748,13956147,23946202,13956628,1014,1042,77,133,0.02806239211584285
a05dc8bff62d102089310642705e837e614b26e416bfaab0e5da1b7b4190bcd6,Zigzag,23945748,13956147,23946057,13955947,870,361,67,140,0.010106492438579749
a05dc8bff62d102089310642705e837e614b26e416bfaab0e5da1b7b4190bcd6,Zigzag,23945748,13956147,23945562,13955998,374,411,58,116,0.027342554237356643
a05dc8bff62d102089310642705e837e614b26e416bfaab0e5da1b7b4190bcd6,Zigzag,23945748,13956147,23945393,13955978,205,391,63,113,1.5697196107661775
a05dc8bff62d102089310642705e837e614b26e416bfaab0e5da1b7b4190bcd6,Zigzag,23945748,13956147,23946101,13956328,913,741,75,131,1.5707447946278035
ac872bc13f95634059429c86f8b88f349022a95aecd696c4058b121a00227993,Zigzag,23863726,13958277,23863248,13958599,82,882,103,47,0.01479155871776077
81bcf7c9de3c207b24b0246dd1a2e24dea9a010ae07f80e76ea0877fc2fcf47a,Zigzag,23990487,14060047,23990661,14060427,735,940,107,58,1.5664860005706032
0c600a2a4438cc40869e9279ead310c1994837c9aa35444d56dbd99ac58ab4b2,Zigzag,23955068,13892050,23954609,13891591,100,102,103,50,0.001570988844213385
ab3b95b9efd916bd1d12171062c34a8fba4b103aeda8f5a42373934d02b65663,Zigzag,23921514,14008217,23921112,14008172,158,515,148,50,1.5462671484166672
b2728bb80fdaafbf74a3417ca21b641ec1d7afb44d1fc897c1f88a0fa6a32ca8,Zigzag,23919650,13857709,23919421,13858025,331,876,103,53,0.01582402778138436
6255b9a50bad6afe6b5ebd6ab82c80fd5f4d0182251852fd7130af605f9f13db,Zigzag,23879571,13975303,23879715,13974943,704,200,108,52,0.013690303116012876
6255b9a50bad6afe6b5ebd6ab82c80fd5f4d0182251852fd7130af605f9f13db,Zigzag,23879571,13975303,23879927,13975492,916,749,112,66,1.494697963384482
1de88749bed1b9f606ba64d0fbbb533d7930ec7433332afb12a2d9cecdc1bf8e,Zigzag,23934563,13995488,23934212,13995150,210,222,103,53,1.5258076796582425
1de88749bed1b9f606ba64d0fbbb533d7930ec7433332afb12a2d9cecdc1bf8e,Zigzag,23934563,13995488,23934103,13995856,100,928,106,52,0.000358620713230271
1de88749bed1b9f606ba64d0fbbb533d7930ec7433332afb12a2d9cecdc1bf8e,Zigzag,23934563,13995488,23935061,13994962,1059,34,47,94,1.5692528917851412
1de88749bed1b9f606ba64d0fbbb533d7930ec7433332afb12a2d9cecdc1bf8e,Zigzag,23934563,13995488,23934340,13995440,338,512,109,60,1.5707756872964485
d3d4cb90753df5193aaaeb87dc610abb670edcfc22e8f87f3a4a5d7df4379101,Zigzag,23730440,13910249,23730186,13909826,306,137,47,101,1.5570034160352126
8e9098944326a1f681cb6d42200716865e6ac5d0961cd6f48c1c562533c44905,Zigzag,23896348,13905969,23896110,13906307,322,898,112,56,0.005668202364205496
a7a8be0e1c282c1a94bbc06eb01a3e80c5c3f85048f15ed97bc61eb73cc84823,Zigzag,23856269,13915596,23855866,13915575,157,540,52,112,1.5524388910848714
c345a0f4707e19bcd101bbba4ca60c8260de6596f664fe8c960a1cbe87357fe4,Zigzag,23885163,13971049,23885003,13970811,399,322,46,86,1.5669607090349098
c345a0f4707e19bcd101bbba4ca60c8260de6596f664fe8c960a1cbe87357fe4,Zigzag,23885163,13971049,23884994,13970523,390,34,103,50,0.006077572875940009
be300eea51f9afddf006672680cd4431958fdc98b1ac3e13f43320ff29720c95,Zigzag,23828307,13941224,23828360,13941327,613,663,111,50,0.012130433489499222
15fa663dfaeb3e665526a6673075c9c7dc2bf5c31dd58897e6f7d2cf7ece7fd6,Zigzag,23921514,13857709,23921816,13858005,862,856,55,88,0.3883061309016112
29b0288fac771532dac8cc29881728a0e13421ab6f9d5ab6fc3c87a81447055f,Zigzag,23892620,13874893,23892606,13874638,547,305,66,123,0.002951985591636185
145b0026e7754a8f8410715b5c37b434fd67347fe8d6161dc9709b024da520cc,Zigzag,23968117,13838344,23968399,13838389,842,605,117,63,0.34367754314433585
145b0026e7754a8f8410715b5c37b434fd67347fe8d6161dc9709b024da520cc,Zigzag,23968117,13838344,23968419,13838624,862,840,137,61,0.028640129544227316
4ba620d159890577a96b0be59e1984a25c083ff18ab7909ed215c038b47e47e3,Zigzag,23951340,13859859,23951000,13859526,220,228,99,50,1.543824097590683
dc042b7deb48cd4107328fdf414d037f17a25ee5dea9a8b536b42293b1deff2b,Zigzag,23879571,14042093,23879710,14042395,699,863,96,59,0.06392343952625162
e2890820b9043fe438267b08ec1e526e85b788ac99b6f84ab247dc372869e136,Zigzag,23908465,13889906,23908200,13890139,295,793,95,53,0.05542226314206882
3dd271a78c6983286a8a4da5959b850de5fb559dfb767d8547fd4529ccb4cdf8,Zigzag,23918718,13939091,23918873,13938734,715,204,133,67,0.019348167005642902
3dd271a78c6983286a8a4da5959b850de5fb559dfb767d8547fd4529ccb4cdf8,Zigzag,23918718,13939091,23919119,13939281,961,750,115,50,1.570041853258077
ca2e9a63fcbc4ac175258a38339afc3b8ec162d5b60d73d29e89b407ad9b03a0,Zigzag,23944816,13889906,23944532,13889807,276,460,108,52,0.031713708725422986
ca2e9a63fcbc4ac175258a38339afc3b8ec162d5b60d73d29e89b407ad9b03a0,Zigzag,23944816,13889906,23944730,13889731,475,384,128,68,0.7946083731323511
91312bb7b1c52a9b7f5afa6b11fcee1cf00d2bbb0cdfcbe1e2b2b382381a08ff,Zigzag,23821783,13930553,23821301,13930577,79,584,51,106,0.006273647591048441
91312bb7b1c52a9b7f5afa6b11fcee1cf00d2bbb0cdfcbe1e2b2b382381a08ff,Zigzag,23821783,13930553,23821878,13930804,655,811,97,54,1.5652817191256696
08473168d9b162f07c6d116afa23be134a15d2041592841792aaea52ce0642b2,Zigzag,23930834,13998672,23931163,13999200,889,1089,48,58,0.007142025359928419
9115bcd823e352aa6b0d11f9f158b847424707732f8c789da862ec43ec7019e7,Zigzag,23919650,13939091,23919499,13939144,409,613,111,57,0.0025893244287081407
c0becb53d50ae431fd92f04485f3a75ac6d4548ff16d6e6346852c20d0436d19,Zigzag,23951340,13788695,23950989,13788976,209,841,92,56,0.22694686492939148
4295db6e224b8ecacf2c0a28c4a4a6e5ab95f4f853c6acd0c3d5180bd3d0e1b0,Zigzag,23843220,13946556,23843341,13946972,681,976,56,106,0.09368547145275606
fc52accfd6595fbc0cd04f85fa94654c45656049785f811f1238d7270ec09e93,Zigzag,23927106,13815707,23927235,13815783,689,635,104,54,0.007808399239233985
e0e7a2b886b36226a7856fc2b428f3b3d7f1b12bf250f93be4aff469fd17cbaa,Zigzag,23990487,14061103,23990465,14061621,538,1079,96,47,0.03919399143404834
68a48d25837aa93810302e8309d955a05479f1a42182367bf4a9505f59943be3,Zigzag,23899144,13980618,23899439,13980107,855,48,107,50,0.02644979606093483
f1734c31d8fdea3d91f49ef6f2482bc72ffdb229532fba9476d9fdd6d346cbde,Zigzag,23932699,13992303,23933010,13992572,871,829,101,58,0.05896289003824792
f1734c31d8fdea3d91f49ef6f2482bc72ffdb229532fba9476d9fdd6d346cbde,Zigzag,23932699,13992303,23932453,13992415,314,672,123,60,1.559550596459819
f1734c31d8fdea3d91f49ef6f2482bc72ffdb229532fba9476d9fdd6d346cbde,Zigzag,23932699,13992303,23933060,13992336,922,593,53,110,1.5697734066201972
f1734c31d8fdea3d91f49ef6f2482bc72ffdb229532fba9476d9fdd6d346cbde,Zigzag,23932699,13992303,23932837,13992635,698,892,102,52,1.569649969103672
f1734c31d8fdea3d91f49ef6f2482bc72ffdb229532fba9476d9fdd6d346cbde,Zigzag,23932699,13992303,23933058,13992818,919,1075,81,62,1.5635433407241202
0248906d98fd382a99ec2366463b970b48751e0d5fde5edfdada83e3bc23a7f2,Zigzag,23987691,13821101,23987245,13820781,114,240,95,49,0.04676441798438368
0248906d98fd382a99ec2366463b970b48751e0d5fde5edfdada83e3bc23a7f2,Zigzag,23987691,13821101,23987318,13820596,187,55,105,58,0.04819245905634381
b36958afd4f683320ec47255f8703e6090f11b9d9c031c945b480c87445924c7,Zigzag,23859065,13947622,23858910,13948047,404,985,51,97,0.0012114165840457771
cd31d561caa1c1a4a1ec70bae7f26ae3d4bdadc29903993a0945ce0e76cd8762,Zigzag,23992351,14062158,23992623,14062588,832,990,51,84,0.0005461031578012274
cd31d561caa1c1a4a1ec70bae7f26ae3d4bdadc29903993a0945ce0e76cd8762,Zigzag,23992351,14062158,23992864,14062311,1073,713,98,53,1.568421053418655
6d2d942b2921f119b8eeaef136a65ff2f98f6762b3fbb5ad49e7d75a47c02832,Zigzag,23974642,13834036,23975142,13834427,1060,950,61,122,0.04206324374179689
96e64e18fbdab490aa84416cd28842677e4a8991d0fb6507e8fbb56cdb02f62d,Zigzag,23769587,13903829,23769419,13903645,392,376,60,136,1.5649219260623999
0e63cf6ab22745cafc23fd354a5a5167590ecabef10521cdc13e6bd3b92fa7bb,Zigzag,23758402,13871673,23758823,13871351,981,238,49,109,1.5686195920779202
b6f1180c61611ba10a7d6f0d832fa5f4716da62301cc101e2cdeedcb9ede1964,Zigzag,23938291,13945490,23938108,13945363,377,433,55,97,1.5692538238915226
c9d29aa269ecc52f496743bcc70d09687e3104483640cb05992e4f99d9217eea,Zigzag,23913125,14031518,23913487,14031690,922,732,89,75,0.07584296626187609
9c4adfb00cb230605bd71ab286a54f1d1f74232fb90eab5275b65a4b1faefee6,Zigzag,23942951,13958277,23942614,13958636,223,919,123,65,0.13318046666901062
9c4adfb00cb230605bd71ab286a54f1d1f74232fb90eab5275b65a4b1faefee6,Zigzag,23942951,13958277,23942581,13958392,190,676,54,110,0.004359864141460623
9c4adfb00cb230605bd71ab286a54f1d1f74232fb90eab5275b65a4b1faefee6,Zigzag,23942951,13958277,23942482,13958723,90,1007,48,118,1.561884723997219
ed09d56489e826cbb78f3a93692f4706514b159965a66f1e64a749450b078401,Zigzag,23951340,13796266,23951004,13796737,224,1032,45,102,0.07949805498946896
ed09d56489e826cbb78f3a93692f4706514b159965a66f1e64a749450b078401,FCBK,23951340,13796266,23951039,13796514,259,808,112,55,1.5672600483414347
13b853479e8983540414706ff45e8be8be943d7a1867c4cab6e1c5b5ce0ccb2b,Zigzag,23960661,13913457,23960342,13913180,241,283,111,59,0.6882620257978981
7ac668f2511703cc43a094464d300c5b2c414aa936af136d60a5d41fda95d41e,Zigzag,23945748,13959342,23945900,13959419,713,637,108,57,1.5637430778058763
6fe5c7d4b95b5d1caec9bcda98c6487752e8f783d6ab0b728ddd4ff03cc4c9c4,Zigzag,23907533,13915596,23907832,13915773,860,738,112,61,1.5658973088116412
ca2b4e9b6bec261350f116b6e050640fb069f32e17cc5e9c1419d5ad63acdd50,Zigzag,23900076,13975303,23900323,13974996,807,253,102,52,0.02558565438266376
2761a165ef1cf9199bd0c04b09c58135fb00add88c2bdeb58081065e66e0f1ee,Zigzag,23989555,14070596,23989300,14070756,305,720,50,99,1.5690321157307736
ac8e0593af750098305ce0b6266d7ed5113e48705095c693b554f93ab829853c,FCBK,23952272,13818944,23951830,13819260,118,876,113,52,1.5170309659697774
60424df01570afd664b6c6561d7c5c8db50fb25c8392dff9d39be067b939ce19,Zigzag,23960661,14047376,23960826,14047134,725,318,97,45,0.011862521564431853
69f03811440dd51bb43b9e36231d876b26631db486372a6fec80277c44e52619,Zigzag,23938291,13961471,23938002,13961118,271,207,61,112,0.00783278016692447
29da7a26e7e9253f9e8b7669075270864ad40a5f3673632a0e66d818edacaf06,Zigzag,23827375,13919871,23827605,13919381,790,70,55,115,1.5703858005128608
29da7a26e7e9253f9e8b7669075270864ad40a5f3673632a0e66d818edacaf06,Zigzag,23827375,13919871,23827762,13919816,947,505,56,118,0.008453712819833257
f4e69856c188a5108ce7868ac0f7d24a6fb473cdfc111ca270fc090f183217a4,Zigzag,23924310,13986994,23923859,13987282,109,849,105,56,0.1313526892786188
f4e69856c188a5108ce7868ac0f7d24a6fb473cdfc111ca270fc090f183217a4,Zigzag,23924310,13986994,23924469,13986935,719,502,53,105,0.06124411637730697
f4e69856c188a5108ce7868ac0f7d24a6fb473cdfc111ca270fc090f183217a4,Zigzag,23924310,13986994,23923912,13987084,162,651,56,99,1.570119750719962
f4e69856c188a5108ce7868ac0f7d24a6fb473cdfc111ca270fc090f183217a4,Zigzag,23924310,13986994,23924445,13987334,695,901,101,50,0.24533773995585395
2d3500f6fbe468dd82304449b868ea04ebd6d9ad84970a26aed9e5698939ebdc,Zigzag,23926174,13989118,23926324,13989613,710,1056,90,46,0.05714384282280452
61f72c7dc24b6723e68e2382fb40716b949ed06f4c48f5809108788ea058ea1a,Zigzag,23941087,13963600,23941320,13963390,792,350,117,67,3.8361470925116374e-05
fcfca63755849bc80e1fc12bf31e35975c6b4a100f093b73c176e4c9b6b6c23f,Zigzag,23916853,13951885,23916830,13951680,537,355,66,120,0.007584089294935557
ed5fecb5814f2bf403c2fc7ed53337db28c5e1e6269d101b3321abd44e466d32,Zigzag,23759334,13886691,23759728,13887057,954,926,58,133,1.5703178899050638
246c28d2cfb9c06772756fbbb1afe0cf636eda880d152c3b407b8185c51d48d0,Zigzag,23773315,13882402,23773326,13882270,571,428,118,60,0.008764426737045245
b378ff0ffb216e86879ae89dc448631455330ecc69e6dcf08ac4d27b0ec1fd02,Zigzag,23875843,13889906,23875863,13889617,581,270,113,61,1.5656075568850407
91aebb8a075a3497f78037daa5b8b3eaa11da2258cc6c919162e114c5008f29c,Zigzag,23836696,13952951,23836413,13953302,277,911,47,109,1.5386431840060428
91aebb8a075a3497f78037daa5b8b3eaa11da2258cc6c919162e114c5008f29c,Zigzag,23836696,13952951,23836402,13953394,267,1004,62,123,1.5692239964873138
ab8c21e1d6f78d2a09a1d89d764b64644ed037b007e41e2b4fa0f10f472b956d,FCBK,23876775,14015636,23876651,14015697,436,621,49,112,0.08849100071369172
ccfe3c796a61018fc811f70da1679a6892b080d75cfde8c03ffcca4f91edc986,Zigzag,23981166,13816786,23981631,13816746,1025,520,52,86,0.02601818295261165
fe3a56b3a39c7e60ebc115c85a64ba1a87e81d0d2f30059f4e4385b7999d8bb8,Zigzag,23861861,13948688,23861780,13948445,478,318,49,111,1.5531719261749157
fe3a56b3a39c7e60ebc115c85a64ba1a87e81d0d2f30059f4e4385b7999d8bb8,Zigzag,23861861,13948688,23861774,13949029,472,901,53,102,1.5699307994406209
a4d272275cc91b6bc69d8f3709d84fd44f647cd567f18576acf134655e6f8671,Zigzag,23921514,14011398,23921354,14010914,400,77,118,48,0.030250771920804408
a4b6d1f68d3b66be4d4c64fbdd7c3e12f3562b58b146da4fd927b7546cf312a3,Zigzag,23939223,13959342,23938779,13959797,116,1015,55,117,0.14975276053322048
a4b6d1f68d3b66be4d4c64fbdd7c3e12f3562b58b146da4fd927b7546cf312a3,Zigzag,23939223,13959342,23938865,13959807,202,1025,127,68,1.5684523455614634
64a77ab5fa4d52337064be24c8fb458ea3c31a73e7866c1492d41ca1c870fd76,Zigzag,23987691,13820023,23987379,13820467,249,1004,99,50,0.041799278704688796
4d71e7b685d1900872a02dfb659bd90a3577b99d9e86ae8374bde653112c1c47,Zigzag,23859065,13948688,23858744,13948709,239,581,59,133,1.5546698211300307
7bc34793c2823104635f8e28e38c4d936053fc92d7ca563b8a825fbd00a8a7c7,Zigzag,23924310,13974240,23924349,13974712,599,1033,67,116,0.012244127581504987
52359eb914b93ece348a0571c66e003d065ec79d9db593b6c293d18d2b181577,Zigzag,23984894,13825415,23984897,13825370,563,515,105,54,0.02265941874996593
e1364c8cda94eb064636da84e860bb9925641323335b643f936dad3dfbfab6eb,Zigzag,23938291,13956147,23938608,13956040,877,453,55,116,1.5562064650790066
e1364c8cda94eb064636da84e860bb9925641323335b643f936dad3dfbfab6eb,Zigzag,23938291,13956147,23938451,13955842,720,255,118,59,1.570625485010968
c0c3f872ae04abea4750434f42a47e85a32870dc553cf35e5ff3fef820221fe5,Zigzag,23952272,13920940,23952442,13920535,730,155,63,111,0.08968095102300956
90476070198e6d3110ae7b1f11d0bf8d0a0116e0e4af76928e30bae6cb804c78,Zigzag,23936427,13991242,23936080,13991448,213,766,51,110,1.5685712557041354
bc4755bd13f6acca76a0d54115dee9423eee275586ac07543cf71e7c75df9968,Zigzag,24000740,14064268,24000496,14064204,317,496,104,56,0.9386156132850777
00a9d940b1a206331be6a9a33708c22224cecc9f1a45688a2079c74b0b55809e,Zigzag,23911261,14035749,23910847,14035258,145,69,91,46,1.1183011559825689
620d8714dcb90c5763eeba2a0c486cfcaf3e096221effa2e5bc879aaf0d65e3f,Zigzag,23954136,13887763,23954539,13888274,963,1071,113,52,0.005063605499811363
d950f7e336e9a9f710b2ad02a74a069dfd7c67ddf8fb8b63f9bd93f8b7e61daf,Zigzag,23855337,13915596,23855224,13915542,447,506,120,65,0.010765369935535661
b8acc4cf9dcbc6e44608362aec8a961c7e799397f10676547c598f5c674e30cd,Zigzag,23936427,13989118,23936399,13989176,532,618,61,120,0.024556438328699814
d4f36b1b54de13aad0e374b1fb6b6448991d1e25458d53bf61a6b0c908d129e9,Zigzag,23825511,13939091,23825776,13938653,825,122,67,114,0.006907373820162618
1c10264342fadf811e9e75549c59f1c4a7ed8b7df0ba760b996c8ca2d88bbb20,Zigzag,23936427,13929485,23935976,13929239,109,313,116,52,0.031332294123053196
1c10264342fadf811e9e75549c59f1c4a7ed8b7df0ba760b996c8ca2d88bbb20,Zigzag,23936427,13929485,23936394,13929484,527,559,117,60,0.0031477305325002614
1c10264342fadf811e9e75549c59f1c4a7ed8b7df0ba760b996c8ca2d88bbb20,Zigzag,23936427,13929485,23936081,13929301,214,375,111,54,0.0025658847100005653
137cee673690c4a1852223ca4861290bf6d5930ddc7f41a7c490de50c56eccda,Zigzag,23990487,14030459,23990830,14030977,903,1077,81,54,1.5643292395618027
70cf27737c9c9aa4deee96417aed4250528dc1fe5f765b0d5536c383f659706e,Zigzag,23833899,13904899,23833835,13905331,496,992,49,115,1.568201475786778
70cf27737c9c9aa4deee96417aed4250528dc1fe5f765b0d5536c383f659706e,Zigzag,23833899,13904899,23833966,13905414,626,1075,57,125,1.0645899239066055
f698396340221024b73033fe1bb2dbc590e3d2be49e1d7dd06bee4411a1691d2,Zigzag,23885163,13926281,23885249,13926076,645,355,48,131,1.5676936109668997
fa2ed9de460b35f0b5199571f76d1f5dc6cc5833d1dab680509733cc360a7666,Zigzag,23854405,13879185,23854088,13879167,243,542,50,100,1.5695494347725214
19bf5c0672eac6446ca0922daf2bd8f69fc190f5475182d1372e4372c76ae934,Zigzag,23940155,13930553,23940043,13930508,448,515,55,116,1.5694863178546867
bef7443f45057d06cad733c271cf15a0825e95c7c5d1388601af45f15e97b25d,Zigzag,23982098,14031518,23981941,14031876,403,919,93,47,1.5701314686287582
a90d2fa94161d682995079a18f63f33672e81dc5b4593de64479957b2a5b56ca,Zigzag,23924310,13988056,23924035,13987695,285,200,102,48,0.0005698120534353879
5e478d29fb672c2664cccc04615fcba207a1fbc316257ec73717d3de29357cdf,Zigzag,23762130,13897405,23762322,13897054,751,208,56,105,1.287331191421571
cd96d4d6e0395b6933c6421663d82564a2a0e5d3e9f385b2f4364387854d5576,Zigzag,23961593,13945490,23961934,13945462,901,532,59,111,0.6135563624795404
6ca3ed5becb7e8dd4629857a0733c8fe36b64c04567aba18b47f1e2edfb76c41,FCBK,23762130,13875966,23762057,13876476,486,1070,101,49,0.9013286948628784
9ae4f702c3ae7e7780c236c3e1377b4d9400721fe47edc60aa279f12f2dffc7e,Zigzag,23883299,14023050,23882870,14022951,131,461,131,56,1.5643184537593877
ca112c7827583131d498565b66250d3c29cb8e28e14071b7b69b9c4f8e996a41,Zigzag,23912193,14034691,23912351,14034408,717,277,99,51,0.10663589120159336
65b382361f4806cd111109a75e350d685a9a5531446b802ae3c337a73b2c6a38,Zigzag,23894484,13892050,23894513,13891750,589,260,109,49,0.00909185511098938
5f085f83eb59066b49bea9c5c9bd734ea1d27ea01c59225dfb2948a08dee6a14,Zigzag,23955068,13791941,23954744,13791460,236,80,50,87,1.569833594060833
98127d6d7a0d16ffe83e6fa96b0bff7b9dc77e822305d9998aaf0968d869cc72,Zigzag,23962525,13797347,23962110,13797821,145,1034,108,59,0.1728104092511265
98127d6d7a0d16ffe83e6fa96b0bff7b9dc77e822305d9998aaf0968d869cc72,Zigzag,23962525,13797347,23962591,13797645,626,858,118,63,1.564894761819281
674493d139a945be2a378cac0befb9a8bab318b5428648e99e575e078345a80c,Zigzag,23754674,13893121,23755160,13893596,1046,1036,104,54,0.013910283342945322
0f3c1ef43c6b7a82b0d06807068bbd7594169ad3fdee487491dc0fe1a9d360f9,Zigzag,23962525,13804911,23962603,13804709,639,358,56,114,0.011824380104194874
9ea232c69c761cb37acdc3ef0e64abeb64d6ff6835ccbdffe2d981e09b6ae759,Zigzag,23983962,13824337,23984492,13824492,1090,715,52,91,0.9822088305895575
fe9bd979916c606f52dc0e9aa468561f443ca8f4f7ce18a8f44ff9f235e12eea,Zigzag,23982098,14049489,23982308,14049409,769,480,82,51,0.2629816981650901
7bf2d6362d50536f43a250661f4b9337e87c68f1c175598ffb8a16a890b2082d,Zigzag,23850677,13938024,23851101,13937953,984,489,119,60,1.5608832422692946
c0967c816bac521debc8e298c8eea1777586598bfc472ab7a332f42f2b0933e1,Zigzag,23930834,13997611,23930382,13997448,108,397,113,58,0.007655322092162722
c0967c816bac521debc8e298c8eea1777586598bfc472ab7a332f42f2b0933e1,Zigzag,23930834,13997611,23931120,13997311,845,261,105,50,1.5647196589776082
300108c3b0502a6a25443fab41a9ddd49452f745c00f63a8e7736276afdeb062,Zigzag,23959729,13811390,23959423,13811282,254,451,51,111,0.0006570718659346089
879195a355251179826bba31690e8c6e5a12518af60112101351e31bbf4b099d,Zigzag,23860929,13915596,23860833,13915198,463,162,114,109,1.2785057418851575
5a6c948a7699b0bea2c75fe5551b72d152da810fbc2c0d8704b05932aca3a2cc,Zigzag,23894484,14016696,23894216,14016757,292,621,95,43,1.5368323676228435
03a2bc4ba78647f1c60fd9f66d413ec5ad85e3e9385343986579574b7274f9a7,Zigzag,23965321,14039978,23965306,14040436,545,1018,88,50,0.9122650990373433
6604ca6593c8cfd1fd73fa82507ea209af3ad117fb4049a2ce33d3a514e33a5a,Zigzag,23908465,14026226,23908851,14026216,946,550,107,41,0.003047987087372712
f435318a05e9e76223aa3e4167ae9b9618e1bea2875983744af7f8523ae759e0,Zigzag,23937359,13904899,23937093,13905394,294,1055,54,101,1.5690863110589566
0a590f815a98926e8e6b081a10763bf8c6a15f6d7eb7236f096b88470b7dbb53,Zigzag,23993283,14033633,23993526,14033727,803,654,102,51,0.052330849103948016
0a590f815a98926e8e6b081a10763bf8c6a15f6d7eb7236f096b88470b7dbb53,Zigzag,23993283,14033633,23992980,14033592,257,519,44,99,0.2718478774214251
0a590f815a98926e8e6b081a10763bf8c6a15f6d7eb7236f096b88470b7dbb53,Zigzag,23993283,14033633,23993681,14034155,958,1082,50,116,1.5696053611554133
e966107791bcc7d37c0ae00fba25bcdc287b3bb433fef5e908e6fc0760dcb127,Zigzag,23933631,13999733,23933710,13999536,640,363,52,97,0.04223354873231825
2402dffc8ac554478a8e74e3017623417a135bf339f170ce49105aafee79e983,FCBK,23881435,13828649,23881245,13828608,370,519,107,49,0.18097439615179167
65b28d58e648f486e349b71ebcab89bad68d1c1a4b5053d956bf1dfcfdbd0073,Zigzag,23947612,13972113,23947319,13972361,267,808,112,62,1.5686056104821973
65b28d58e648f486e349b71ebcab89bad68d1c1a4b5053d956bf1dfcfdbd0073,Zigzag,23947612,13972113,23947951,13972486,899,934,107,59,1.567719843103637
65b28d58e648f486e349b71ebcab89bad68d1c1a4b5053d956bf1dfcfdbd0073,Zigzag,23947612,13972113,23947129,13971896,77,343,58,113,0.0008060771593333309
7d369a71ebdeb97b6ea8394365c0050ab111276920668e3a3d779295b3c8cc67,Zigzag,23844152,13944424,23844021,13944236,429,372,56,137,1.5258425670685225
5f18e81347c635c5ccb74e43e8d80486cfd4d12845dc235d5f20ad0d65b52fab,Zigzag,23963457,14045263,23963021,14045654,124,951,109,51,0.005208947516302437
14c17e6af0b9e4bbf193a0130975b690b35278deec865308d49532495cfa86a5,Zigzag,23936427,13810310,23936752,13809987,885,237,55,82,1.557939117684212
f4601e867ec089e8506413b9b7f5d8f8d9f740ec79bf18f13aa519bf078cf143,FCBK,23901940,13966793,23902326,13966919,945,686,52,116,1.4441313253446568
a24ed9b0daeae6e6afef56bf4fc5e94fd33323e21ba098e2e711966e2a9a13cc,Zigzag,23872114,13908109,23871747,13908015,193,466,66,114,0.048551569684584184
8dfb40830a44010140731125ae4221868263cfa7007859d44a2186f94bd564d3,Zigzag,23850677,13908109,23850662,13907711,545,162,120,61,1.5485478795742111
facfc19ba4b94982f922ab365822aed90feafc8625874ec253e87e165941cbaf,Zigzag,23874910,13980618,23874682,13981153,331,1094,105,48,0.003954265747738856
facfc19ba4b94982f922ab365822aed90feafc8625874ec253e87e165941cbaf,Zigzag,23874910,13980618,23875298,13980952,947,894,111,58,1.5639132537995322
19bd26480626bd85ea953673a0f23f1b3302ded52857f31aea63892258ac774c,FCBK,23869318,13874893,23869164,13875197,406,864,52,139,1.5488835710296156
6b26b5fb90ff9bb5122fe648cf78efeb4de45caa1c33b7883356111dec18e019,Zigzag,23810598,13869526,23810685,13869861,647,895,112,52,1.5611815163113836
6b26b5fb90ff9bb5122fe648cf78efeb4de45caa1c33b7883356111dec18e019,Zigzag,23810598,13869526,23810096,13869012,58,46,63,80,0.00243617992238665
27bd21d5bed6406745d15ad8be793d21758275552e2583e7c3b8baffa1458373,Zigzag,23939223,13972113,23939697,13972195,1034,643,54,119,0.03860370177843228
27bd21d5bed6406745d15ad8be793d21758275552e2583e7c3b8baffa1458373,Zigzag,23939223,13972113,23939093,13971761,430,208,126,53,0.005493203032114217
27bd21d5bed6406745d15ad8be793d21758275552e2583e7c3b8baffa1458373,Zigzag,23939223,13972113,23939558,13972056,895,503,54,91,1.5668107730655385
6ee25285e17aba124c116de82d46d79ce2e5e72532ccd77c02b2297399fa1768,Zigzag,23942951,13859859,23942653,13860296,261,998,105,47,0.0195901151906766
a4a142176b8ef91ac73bfe370ecfe2bec0294589239daa88af4b2262cbcd8854,Zigzag,23872114,13966793,23871681,13966626,126,393,119,55,1.5639594596444453
cd5edd095a51261960e673cea58d5ccd2823950f07dbaba0f3901aa7ede0c9c4,Zigzag,23925242,13985931,23925457,13985942,775,570,55,102,0.44012016030651574
cd5edd095a51261960e673cea58d5ccd2823950f07dbaba0f3901aa7ede0c9c4,Zigzag,23925242,13985931,23924830,13985811,148,440,113,55,0.034798897624495714
cd5edd095a51261960e673cea58d5ccd2823950f07dbaba0f3901aa7ede0c9c4,Zigzag,23925242,13985931,23925343,13985843,661,472,96,51,0.5110298536756154
cd5edd095a51261960e673cea58d5ccd2823950f07dbaba0f3901aa7ede0c9c4,Zigzag,23925242,13985931,23924744,13985577,62,206,120,62,1.547094592567355
972e70f71fe17fc12eda2c4c5012ff526d542228a263aad73437c010564d97b6,Zigzag,23955068,14068487,23955363,14068409,855,482,91,54,1.5534725970619856
07acefd53644f253f709c221042e2dbb32658adca65f800f5e563942c85102de,Zigzag,23933631,13994426,23933577,13994539,506,672,103,54,0.049216203146505495
07acefd53644f253f709c221042e2dbb32658adca65f800f5e563942c85102de,Zigzag,23933631,13994426,23933386,13994771,315,904,105,55,0.13577135622500783
07acefd53644f253f709c221042e2dbb32658adca65f800f5e563942c85102de,Zigzag,23933631,13994426,23933578,13994332,507,466,104,52,0.02955267625590518
07acefd53644f253f709c221042e2dbb32658adca65f800f5e563942c85102de,Zigzag,23933631,13994426,23933226,13994650,155,784,53,102,1.5660272710728373
07acefd53644f253f709c221042e2dbb32658adca65f800f5e563942c85102de,Zigzag,23933631,13994426,23933769,13994934,699,1068,104,57,1.5682840337805704
9a49b076bc2aea10758c11d2e93a676da0b451767b53032d91f4a4a8d0e53408,Zigzag,23887027,13969985,23886603,13970409,136,984,119,60,0.04428478198292453
9a49b076bc2aea10758c11d2e93a676da0b451767b53032d91f4a4a8d0e53408,Zigzag,23887027,13969985,23887039,13969942,572,516,98,58,1.028597368353212
9a49b076bc2aea10758c11d2e93a676da0b451767b53032d91f4a4a8d0e53408,Zigzag,23887027,13969985,23887153,13969829,685,404,125,66,1.5601703140454803
9a49b076bc2aea10758c11d2e93a676da0b451767b53032d91f4a4a8d0e53408,Zigzag,23887027,13969985,23887255,13969561,788,136,48,101,1.5646663957558067
8484f0ee0b63583e9e4e59d77c39f88bd2fa5a576ae9f035b2a5131a50fd1b4e,Zigzag,23974642,14051602,23974650,14051677,569,635,98,50,0.06531213239310583
ed455852f0805912ebbb237e6e1c2f484ec43129fefac8ba8b3abc476e646a86,Zigzag,23961593,14041035,23962021,14041362,989,886,53,107,0.008260762117519164
eddde05e3f665863ba90897982d246a2942fc9be774ffaa6c100a0c9d66cd089,Zigzag,23898212,13890978,23898578,13890916,926,498,116,55,0.04359957976277157
c8d7e8d4d8473c13566ea831281a3f8878cdca7973f1fb78b99fef6b89c8612b,Zigzag,23946680,13870600,23946174,13870069,54,29,53,103,1.1500444382796593
7690a520c6149dec678f7074c5aff0b709d3cbcec90156e248a20494b76a10bf,Zigzag,23957864,13901688,23957537,13901983,232,855,58,108,0.03994942620557374
7690a520c6149dec678f7074c5aff0b709d3cbcec90156e248a20494b76a10bf,Zigzag,23957864,13901688,23957716,13902207,412,1078,75,81,0.006752880828464949
9f29d9c49604945b3579a36a4ebd5bfc3ed7890a5f91c1eca63e32589584fe88,Zigzag,23998875,14060047,23998732,14060480,417,992,56,131,0.05148006484301938
9f29d9c49604945b3579a36a4ebd5bfc3ed7890a5f91c1eca63e32589584fe88,Zigzag,23998875,14060047,23998738,14060172,422,684,51,99,0.026710937731168515
9f29d9c49604945b3579a36a4ebd5bfc3ed7890a5f91c1eca63e32589584fe88,Zigzag,23998875,14060047,23998730,14059972,415,485,100,54,1.5616813916479912
be38066ccb1c91476e834889d52f7f83eca7014e248c1c0a5378b44d6d14260c,Zigzag,23912193,14050545,23912105,14050911,472,926,104,54,1.5283515311314861
b7596eabc542ceeda1dd0ba730258fede97db850ec5ab79d35d2359a548a761d,Zigzag,23812462,13888835,23812802,13889302,900,1027,52,111,1.5162693018980147
e0ef44fb6a98713ac8ea456d9d8f260cb8cea8512a43b854b83aa1efbdae9bf3,Zigzag,23998875,14056881,23998676,14056942,361,621,53,90,0.03219598223170111
b60c571286f66476a69a33f591f48a8b27b95c208bba0fba6ba18f508fa58f5f,FCBK,23766791,13896334,23767184,13896436,954,661,101,55,1.5065724660529272
19ef59b0ea59371cfce4b217669a4bc443ae0677da47ae22e83b45192c2132a7,Zigzag,23991419,14061103,23990930,14061387,71,845,103,54,0.08287141456324508
19ef59b0ea59371cfce4b217669a4bc443ae0677da47ae22e83b45192c2132a7,FCBK,23991419,14061103,23991086,14061541,227,999,115,45,0.018582000527162322
c2909b4af0f68cb4a77a67bec2eee34c014b1a356288fd1c24fe8c63cde214e2,Zigzag,23938291,13878112,23938405,13878155,674,603,69,154,1.5684029439232423
ca18c16bc3f8c6d100e946714aca13a78f0d7ec9b6a31bea96709497983abae7,Zigzag,23743489,13870600,23743083,13870102,154,62,83,89,0.91073517957012
045d5287cdb20762ad80453048e7ec1a2caa988f35c1bdf48ec38e22493db2a4,Zigzag,23743489,13864156,23743319,13864281,390,684,55,120,0.0012113767926740212
8b37fc1617be4c181749ce2fc07ed4bab513a2b4f556886879c12b30f1a54f36,Zigzag,23964389,13914526,23964267,13914264,438,298,62,129,0.8717084180077718
a197201824be66f3bcb3b9c83c03b97ff06952dc20e4b22279e3ed5b2787e8f9,Zigzag,23911261,14049489,23911464,14049361,763,432,47,108,0.009963150913798137
4c66b0f801e83a34e4be2a467709039df361fd3cc2f1962694f17b2e643ea273,Zigzag,23930834,13994426,23930905,13994261,631,394,107,58,0.10580392799943103
4c66b0f801e83a34e4be2a467709039df361fd3cc2f1962694f17b2e643ea273,Zigzag,23930834,13994426,23930498,13993918,223,52,107,49,0.0012225209775089717
4c66b0f801e83a34e4be2a467709039df361fd3cc2f1962694f17b2e643ea273,Zigzag,23930834,13994426,23930515,13994565,240,698,90,52,1.5693893787910078
59616cc0088f9d5348d0fc141ebc291b00671e43cb596c8b9a48ae9f936ef507,Zigzag,23846948,13948688,23847397,13949187,1009,1059,113,54,0.005558892085025353
a3da0903ef8d93b3f556a792660f84a31a2ced85b9510a4bca439d7208046de9,Zigzag,23990487,14021992,23990516,14021792,589,361,55,106,1.5692254612259133
a3da0903ef8d93b3f556a792660f84a31a2ced85b9510a4bca439d7208046de9,Zigzag,23990487,14021992,23990496,14021676,569,245,108,55,0.0021408425095408054
8a1e257e3efa151a3962d4684df9e9f5f3121e750bcd17ebfe8eb44e6fbce8fd,Zigzag,23844152,13948688,23844513,13948858,921,730,109,49,4.1059331619303565e-05
d90b97456b728d172a1eac1a0dca64ec81129598f293fffadc1f7e6ce4d8e848,Zigzag,23835764,13914526,23835838,13915024,634,1058,63,140,1.2787901674895779
fbb0ffc95be0c03a7d65bcfc3db64650ef3dff72c5e44e165b2d5f38f4ffbce3,Zigzag,23803141,13897405,23802739,13897095,158,250,109,49,0.0012543517342448985
70e46f37875bb5b548750d9b7903f291fbfc7a05f922c0b49640ce63a4d05b2d,Zigzag,23974642,14067432,23975016,14067261,935,389,101,55,0.025601960002556694
5234851309ce2201684a1d6243d54802840b8a115b338450482fc087b6635abd,Zigzag,23823647,13950820,23823544,13951290,457,1031,105,50,1.5693615487576165
3d5e2de5876e5b695ddac17a9931498472bda89b7045252b2da67dfd8b4a7d78,Zigzag,23933631,13995488,23933797,13995292,726,364,113,51,0.02311688324621429
3d5e2de5876e5b695ddac17a9931498472bda89b7045252b2da67dfd8b4a7d78,Zigzag,23933631,13995488,23933614,13995232,543,304,58,111,1.5693884466846262
3d5e2de5876e5b695ddac17a9931498472bda89b7045252b2da67dfd8b4a7d78,Zigzag,23933631,13995488,23933318,13995325,248,397,108,57,1.5648557465093114
3d5e2de5876e5b695ddac17a9931498472bda89b7045252b2da67dfd8b4a7d78,Zigzag,23933631,13995488,23933388,13995144,317,216,117,60,1.5654095508579933
3d5e2de5876e5b695ddac17a9931498472bda89b7045252b2da67dfd8b4a7d78,Zigzag,23933631,13995488,23933700,13995326,629,398,107,62,1.5618082912739337
647abbac571e583603f0017d4144b6fc7fc9e345f1ae1df43619712c1a8793e0,Zigzag,23960661,13918802,23960831,13918837,731,595,56,113,1.550359095431574
c54c6b7b870f328d04a41bd02b6ea66f2daa379ef7b9931e38af8203cd40f347,Zigzag,23889824,13902759,23890167,13902231,903,32,106,54,0.07037610407756709
f30cc7554db51bc737d1145cbb38f12203dba963c485305f5f08808d4948c2f9,Zigzag,23997011,14058992,23996833,14059409,381,977,90,52,1.5240846144329612
d61cd61b2b513d3b83da40999960cb257d66395b6130254afee47e2df3878957,Zigzag,23949476,13844803,23949864,13844386,948,143,108,55,0.05956530956039146
3d511356ff3cca8f6bef3f624f662ca7a014f662edc79799515b1923c31252d8,Zigzag,23837628,13905969,23837337,13905622,269,212,112,51,0.00925641557981566
3d511356ff3cca8f6bef3f624f662ca7a014f662edc79799515b1923c31252d8,Zigzag,23837628,13905969,23837301,13905524,233,115,120,53,0.00826299875671591
ccd15bdb16e277d97f35eceb37a4b16fe162db640996f3a1b704d66e5567fe16,Zigzag,23846016,13926281,23845679,13925842,223,120,113,54,1.5667280819136915
53545cdafcabe7af771453d6ff061cd976a3331f4bc0d0b12000d4b16ca7b460,Zigzag,23949476,13853409,23949147,13853094,232,245,95,55,1.565835922948515
dd0493c4567bdbe0708f3d99fdf2da0e7a06af9d4c98fd0487eff049fecc3ff1,Zigzag,23927106,13988056,23927182,13988034,636,538,130,60,0.004194252972360524
e62337d66a23e10eac31b134c3adbb8dc1e1647468039f5134f7ef0cfaf21459,Zigzag,23935495,13989118,23935796,13989193,861,635,106,53,0.03574049567859606
e62337d66a23e10eac31b134c3adbb8dc1e1647468039f5134f7ef0cfaf21459,Zigzag,23935495,13989118,23935657,13989187,722,629,55,112,1.5682824358839162
e62337d66a23e10eac31b134c3adbb8dc1e1647468039f5134f7ef0cfaf21459,Zigzag,23935495,13989118,23935882,13989445,947,887,112,55,1.5470213556373777
339275c9db9ac89fc81af4daadacaad8be44de52c304834e2ba190b0d230bc54,Zigzag,23969049,14062158,23968559,14062395,70,798,55,103,0.003282423025522921
a42a58a712c117f158d5118a5a38772ee73884f5f11af5e3ba3a0c7b6ab9f782,Zigzag,23944816,13977430,23944469,13977453,214,584,62,132,0.6093951066972644
a42a58a712c117f158d5118a5a38772ee73884f5f11af5e3ba3a0c7b6ab9f782,Zigzag,23944816,13977430,23944529,13977559,273,690,121,66,0.5139102621316178
4e940e0fc7c5ab132af5661569e5e1448800f38a391b3a52af4a2fdc03c1ea1a,Zigzag,23959729,13832959,23960038,13833013,869,615,45,95,0.6940107253269432
a327a8bd0225aaac3f6ccd8703ad7f19318c48cac3c5359f5b63da07f48c5e95,Zigzag,23914057,14044206,23914136,14044528,639,882,100,58,0.16870284945432917
dd4935a64d123639416cce0ce5fb3655c34b402ab9424105c6f6f2a4de4b06b5,Zigzag,23865590,13968921,23865128,13968986,99,625,101,44,0.01591794894259359
18fafdd8c1e0b0cab07940011e0b55f40cb6d1551cf4545c42df7c60446e5abf,Zigzag,23952272,13786531,23952428,13786952,715,980,101,57,1.2946017543555417
7ba5955508f4ecc5329eef60311897f390f5f4e5f865935c924a2524d8d03eff,Zigzag,23980234,13837267,23979724,13836955,50,247,102,55,1.5563846305559328
194b0b6f9878f675191426bbac4137f21b6f92e33a20b77bce34d0761839d1c2,Zigzag,23858133,13947622,23858601,13947865,1028,803,49,106,0.05497980805527657
09889cad828149e18eedc02563b3803c2c6fa289a3f53d6abfd1794d6935f90f,Zigzag,23910329,13870600,23910511,13870618,742,579,55,100,0.0174345973371504
1154881ee92f380910db8f4dc6d1bc66cc011c31dbed445ee72d35fc8a12601b,Zigzag,23938291,13959342,23938135,13959496,404,714,116,61,1.5632032550529171
1154881ee92f380910db8f4dc6d1bc66cc011c31dbed445ee72d35fc8a12601b,Zigzag,23938291,13959342,23938216,13959054,485,272,122,63,1.5690205309800318
1154881ee92f380910db8f4dc6d1bc66cc011c31dbed445ee72d35fc8a12601b,Zigzag,23938291,13959342,23937881,13959847,150,1065,56,111,0.0031374126037964807
1154881ee92f380910db8f4dc6d1bc66cc011c31dbed445ee72d35fc8a12601b,Zigzag,23938291,13959342,23938716,13959727,985,945,121,61,1.563204586633462
d569c4b5a2acf4ff7da178a5fd44365c1cfb1a02da3ea2731e5aa98b3ef2ac36,Zigzag,23889824,13863082,23890032,13862564,769,42,59,80,0.009732136253395975
b53a928c624439856a51b4a84ef4e60eed9d450133372aa407c7731356a1b109,Zigzag,23908465,13882402,23908158,13882121,253,279,55,109,1.5700455816836032
69f760ffbc099462bd51b66006197997ba397dbf3dd59fe9819dfb76ba1f594c,Zigzag,23835764,13879185,23835860,13879116,656,492,112,57,0.0873347643592986
35b6c94cc2424c31022ed8ba0f90f017d5b600fe02f77a5d1ea5ed5a2b5ea646,Zigzag,23771451,13867378,23771960,13867478,1069,660,107,58,1.5704519800659493
8fd87f721ade202e2e4fd554e272775a01248cb7e6f4b651402436ceaefbb40d,FCBK,23948544,13940158,23948165,13940513,181,916,57,149,1.52616001587046
77b7edd5a3951f3407f9f480d62b58c2beb7714627147aab9c1d423f2be910db,Zigzag,23897280,13925213,23897119,13924929,399,276,55,102,-0.0
77b7edd5a3951f3407f9f480d62b58c2beb7714627147aab9c1d423f2be910db,Zigzag,23897280,13925213,23896906,13925137,186,483,51,118,1.5649654687462227
1c3667473f1ee17f4325a0669a9f8a1755a15af54a75471d8e9ae707f4ef9a60,Zigzag,23993283,14034691,23993302,14034832,579,701,53,105,1.5668037156886498
3da179416febee24ea62b7d62f04e1e7f499105892db45c5d09bceba64e807a4,Zigzag,23935495,13991242,23935962,13990753,1027,71,113,59,0.037746879631969724
d5e9532ce7e0197ab4e1106c274ecc95d2beb13b86419a0e7d8caf2506d88987,Zigzag,23978370,14055825,23977988,14056283,178,1018,103,50,0.008283513939636576
819a82450debf66eb291277dab8dc90d692517e214a5061cbe5fb206eea8e736,Zigzag,23829239,13962536,23829102,13962387,423,411,112,55,1.5531072113604267
e312a86a2e510b764174a458fe94bff13472bd52c0b1707657e82097bf1689f6,Zigzag,23871182,13877039,23871616,13876653,994,174,126,62,1.5680230439937426
c5c77e876c2e0362c4a4b92321c1cf2d20bb327e4ce20efb80f727a9df962be4,Zigzag,23873046,14068487,23872653,14068656,167,729,91,54,0.08217037901817376
5189c5d121a4a1094bfa9577ac8ecaff68a7ac260406e0b00dffcd3476e9b01b,Zigzag,23861861,13901688,23861590,13901490,289,362,48,99,0.014413104801509098
19353caa547e4fc0e876e4acc8c67eddae2550625fbddc76d25cdefef1809185,Zigzag,23916853,14015636,23916991,14015624,697,547,113,49,1.5675158449641369
c571435d45a250264fc4d0e5a4d37350f7aefca10c55c46ebc24f8bfa18202c5,Zigzag,23969981,13839421,23969868,13839186,446,325,51,113,1.5634756964324323
56770ae33ce8e8f31bf4d85195d523b2e2c1809272fdc9d38f9ba22eede2d3ee,Zigzag,23973710,14072704,23973365,14072580,215,436,123,67,0.004215888815548491
56770ae33ce8e8f31bf4d85195d523b2e2c1809272fdc9d38f9ba22eede2d3ee,Zigzag,23973710,14072704,23973458,14072966,308,821,97,50,0.0003120770317689575
afb5d5b571b369e8d1475f9cca402c34a7fd88e35dc0681c16f45ef5a1998b0b,Zigzag,23993283,14062158,23992937,14062303,214,705,47,75,0.045540857749871204
fa516ae8deb5d350baaa0e39cac15c84099dd2f1eb6fa860acd5b7e81cf170b6,Zigzag,23991419,14033633,23991402,14034052,543,978,108,52,0.04717510655279832
907bcd009da5ed7b4bdb46d0ca1d67be61e31cd3521edccd4a81da22f0136701,Zigzag,23939223,13946556,23938913,13946570,250,574,111,65,1.567264842031397
5b88acb1228dc9ab7a6c5c43aa0f0941077a67ac0fd6784a16215d1eb08d4ab1,Zigzag,23761198,13860933,23761315,13860508,677,134,48,122,0.031176097644525443
87ccbeb37b0cf60ed1e324f75d6b58fb12639f02ca823980a101530acba0ba17,Zigzag,23902872,13838344,23903132,13837968,820,184,52,103,1.5674908112498902
e0807fa22db47a683807c206b51379c62e4356e2dca73d809b2199c1efb7f005,Zigzag,23932699,13834036,23932903,13834211,765,735,57,96,0.006062334080929061
e0807fa22db47a683807c206b51379c62e4356e2dca73d809b2199c1efb7f005,Zigzag,23932699,13834036,23932737,13834377,599,901,58,107,1.5260084820044344
82c2bf418aefe9ed146b50280c00698e8a31f429b3dcb73d4079e76f27e38067,Zigzag,23938291,13996549,23938097,13996475,366,486,51,98,0.031343939211038487
82c2bf418aefe9ed146b50280c00698e8a31f429b3dcb73d4079e76f27e38067,Zigzag,23938291,13996549,23938758,13996750,1027,761,108,58,0.08305037066612
82c2bf418aefe9ed146b50280c00698e8a31f429b3dcb73d4079e76f27e38067,Zigzag,23938291,13996549,23938122,13996680,391,690,51,97,1.569204555411356
a63a5cbf41cae4b014ab4074975f4c8ea088167a4bd62fad3e19108d9c29862b,Zigzag,23961593,14045263,23961555,14045733,523,1030,62,126,0.03623916843152419
a63a5cbf41cae4b014ab4074975f4c8ea088167a4bd62fad3e19108d9c29862b,Zigzag,23961593,14045263,23961215,14044986,182,283,54,103,1.5667383350838884
a63a5cbf41cae4b014ab4074975f4c8ea088167a4bd62fad3e19108d9c29862b,Zigzag,23961593,14045263,23961281,14045515,248,812,94,53,0.03707001643498007
e854241eca1f71896211286f23119273a16778221547fc8989cac623628a941f,Zigzag,23928970,13990180,23929296,13989874,886,255,62,98,0.0020889044964632927
e854241eca1f71896211286f23119273a16778221547fc8989cac623628a941f,Zigzag,23928970,13990180,23929171,13990044,761,424,92,44,0.23313828170014855
9c065a71b0bc3b8d4431945534eb90aebc2beb087eae590ae8109a13fbd2c9c8,Zigzag,23881435,14029401,23881171,14029161,296,320,95,45,1.5660119578965692
9b098ea44ffa2c3635596e49d214fca4d43a37d6b4540465b8c654b9280800fe,Zigzag,23835764,13894192,23836148,13893757,944,125,102,55,1.5704760816738146
dbcc2885d5790bef8b178d7bc66499b74cf2594c2e727ae7d0e35901ba95c981,Zigzag,23996079,14050545,23995989,14050240,470,255,55,113,1.5451427618044358
26d1fa4a292d7432351c2bc3e2cbd3cfff00c6cf884bbc426725e549f566bb31,FCBK,23808734,13944424,23808368,13944831,194,968,119,46,1.5152276064376302
2523d351ce7a83557c9d15755b627548ecffadad77c1895cb6988e3ad81a6eac,Zigzag,23941087,13855559,23941035,13855054,507,54,101,59,1.5689259887613338
99534c35338d95892c8f327fd830dda35999156f639c67fc3b5e7ed1038de2e1,Zigzag,23887959,13969985,23888002,13970433,603,1007,42,94,1.570474883251324
99534c35338d95892c8f327fd830dda35999156f639c67fc3b5e7ed1038de2e1,Zigzag,23887959,13969985,23888108,13969595,708,170,95,53,1.5664495152636693
dc79bb432410e668e5683ea617de8da120c03b3309f1f5efc0637c5ac770aaf3,Zigzag,23983962,13825415,23984315,13824930,912,75,56,96,0.7104341068743256
15c1384b30ef302aea7c7f3fce43832da407dfa4a2a3a13a86c53a5e05d6886c,Zigzag,23812462,13890978,23812684,13891295,782,877,63,113,0.4577004190314285
30f7ae6dd77f35ba073eb2834765a69d8ff3250fe8b4b908b61618fffad1c185,Zigzag,23848813,13991242,23849244,13991013,991,331,53,98,0.05632297335105803
333bfad893bcd32ebe8071a14778434a48d1e120150f96c854c6fcb1ea39806b,FCBK,23897280,13939091,23897412,13939381,692,850,106,43,0.013293316303347234
2220e88ca261ba08278d0d473a8157680b7489643a2897ebd2e266e5fd665336,Zigzag,23921514,13958277,23921749,13957905,796,188,155,65,1.5700973801668052
7d749e5be9f9e3c2a37fb62af3f14dc2af9a695e5c30553f743ce570c63b7189,Zigzag,23738829,13867378,23738840,13867073,571,255,52,99,1.5196927954793116
387c7da5eb0195dde412efb1c57f450db73f6166888d14021a0e487313f0f5e9,Zigzag,23841356,13903829,23840995,13904208,199,939,114,56,1.5543327980940813
967eeba3d2a8df00fa7e955c71d368ec072dda2775c4f343a0304f3e6c0e0f75,Zigzag,23926174,13897405,23926508,13897514,894,669,108,50,0.06396042417589011
fbf2a4ab9632e7b6a549f12b7077b1b34ad7b4e4f639a092887342bc9c71fd34,Zigzag,23942951,13962536,23943230,13962402,838,427,64,111,0.11614529044020976
ed26ad07de26ad58258fced0f9706565adeb9b4828f2a2a62a0d0ddd8c0fe80b,Zigzag,23913125,14033633,23912915,14034116,350,1042,106,58,0.5266968974734153
d9fa32191cb879bd60f13b1fcd9025ec0b705fa4aa8965205eff0bbc9e1cb773,Zigzag,23906601,14024109,23906450,14023829,409,280,48,118,0.030024942102149493
89b909266e0e9062f979ecc17b7453567b6b71f81ce6c4a5d94d6c215b6556fa,Zigzag,23936427,13948688,23936517,13948683,650,555,140,69,0.03501299497019207
c6f022edd5e5392eb45d7f977f27fd0e7af62772b5170cbeee9b34ad02754573,Zigzag,23882367,13828649,23882790,13828940,983,851,104,54,0.16254690266034058
c6f022edd5e5392eb45d7f977f27fd0e7af62772b5170cbeee9b34ad02754573,Zigzag,23882367,13828649,23882311,13828729,504,641,55,103,0.010920805956736517
2c997c0b06394da65ff1df5d55626cf9f07633998310e05ce225e6fd200c2bc5,Zigzag,23915921,14032575,23915469,14032905,108,890,98,50,1.5695153463105684
3e6231728a238741da0d0413f37c11c6d99a9ef8f2b207bcdc1f7efd0ac393e3,Zigzag,23797549,13917734,23797005,13917277,16,104,37,50,0.09089069194817806
957cc278ca50e760e87700e6300f6527fd642293561357e57096fed5b0e3b5ea,Zigzag,23953204,13919871,23952929,13919743,285,432,106,59,1.567617577717778
0560884ebd0e7b8710271e79ecc5f7a1d7be44733253e56963aa30f64a7b1795,Zigzag,23855337,13934823,23855335,13934884,558,621,98,46,1.2205485655042534
529a32b3f9ca4e132efaa3742428126d1b55a5d7d47d37510cff73ea36531f69,Zigzag,23937359,13948688,23937156,13949062,357,934,60,122,1.5545509109873588
529a32b3f9ca4e132efaa3742428126d1b55a5d7d47d37510cff73ea36531f69,Zigzag,23937359,13948688,23937171,13948804,372,676,116,68,1.5689599440652324
529a32b3f9ca4e132efaa3742428126d1b55a5d7d47d37510cff73ea36531f69,Zigzag,23937359,13948688,23937167,13948374,368,246,119,59,0.004712700736679797
bbc6b0ccfce1592ec4e29d5684e2c595ee8c4140ac86ea7f333c7649a4456eec,Zigzag,23978370,14056881,23978274,14056678,464,357,107,53,0.1206968075131017
bbc6b0ccfce1592ec4e29d5684e2c595ee8c4140ac86ea7f333c7649a4456eec,Zigzag,23978370,14056881,23978665,14056564,855,243,52,109,1.5571584120106554
36a2410ecc883d5dd190e645b85c85faeabc3b90f85c5e576b07df45a6006f76,Zigzag,23851609,13917734,23851383,13918066,334,892,120,54,1.570356239424761
5d61a620218b4e311bb5cd3584265289cace03114efb94f65dd212faf6d3fc78,Zigzag,23973710,14064268,23974116,14064195,967,487,54,102,0.011329258926251713
565b7e30bf867abd1b413c9e938a95827ecc8725569a2bf469d5a006481fe707,Zigzag,23742557,13889906,23742710,13889953,713,607,51,100,1.5700664874981605
f304eefa8efb69f49b3d2892bb029b0fa68263a417ee1a11d5bc6478abd29915,Zigzag,23853473,13890978,23853883,13890544,970,126,135,65,1.5599978743648977
a99000837d4231db8d705482b88912a2f2077421e16ad55e928ffc3d4ad58dd1,FCBK,23771451,13873820,23771628,13874321,737,1061,43,106,1.5696686112313025
89927a6db196320ff6b6d73a1cc9c8ee8b1c271616e59ee011ece8d782a91320,Zigzag,23854405,13902759,23854143,13902440,298,241,56,116,1.5298346455425513
89927a6db196320ff6b6d73a1cc9c8ee8b1c271616e59ee011ece8d782a91320,Zigzag,23854405,13902759,23854008,13902991,163,792,49,114,1.566616761780126
aeba8cfb10addf6eb95b9635dfa64600e015fdac943a3f974edaf4e86eb49fb0,Zigzag,23931767,13995488,23932005,13995063,799,135,60,114,1.5586717533000927
811f01e65b77c2bff82d9c7d4359330659942ae00a0b31435d1ac262263b6f7e,Zigzag,23983962,14058992,23984134,14058728,731,296,51,90,0.5911523200721671
67d609c047b41ae0818009061535bab50b01198affb692ab7371db6696e722fa,FCBK,23869318,14046320,23869480,14045972,722,213,118,60,0.6913670718918488
228064769c5d77045a77fd71b882ac0edf4f0425897e4be3fad098cd3f456c6f,FCBK,23945748,13750762,23945627,13750682,440,480,68,120,0.36466864543536764
1776b0b05e8a47128bb44093f967dff236fe22aecbf679885c93f94804d136f7,Zigzag,23982098,14068487,23982003,14068741,465,814,49,101,0.8434388964575534
ddf673acda4b04bda84f37c53610bfa30a22bbef988d79a7c27a5fcc24dcf0d1,Zigzag,23951340,13935890,23951268,13935963,488,633,65,110,1.5106732014994313
8681460757841be5d2c55de2631f6bbe621c775f0a5908ad79c09c2fe858992f,Zigzag,23911261,14043150,23911258,14043515,557,925,113,59,0.04225931897705397
b82362d4d160004c0b51cb361dcf6806b6e6a35faa1d8c01c6048e6579d04268,Zigzag,23931767,13998672,23931871,13998577,665,465,48,79,0.0100042187303423
a7628051934ec55a20cfec21ad6a789c8074220f22fb3adef22331c19b164105,Zigzag,23925242,13978493,23925403,13978007,721,75,104,52,0.5021419197221259
b50d15cf55e3f32bee6f6ad80b3a3c7f9e79ef780196807509d74971b04658d8,Zigzag,23997011,14041035,23996935,14041511,484,1035,52,103,1.5631486602505704
84049a9ed270180f45e7fd3ee1d6dbd0fb597e267408c7bd7886472230759d5d,Zigzag,23879571,13982744,23879271,13983196,260,1012,105,55,0.06881314476807002
84049a9ed270180f45e7fd3ee1d6dbd0fb597e267408c7bd7886472230759d5d,Zigzag,23879571,13982744,23879323,13983111,312,927,47,106,1.5671528561075592
84049a9ed270180f45e7fd3ee1d6dbd0fb597e267408c7bd7886472230759d5d,Zigzag,23879571,13982744,23879257,13982401,246,217,46,101,1.569197631192522
c4cc8f55de053fb63991e234a87a328d83bd25800ed41f9586d2a4700f476d89,Zigzag,23987691,14049489,23987178,14049128,48,199,117,54,1.5562526709239193
3b1995d256b8f0538753772561282ebd2834d39cb11cd296e19dddd9e1d63126,Zigzag,23838560,13955081,23838765,13955389,765,868,108,49,0.013085063347886842
70e9ddaac8c0610eeab0ed788cbcc2cca9afe3bc83ed49e1b555c8dd3cc80299,Zigzag,23944816,13854484,23945033,13854784,778,860,98,47,0.05474753047395122
43c566640093675bfecc6cc42c2713de64056565bdc9209963cde2ba91d2a41a,Zigzag,23833899,13902759,23833917,13902535,577,337,113,54,0.02484721390784443
b7a562c7cab13b4339552c18fd7260e69d96a11b84aa2eae50d2ce20996852a2,Zigzag,23942951,13923077,23943003,13923249,612,732,64,145,0.003251436470046604
b7a562c7cab13b4339552c18fd7260e69d96a11b84aa2eae50d2ce20996852a2,Zigzag,23942951,13923077,23943013,13922675,622,158,110,53,1.5646003493607725
1504cf559fd2919f623a2ec241330405ef954d69b1c10874faeef8ebf140abbd,FCBK,23907533,13967857,23907565,13967901,592,604,58,114,1.567790683188633
4b6a9b54a33c8288c45e4bc7451670302d6fd7de25cf56cbb537ad3b651d519d,Zigzag,23939223,13963600,23939439,13963568,776,528,64,119,1.5606339703912633
ece3a70667a10cb5621b08e4c78eb0218018186cc6dfb7180cd5dcc06ec6945c,Zigzag,23854405,13889906,23853992,13889704,147,357,116,65,1.5269431183889979
9ec0719253d8b0f915b0f8653ef9445dbc15225b24a6325a71dbbd15e5b946f3,Zigzag,23913125,14034691,23912738,14034400,173,269,110,51,0.005729531531128928
3cc2a49ca2b0b3cdb276523978fc870de19b5def12784b3b155ab06118fb520f,FCBK,23959729,14045263,23959390,14045183,221,480,126,55,0.31246566135325704
a773b7c58886fe9f1a687f6389a32cbe835c108b362425e54ae0d40193dc532d,FCBK,23902872,13837267,23902337,13837254,24,546,126,49,1.5638312284379579
a773b7c58886fe9f1a687f6389a32cbe835c108b362425e54ae0d40193dc532d,FCBK,23902872,13837267,23902397,13837064,84,357,118,48,1.5661792044130263
a773b7c58886fe9f1a687f6389a32cbe835c108b362425e54ae0d40193dc532d,FCBK,23902872,13837267,23902729,13836793,417,86,120,46,0.003713698557371985
bf0ded80c7093fe8a1325bb7770bb989593b106168d86bc4afc03a5af81e24f1,Zigzag,23940155,13945490,23940679,13945454,1084,524,55,75,1.5606668604307257
4e69077c1b4a7ac8502d81d5b81c6002865897ec6c85013a56985b5b9bbfa0df,Zigzag,23800345,13895263,23799860,13895039,75,336,58,114,0.012054398159782858
cf35e1802153f71f54463a4e31c3171e505d263fa1db1207e9ad3ccad433cf00,Zigzag,23897280,13888835,23897564,13889242,844,968,137,48,0.0008476365163521281
e64d52314fd44c55c5519efb6ea6009dff603edb4a679be4422bd7515b170feb,Zigzag,23932699,13963600,23933067,13963400,928,359,121,59,0.024620847295782296
220ab8d8115e9d4daf2ea6d1b72eaf23201ecd70420fe2a4a6f2b0646c0882fd,Zigzag,23963457,13939091,23963032,13938704,135,174,120,64,0.2883140859280873
8fcccaad1ee338b3307b4597da71f540c22d006900277286e327d62791d00bba,Zigzag,23923378,13956147,23923017,13956031,199,444,135,60,0.006382321728429139
2e713b1d762d7e82d9c663a1a93eae4e6e4445ac0f58fa76cd600a028e28cae8,Zigzag,23916853,13940158,23916541,13939621,248,23,123,65,0.3099250722523487
94ded168f528e3be65a2f873e2c49e217a90311910af400c01e85bc9e498b059,Zigzag,23839492,13909179,23839713,13909196,781,577,57,128,0.020614824676733434
94ded168f528e3be65a2f873e2c49e217a90311910af400c01e85bc9e498b059,Zigzag,23839492,13909179,23839605,13908894,673,275,50,116,1.567919047553175
09a9ab27f4d5421ba5c279baf50c9c978e2c4847b602c1f15ff56e6fc9530f40,Zigzag,23743489,13855559,23743671,13855101,742,102,109,65,1.5640758397840815
58a21f72e1701679790d09eb45c81fcf86f0984cccbc4c3faff25216b1f8f477,Zigzag,23928038,13916665,23927637,13916620,159,515,55,126,0.05017672628910221
58a21f72e1701679790d09eb45c81fcf86f0984cccbc4c3faff25216b1f8f477,Zigzag,23928038,13916665,23927846,13916591,367,486,125,61,1.5544153560878737
a6ede9cbadb7f3751bd2f54d4bedfce725d9c1b5a2e606bde77328ff02b08543,Zigzag,23975574,14069542,23975302,14069038,288,57,51,96,1.4960022465283482
21ea4e03c8d3afd94e002ac5bf91bcf52a5c0630f014722674ce25396c1b6ca6,Zigzag,23853473,13878112,23853734,13877974,821,422,105,60,1.4021949271333427
de9048d38ea15848cfc5a2471f7e5860117445346b0989c18000a802afc9c966,Zigzag,23912193,14037864,23912038,14037400,405,96,52,102,0.010840272381491442
de9048d38ea15848cfc5a2471f7e5860117445346b0989c18000a802afc9c966,Zigzag,23912193,14037864,23912125,14037983,492,680,94,46,0.007414243075523851
86b3e1d1a8024f9f6a3c44e09cf29d524f9d652b6f237afd1b9867b14b83f2d7,Zigzag,23989555,14032575,23989467,14032405,472,390,106,48,0.044268232933463214
86b3e1d1a8024f9f6a3c44e09cf29d524f9d652b6f237afd1b9867b14b83f2d7,Zigzag,23989555,14032575,23989688,14032372,693,357,62,112,0.03955981822166276
86b3e1d1a8024f9f6a3c44e09cf29d524f9d652b6f237afd1b9867b14b83f2d7,Zigzag,23989555,14032575,23989596,14032421,602,406,78,44,0.09495733061035065
86b3e1d1a8024f9f6a3c44e09cf29d524f9d652b6f237afd1b9867b14b83f2d7,Zigzag,23989555,14032575,23989623,14032220,628,205,52,108,1.5697764692554506
86b3e1d1a8024f9f6a3c44e09cf29d524f9d652b6f237afd1b9867b14b83f2d7,Zigzag,23989555,14032575,23989363,14032443,368,428,55,117,0.0016516923780299808
86b3e1d1a8024f9f6a3c44e09cf29d524f9d652b6f237afd1b9867b14b83f2d7,Zigzag,23989555,14032575,23989605,14032729,610,713,108,56,1.5585661589628712
d080ed1facb5e0e03d943c4824308e443be7e0f22bd12fdf3d801d20602fdc7d,Zigzag,23956000,13791941,23955746,13792317,306,936,89,57,1.4663949525835558
cd20b253d25bc272cdf912f8ed4b3dca03a491c5f7097bc71a0bd0aba0ce6d28,Zigzag,23973710,14055825,23974056,14056310,906,1045,55,94,0.49788342527054824
b3881901b55903bc00d02d9c16ad0e68674fde4ecc01caf07ab659afe21a749f,Zigzag,23722983,13853409,23722866,13853265,442,416,63,114,0.025793224903094818
7a2b7add43abe353f48ef05100ea86fe69744fb1f4fd1d2a1dc1428984bc071f,Zigzag,23962525,13848031,23962326,13847898,362,427,107,53,0.05085381419030884
7a2b7add43abe353f48ef05100ea86fe69744fb1f4fd1d2a1dc1428984bc071f,Zigzag,23962525,13848031,23962779,13848184,814,713,54,104,0.08458229582653924
7a2b7add43abe353f48ef05100ea86fe69744fb1f4fd1d2a1dc1428984bc071f,Zigzag,23962525,13848031,23962364,13847995,399,524,52,100,0.00205921779246434
aa3050c3f1f35ce67a9577e9cfd99750e2ed86f66946c3a47776ec7410da896b,Zigzag,23932699,13999733,23933094,13999264,955,91,92,55,0.1512128053113428
a4958a47997f99943b1da8e29a5ece9be3faa755bd5d38327455e8c135f33b73,Zigzag,23940155,13959342,23939870,13959793,275,1012,123,60,1.5663216835313456
a1e9dcb1f4ab27d40f2c39b47c34bc6afdc13e1546871761a6a71f5e4cf6f8e3,Zigzag,23885163,13928417,23885001,13928427,397,570,59,111,0.03045905192399462
466cd72da3e0deeaa06f3f8fd704934661131302335be7879e86014c9cd124fe,Zigzag,23789160,13894192,23789064,13894041,464,409,90,52,0.040452734523274296
147af6dab774bf7272605e77d4631b9404824c1a0a5bf775cf92ab511ce5506f,Zigzag,23874910,13894192,23874534,13893690,184,57,107,59,1.5355559145123685
9fe0f7d8bf8eeed3fddf08ac778b47a971284ccad78af4685425a6914dcf4cb0,Zigzag,23914057,13897405,23913607,13897241,109,395,121,50,0.007738146922212836
9fe0f7d8bf8eeed3fddf08ac778b47a971284ccad78af4685425a6914dcf4cb0,Zigzag,23914057,13897405,23913848,13897039,351,193,111,55,1.546128131407765
effd356653fa7f59dfba8f76c3ed1d860f2cd12173fc04d4becb378b6b8a10b3,Zigzag,23940155,13990180,23940423,13989627,828,7,64,14,0.005446667412956985
d61810f94f4c89c5a064befcdf3c2a00abd21237bb9ea9adc79e88553d6c0af1,Zigzag,23936427,13926281,23936210,13926804,343,1082,107,50,0.002241968639818296
3c61b3a723c0c32076203a7179655bcbd0ed134405fc5339e2b5e82db6ad2f40,Zigzag,23806870,13929485,23807181,13929485,872,560,53,115,0.0031018146704599875
a341e116d35b816f767100c90b8adb066226f9b2d0550181698340236a5a8234,Zigzag,23987691,14025168,23987505,14024870,374,263,59,133,1.4288220106602818
1d894bc5c85651483115bcf392ddced1fa3e899a0e5d7d7b86f6a66685badc26,Zigzag,23858133,13946556,23858574,13946487,1001,491,116,55,0.021746025236285205
1d894bc5c85651483115bcf392ddced1fa3e899a0e5d7d7b86f6a66685badc26,Zigzag,23858133,13946556,23858318,13946375,745,379,50,110,1.563339076268511
1d894bc5c85651483115bcf392ddced1fa3e899a0e5d7d7b86f6a66685badc26,Zigzag,23858133,13946556,23858502,13946085,929,89,52,107,1.569936924711128
1d894bc5c85651483115bcf392ddced1fa3e899a0e5d7d7b86f6a66685badc26,Zigzag,23858133,13946556,23858361,13946181,788,185,121,64,1.4189468761802135
1d894bc5c85651483115bcf392ddced1fa3e899a0e5d7d7b86f6a66685badc26,Zigzag,23858133,13946556,23858389,13946446,815,450,41,100,1.5704256147711575
20711684df12c29ec420676980cc9f4e1cfa1e9c8c64127243b611fc8764fcc7,Zigzag,23956932,13962536,23956437,13962249,65,273,64,155,0.00205216392657902
e5aa1845b9245503cabfc0f0a4462a7ac0032408e44e7e8e1a514ff86d8a703e,Zigzag,23742557,13852333,23742427,13851971,431,198,55,118,1.5558341551586135
d5cd8231c6660b0b223d05ea61bdb5cb1f10e8e3b276b6f57b5336e465b37a34,Zigzag,23950408,13935890,23950355,13935829,507,500,122,57,0.060860142643577184
d5cd8231c6660b0b223d05ea61bdb5cb1f10e8e3b276b6f57b5336e465b37a34,Zigzag,23950408,13935890,23950360,13935411,513,81,117,62,1.5637907483893887
d5cd8231c6660b0b223d05ea61bdb5cb1f10e8e3b276b6f57b5336e465b37a34,Zigzag,23950408,13935890,23950569,13935426,721,96,54,119,1.5531864404028566
b47c8eb70504b03a4070b56ce8b6ff6587aedf67587b0671beafa36cc1eb182d,Zigzag,23990487,14031518,23990023,14031466,96,508,119,63,0.028798211041464135
b47c8eb70504b03a4070b56ce8b6ff6587aedf67587b0671beafa36cc1eb182d,Zigzag,23990487,14031518,23989991,14031608,64,650,48,106,0.08578308187254234
b47c8eb70504b03a4070b56ce8b6ff6587aedf67587b0671beafa36cc1eb182d,Zigzag,23990487,14031518,23990751,14031038,825,80,103,54,1.5666561765642595
5f57c6e5fcb0a2d77841d01a667dba7acd397dfbe3867222db76710cbfb23654,Zigzag,23935495,13813549,23935976,13813404,1042,415,59,88,0.23693250394994125
5388d426ae9d118a3e191f896423e7ba879d23afc7a1631997fe2126ce5cf473,Zigzag,23869318,13958277,23868976,13958326,218,609,94,53,1.5594219657791681
5388d426ae9d118a3e191f896423e7ba879d23afc7a1631997fe2126ce5cf473,Zigzag,23869318,13958277,23868998,13958462,240,745,57,112,1.561098159369264
eb6a2898d99b4d606b1be0ae354a2261371dfb0d3bfe9f25d4f6daba548336ae,Zigzag,23887027,13869526,23887288,13869579,820,613,110,111,1.4540673130556334
f5c433c5a844683c4a939d750d4d86cbf4b3bdf8488ac27794794f45affb2f2b,Zigzag,23943883,13922008,23943457,13922126,133,678,56,111,1.5701521081272063
67539b9d45f68c4f9dc41902ac6ee4eaa819ff213e9f0acafac1afc2eec5e288,Zigzag,23938291,13957212,23938074,13957707,343,1055,124,73,0.006851861995745327
67539b9d45f68c4f9dc41902ac6ee4eaa819ff213e9f0acafac1afc2eec5e288,Zigzag,23938291,13957212,23938299,13957547,568,895,119,59,1.566784274612692
e3d64fff5ff5930cb751586b88c412320813305df97899e7ce3f38819c82332b,Zigzag,23982098,14070596,23981991,14070902,453,866,117,49,0.0008513320424761008
06598bde3c738c2c01e09e57dd038fc5790ef9ec278bdc8e2caa6e6fd382e211,Zigzag,23923378,13999733,23923616,13999677,798,504,97,50,1.5653151417973499
56653152b2834b91497fb7e0646fc59e839e1d68af60687a8ace2463662441a0,Zigzag,23775179,13901688,23774908,13902082,289,954,55,110,1.445315366765306
e124e0bcfb7bd8244c0f438e543645c00443bebbea131f7c541d079388ba5b05,FCBK,23738829,13854484,23738875,13854073,606,149,121,52,1.5633169720314635
b5d3e6ce82a03c30f636c1f884c738203dc7a8507cb906eb515b13cf3c22210a,Zigzag,23819918,13885619,23819861,13885196,502,137,113,56,0.006195993038583363
0820a56a9e603dd2977e1d425ea012010f9f9c70c20707827dacb32b464581f9,Zigzag,23972778,13835113,23973293,13834905,1076,352,50,91,0.9296946894235848
0820a56a9e603dd2977e1d425ea012010f9f9c70c20707827dacb32b464581f9,Zigzag,23972778,13835113,23972872,13834803,654,249,67,95,1.5566626645737371
d677ff7636b71ee1cb4c2374863acf3fd72e663ee7427b3d5141ad60ce233411,Zigzag,23926174,13975303,23926186,13974877,572,134,112,51,0.002768457122049872
d677ff7636b71ee1cb4c2374863acf3fd72e663ee7427b3d5141ad60ce233411,Zigzag,23926174,13975303,23926057,13974866,443,123,47,97,1.5614654092835858
f78dfe2b09902e5de7dac362f5c12aebf25d9bc71fb8fcaae11aa0d1b3e9e9fa,Zigzag,23900076,13915596,23899846,13915608,330,573,52,96,0.0021997747014460035
f5d9da30550f8fa21776cd16b455ac871b10af4f8d5f4d4e003ed5627ea3673a,Zigzag,23859997,13945490,23859844,13945666,406,736,119,58,1.5671969314235998
f5d9da30550f8fa21776cd16b455ac871b10af4f8d5f4d4e003ed5627ea3673a,Zigzag,23859997,13945490,23859766,13945201,328,271,106,56,1.5560216416993549
95286865d295ea03b1d18d83180f14ec9344e84361e4d5727d4bc9ac85f31d01,Zigzag,23902872,13977430,23903155,13977637,843,768,117,56,0.004600837567923461
fa85a47de6f2b58d3bf64fcdc1404344aed3ad57d256478dd0424eac5e91c3d3,Zigzag,23858133,13945490,23858304,13945994,731,1065,107,49,1.5637919468118793
42bb39319cab2e9d049ed953dbb288e1a4a11c97bb7724607088ba101786a5c3,FCBK,23754674,13908109,23754986,13908164,872,615,48,109,1.5673774937455074
df360fd5b6fad4994b3cc4b1de7c82a3cbc9dcc0239da023fbb0d25a669e408b,FCBK,23777043,13880257,23776773,13880772,290,1074,91,53,1.5438985329431507
33c373a2c31b11ee24e72e57803bd1f0a57645a42941c59bbd8d3b19a4f3364f,Zigzag,23976506,13824337,23976749,13824039,804,262,52,99,0.590681206875332
2f29b94a66f732a81dc64218e529df3856346975dce8ab84ff87f2bdb45521c7,Zigzag,23938291,13955081,23937961,13954998,230,476,57,134,1.5668547152235248
9a6c19ff6047dc7fa020b56404b4630a6b0568ff22dba5d7f0fdd481767631d5,FCBK,23739761,13854484,23739549,13854113,348,189,46,88,1.2608493833320955
71d04b9c61375190799e7b5430493604fa5bb1ecd65573eed888fd2c730b1f48,Zigzag,23908465,13890978,23908190,13890451,285,33,117,53,0.013344387618736006
092ca4f2ed74d5521bc0e65521ebe34a7dd3574bd06a2ff23b3f366bed4acea8,Zigzag,23863726,13968921,23863953,13968919,788,558,54,109,1.559837552067275
092ca4f2ed74d5521bc0e65521ebe34a7dd3574bd06a2ff23b3f366bed4acea8,Zigzag,23863726,13968921,23863464,13968886,299,525,106,52,1.5659745404832535
e5caca3c5b2283e494ec801558f9d6e9ad8d1d6523c91f45d405e570219a30ee,Zigzag,23944816,13756189,23944439,13755805,183,176,126,70,0.8574290142959576
a273195a8021194abcbb6a42f729a162ac9b76f4a17962b3afd517d61cac2fd7,Zigzag,23876775,13904899,23876868,13904475,653,136,49,113,1.5698387872249586
cfdae065e17fbccabedb84aa6fb767c5ba3e5ff45856c6eaad072dfb0fe4e5a6,Zigzag,23914057,14035749,23914550,14035486,1053,298,106,53,1.564169449896398
35647a26e917ab561d9b96866ba1d646199e801dcd94912ea6fa576e5a009f83,Zigzag,23891688,14053714,23892201,14053627,1074,473,100,52,0.06479537927308958
35647a26e917ab561d9b96866ba1d646199e801dcd94912ea6fa576e5a009f83,Zigzag,23891688,14053714,23891960,14054234,832,1081,80,48,1.564105267714127
35647a26e917ab561d9b96866ba1d646199e801dcd94912ea6fa576e5a009f83,Zigzag,23891688,14053714,23892180,14053200,1052,47,82,56,1.5570307134363859
35647a26e917ab561d9b96866ba1d646199e801dcd94912ea6fa576e5a009f83,Zigzag,23891688,14053714,23891460,14053556,332,402,48,99,0.055752203833994415
7cdbed8b94f0194980e3e1a5de0ef68430db5e0e98a01ba2128174211bdb69ab,Zigzag,23989555,14031518,23989867,14031836,873,878,106,64,0.11901879964451322
7cdbed8b94f0194980e3e1a5de0ef68430db5e0e98a01ba2128174211bdb69ab,Zigzag,23989555,14031518,23989900,14031672,905,715,60,126,0.0798421354023072
7cdbed8b94f0194980e3e1a5de0ef68430db5e0e98a01ba2128174211bdb69ab,Zigzag,23989555,14031518,23989794,14031494,799,536,104,47,0.0673506615330746
7cdbed8b94f0194980e3e1a5de0ef68430db5e0e98a01ba2128174211bdb69ab,Zigzag,23989555,14031518,23989862,14031216,867,258,114,57,0.061476239994631796
7cdbed8b94f0194980e3e1a5de0ef68430db5e0e98a01ba2128174211bdb69ab,Zigzag,23989555,14031518,23989258,14032029,263,1071,103,58,0.15242148097207525
c920d89192d4f4ab72df21c776abcb3b27258d64b827435f3a25e56165c3098b,Zigzag,23988623,13805991,23988902,13805817,839,386,92,49,1.5668987905395657
a067afc84153c1c8cd93cc20b43adc9724a10121c47436781b4486cf3b919ad9,Zigzag,23887027,13971049,23886592,13971508,125,1019,59,120,1.5631553181532958
00b3cd6c4375eadc329d5f41f5a43a904a71ea7262b825a8c253726edb77078f,FCBK,23885163,13980618,23885291,13980315,688,256,89,40,0.03054295814308893
6edcfcaed20d7179bb4cce2ce3644918cc2354bf33423ede02487de53bb30409,Zigzag,23956932,13964665,23957091,13964463,718,358,51,109,0.29159027341158916
97c3fad6a9d6935ef3be147c1c65b1ced4620fa1db55009e4560f63cf4dd8c30,FCBK,23790092,13923077,23789694,13923497,162,980,125,54,1.564442956540349
621c029c43e65e02ce81e8ddb3ceada2528bbae375b72476eaa6739c2817aef6,Zigzag,23853473,13899547,23853756,13899798,843,811,94,55,1.5278841463601773
468fa54c0446648b72db626a52053aec197286ee5a0eee3ea29a125f12225a07,Zigzag,23885163,13927349,23885549,13927289,946,499,103,51,0.08267985837946272
468fa54c0446648b72db626a52053aec197286ee5a0eee3ea29a125f12225a07,Zigzag,23885163,13927349,23885577,13927160,974,370,122,59,1.550999319357629
8e75664e1db77f1bf4bbe77634dd7ae6f4e963480625b9323a2d95b18a892c66,Zigzag,23957864,13899547,23958115,13899200,810,213,116,59,1.5692104143657544
10846b4561863cc02ea90f888d5ad482930aa6c071b6686656c770762489bdaa,Zigzag,23900076,13873820,23899821,13873447,305,187,62,120,0.0361736005732486
b288c8114f5dcb7082bca477acb8cd77dff95003e44b0ef4b452e536a68b5fe9,Zigzag,23841356,13868452,23841709,13868515,913,623,100,54,1.564461465509925
ecd73c910ae8c08f0f45c98b84946acbe7c8bd0c962f7d93fa4ca2bd355e22ff,Zigzag,23877707,14011398,23877353,14011427,207,590,42,109,0.03166018334870159
79b30b2975ca68c2217cbbe1f2673bd7fdb8e992f88a049a54cd02784538316f,Zigzag,23992351,14030459,23991859,14030488,68,589,111,65,0.20314408038323806
79b30b2975ca68c2217cbbe1f2673bd7fdb8e992f88a049a54cd02784538316f,Zigzag,23992351,14030459,23991936,14030984,145,1085,122,62,0.04555847206376855
79b30b2975ca68c2217cbbe1f2673bd7fdb8e992f88a049a54cd02784538316f,Zigzag,23992351,14030459,23992405,14030839,614,940,122,62,0.014155235906583767
79b30b2975ca68c2217cbbe1f2673bd7fdb8e992f88a049a54cd02784538316f,Zigzag,23992351,14030459,23992117,14030129,326,229,60,104,1.5693002960525446
e8c258235232976b03233491a5669dfa0bde183d616d769534a48015c4d72d60,Zigzag,23887959,13950820,23887602,13951105,203,845,126,64,0.010652431099370287
fd1bdf467e25f24450e89e56b56055e0d45d3bd870c441b4f0d8ef1e303c222f,Zigzag,23955068,13790859,23955295,13790767,787,468,114,60,0.16457238647215716
fd1bdf467e25f24450e89e56b56055e0d45d3bd870c441b4f0d8ef1e303c222f,Zigzag,23955068,13790859,23955243,13791053,735,754,62,114,1.0623918839009086
fd1bdf467e25f24450e89e56b56055e0d45d3bd870c441b4f0d8ef1e303c222f,Zigzag,23955068,13790859,23955375,13790909,867,610,93,50,0.2816632738692916
fd1bdf467e25f24450e89e56b56055e0d45d3bd870c441b4f0d8ef1e303c222f,Zigzag,23955068,13790859,23955503,13791245,995,946,48,96,1.5698859251762531
fd1bdf467e25f24450e89e56b56055e0d45d3bd870c441b4f0d8ef1e303c222f,Zigzag,23955068,13790859,23955154,13790720,646,421,48,92,0.010820459919397474
fd1bdf467e25f24450e89e56b56055e0d45d3bd870c441b4f0d8ef1e303c222f,Zigzag,23955068,13790859,23955020,13790895,511,596,42,68,0.12230948471119918
fd1bdf467e25f24450e89e56b56055e0d45d3bd870c441b4f0d8ef1e303c222f,Zigzag,23955068,13790859,23954576,13790831,67,532,120,59,1.5673677732075286
fd1bdf467e25f24450e89e56b56055e0d45d3bd870c441b4f0d8ef1e303c222f,Zigzag,23955068,13790859,23955412,13790786,904,487,103,62,1.5687480896005166
c825a20d30b65f5447e39cb0c6e1c0b27c833ca8b695561d45bc6febbe5ba16a,Zigzag,23961593,14044206,23961521,14043682,488,36,67,137,1.52528756429735
c825a20d30b65f5447e39cb0c6e1c0b27c833ca8b695561d45bc6febbe5ba16a,Zigzag,23961593,14044206,23962125,14043803,1093,156,61,58,0.11360778894169021
c1db65edb266f92812ae0c3e9f456a0d3764dd9a911bc6d4bffaca27bd16afe8,Zigzag,23921514,14012457,23921540,14012190,586,293,48,109,1.56569770488794
f8780fed5285599569ada5c8b13088681f76e0243657fabcf022c1d9718c16b1,Zigzag,23844152,13905969,23843782,13905659,190,249,49,99,0.009253451772805647
aaba63225203458e06ea61cc75e7895fc11e29270b762315e9a3fe74dc934b85,Zigzag,23935495,13990180,23935822,13990521,887,902,107,49,0.0006933682288714345
b29f1ab4a26c784845216ee74e6d2d82bfca1ae190bee463727b09a0369b9437,Zigzag,23756538,13883475,23756086,13883820,108,905,42,115,1.5451309107375848
51685222d71d569833516247da62bb0c2e1987d9ae31c69184f9d4aaa48d7030,Zigzag,23733236,13905969,23733013,13905985,337,576,108,54,1.5623586335131985
b7b302c526279cb5ddfd13d20dc505818189c1744344dd5dcf5c7d36333263be,Zigzag,23862794,13968921,23863117,13969009,884,648,107,54,0.137629585197989
70981726a85db50123063b37a4948e320284562c5ea41584c4ec610622dd33f4,Zigzag,23888891,13846955,23888784,13847436,452,1041,57,103,1.5661853296835333
fb2843cadaad7e11cbd3e68502f4f7fc048bb16e73c4e7fb9d73d6a4a1984597,Zigzag,23854405,13880257,23854150,13880617,305,920,100,49,0.009845063646291041
fb2843cadaad7e11cbd3e68502f4f7fc048bb16e73c4e7fb9d73d6a4a1984597,Zigzag,23854405,13880257,23854428,13880067,583,370,106,56,1.5534753933811303
1077a384ea00fd29e13e81926c00225b0791711cf579d3db383842fa788a5e05,Zigzag,23865590,13947622,23865784,13947685,754,623,52,127,0.0023961747695352663
1077a384ea00fd29e13e81926c00225b0791711cf579d3db383842fa788a5e05,Zigzag,23865590,13947622,23865901,13947620,871,558,53,99,0.04867217343126194
7c2fa7fd9d06876539c2e2f3ac859bcc27d35b2355baf6052a13c9346c1f3b75,Zigzag,23822715,13948688,23822824,13948444,670,316,105,56,0.4686668836366977
7c2fa7fd9d06876539c2e2f3ac859bcc27d35b2355baf6052a13c9346c1f3b75,Zigzag,23822715,13948688,23822760,13948623,605,495,60,127,1.5701236123035425
9e62d840337b0b5af859b78a16353ea11cb9c4fe9705a96bc87641fd7b69fb5a,Zigzag,23897280,13856634,23897406,13856509,686,435,120,54,1.5595174401042473
dd82474147e114d0958bbb46d903f2707264c643190bc4609dfb27ec6f0a7961,Zigzag,23943883,13989118,23944168,13988953,844,395,49,119,1.5686523489593283
34cd255fc5f23ebc0ed6654fed93daf400249bb469aa5e0105fe354208b209b6,Zigzag,23936427,13990180,23936224,13990008,357,389,115,62,0.03588216336502066
34cd255fc5f23ebc0ed6654fed93daf400249bb469aa5e0105fe354208b209b6,Zigzag,23936427,13990180,23936228,13989831,361,212,52,110,1.5707354735639882
86d046ddabd197509a482835ea35a59c1f21e6d7c21d9b140a5b9af9a35c0bcf,Zigzag,23873046,14072704,23873540,14072934,1054,789,91,50,0.15304243026974085
86d046ddabd197509a482835ea35a59c1f21e6d7c21d9b140a5b9af9a35c0bcf,Zigzag,23873046,14072704,23872630,14072889,143,744,74,36,1.4804111694006428
16315d1c03667a83e1ccc6405f85f8bb45f969ab2f27aaf7514a09e14d364de9,Zigzag,23893552,13979556,23893824,13979977,832,982,100,49,0.030620441566648022
16315d1c03667a83e1ccc6405f85f8bb45f969ab2f27aaf7514a09e14d364de9,Zigzag,23893552,13979556,23893703,13979344,711,348,99,42,0.003288348819022673
16315d1c03667a83e1ccc6405f85f8bb45f969ab2f27aaf7514a09e14d364de9,Zigzag,23893552,13979556,23893594,13979455,602,460,59,111,1.5631108433630914
e6bafcdca3813218a96e5fd38e296610cca9b2430b78ccbc0491f8400a74186f,Zigzag,23762130,13860933,23762391,13861278,820,905,59,112,0.0024240898472309355
4e885538d414b7727a3c0b831bc8992b32d7f8dd5b1099b734eb0959c75d2ca5,Zigzag,23941087,13967857,23941383,13968265,856,968,88,47,0.07499694656258517
d5e5c4ef8bad72480d646a262d3ba9a95d13955ca5f81e94188b571a9ca848dd,Zigzag,23933631,13934823,23933444,13934441,373,178,53,123,1.4877047686780427
0e1394c47e11649bc06752648ca1674e9b185bfe4aa75c2ccf3c21d13ea72fa1,Zigzag,23769587,13896334,23769931,13896426,904,652,65,104,0.000346442472878313
7cb94bec4ff33f85e0d5ee0e63e5ab6cbf7b56de92ae819bd2a60cb9e40c002b,Zigzag,23903805,13855559,23903913,13855985,669,986,114,61,1.0975342918553217
7b59dd15d073857174cdf92ce915b76a61a41c66305f9ed5c4763dc8c40be084,Zigzag,23854405,13888835,23854705,13889341,860,1066,59,111,0.029952450025039695
7b59dd15d073857174cdf92ce915b76a61a41c66305f9ed5c4763dc8c40be084,Zigzag,23854405,13888835,23854529,13888887,684,612,126,63,1.5604242464554194
94ef52d49d96fa8ca0cf3d9aebbcecbd3a850a7790723610151973f338da1513,Zigzag,23958797,13870600,23958588,13870739,351,700,62,112,0.022371160690289275
a1b3acd4b681ab2781bec841fc5feceb111c58ee1c45aa4c4f4c76c44c391335,Zigzag,23900076,14018814,23900249,14018825,732,570,98,46,1.5622146896562796
a1b3acd4b681ab2781bec841fc5feceb111c58ee1c45aa4c4f4c76c44c391335,Zigzag,23900076,14018814,23899635,14018806,118,552,103,51,0.03622856572143431
bd45ce8af813a0a774128be882365c69c00a4f9a9a0d3309a8fdc549d04cf797,Zigzag,23822715,13984869,23822971,13985251,817,942,116,50,1.257302319076219
0b5ac8c2e1c5da22f632cb6d623b8dae8957d47c615cb8f36a049564537e6222,Zigzag,23989555,14013517,23989455,14013765,460,808,54,92,0.20537649181175377
0b5ac8c2e1c5da22f632cb6d623b8dae8957d47c615cb8f36a049564537e6222,Zigzag,23989555,14013517,23989521,14013348,526,391,62,83,0.005972314034597879
827f2ee33a8c72d98659de40727a1fdb8027864afb17f54dfec00e7ef15f2a7f,Zigzag,23873046,14021992,23872682,14022116,195,685,48,98,0.19599539035865196
6b33287ec5db650d9c4557c1259726e69068092d079cf097f0f0c1ce804e2fb2,Zigzag,23871182,14043150,23871221,14043222,599,632,100,50,0.034240719865961125
a4444e35a914c6b1f6cc571f7624d4e2505013c2afe73060f3d5d23616a37472,Zigzag,23896348,13993365,23896468,13993756,680,951,50,93,0.023325935150001705
75ddcea262acc27df9d5c40bb8074c628a164dc802dde1e823c7314b98e076ce,Zigzag,23833899,13944424,23833734,13944255,395,392,51,101,1.5553894072565702
75ddcea262acc27df9d5c40bb8074c628a164dc802dde1e823c7314b98e076ce,Zigzag,23833899,13944424,23833382,13943981,43,118,55,76,1.539419229147692
75ddcea262acc27df9d5c40bb8074c628a164dc802dde1e823c7314b98e076ce,Zigzag,23833899,13944424,23833489,13944021,150,157,112,62,1.5679134549148857
5a87294b7ca3e707ec1552b6e8bab1e6776d268118586661e6604882b018c7cc,Zigzag,23951340,13777871,23951135,13777685,355,374,47,87,0.9756716356407673
49d9eb498c4311180f513fd9ceae2366f8139c34ba355b3fdcfed1208a0845ac,FCBK,23961593,13848031,23962056,13848307,1023,836,116,45,0.0062210959326006125
9b1681d4dcc63a7d752911cd5f38f32100279a8cd2351ea6cdaf9d20f282e516,Zigzag,23860929,13880257,23860866,13880740,497,1043,56,103,1.5677661821066045
cb621027317e9b30064c4b7091c2fb7b7f3bf49490963b9abc36a9e7f2d92dfb,Zigzag,23870250,13965729,23870317,13965772,627,603,50,108,1.5405585294620279
6ccb02ad9a1c5597a826dd17e4e1fac18a790fb269eb74f7538c9cca46214703,Zigzag,23948544,13973176,23948973,13972680,990,63,56,114,0.013432776478899516
6c111dbc3117e43f7daf7349c7a569b16808820b3b53a4db2662820dc1d64931,Zigzag,23921514,14014577,23921052,14014780,98,763,113,52,0.029189514709975443
95f645006ab5621691b25d61b76beb2eed78492ead98315bd3ed7d05aebcb69a,Zigzag,23928038,13985931,23928329,13985641,851,269,109,61,0.1213333862374147
95f645006ab5621691b25d61b76beb2eed78492ead98315bd3ed7d05aebcb69a,Zigzag,23928038,13985931,23927760,13985682,282,311,68,152,0.34507493705781406
95f645006ab5621691b25d61b76beb2eed78492ead98315bd3ed7d05aebcb69a,Zigzag,23928038,13985931,23928224,13985411,746,40,53,101,0.3656471241093764
95f645006ab5621691b25d61b76beb2eed78492ead98315bd3ed7d05aebcb69a,Zigzag,23928038,13985931,23928313,13985801,835,430,51,105,1.5676414130095342
def6f7be3ca3a57075de801e1a643fc6079309720b5c40b8d935b5e29aeb8565,Zigzag,23893552,13882402,23893598,13882829,607,986,58,108,0.07234881568790806
9c447ffccdc401e15bf11e077b83a22af30cd633d44a0ce172be9f6e8f9ec406,Zigzag,23908465,14034691,23909003,14035034,1098,903,56,106,0.09138851165731952
0d7914e206447277006883f07394db5635e0bfe5acdadd3efb06f0c84113f71c,Zigzag,23933631,13933755,23933142,13933733,72,537,132,74,0.32638976608614095
f0e79b6c1fb17374da922c258b7d8399f5375be9cd8db2f63760be9723f6eeeb,Zigzag,23765859,13896334,23765478,13895941,180,166,59,114,1.569666347544376
f0e79b6c1fb17374da922c258b7d8399f5375be9cd8db2f63760be9723f6eeeb,Zigzag,23765859,13896334,23766015,13895929,717,155,55,114,1.400885850299514
92c938f1e37be38212cb776de5a9d8097fc8beb68850c3b68935a36b0f4563b8,Zigzag,23991419,14030459,23991210,14030929,351,1029,108,46,0.029748580882404927
92c938f1e37be38212cb776de5a9d8097fc8beb68850c3b68935a36b0f4563b8,Zigzag,23991419,14030459,23991405,14030595,546,696,115,56,0.04851672804738538
92c938f1e37be38212cb776de5a9d8097fc8beb68850c3b68935a36b0f4563b8,Zigzag,23991419,14030459,23991084,14030607,225,707,60,112,1.5706466571416342
92c938f1e37be38212cb776de5a9d8097fc8beb68850c3b68935a36b0f4563b8,Zigzag,23991419,14030459,23991442,14030317,583,418,88,51,1.5611179999193852
92c938f1e37be38212cb776de5a9d8097fc8beb68850c3b68935a36b0f4563b8,Zigzag,23991419,14030459,23991897,14030311,1039,412,96,90,0.8145235583429908
92c938f1e37be38212cb776de5a9d8097fc8beb68850c3b68935a36b0f4563b8,Zigzag,23991419,14030459,23991404,14030461,545,561,70,116,1.5703233493852986
92c938f1e37be38212cb776de5a9d8097fc8beb68850c3b68935a36b0f4563b8,Zigzag,23991419,14030459,23991842,14030075,983,175,72,103,1.5625475847925396
715a837cb580d8b9d30ac842ff77c30176088d4683cd5cd1417ef8c8c4cde2e5,Zigzag,23993283,14032575,23993483,14032894,760,878,89,58,0.04961528199704306
715a837cb580d8b9d30ac842ff77c30176088d4683cd5cd1417ef8c8c4cde2e5,Zigzag,23993283,14032575,23992773,14033003,50,988,89,52,0.061436346673740254
715a837cb580d8b9d30ac842ff77c30176088d4683cd5cd1417ef8c8c4cde2e5,Zigzag,23993283,14032575,23993372,14032891,649,876,62,114,1.5691116110893124
715a837cb580d8b9d30ac842ff77c30176088d4683cd5cd1417ef8c8c4cde2e5,Zigzag,23993283,14032575,23993360,14033003,637,987,54,104,1.5700538374829824
715a837cb580d8b9d30ac842ff77c30176088d4683cd5cd1417ef8c8c4cde2e5,Zigzag,23993283,14032575,23993646,14032851,923,835,93,51,1.5678732411824257
7e0cf27361dd07b0b32ee590c5dad30f4bea82758b9296f9fcd3050412c22c2e,Zigzag,23890756,14016696,23890620,14017104,424,968,47,101,1.5460875182011413
7e0cf27361dd07b0b32ee590c5dad30f4bea82758b9296f9fcd3050412c22c2e,Zigzag,23890756,14016696,23890340,14016351,144,216,95,49,0.016534351100757343
46db74b1107d8ac83fbc53e3d52ad2f72ee923699eee6fcc4956063333efd7ac,Zigzag,23906601,13909179,23906719,13909392,678,773,108,55,0.013569424730847702
b301d13d62d3b50483d8c103bc7727d50978953c9678efc95299caaba6abaec6,Zigzag,23914989,13909179,23914595,13909639,165,1020,117,60,1.5661963818020572
6a858736ec065c7fcca6dd30d996805132362f4d74895eb3d2fae97ce24dcd2b,Zigzag,23933631,13856634,23933835,13856144,764,70,127,62,1.3734547584394798
b9f0b6c2090d3b38fc75719d256231b7cb743541ff90b46524928a06ab1f8832,Zigzag,23913125,13896334,23912903,13896245,338,471,55,107,1.5422875867997619
884211edd5ae7523ab5ecbb95b54c757c42a5bebe36e587da5f318eda31639cf,Zigzag,23996079,14048433,23995755,14048894,236,1021,102,58,0.02478290064811362
dd54e1bf57b3bea53b0978ce7356b5bb02ec66790ec772113c3225e9290aaca5,Zigzag,23905669,13990180,23905706,13990536,597,916,100,48,1.5640398871093655
2d315732c32782d783cb5de1cdddc7385c70fd172da1fae33d275611d2595765,Zigzag,23882367,13913457,23882197,13913757,390,860,103,58,0.0014953934302181018
cd49500d6ba40c56c8ed86477088ace83b8637dddad765d7712f9f51914184f3,Zigzag,23978370,13837267,23978569,13837446,759,739,54,97,0.0002083282957414738
7f2fdd18a59e2f40485e0259a8f9eca77df6f9e7b784b0e0cab5f0de97c271df,Zigzag,23942951,13968921,23942764,13968425,373,63,106,57,1.5681270404343102
7e5ada6beded831fa71faeeefe81cab3e8d7dedff18ece312c85f5d099a7f9e7,Zigzag,23902872,13884547,23903346,13884703,1033,716,140,63,0.049034717040595
46ddabd3d0c10fea73f7c0057fb63a0dc01e69beebad07720e9129b17d4b9732,Zigzag,23963457,13860933,23963873,13861142,976,769,107,54,0.7581216014596659
ae86be70fbe11fe4a23198b821606667f5f5a942f4ca395050cad82bee94a66e,Zigzag,23952272,13935890,23951977,13936147,265,818,120,63,0.025145639833339225
d569bdef2dc2d78432ffd5dd7d7211d4ba5594e8fc5eb3ecd8f729a8d4c8bd57,Zigzag,23868386,14047376,23868090,14047114,264,297,96,48,0.035494548590738036
d569bdef2dc2d78432ffd5dd7d7211d4ba5594e8fc5eb3ecd8f729a8d4c8bd57,Zigzag,23868386,14047376,23868430,14047622,604,806,94,53,1.5699869921396215
d569bdef2dc2d78432ffd5dd7d7211d4ba5594e8fc5eb3ecd8f729a8d4c8bd57,Zigzag,23868386,14047376,23868080,14047630,254,814,46,93,1.4649194281815974
d569bdef2dc2d78432ffd5dd7d7211d4ba5594e8fc5eb3ecd8f729a8d4c8bd57,Zigzag,23868386,14047376,23868121,14047773,295,956,42,82,0.010654647972918317
3076589b6b34c27229b9184e4289a6de884c68a8b7fb607084712fc097a63729,Zigzag,23754674,13859859,23754700,13860244,586,945,59,128,0.015317978280296168
92c1f808fd03eee588984d6a7c4b27e324b22481783fe1af705f562eed325691,Zigzag,23902872,13981681,23902370,13981183,57,61,102,55,0.006811901575677878
4ec1bf5c3933a1c6e3b43409185354982aa93161ab5330756feda47ab4e76518,Zigzag,23941087,13916665,23940806,13917018,279,914,103,57,0.040267449251621235
dc9fea108a945561f257c34e4a9544123ba40aa68bfd1e79376dd227ba9001e3,Zigzag,23907533,14035749,23907616,14035832,643,643,98,43,0.007077107167317186
d01ac7874cf9ce87474fc2a2babbcd9599b582a80e40b3ad9ab40cafd3a29bb8,Zigzag,23980234,14026226,23980338,14025879,664,212,55,102,1.570489663795374
a043e05da733203e9cc99ee67b532b28f28125d6324a3b343ff8ca2666be0f59,Zigzag,23838560,13904899,23838729,13905116,730,777,118,52,0.005926423399767149
a2de82b6228863ff01b0b66e448e05191e919b07379d68f567f5649f3f7e4b2c,Zigzag,23873046,14063213,23873197,14063622,710,969,44,85,1.5684371655432499
a2de82b6228863ff01b0b66e448e05191e919b07379d68f567f5649f3f7e4b2c,Zigzag,23873046,14063213,23872772,14063674,286,1021,89,45,1.5693034918458526
ede3e65e8bc405c688ec5ee353c72e6bea19a47acc2b4def8348185a849b6f54,Zigzag,23837628,13914526,23837456,13914573,388,607,56,117,1.5660321979208538
07eb0c03d3dc7c6eb987783b98a8381f53fa4987d2df22c0ac5f64c661305688,Zigzag,23963457,13809231,23963703,13809061,806,391,102,55,1.5368795055741378
7e38261b2d87ee915f657810a7666229d1e633fe14076bce0dc3f04fb4eb744c,Zigzag,23857201,13967857,23857169,13967383,528,85,106,47,0.009107103788824686
c6208f79d6ca02a15edf3909edb14c1a74d6230169fefa0ea01a47a26dc01cc5,Zigzag,23943883,13956147,23943581,13956062,258,476,72,127,0.07811406842760363
c6208f79d6ca02a15edf3909edb14c1a74d6230169fefa0ea01a47a26dc01cc5,Zigzag,23943883,13956147,23943576,13956251,253,665,66,114,0.0416172724501279
55c8cbf647f69d9d84257f20c9bd9a6739c0045e7962d66e702038b6d1a31a5c,Zigzag,23879571,13916665,23879152,13916996,142,891,110,59,0.03437628308782456
9f77bdb88229911f5eba0453ce9dcd901c1c90831331e48ae94a687364a14778,Zigzag,23896348,13927349,23896230,13927716,442,926,128,65,0.6347528610696446
e3dcc4b6cf648d8e718aa2be1a2a14c87cebd7ebe46b2d82b583a030fd836bc3,FCBK,23962525,14046320,23962226,14046424,261,664,101,53,1.5700162869116123
bc9028e1f62ecf4c4a0323cb94a5a07bc01782599629805564c1d58b4982b9a7,Zigzag,23992351,14032575,23992381,14032187,590,171,76,129,1.565366407648334
0df1dabb68d8aed9feb8e811bc0682ffdcc2135c581a34a2310cc3ffa2fcc68c,Zigzag,23892620,14053714,23893105,14054194,1045,1041,93,48,0.3251997991320663
5af281539bcd03c5f801fbb162de6f5b1e83a2040e63f4db26a3af49c3d042d6,Zigzag,23899144,14007157,23899121,14007491,537,894,43,110,1.5673675068914195
ce8ad24ed6cb475f140ae258efb86b71ecb8f8e112db52d42f3cfb58b2bcd768,Zigzag,23914057,14034691,23914410,14034526,913,395,97,49,0.33928432603111386
3ee024954c840471f4126e1bbaaa33d7e6fa93861c944e79c773a96c45bed069,Zigzag,23956932,13900618,23956695,13900215,323,158,125,60,0.030578417716884417
dd4ee62328a0e512dd98e29591ef98d6840fe9cc994225dc36caa5ee3f831107,Zigzag,23992351,14044206,23992841,14043991,1050,345,75,44,0.08326115986639977
0d523904cdb9b53a664aaab32f6e23331e1782d61b7b20fc3d669b157ed54ce9,Zigzag,23996079,14030459,23996143,14030279,624,379,54,108,1.5707858073085907
ff8dcfc49eaa984fd716d4ab961950893b8143e8821f34db56a8a4f56190be24,Zigzag,23925242,14020933,23924915,14021450,232,1077,52,110,1.5457438372624666
5833c783d29eeefd71d9c8b8cff9c176f8d4d87620e41fd72f3f6e09c92a92fd,Zigzag,23787296,13902759,23787284,13902862,548,663,62,110,0.020220949393294517
0694ed198510ff0adf3166a1b493d102196548bc6ddf261c5736f3969ac56c2d,FCBK,23743489,13885619,23743453,13886118,524,1059,50,120,1.555212573360189
b4f90f71267d3f433b7612aed50732086078918cec7bd733a28f5bc484ace8f2,Zigzag,23962525,13945490,23962011,13945708,47,778,143,74,1.5683792417895406
6202124b4e9fd6700cc13168ab54c0e45e7dedd5e7a0b20b1764f46322cb1bd7,Zigzag,23937359,13920940,23936977,13920557,178,178,123,59,1.5624150925283082
4496dc2d9940a35d94a81da6fcf5660f567ad510fca3ded61dd70df216a4cc1f,Zigzag,23787296,13884547,23787798,13884358,1061,371,109,62,0.8280387679800066
4496dc2d9940a35d94a81da6fcf5660f567ad510fca3ded61dd70df216a4cc1f,Zigzag,23787296,13884547,23787659,13884190,922,203,54,96,0.683114934359102
4496dc2d9940a35d94a81da6fcf5660f567ad510fca3ded61dd70df216a4cc1f,Zigzag,23787296,13884547,23787821,13884953,1085,966,66,55,0.008674034784429022
a9f23651ebafae350ee51dc320ae3063e362e7af2e2b74b6bbf722501c6172c4,Zigzag,23931767,13919871,23931593,13920107,386,796,56,111,0.001454563711718662
817d761e65f5f7b10c53fbda87e9a2e04edf90ce2cba8727b2d334d9b17360f1,Zigzag,23956000,13793022,23956023,13793426,582,964,44,76,0.07795149908781111
817d761e65f5f7b10c53fbda87e9a2e04edf90ce2cba8727b2d334d9b17360f1,Zigzag,23956000,13793022,23956297,13792538,857,76,77,47,1.5192817365650577
9b2a84e1e1bacf2326a3eea8846c896549102fbf96f6cc0756700a24f6f5a9c5,Zigzag,23969981,13837267,23970517,13837370,1096,662,42,111,0.0026470232181260637
4f6bbebfe57eeaf41b39ceba89a983011af5cf6ffcffa58b31fcdf9479e2058c,Zigzag,23859997,13948688,23860456,13948221,1019,93,51,95,0.023430695168788096
4f6bbebfe57eeaf41b39ceba89a983011af5cf6ffcffa58b31fcdf9479e2058c,Zigzag,23859997,13948688,23860164,13948367,727,239,47,100,1.5682186531758089
4b74d2c527f732f0f20bbe8bc0d58f9887deb21b1af309c6bd5ec1294c925ae3,FCBK,23949476,13930553,23949321,13930739,405,746,50,119,0.0018693083993091702
223e834f92ae394f1ffb9c0148271a08d7540e9cf064760e5d60fa0b790c81fb,Zigzag,23876775,13874893,23877059,13874969,845,636,58,115,0.07642624847487388
e88c1c16a28a69f7afe6e29630f1c2bc3659de1d10e253228b19c285a6e323c8,Zigzag,23887959,13908109,23887601,13907612,202,63,97,60,1.0625657883200907
e88c1c16a28a69f7afe6e29630f1c2bc3659de1d10e253228b19c285a6e323c8,Zigzag,23887959,13908109,23887831,13907647,432,98,54,105,1.5694744667878358
e88c1c16a28a69f7afe6e29630f1c2bc3659de1d10e253228b19c285a6e323c8,Zigzag,23887959,13908109,23887789,13907789,390,240,116,53,0.008107318265649364
e88c1c16a28a69f7afe6e29630f1c2bc3659de1d10e253228b19c285a6e323c8,Zigzag,23887959,13908109,23887516,13907783,117,233,103,64,1.5695849879730739
e472c34a31848bfd41acb5d2565ba59cb26e0ba9c4eefa0f9a80445a6da29519,Zigzag,23951340,13945490,23951268,13945667,488,737,58,121,1.5702873967105826
a186dc391d451da749e051ace8e739850e55e3e7167cac1d65c17b69707fb5b0,Zigzag,23953204,13890978,23953567,13891400,922,982,64,138,0.05154364365285582
2a272f31709ca76dffb01eef395cf4ac959a5dd3631bafaa0de4cc1d85755985,Zigzag,23936427,13994426,23936105,13994515,238,649,110,56,0.010667315673150306
2a272f31709ca76dffb01eef395cf4ac959a5dd3631bafaa0de4cc1d85755985,Zigzag,23936427,13994426,23936423,13994745,556,878,57,104,1.5705053764458055
2a272f31709ca76dffb01eef395cf4ac959a5dd3631bafaa0de4cc1d85755985,Zigzag,23936427,13994426,23936235,13994134,368,267,116,75,0.04242772646529865
5ca79539218fbd9ac92b4d84c5615ef37b93140f369cfa259083a79aca182bbd,Zigzag,23755606,13867378,23756066,13866881,1020,63,53,122,0.014723817678423784
228f7cfb7b502cf17645c8f64bca3c351fc3552d3be4c2c7f2183ea37801aae2,FCBK,23950408,13942291,23950717,13941996,869,265,123,57,0.019490371485474726
13e4510ed81a87c85d0036d16bee691bce4fb6f22c1d2f5784a9c9812ee7733e,Zigzag,23899144,13925213,23898912,13925211,328,558,51,120,0.031541445895381486
fa8c51f123a6be1f0ef257e3052a4d48836f89b3fb1c56a0edece0aa5865342c,Zigzag,23835764,13956147,23835722,13956564,518,977,119,51,1.5549325419715672
6e0dfcf4370722241dd929e38de6d1fcad5bff8767573bf020cea828e867ae37,Zigzag,23933631,14002915,23934013,14002700,942,345,48,103,1.5668376709925482
74302f1fdcf078930d11b569d90c4ff7344bb8d521eae2a7c9d317913c6a5567,Zigzag,23966253,14043150,23965931,14043256,238,666,59,122,1.4518206703600425
74302f1fdcf078930d11b569d90c4ff7344bb8d521eae2a7c9d317913c6a5567,Zigzag,23966253,14043150,23966172,14043565,479,975,109,56,0.028126249725355906
e49f70a3e3cd0508b07a8ccf023acb5f2b66b2d7b07d9d3be7bbacfb3273b29e,Zigzag,23902872,13973176,23903093,13973365,781,749,52,108,1.5646211220172752
e49f70a3e3cd0508b07a8ccf023acb5f2b66b2d7b07d9d3be7bbacfb3273b29e,Zigzag,23902872,13973176,23902698,13973280,386,664,50,121,1.5673758958488533
dcc2555c69ea8e8d7b2a8eb003c2375b839e7373ebf55a345d859cb28189f54e,Zigzag,23928970,13993365,23929228,13993213,818,408,94,50,0.038635152046430435
dcc2555c69ea8e8d7b2a8eb003c2375b839e7373ebf55a345d859cb28189f54e,Zigzag,23928970,13993365,23928744,13992941,333,136,56,96,0.011273285729981514
dcc2555c69ea8e8d7b2a8eb003c2375b839e7373ebf55a345d859cb28189f54e,Zigzag,23928970,13993365,23929017,13992919,606,114,49,100,1.5649432313511205
dcc2555c69ea8e8d7b2a8eb003c2375b839e7373ebf55a345d859cb28189f54e,Zigzag,23928970,13993365,23929243,13993141,833,336,59,85,0.00017040396505674913
dcc2555c69ea8e8d7b2a8eb003c2375b839e7373ebf55a345d859cb28189f54e,Zigzag,23928970,13993365,23928932,13993128,522,323,62,90,0.0073200134661649315
dcc2555c69ea8e8d7b2a8eb003c2375b839e7373ebf55a345d859cb28189f54e,Zigzag,23928970,13993365,23929131,13992935,720,130,54,106,1.5655144794049423
ce6634dfc47c1988d61687a6233dd87bafe8d24ffd3199baa691efd0ce453b8b,Zigzag,23954136,13890978,23953997,13891057,421,639,105,53,0.002236245964366528
ce6634dfc47c1988d61687a6233dd87bafe8d24ffd3199baa691efd0ce453b8b,Zigzag,23954136,13890978,23953955,13891439,379,1021,110,59,1.5662148907716333
ce6634dfc47c1988d61687a6233dd87bafe8d24ffd3199baa691efd0ce453b8b,Zigzag,23954136,13890978,23954061,13890986,485,568,108,53,0.013888510960736624
ce6634dfc47c1988d61687a6233dd87bafe8d24ffd3199baa691efd0ce453b8b,Zigzag,23954136,13890978,23954509,13890834,933,415,49,107,1.56264279280151
ce6634dfc47c1988d61687a6233dd87bafe8d24ffd3199baa691efd0ce453b8b,Zigzag,23954136,13890978,23953763,13891357,187,939,120,64,1.5692254612259133
65fe524012a9e6770be3bba8400fa1fdff6f506672716986997995fc6dcb62eb,FCBK,23889824,13840498,23889334,13840250,71,313,114,43,1.5704224189778495
fa2e6d15a451696624acf39927ec766aa8de188c847e3fe79bae7af42dd3637b,Zigzag,23939223,13966793,23939652,13966284,989,51,58,110,0.23775791744029767
fa2e6d15a451696624acf39927ec766aa8de188c847e3fe79bae7af42dd3637b,Zigzag,23939223,13966793,23939503,13966611,840,378,49,86,1.5679307654619714
12bd2780380f332122804df6349cc81dd8e526784dac2cd532a28c6d8f677eb3,Zigzag,23933631,13963600,23933217,13963607,147,566,107,63,1.557411145998104
3b05e3813437ec9c66a47d905de771f4cd151144051a93fda0c7f9a30e76c6f3,Zigzag,23875843,13874893,23875556,13874373,274,40,58,117,1.544814394042029
45ef99d54875b2516a224d7a7600525bcec5bbd49f0042e3a6c601512a75758a,Zigzag,23952272,13785449,23952218,13785487,506,598,99,50,1.5333665297802144
49955f0d3eec900e61b51387406749bffc4b440b93153e26036d59bfe5de0d4b,Zigzag,23876775,14046320,23876648,14046146,434,386,119,63,1.5654674746117025
806bc010eb86d43fa9e581eb5ad3125be55c323d320c9065f40b4bd778545d50,Zigzag,23908465,13881330,23908739,13881461,834,691,54,114,0.7517402680136726
806bc010eb86d43fa9e581eb5ad3125be55c323d320c9065f40b4bd778545d50,Zigzag,23908465,13881330,23908294,13881221,389,451,112,56,0.006464237858786993
806bc010eb86d43fa9e581eb5ad3125be55c323d320c9065f40b4bd778545d50,Zigzag,23908465,13881330,23908775,13881314,870,544,59,123,0.005838884982647055
806bc010eb86d43fa9e581eb5ad3125be55c323d320c9065f40b4bd778545d50,Zigzag,23908465,13881330,23908655,13881166,751,396,111,50,1.5641352282763903
da86216be7c33f25e83c70ac11a7b7997708ce93a7e372061b33ce400f6229ab,Zigzag,23926174,13966793,23926481,13966965,867,732,110,58,0.004935764404811852
e0352603d4d084abc9f1f677ab42c9ecb6b5e3fa62c6ffe52eecec38d42e2eaa,Zigzag,23878639,13982744,23878833,13982215,755,31,107,54,0.001372673588793327
e0352603d4d084abc9f1f677ab42c9ecb6b5e3fa62c6ffe52eecec38d42e2eaa,Zigzag,23878639,13982744,23879009,13982933,930,749,112,58,0.003113364051093605
681990946326a19c8675ba23cddb353b668a29348c89844b8358548a4e05d133,Zigzag,23981166,14064268,23981162,14064283,556,575,118,51,0.000817502874625314
2c32b0aacbd35c0963347fdbfa86527ce249feded01687b7e16b5850e32b151f,Zigzag,23936427,13992303,23936298,13991832,431,89,48,103,0.022706558781854933
2c32b0aacbd35c0963347fdbfa86527ce249feded01687b7e16b5850e32b151f,Zigzag,23936427,13992303,23936376,13992566,509,823,47,87,0.06966044611363553
2c32b0aacbd35c0963347fdbfa86527ce249feded01687b7e16b5850e32b151f,Zigzag,23936427,13992303,23935930,13992199,63,455,49,106,1.5567898305157883
2c32b0aacbd35c0963347fdbfa86527ce249feded01687b7e16b5850e32b151f,Zigzag,23936427,13992303,23936469,13991888,602,144,88,60,1.5668109062235929
4241e23b780c790bc31de5f3504f30d4d6b351abfb532276f049e507284dd1d2,Zigzag,23736964,13857709,23736864,13857702,460,553,54,118,1.505370980927138
54ac1a99ff7d78533e4319dc09784bba6f18407dfa167d39b46b3f4f54f63384,Zigzag,23990487,14015636,23990340,14015703,413,627,97,61,0.7898106884285733
97f490ec5ef4a172b0c0f01ceab5006110f60e333ea39400c512ee80035d4e44,Zigzag,23979302,14026226,23979585,14026388,843,722,56,83,0.07686860785431444
8389929738f0bc3a017ceb32f1e7ed0b97dc46a77d0b1a867f09529ffc914fba,Zigzag,23955068,13901688,23955245,13901958,737,830,55,101,0.27321800722324363
8389929738f0bc3a017ceb32f1e7ed0b97dc46a77d0b1a867f09529ffc914fba,Zigzag,23955068,13901688,23955369,13902161,861,1033,113,55,0.04010053563030052
d87d1e00334e15961437c9e1c8c40216800d9c9cbc4dbfc91992859ba6ff0208,Zigzag,23984894,14067432,23984912,14067831,577,958,85,43,1.5592729619161783
1c02013590c6ec730aef06f7e10ae5f53c35575d89fff5f2c7cc6a2da4678dd9,Zigzag,23741625,13872747,23741609,13872935,544,748,53,122,1.2748907670214837
6b58885f2c8c6db0e2f6d7c70f576ed3882475fad32dd07c6a544d3b3e214843,Zigzag,23849745,13881330,23850100,13880923,915,153,121,60,1.5658765361551388
3883ef855a6679c43c6ce5d642fe3ffb106c9376bd0babf6efdcc0abc72a83c1,Zigzag,23969981,13965729,23969974,13966073,553,904,62,101,1.5611241251898922
9c8c72c16b01235800a36d0df18520d659a19404910f216f04d32f46c635a133,Zigzag,23858133,13911318,23858486,13911644,913,886,118,60,1.5569380354304514
bdeeb53a28a5dd459ed1f6af84654a3c216165b7793725c72c1abe55de5018cb,Zigzag,23895416,13890978,23894984,13891035,128,617,117,62,1.5580270020001845
a2d6566675a7839e31054f91bb4058d978a306ebcc275e858e4820011aa77f43,Zigzag,23820851,13944424,23821015,13944355,725,491,50,114,1.5705021806524972
5754615b7f188a32832431f21e7407797bf68d0947a47c845bac041667e2fb31,Zigzag,23880503,13981681,23880111,13981382,168,261,100,52,0.0002598364384687164
b40264b3389b6b7ceed1cf43b3f51b7c65c1badeff0bc2f23950fb15778f0c21,Zigzag,23901008,13976366,23901426,13976230,977,424,55,113,1.5658086255473416
c622c23ba73313580976686abe5f6e4a0e8c466fcfae9c71145d6fc8b1a33c6e,Zigzag,23770519,13919871,23770406,13920247,447,936,57,106,0.021558794608679627
7b6dea636b5290c04f054a4174d6a41727250f271aed930104424344c71fc75a,Zigzag,23919650,13990180,23919892,13990024,803,404,57,116,0.2695966907072243
6b511cadac8ff0d07a84fdaef4200ca199942fdbd395c8c18aa9e567d04eb610,Zigzag,23860929,13947622,23860548,13948021,178,959,49,100,1.5697334592038459
6b511cadac8ff0d07a84fdaef4200ca199942fdbd395c8c18aa9e567d04eb610,Zigzag,23860929,13947622,23860658,13947700,288,638,98,54,1.5707390688314598
147903a0327a8f9590987e4b151ae086563ad4ee33746de7c2709a3975ef3d6a,Zigzag,23907533,13856634,23907196,13856931,223,856,29,57,0.051122181765593966
701ad0f58d6d453138724c080366321bd41f099e15311cb86ef6a21e4353ecd4,Zigzag,23920582,13990180,23920665,13989949,643,329,53,105,0.06332340436552156
e8199936203ca9cea9a99f438448d7371894c10f2e5b3f4aa11d477adbb1785f,FCBK,23909397,14048433,23909446,14048845,609,972,50,110,0.15397911395939215
2acb3484eacf192a39ada105cab370ccd2bae34e6f7b3be53420e8aac993f845,Zigzag,23905669,13925213,23905313,13925413,204,760,57,122,0.7687698516041842
c539874859afaf9e456c57640526feb3c2616008f019e9a189ac9d95a6c9ca73,Zigzag,23918718,13908109,23919252,13908397,1094,848,54,114,7.914221824185282e-05
ab9e2a9ef984ff7fc2503f9770bba5de498726dc08194496810347c68dbec155,Zigzag,23948544,13971049,23948748,13970539,764,50,98,49,1.5535050876272847
ff4c399485c52fdd3d7ca7dc7d97a4fc1f94e4abc5ecb3aee9d0c0c51c56530d,Zigzag,23893552,13873820,23893907,13874192,915,933,126,59,0.5701700727917598
ae30a60a8957ff4cbde642a2e9798dda6b240f995963c80c0234938e983b81b1,Zigzag,23952272,13929485,23951974,13929624,262,699,64,116,0.021865551234959327
4bc7e88ed0db5a30aefe96615aeef4c0c1f0dc52659b7ab19486196477f2551d,Zigzag,23951340,13939091,23951746,13938668,966,137,56,116,1.5335454942054676
57a60957ca21450c6df0744f2ccb34f5b4276fc00e4be88a8d3cc97dee160bb8,Zigzag,23940155,13950820,23939837,13950973,242,713,57,130,1.481983100234062
953957653b0c6329b8e82460d02b0b2e14e695f4458598bdc3f2e33d8d31b416,Zigzag,23799413,13897405,23799736,13897134,883,288,58,115,1.5662937203398994
3e19243f74e0b1caec8e32ceb1448eb511afebc933ac4d8c6447c7f22764b982,FCBK,23954136,13796266,23954184,13796589,607,883,111,54,0.11604892562064091
bedd8be740a31960303ba18aa213bc6577bc03caea6800a0eb7a3525785ccba5,Zigzag,23954136,13886691,23954446,13886281,869,150,113,57,0.9848438953301364
d8acf7f9467b8a935326b062c91457c5227489e9d2009110982578fcd9c353bc,Zigzag,23880503,13983806,23880189,13983707,247,461,54,103,0.0004124654287137192
118f7d4a5d61d844a99fd0be7b9ccf144fa8bd42261dbb63a173bef34f6e6e2c,Zigzag,23806870,13882402,23807265,13882743,955,901,110,55,1.5129444784351054
d4e0140383f68632ca3cd2e95059bd99605f4456e06014f18c44020431821997,Zigzag,23927106,13986994,23926653,13986842,106,409,55,99,0.09411917555865386
d4e0140383f68632ca3cd2e95059bd99605f4456e06014f18c44020431821997,Zigzag,23927106,13986994,23927160,13987241,614,807,119,59,1.5353146321176074
8b8deac14d926bc8978bafa591d0467308477fc3dc1c8460f45603bd129e09c9,Zigzag,23878639,13979556,23878621,13979733,542,737,95,49,1.565538980486971
91c3622b08d438d802cc6a4f3990b1855e5870ab06fcedee97b0b1d58d598832,Zigzag,23860929,14060047,23860997,14060214,627,726,43,85,1.0655380092546736
d3e8bab69d25a7813b2e24149e1346fcdf710f71210fef4011a419085c4e9908,Zigzag,23930834,13965729,23930756,13965218,482,49,89,53,1.564222047327927
4799db926af8f6263e737f9c2548f4b2bbd658665082a0c683d189aba3c2d3fb,Zigzag,23896348,14014577,23896845,14014645,1057,628,51,110,0.03629429170489963
4799db926af8f6263e737f9c2548f4b2bbd658665082a0c683d189aba3c2d3fb,Zigzag,23896348,14014577,23896721,14014473,933,456,48,106,0.025573451695325235
baffd84047f6f9ba9f405cafbecfae46f4cb031900946a5b6ad3e376044846c9,Zigzag,23856269,13913457,23856265,13913853,556,956,110,55,0.006563096791134526
baffd84047f6f9ba9f405cafbecfae46f4cb031900946a5b6ad3e376044846c9,Zigzag,23856269,13913457,23855902,13913923,193,1026,90,102,0.9501375134251967
df9c5f937c882d233be8b0580b67c325b091003559ced8dbb5595ecb51ca8d59,Zigzag,23969981,13963600,23970262,13963099,841,58,55,114,0.06647638319790442
f575a42bb7a6f2b1cf2a9888ff468696803a48ca10e2be02a4ddd3e016761f25,Zigzag,23937359,13947622,23937085,13947523,286,461,127,60,1.5686745863544305
dda032eaa50674f31c3e737acc5052b51f433cb31ecc5df4e1cb874ae61ec0d4,Zigzag,23923378,13830804,23923641,13830411,823,167,91,48,0.02301112246142452
513babe6841d6e104e205383bc585130df6aec4891f3dc03dd6dcc8331b83046,Zigzag,23935495,13852333,23935754,13851886,819,113,106,58,0.5514463192737942
86baec362e769707f59bba670ea43609bea049303610cfbbb3b8c949c8b8b109,Zigzag,23925242,13917734,23924887,13918098,205,924,51,115,1.5637035298636885
86baec362e769707f59bba670ea43609bea049303610cfbbb3b8c949c8b8b109,Zigzag,23925242,13917734,23925336,13917981,654,808,103,49,0.031317744525004035
720604147d057a4a6cf4097ae1cacd32305fe2e020a2e53fd87d8a05cc3ac06f,Zigzag,23936427,13993365,23936705,13992847,838,42,107,51,0.04146898015049172
720604147d057a4a6cf4097ae1cacd32305fe2e020a2e53fd87d8a05cc3ac06f,Zigzag,23936427,13993365,23936057,13993124,190,319,46,116,1.568454342932281
a20701743fd3488f467fa1d3516bd6d06f58b92aca30edf21b1a1edffe3dbbd5,Zigzag,23958797,13850182,23958930,13849683,694,61,52,96,0.661688604966924
327eb0f2e4360f3d9b5887685065df6fe34d5c77bb5a23cde82d35f5daea936b,Zigzag,23977438,13823258,23977755,13823344,877,646,56,99,0.5004496805864622
73d6311214324e2728b6e62719a85ed9b1670fc37e6735be2d3f6be2ad210f18,Zigzag,23918718,13870600,23918468,13871006,311,967,60,94,0.007532711091843044
8c36db06b9177dea5934e2ad2c3245579bfe1058017b2c930335234ab77a9958,Zigzag,23946680,13925213,23946724,13925191,605,537,64,115,0.1533152877681763
da4d245e2080f85fde7234aaff21ae1d00432ec2e8c4c8d552d728cb029b141a,Zigzag,23953204,13956147,23953442,13956521,798,935,102,50,1.5647698595641562
a78a9cba582ccb3f466b8d099628a83f421d4940ca5821856319f280f85ade7b,Zigzag,23922446,13958277,23922593,13958691,708,974,56,104,1.5680848293310323
3c8c006c882b42542d19e0fecf792550abceb507db0aa776dbb948ed41e79c9e,Zigzag,23947612,13950820,23947432,13951034,380,775,108,62,1.5588585740505618
117f56613989124c741d421737dfd61119d2178bbef5c9db524b4ebc921ef416,Zigzag,23921514,13869526,23921384,13869229,430,263,56,104,0.004140279747651135
e7be3d0910091a57ee771519de3fcebb9d9a8d0138981073f18c397240d60cb6,Zigzag,23740693,13852333,23740529,13852704,397,930,109,49,0.041780141395543056
b55da82a28e78e3c9bc0e2d0270e8e5e2a8b4ef661d2da221d6ffb040df368a3,Zigzag,23838560,13889906,23838141,13889586,141,239,51,123,1.4656344869342837
b55da82a28e78e3c9bc0e2d0270e8e5e2a8b4ef661d2da221d6ffb040df368a3,Zigzag,23838560,13889906,23838387,13889558,387,211,123,58,1.5571566809559467
1c29fe5444de59206159318c37b7734686b49d9d18d03615612f163ba22f161c,Zigzag,23886095,13907039,23886576,13906607,1041,127,118,54,0.02987542433229296
1c29fe5444de59206159318c37b7734686b49d9d18d03615612f163ba22f161c,Zigzag,23886095,13907039,23886267,13906909,732,429,97,53,1.5084542556791771
9114e34b965db4aad65342d4df6d0ed8e88e28b2ce80b5177f0dc08dddc56862,Zigzag,23931767,13999733,23931538,13999426,331,253,95,48,0.0053800228469750525
967d7ff32912f02cd0284a0d1d2264962e3e6090a299d9d1c47248a5773994c1,Zigzag,23946680,13829726,23946897,13829640,777,473,59,114,0.00790184186368484
e53670936d797a12956174da9f08e448674d999141811a7a77fb8708604bde6a,Zigzag,23837628,13904899,23837252,13905409,184,1069,112,54,0.0009135061908821177
e53670936d797a12956174da9f08e448674d999141811a7a77fb8708604bde6a,Zigzag,23837628,13904899,23838021,13904953,953,614,59,114,1.5687837759591237
599b02935bf2a8ecf6edbc3caa8a11eefc108264bdb08a3da9a3e1019cd239aa,Zigzag,23902872,13904899,23903144,13904964,832,625,111,55,0.013225469153685561
a3143285e52f4bd1a9d70a1826e7674bae0f084799a414d9a453cd02b575dea0,Zigzag,23887027,13978493,23887418,13978302,950,369,55,101,0.006821986217711952
6e4743f0ac43a800eef45548dff1d85c940142a883b2e19b63ad06f4434b6d09,Zigzag,23884231,13917734,23884690,13918230,1019,1056,48,98,1.566892798427113
815e53fb94750f91185e664a4c09cb6602731d5f8634baace35ba393dca44433,Zigzag,23979302,14070596,23979233,14070767,491,731,53,119,1.4330680215442497
815e53fb94750f91185e664a4c09cb6602731d5f8634baace35ba393dca44433,Zigzag,23979302,14070596,23979539,14070698,797,662,49,103,1.5583955834950516
0c70a2d6096ab44ec76a9fbade6e635599783271351579c649a9f9dd406ecbc4,Zigzag,23902872,13922008,23902612,13922242,300,793,53,111,0.07670444894024628
928eb9e50d35d1170ee4153b427bda40a94a6e0f287730e77ff67f9fd2e4990f,Zigzag,23826443,13967857,23826136,13968177,253,879,101,47,1.4728644366616308
cf05ff2100da5d63f13e19bcb5b14cdcf50af345c8b3a1ecf0b356e9aeceff5e,Zigzag,23878639,14029401,23878755,14029779,676,938,49,116,0.001352477907181172
b580fe06b9125e7f622527eccf2551175f4361edd8913c1a7903b90b6396dcae,Zigzag,23828307,13913457,23828498,13913135,751,238,53,101,0.7552063055933834
b580fe06b9125e7f622527eccf2551175f4361edd8913c1a7903b90b6396dcae,Zigzag,23828307,13913457,23828335,13912983,588,86,111,56,0.005817772148927072
b580fe06b9125e7f622527eccf2551175f4361edd8913c1a7903b90b6396dcae,Zigzag,23828307,13913457,23828297,13913152,550,255,100,54,1.5705832739076901
b580fe06b9125e7f622527eccf2551175f4361edd8913c1a7903b90b6396dcae,Zigzag,23828307,13913457,23828328,13913044,581,147,106,53,0.0052779109049678795
f4788d6761c3d7dd927b93f7a9ecdc49e18f330a7076b0e2f157dcdb7937cf1f,Zigzag,23772383,13878112,23772806,13878235,983,683,119,64,0.0424014027823989
f4788d6761c3d7dd927b93f7a9ecdc49e18f330a7076b0e2f157dcdb7937cf1f,Zigzag,23772383,13878112,23772797,13878352,974,800,115,62,0.022424806741497556
d8cf4d7a022901fd536136f51fb6b80d6d7f82c87191c68289e8378b9ff846da,Zigzag,23944816,13957212,23944511,13956956,256,304,68,131,0.05487510421254443
d8cf4d7a022901fd536136f51fb6b80d6d7f82c87191c68289e8378b9ff846da,Zigzag,23944816,13957212,23944999,13957639,743,988,62,121,1.5689800509314624
242371db31a309f0d3416b2bd3a738a1bb42610453a86cc7ae29d5436b0f609f,Zigzag,23880503,14029401,23881011,14028927,1068,86,118,49,1.5570894361384222
cd02eefb852edf20f84ee863ab706812621142ce0fcfff9ca3046176db8dbb40,Zigzag,23818986,13958277,23818575,13957965,148,248,44,100,1.569651300684217
e010cb07ea3df6b18db142241c70ac2538f78dfacbbc8c7c0ec796759519aef0,FCBK,23860929,14053714,23860897,14053326,528,172,55,112,0.2321916943801935
e010cb07ea3df6b18db142241c70ac2538f78dfacbbc8c7c0ec796759519aef0,FCBK,23860929,14053714,23861274,14053391,905,237,50,112,0.2603861980114557
e010cb07ea3df6b18db142241c70ac2538f78dfacbbc8c7c0ec796759519aef0,Zigzag,23860929,14053714,23861021,14054007,651,854,97,46,0.8564256683552703
e010cb07ea3df6b18db142241c70ac2538f78dfacbbc8c7c0ec796759519aef0,Zigzag,23860929,14053714,23861285,14053944,915,790,100,54,1.5687274501020685
ab149587838139780bb8ef1d3a0d04a43bed1cc445b651ab089c7a6af228be66,Zigzag,23873046,14069542,23873457,14069035,970,54,53,98,1.5569530822906101
32938059653a79bf229fc528686852c17ec3d9b537e57ce9c7d4350d4e4c37cd,Zigzag,23919650,13998672,23919471,13998151,381,39,49,75,0.128306399176218
9480143b792c969ed3632561b6d191e0411290f85590b20a94ef7b8f0e3cea64,Zigzag,23854405,13897405,23854822,13897073,977,228,105,54,0.0013946091676410907
f755ef704d40e3d2448bf03aa0a2b63d37a3b80ae91ee7043c40050a822deb7c,Zigzag,23976506,14058992,23976166,14058956,220,524,45,79,0.051834514939352115
400397615fb33070515e3e6bb0b47a621935a91837bf88d85f639332e6a04db2,Zigzag,23901008,13980618,23901232,13980107,784,49,116,53,0.0007028290826365085
7380f9ed041b551e45650024361427432ff8162b317b7c5f65e45cee9c0898b3,Zigzag,23867454,13967857,23866927,13968149,33,852,51,104,0.002647916313358811
b2f425c4b360102aa7c610ee0fb4ce315d336b3822be464c5fec2c3ed5005193,Zigzag,23932699,13997611,23933179,13997337,1040,286,107,60,1.5600379549393033
b2f425c4b360102aa7c610ee0fb4ce315d336b3822be464c5fec2c3ed5005193,Zigzag,23932699,13997611,23932365,13997584,226,534,61,97,1.5602155877840118
23f3c9469402b6131cda26644dfd355673e6374f181d4a2be17ef0421cd96305,Zigzag,23927106,13990180,23927469,13990009,923,389,58,115,1.5037429905527726
23f3c9469402b6131cda26644dfd355673e6374f181d4a2be17ef0421cd96305,Zigzag,23927106,13990180,23926990,13990372,443,753,191,69,1.566185196525479
3ffd52007ce40773f519ab043bdbeddf2109fb0434a33f6d5dd53000721dc163,Zigzag,23964389,13802750,23964287,13803043,458,853,87,46,0.03832306701737598
4d73f1eca83e833d80e43b2d2fbfaa49c0e9d8d9fa3185d58dc79847278a87e3,Zigzag,23909397,13870600,23909407,13871120,570,1080,57,73,0.006458908935863582
72336e88517c8f2b2fdaad901ec03fb9bd173b927131479dba21bd8a71a0e899,Zigzag,23931767,13992303,23932090,13992757,884,1014,94,48,0.006774070644185192
a7afd913a653eb681dddd0b3bfccee45c02bb2a0c322ebaf0e21baf100f0dc3f,Zigzag,23822715,13913457,23822529,13913118,374,221,60,114,0.002583423862417934
bd2d7cd42159319b8730cef5227b2143a32e76706950f6b2f0b9a8362bef80bf,Zigzag,23891688,13947622,23891541,13948046,414,984,51,112,1.5630053821839243
4f0e44eac35285cd34b0d6fb4e994185d14cde516c6b62676c04abf6401efbef,Zigzag,23934563,13999733,23934128,14000209,125,1036,107,47,0.02503593216059017
4f0e44eac35285cd34b0d6fb4e994185d14cde516c6b62676c04abf6401efbef,Zigzag,23934563,13999733,23934470,14000188,467,1015,92,56,1.5684294423760887
4f0e44eac35285cd34b0d6fb4e994185d14cde516c6b62676c04abf6401efbef,Zigzag,23934563,13999733,23934279,13999939,276,767,98,56,1.5628302793422515
4f0e44eac35285cd34b0d6fb4e994185d14cde516c6b62676c04abf6401efbef,Zigzag,23934563,13999733,23934382,13999259,379,86,49,96,1.56304812591942
4f0e44eac35285cd34b0d6fb4e994185d14cde516c6b62676c04abf6401efbef,Zigzag,23934563,13999733,23934832,13999465,829,293,98,53,0.0015961154049942271
157571ec0c30f2ba0f5381ad57c2b8aaf6d2ae509d0fdede6857a2e62d0037d2,Zigzag,23871182,13878112,23871597,13877755,975,203,50,105,1.5619813967447889
449283bf01be3e611d0fae1665b712c83db1ee8efe7f69af2582057c51f52fc8,Zigzag,23942951,13922008,23942855,13921820,464,372,87,61,0.31419901303824876
449283bf01be3e611d0fae1665b712c83db1ee8efe7f69af2582057c51f52fc8,Zigzag,23942951,13922008,23943251,13921592,859,144,114,54,0.01594885409480612
449283bf01be3e611d0fae1665b712c83db1ee8efe7f69af2582057c51f52fc8,Zigzag,23942951,13922008,23942810,13922008,419,559,98,61,0.02919297265820334
449283bf01be3e611d0fae1665b712c83db1ee8efe7f69af2582057c51f52fc8,Zigzag,23942951,13922008,23942986,13922115,595,666,111,58,0.0009189956446827598
449283bf01be3e611d0fae1665b712c83db1ee8efe7f69af2582057c51f52fc8,Zigzag,23942951,13922008,23942721,13922482,330,1034,59,108,1.5699983105742543
449283bf01be3e611d0fae1665b712c83db1ee8efe7f69af2582057c51f52fc8,Zigzag,23942951,13922008,23943142,13922248,751,799,115,58,1.5699329299694929
50af4dc09cb8e0275097afb9d61dd25fd4209ef0060bca04f96b535d9534fe88,Zigzag,23979302,14049489,23978946,14049278,204,349,62,100,0.03059199983844382
50af4dc09cb8e0275097afb9d61dd25fd4209ef0060bca04f96b535d9534fe88,Zigzag,23979302,14049489,23978946,14049531,204,602,51,84,1.3144666724006064
d5228315ba7188871b6b295a5a2101ddc363b52feb8037b30756499878227ea5,Zigzag,23956932,13789777,23957247,13789673,874,456,78,46,1.5662963835009898
c4084647369fe7d32a72dc18053440af354450b7ff15a60fb872eb4621b7e8d1,FCBK,23875843,14010338,23875480,14010462,197,684,108,48,0.009771297204987749
d2dbb397b8c66896d8c149c3e3d85cbc60071c987ff74114b35f6ff2c8b2dd31,Zigzag,23887959,13896334,23887572,13895905,173,130,50,113,1.5621596953797696
743e30268aaf91722894e84d04af9a6dd8b21ca9dc517272c61699a349ddb22e,Zigzag,23939223,13962536,23939012,13962304,349,329,65,151,0.16665154962469564
743e30268aaf91722894e84d04af9a6dd8b21ca9dc517272c61699a349ddb22e,Zigzag,23939223,13962536,23938719,13962013,56,37,113,55,0.0020125031121342057
743e30268aaf91722894e84d04af9a6dd8b21ca9dc517272c61699a349ddb22e,Zigzag,23939223,13962536,23939305,13962875,642,899,182,68,0.01833277234161754
743e30268aaf91722894e84d04af9a6dd8b21ca9dc517272c61699a349ddb22e,Zigzag,23939223,13962536,23939695,13963036,1032,1060,113,49,1.5625565063821913
e71dfb4bc61cf8a3cc8088898a0155ba8ad6cf0f57cef408a765c461b332ef24,Zigzag,23979302,14071650,23979394,14071257,652,166,128,64,0.058158602905476385
e71dfb4bc61cf8a3cc8088898a0155ba8ad6cf0f57cef408a765c461b332ef24,Zigzag,23979302,14071650,23979159,14071591,417,501,44,92,1.5612584816668869
e71dfb4bc61cf8a3cc8088898a0155ba8ad6cf0f57cef408a765c461b332ef24,Zigzag,23979302,14071650,23979330,14071162,588,72,48,94,1.568272049555665
a851c6f97e3829b45054aabedf80261fd7c2cb02493319e28f0533117c917b33,Zigzag,23979302,14068487,23979635,14068255,893,328,94,50,0.08173115717539244
a41b0e70a5c4713051d19fe6aa0a94cda7d8949a8a2ac9c00e71d119d11e00a9,Zigzag,23899144,13974240,23899005,13973755,420,75,44,80,1.4629185952546209
e7d5da7db433d879fbfb48c6298aca2f7e233e708335607162d339c22534735b,Zigzag,23903805,13888835,23904143,13888704,899,429,121,64,0.2813307782071952
07c30d2376291615e0d6d5540bc2ccc5dc62a276cf5c95c38dc9cafca5b94f1d,Zigzag,23962525,14044206,23962093,14044068,128,421,100,52,0.016199850785762283
07c30d2376291615e0d6d5540bc2ccc5dc62a276cf5c95c38dc9cafca5b94f1d,Zigzag,23962525,14044206,23962337,14044008,373,362,99,52,0.4614875672595757
b341a06fe1bdbd6b3ba4167d21f11fff9914303a9d160114cef8a5196a87217f,Zigzag,23822715,13950820,23822305,13950690,150,430,108,53,0.03540565310578903
b341a06fe1bdbd6b3ba4167d21f11fff9914303a9d160114cef8a5196a87217f,Zigzag,23822715,13950820,23822365,13950801,210,541,61,111,0.9407481395279588
35fffc47816e509fd917b23d8b112d73b121589ab538205d98d6275a1e1ff740,Zigzag,23759334,13854484,23759132,13854193,358,269,127,55,1.555520434782202
73c9c3e407f64dc577ee1017d088fcc9e4532e6b879278b6a9a2aa2a4063348b,Zigzag,23912193,13954016,23911861,13953514,228,58,54,107,0.009323798756881168
ae9d81b5efa8bbd7b7b2ddb1f0bb8826802700f555cd9da813a5eabcb5b628a7,Zigzag,23881435,14028343,23880916,14028727,41,944,97,41,1.5659874568145404
ae9d81b5efa8bbd7b7b2ddb1f0bb8826802700f555cd9da813a5eabcb5b628a7,Zigzag,23881435,14028343,23881106,14028754,231,971,47,107,0.00144385632171289
33982d842ceed4753246535082aff92cdb3a8406083cf74556600cf9866bc936,Zigzag,23897280,13973176,23897580,13973702,860,1086,107,59,0.03580167764345142
998cc9c1d58614a42b08ec8904dc5a7a3b961557894ed6a783ce62876005822c,Zigzag,23957864,13788695,23957807,13789166,503,1031,52,100,1.569431190420122
890fb563c983c828efeb8313ebb4af86f9291d530c627c3d8a7765154012b879,Zigzag,23900076,13991242,23900234,13991209,718,527,44,88,1.5670765565423284
2c3b45d71f070b73af1f9f2065534c028164bf6e644b4d5c5568e85c391304a8,Zigzag,23942951,13915596,23942946,13915208,554,172,142,68,0.006215926695312876
2c3b45d71f070b73af1f9f2065534c028164bf6e644b4d5c5568e85c391304a8,Zigzag,23942951,13915596,23942856,13915264,464,228,142,64,0.0006500724856204192
2440c3a4b2446a8bcb9e215a12d1a347d7ee055e443d12c2a3dd92d777323b15,Zigzag,23872114,13895263,23872043,13894987,489,284,102,48,0.015637594021511207
2440c3a4b2446a8bcb9e215a12d1a347d7ee055e443d12c2a3dd92d777323b15,Zigzag,23872114,13895263,23872299,13895059,745,356,108,54,0.04963057436736501
d659515d5023b3b29d4ad697a6b40f322b933b6f186348b0ab7ef4e95e82a340,Zigzag,23943883,13951885,23944036,13952111,712,786,120,70,0.08427015670202513
b9c4048ea8dfb05fb3ad82692d428361150b03547e21b27c8ccb1d9e2de53b57,Zigzag,23929902,13855559,23929481,13855317,139,318,55,106,1.5510014498865012
01c85be6eaffc4a82d444fd1fc34bed32d0ed3b4fba04af8c5df853948b1081f,Zigzag,23878639,13879185,23879057,13879151,978,526,56,106,0.6756867122885986
1180efc6cd9266920bd570ac828116a0861f00ace40abd10d3775cc8c158bb45,Zigzag,23891688,13859859,23891616,13860064,489,765,57,107,1.0123307804150077
cd4b249fdf452b14b87b30a88f0737d67fec329b047f6f9de536d838d116afc5,Zigzag,23935495,13974240,23935730,13974532,796,852,50,101,1.5581945148327505
c85ade7d1d3d743598298d65d070115a6194a6877680b5eb428af3238ff872cc,Zigzag,23928038,13980618,23927758,13981122,280,1064,43,84,1.5407907571090826
80fff339f8637f021d08e11a02f8484f561c205931435b708f9d63a7acc2856d,FCBK,23963457,13855559,23963759,13855285,862,286,111,54,0.0444045077186804
9c889d7c88c722902f5994516e134539ae11f760e8dcf113537c482e463a1a61,Zigzag,23931767,13962536,23931431,13962892,225,916,119,63,1.5672600483414347
9c889d7c88c722902f5994516e134539ae11f760e8dcf113537c482e463a1a61,Zigzag,23931767,13962536,23931638,13962722,432,746,107,59,1.5670974623568854
607f594fd8e4b35b54a476b3a88e6eadd977c9ec610f9978dec8361993e0eff5,Zigzag,23973710,14056881,23973870,14056693,720,372,50,116,1.5465430519055996
29c795ebb5a6c7e8a9064f795370cabe06e2e309b67f47bcbe4d86d0f3cd8617,Zigzag,23975574,14063213,23975984,14063117,970,464,122,58,0.040422149782630416
29c795ebb5a6c7e8a9064f795370cabe06e2e309b67f47bcbe4d86d0f3cd8617,Zigzag,23975574,14063213,23975069,14063643,55,990,110,50,0.010727189984298554
c5adfaa3f58051b71df0b898b230ed2f48b81cd904c0d5c194d9fceed67250ca,Zigzag,23898212,13971049,23898735,13970786,1083,297,58,98,0.032014754119521226
552e710256394986fea5a0775d0b2aa05f08d727ed2b5f28a380fa7910fc3333,Zigzag,23885163,13972113,23885533,13972010,930,457,52,103,0.015774736414677276
5d0ddb53b2c4193bf2c143b8b095e9140613e0e8a593a84794a2f800f1a3d361,Zigzag,23959729,13901688,23959344,13901671,175,543,113,56,1.568476846643492
960e98fb9ccf2e8206683abb1f151c5820dd3d18786f896df09095b92d43d8b3,Zigzag,23856269,13899547,23855971,13899089,262,102,114,57,0.015036230401127995
25e084bdef1121ece0cb714c83f8dcbee77a4a2eb1551c07bb83eaed1527634c,Zigzag,23871182,13966793,23871354,13966926,731,693,99,53,1.5683295738352108
25e084bdef1121ece0cb714c83f8dcbee77a4a2eb1551c07bb83eaed1527634c,Zigzag,23871182,13966793,23871358,13966606,736,373,101,53,1.569919481005988
84be277f0197bc9ac6ddbbf735b5a21806c85be0a98b2dfd16624c2fb442475c,Zigzag,23933631,13917734,23933524,13918013,453,840,56,120,0.5796551207511587
02bcd96f3d8224c530630a0f7ee3dad7456fb49b2221483038184defb3d8fd16,Zigzag,23935495,13997611,23935171,13997273,236,222,44,101,1.5547482512241335
d2567a6f7210dade3028d364d5d360f7add9f4c06c9fe499ee2f3c945d8a295e,Zigzag,23946680,13959342,23946309,13959586,189,804,59,125,1.5619459767022907
d2567a6f7210dade3028d364d5d360f7add9f4c06c9fe499ee2f3c945d8a295e,Zigzag,23946680,13959342,23946509,13959285,389,504,135,58,0.004870087835468325
e9aefbbb05d03b2f1382eac08fecf834a5a797c7f5537ade9095b105c086108f,FCBK,23873978,14023050,23873955,14022544,536,54,53,106,0.0070556073430012994
446b87081e2d7c9ad4cb87d64471cd49c7c277238a885145293cd2183373dce7,Zigzag,23808734,13915596,23808802,13915408,628,373,92,50,0.03927198044209563
446b87081e2d7c9ad4cb87d64471cd49c7c277238a885145293cd2183373dce7,Zigzag,23808734,13915596,23808215,13915717,41,681,59,124,0.001984703897550414
0ecafc93d79e0154b785005ed2b40fc3ec31b3aec2456672b96b99482659eba3,Zigzag,23950408,13966793,23950030,13966321,182,88,101,52,1.5663824036041993
13bd7c346d27a90f15ae508268b412fe50a48a5d8731e9d2eb7922762234d2c5,Zigzag,23886095,13955081,23886124,13954976,589,454,99,54,1.5464260059756905
5779a94b96b0a78bafbcbea3cb3f1ac0a6193611cef15addb252230fe71eee1c,Zigzag,23941087,13968921,23941243,13968484,715,123,52,97,1.567905864905779
e1317d0ed062816bb65000163a66f10658f74c9ff6b5dc9f5247986d5b0480a1,Zigzag,23990487,14017755,23990653,14018016,726,821,78,48,1.56253133950989
d59a43a53cfabe2a427667536e937478b109f0126fe8d0ee7a9cd2629ea97a57,Zigzag,23776111,13855559,23776014,13855614,462,614,105,50,0.026903881671550157
bbcfcaa79c1231717f0f1f5a393257d9b92cbc470475bedea7d71b3e6d22ceac,Zigzag,23922446,13877039,23922075,13877118,190,639,104,57,1.5591037180289036
11c075da26b55a88ca1c95601b831da364d7a58d56a03fb3aadf162745d75be8,Zigzag,23952272,13924145,23951768,13924428,56,843,114,57,0.4987288457585939
675748da2f369541ba081daf8cff205e5196f249633b8294cbea2cf187e341b3,Zigzag,23889824,14010338,23890122,14010639,859,862,95,45,1.5336287179895327
f603af860b6ddeb722b0b0c404f89a2ce013b2dff9d20efc3094bf9f8510b04e,Zigzag,23982098,14048433,23981700,14048332,162,459,90,61,1.5666942597678475
3a821e8b090e47a199109554ae7a13fd81e9a4592d0ec4cde1dc1bc6789df30a,Zigzag,23857201,13961471,23856812,13961866,171,954,107,51,0.0002609576026300215
c21dd696aaefbf3a9c8394d77a71d2ff25bc8ab230f3c6535496a41716420551,Zigzag,23858133,13957212,23857868,13956910,295,258,115,54,0.7281232223087954
c21dd696aaefbf3a9c8394d77a71d2ff25bc8ab230f3c6535496a41716420551,Zigzag,23858133,13957212,23858186,13957742,612,1091,113,55,0.019497545375661125
c21dd696aaefbf3a9c8394d77a71d2ff25bc8ab230f3c6535496a41716420551,Zigzag,23858133,13957212,23857748,13956767,175,115,107,53,0.032164506996567734
daff1804b954b847b0bd75adcd7cf054217f0cb4b4558a616e45bc6e3af696df,Zigzag,23903805,13980618,23903612,13980648,367,589,47,97,1.5364820287814436
9d116491f2057b8122f47cd203f93f3ca7a905b3d9fca4db4ff548e7391c4250,Zigzag,23888891,13875966,23888791,13876474,459,1068,110,78,1.567714783097566
028db45e2db348f2d9d3f40685d45c54434378619b79f40c33b0153bae17a705,Zigzag,23908465,14047376,23908975,14047839,1070,1023,51,100,0.4706633556373892
ea7bbb1e59ca8233af784dc20132733c2dbac9a23b1619f41bb7f56103b54ed1,Zigzag,23917786,13878112,23917537,13878517,311,965,55,112,0.5288214009435124
3fbe9618a0f097878de1a28aaaec3911ffe36b595877cb46bf1e86b308f3997c,Zigzag,23909397,13966793,23909604,13966486,767,253,115,58,1.568538631980782
ad119415650fe409d77e8bc9cf80a90893e18aff71bdf22aa4caac5c2f55dba3,Zigzag,23892620,13951885,23892681,13951726,621,401,49,109,1.0579825546630917
01be3c143b6dbd1a0523cd51dce58776bfdbf219034fbeb55ad65c5265248d28,Zigzag,23863726,13947622,23863662,13947309,496,247,92,47,1.5704168263395601
01be3c143b6dbd1a0523cd51dce58776bfdbf219034fbeb55ad65c5265248d28,Zigzag,23863726,13947622,23863512,13947198,346,136,46,94,0.0022076154222022254
fd24ce7cd453a64d34ab673b659a10adc663e933bf9db1cb9d0cf03d849c17d5,Zigzag,23992351,14013517,23991834,14013179,43,222,82,55,0.020611343841964915
9a880c9113412e0952ab925d39036e5936258d107b6be9da90194a71492c7eaa,Zigzag,23983962,14069542,23984225,14070037,823,1055,56,93,0.0046240330768396705
9ef1bc579b9c393fca857bab95f4e5ab62d54167fbb65f89b0740c35fe09c4cd,Zigzag,23742557,13884547,23742595,13884539,598,552,106,50,0.004093207855235334
202c8441b2999911340b97415e0bbb7f3d60d4f625f96aee50dc9911cd9ea463,Zigzag,23878639,13977430,23878283,13977270,205,400,118,61,0.038356398142894
202c8441b2999911340b97415e0bbb7f3d60d4f625f96aee50dc9911cd9ea463,Zigzag,23878639,13977430,23878519,13977268,441,398,122,59,1.5592741603386688
7186f6627b0f97ecef07ab6b970b8cbe6a6ac999cf097b72a941659bcb35ca36,Zigzag,23957864,13865230,23957580,13865281,276,611,118,60,1.4985907059498507
7186f6627b0f97ecef07ab6b970b8cbe6a6ac999cf097b72a941659bcb35ca36,Zigzag,23957864,13865230,23957398,13865371,93,701,101,63,1.5592780219222493
1d308c36b07edc0e2c8ae04593d7e5c0cbe8134601e9de1a50d8c2e40908f7a0,FCBK,23875843,13940158,23876185,13940485,903,888,115,52,0.009143634868840006
1d308c36b07edc0e2c8ae04593d7e5c0cbe8134601e9de1a50d8c2e40908f7a0,Zigzag,23875843,13940158,23876208,13940169,925,571,61,126,1.564723520561189
d85cc6d95ffbd4fa2557250bdd6b5807b7341ce872eb12d6dbbb0880cb505a81,Zigzag,23927106,13993365,23927050,13993884,504,1079,106,51,0.0034882208793533954
d85cc6d95ffbd4fa2557250bdd6b5807b7341ce872eb12d6dbbb0880cb505a81,Zigzag,23927106,13993365,23927466,13993616,920,811,62,97,1.5427862637138792
d9a1a625f1abd824fc03c4d5d89ca40286504378dfc78cce8d5fbae479c26b19,Zigzag,23908465,13852333,23908860,13852687,955,913,62,103,0.82122480401493
d9a1a625f1abd824fc03c4d5d89ca40286504378dfc78cce8d5fbae479c26b19,Zigzag,23908465,13852333,23908655,13852405,750,631,62,118,0.00036068875924570435
6334512c55ac3b05881c10c2b303ffd18fbe84494d0702ec14db819f024e9b0a,Zigzag,23920582,14002915,23920575,14003255,553,899,58,108,0.012238241579376993
9705a7da61e7a80279d612f69bcef09b80722aea0793a29bce74504ef1cacef9,Zigzag,23973710,14060047,23974071,14060237,922,749,125,64,0.07475024629948136
798ef2c54d9b3df614b25afc59ef3a39764f997fd525838f43407d9e3400f26a,Zigzag,23852541,13901688,23852613,13901242,632,114,118,59,1.5685306424975116
be7977cf511e680712a9d0812e967bc1c9695f2629abc7065b90a001fac9c1dc,FCBK,23949476,13935890,23949479,13935469,563,139,54,109,1.5638858232403046
fd620a2c8b72e8c165c9fd219f95f64069a5d161e1e2ce5bbb21382a589b4cf0,Zigzag,23974642,14061103,23974223,14060573,142,30,61,109,1.5346915855805832
ede017c6add9c3f0fcb9a7d011bbcd3c565ede43fce1a961d10c4039b993d59f,Zigzag,23990487,14048433,23990388,14048368,461,495,44,77,1.5497710694628846
0b0f199900c6c1a993f6807dddd60857d7ae763ad389c93d4fbb28344ea290f2,Zigzag,23877707,13874893,23877343,13874683,196,350,58,114,0.01768775680619495
0123b6a96bf88a6114fdaa2c1192b443210be6cf7a931ca8407b97a2604c7c04,Zigzag,23934563,13877039,23934471,13877588,469,1109,22,47,1.5553229613873727
dee8318525de8ed932c0a34e01fa0068324d73520f0f6936b0ccd27ce01f54ef,FCBK,23818054,13959342,23817997,13959728,502,946,105,47,0.06344285130160081
10a4fea9671ccac8b6596332930b3c656605f4b6251445675df4c140b5704d60,Zigzag,23836696,13910249,23836906,13909725,770,36,116,56,0.002286107674068782
5d3ccdc3d09d5b32e75de52d15ac5d37a7c92cd9b717c07e5150f950972772e8,Zigzag,23984894,13826493,23984403,13826415,69,483,127,59,0.5456061734508185
5d3ccdc3d09d5b32e75de52d15ac5d37a7c92cd9b717c07e5150f950972772e8,Zigzag,23984894,13826493,23984918,13825973,583,40,61,74,0.008094321831470316
098df11e817d812c088c73b1c144475825ee6f2657b8d9d95e5501763021f78d,Zigzag,23977438,14057937,23977789,14057423,911,46,88,62,1.561263807989067
9670fdb03cd54d013146986d481af375ab5bd7500fd8dfe3f1a6a39a0734e194,Zigzag,23915921,13909179,23916174,13909349,813,730,54,103,1.4428607311885802
9670fdb03cd54d013146986d481af375ab5bd7500fd8dfe3f1a6a39a0734e194,Zigzag,23915921,13909179,23916289,13909303,927,684,136,76,0.7001400571547878
e1cc108f4de65b54c267ff3ad236b14ab9e70b8713c7a89d5a747b6c30f59a6d,Zigzag,23934563,13878112,23934491,13877630,489,78,54,113,1.5623884609174072
83767557f02ce5d63817e9ac6e8519d58c9f042030bb187a0c22333ed351db5b,Zigzag,23995147,14032575,23994727,14032392,140,376,96,56,0.8016309957688355
d61288ce6050794f7320e347889b46c86b686868e227d50fb910f668b13c94ff,Zigzag,23887959,13971049,23887739,13970663,339,174,47,100,1.5592408708250427
273feffcaf223a05a437a7371ada79acb8da4ea7016e93e3cf62ec7174c1d7b3,Zigzag,23980234,14048433,23980207,14048223,533,350,107,54,0.009718953606000082
273feffcaf223a05a437a7371ada79acb8da4ea7016e93e3cf62ec7174c1d7b3,Zigzag,23980234,14048433,23980608,14047991,934,118,47,98,1.5702581019385915
273feffcaf223a05a437a7371ada79acb8da4ea7016e93e3cf62ec7174c1d7b3,Zigzag,23980234,14048433,23980522,14048082,848,209,48,94,1.5689129392719925
273feffcaf223a05a437a7371ada79acb8da4ea7016e93e3cf62ec7174c1d7b3,Zigzag,23980234,14048433,23979713,14048097,38,224,72,49,0.02615678800378267
5b914359a7db431b833a7435c419fb5ab389b03f7b589a899b2e6aedf47668d6,Zigzag,23777043,13863082,23777439,13862913,955,391,57,107,0.10939456822864399
c41e0015778b5a4a20e5e8ed98bab5cad2294de65f6d1320e015ad3aaa713a13,Zigzag,23990487,14020933,23990680,14021271,753,898,92,48,1.5181568173206084
c41e0015778b5a4a20e5e8ed98bab5cad2294de65f6d1320e015ad3aaa713a13,Zigzag,23990487,14020933,23990257,14020582,330,210,43,88,1.5672898757456437
634e58eb0d39fedb0e423ed5457624fedad4e4f3d8e81c4aa9c5a06e0cc1dbe6,Zigzag,23949476,13850182,23949699,13850294,783,672,55,95,1.5652156727306354
3bd25bd356a8f0d2bca8d2a37e6882f8676e2fc80f10d704cf3aab812b426065,Zigzag,23861861,13886691,23861906,13886685,604,554,106,47,0.013786598235662558
b730f60a5e64c4abfc4e91346c94626ae1cba2aacb2e7db3fec33901ef57e6d9,Zigzag,23952272,13961471,23951990,13961229,278,318,66,145,1.5678534006323046
086c2e9d8add2cdf868a935c6fab346858705ff81c285bb7f034636c1ac25c96,FCBK,23789160,13869526,23789530,13869895,930,929,56,118,0.8919054988197965
ed809519beb4e1120a7e71afe47a78f9adbed4d30c5898b0d9ffd65b58d24c5d,FCBK,23813394,13888835,23813115,13888735,281,460,116,51,1.2850472644707192
ebbf9f825ac8fbe990ee1bd58b20ad291c29b3ec12cb9443daff743996b80a8b,Zigzag,23934563,14000794,23934313,14000546,310,312,98,49,0.1381816418472056
b09afa3608f7eecd2d8a551c4a2b0fb149c226884b307186e4e959254efb2844,Zigzag,23936427,13903829,23936278,13904034,412,765,133,58,0.0227750415531674
76f1c606c2ed9856b5d123efda2f7aa9b242de23a3fb4f1987057b33de243b24,Zigzag,23959729,14038921,23959772,14039267,604,906,54,111,1.5445071984102883
5ffdfc04a2ad36260da83c2ef2d26e59fbd550e28c9d7c4f2516f806d6bb3b76,Zigzag,23943883,13954016,23943728,13953534,405,78,65,117,0.050428178630276134
c330de7da3c449b15c83daad7753e7190027c04ad461e7e6be1f083157ab90f7,FCBK,23877707,14006097,23877944,14006471,798,934,110,47,0.0013771004439197708
aeca853295391c2b127c82795411dc52086eb947f7a316b8111b5fb35270f6b7,Zigzag,23825511,13885619,23825632,13885264,682,205,104,60,1.5647891674820593
a001da1e3b7e27db958464a7e354840f5e4d3f9b03a736775b2bd81e44a72b34,FCBK,23994215,14033633,23993975,14033222,320,148,47,117,1.4905032183514981
e84bfc220dac3cd33a95be777f9b05ad460fc8f25bebe979f8b3ab36f495376d,Zigzag,23877707,13983806,23877950,13983950,803,703,61,121,0.4833784185248908
27832f39644904045b7bb596b1d87b9910f6e99a6faad0828129b2a80d8d5a27,Zigzag,23929902,13931620,23929710,13931500,367,439,92,48,0.9266737992200806
0642e83f9829329364a2e181f1f569254db32ef14877c8864ba68fabfa1c93c0,Zigzag,23916853,13866304,23917028,13866535,735,790,102,50,1.5689668682840667
fea03b1569a1ad483cfbe89a25433283a06b09583c22c67c061bcd04ce5a7555,Zigzag,23734168,13903829,23733836,13903510,227,241,105,49,1.5621626248569687
401475da7d2c581fb9e201f4a064eed698c1600b4ff8e2c489bbc26e31314b5b,Zigzag,23857201,13956147,23857050,13956124,409,537,102,51,0.011122918037230214
18ca38c23b3da90e408f8acbb4e871e362bf68e9bf954aea7c0f2fe4650dba0e,Zigzag,23946680,13885619,23947098,13886050,979,991,53,107,0.430783550288375
4b6a8b9ae355b01562a6a9079a47c104086d79a8eac1921a0e94afd61b6daf7d,Zigzag,23940155,13971049,23940135,13970606,539,118,142,72,0.02125526290403245
4b6a8b9ae355b01562a6a9079a47c104086d79a8eac1921a0e94afd61b6daf7d,Zigzag,23940155,13971049,23940093,13971181,497,692,59,128,0.028431160864223964
4b6a8b9ae355b01562a6a9079a47c104086d79a8eac1921a0e94afd61b6daf7d,Zigzag,23940155,13971049,23939974,13970727,379,238,174,73,0.0342129002355428
4b6a8b9ae355b01562a6a9079a47c104086d79a8eac1921a0e94afd61b6daf7d,Zigzag,23940155,13971049,23939685,13970709,90,220,70,131,1.5130520701431445
5dd2408cac6721d382c01616c0610a24171b9f87b0ade7bf218df6c4486bacce,Zigzag,23930834,13919871,23931239,13919978,965,666,125,61,0.01985311067070033
7971ed7a2ab9371c97fdcac76c152e346e9fa70ea8bee449f37a98b1943921b0,Zigzag,23873978,13958277,23873722,13958147,304,430,46,114,0.08570166404459158
fae60ce8a4259b3b54a73cffbf07c1c4d3e1c614713d648895aaa51cebe22179,Zigzag,23854405,13899547,23854347,13900025,502,1038,110,53,0.010191894605192627
d83a911f2150da145e96f98d0be9015a2518b41d5ec3cf654237bc6adbb2c4da,Zigzag,23989555,14026226,23989774,14026049,779,383,49,90,0.0011887066338947215
b1cf63b469316a367e7230087862ee07660f36480bb9a843b304b3603fc7a7ed,FCBK,23881435,13977430,23881100,13977271,225,401,44,112,1.5314688943454784
857501becff8af9b047c0afad341ab74b4532b38ee041c4133c13ec18c09eb8d,Zigzag,23903805,13858784,23903589,13858911,345,687,68,117,0.013420252339695038
299216346faecfc2fa271e39dbccc1d4a8f4c824f9867130c2a8e69f7ca12963,Zigzag,23872114,13870600,23872643,13870847,1089,807,53,100,0.0038242873619348267
ba4690aad8d6d2379277d6a5cd1e6555b374555e372920d46629bfc82e854ed1,Zigzag,23934563,13887763,23934517,13887754,514,551,60,116,1.5698132208784936
3aa6c33fba720e775f2796f184fdf54d242cb167534547dd85a16c7c83cbf89d,Zigzag,23733236,13881330,23733414,13880910,738,140,59,132,1.5174633301727518
94709e14c79cc82c928fdbcd2687042663a3aa01c71e0f97bf8637c3c6f1ef7c,FCBK,23912193,14033633,23912478,14034150,845,1076,40,109,1.5623276076864991
36dade31b36de1b603093092c24a57a9df6e8ec1bfa61a79e9fecb332f97c361,Zigzag,23964389,13816786,23964211,13816594,382,367,113,57,0.025092228889320924
a3091ea26fe3b4550d2e5b1fc34555cb2b3854713d2f314bb069c63b6d383ab0,Zigzag,23957864,13818944,23957960,13818951,656,567,52,104,0.0060273759304325675
d8f7f2c76230c475713c0863f2bf74f3f3129390c8e12b524965bde2fabe0dd2,FCBK,23930834,13843727,23930635,13843948,361,781,103,51,1.556597683443139
dd5b823c1e7c0feac3e90556d77f70fe8d42de3ba020a71bcc7fa259addaed4b,Zigzag,23929902,13852333,23930232,13852755,890,982,57,111,1.4663480809483704
e6078a8a31badf5f38063c34fd101cfc45ca899a2def6ca8b4a18313689e0b59,Zigzag,23991419,14044206,23991949,14043908,1090,262,58,108,0.24141280643080879
91d050bf0fa7971caef31916afdbcc7c45db7c78bd9a93351d6adf46c9dfd516,Zigzag,23854405,13917734,23853969,13918128,124,955,126,53,0.01979649561099553
91d050bf0fa7971caef31916afdbcc7c45db7c78bd9a93351d6adf46c9dfd516,Zigzag,23854405,13917734,23854704,13917599,859,425,46,104,1.5648580101962377
2e437737f0af4685eeff934bd607eb5b80e1241cd739b14f28982d8d8b0edb0f,Zigzag,23928970,13992303,23929363,13992293,953,549,112,56,0.0031881746908125875
2e437737f0af4685eeff934bd607eb5b80e1241cd739b14f28982d8d8b0edb0f,Zigzag,23928970,13992303,23928498,13992058,88,315,98,54,1.5365067961795813
2e437737f0af4685eeff934bd607eb5b80e1241cd739b14f28982d8d8b0edb0f,Zigzag,23928970,13992303,23929317,13992696,907,952,105,50,0.00343468119854412
7e5263a2ccb5ca8068eb20d3ad54bdc296212516fe9a8036484f38598510c4ca,Zigzag,23947612,13978493,23947862,13978728,810,796,50,129,0.03913462790887479
7e5263a2ccb5ca8068eb20d3ad54bdc296212516fe9a8036484f38598510c4ca,Zigzag,23947612,13978493,23947860,13978238,808,306,57,149,0.04386848413146391
7e5263a2ccb5ca8068eb20d3ad54bdc296212516fe9a8036484f38598510c4ca,Zigzag,23947612,13978493,23947579,13978708,528,776,54,114,1.558156831103326
7e5263a2ccb5ca8068eb20d3ad54bdc296212516fe9a8036484f38598510c4ca,Zigzag,23947612,13978493,23947345,13978552,293,620,105,57,1.5704033773760555
7e5263a2ccb5ca8068eb20d3ad54bdc296212516fe9a8036484f38598510c4ca,Zigzag,23947612,13978493,23947125,13978756,73,824,122,55,0.007541379889250712
5a1f1d9caa583370915ff68bb9dc3d5c895be494315488dddb4cd6efc686a18d,Zigzag,23929902,13988056,23930050,13988314,707,819,113,54,0.001292326486839422
5a1f1d9caa583370915ff68bb9dc3d5c895be494315488dddb4cd6efc686a18d,Zigzag,23929902,13988056,23929570,13988401,228,905,96,49,1.5650978278523995
00473f04140446507edf80829e82adbb82e40196e49324ed882b1df0161388fc,Zigzag,23903805,13936957,23903873,13936741,628,344,52,106,0.052231721254748224
00473f04140446507edf80829e82adbb82e40196e49324ed882b1df0161388fc,Zigzag,23903805,13936957,23903989,13936450,745,53,58,106,0.023829645022460374
00473f04140446507edf80829e82adbb82e40196e49324ed882b1df0161388fc,FCBK,23903805,13936957,23903997,13936700,752,303,98,46,0.0024906433871990465
e7965344fe3eca9dc83fde1b327b5f3053e339ef64b9576e20236ef61dfc4dea,Zigzag,23971845,13837267,23972148,13836769,863,61,54,116,0.7530123934873761
e7965344fe3eca9dc83fde1b327b5f3053e339ef64b9576e20236ef61dfc4dea,Zigzag,23971845,13837267,23971626,13837018,341,310,58,102,0.0068337873502923654
952455a0d9daf831786b10f9c26a9c1e080482d522699606bd19b18f752f689d,Zigzag,23944816,13956147,23945217,13956430,961,843,126,63,0.0013294390930458971
952455a0d9daf831786b10f9c26a9c1e080482d522699606bd19b18f752f689d,Zigzag,23944816,13956147,23944673,13956386,418,799,65,116,0.0012745207582387202
414bb56d829819ac9b8b29ddc99674046260ee07241d17ce31c4d4fb57a5f2a3,Zigzag,23888891,14015636,23889126,14016021,795,945,94,43,1.5647384342632935
b1dc8c3f5deb0a5f4a6f072570bb23f48babf198cdf43237d8146ba44523130a,FCBK,23854405,13958277,23854691,13958575,846,859,98,46,1.5667212908529118
2a8b4d64bce3fdca60eb94b5841272030619f5cf04157e6c849c8955baf81a36,Zigzag,23842288,13909179,23841944,13909046,216,427,112,60,0.6746940855712987
2a8b4d64bce3fdca60eb94b5841272030619f5cf04157e6c849c8955baf81a36,Zigzag,23842288,13909179,23842005,13908863,277,244,121,60,1.5550529168528386
8361cbfa4fc3c09725ba9b672f237cd310e3d74b12715dd495e04dcac79ce285,Zigzag,23991419,14016696,23990961,14016880,102,744,58,91,1.5668620389165226
a82ca73e96cb2dc7a76bcd59c49ab2ef5d61fbd6035d731e39f3e655976c71e1,Zigzag,23899144,13979556,23899445,13979860,861,864,49,103,1.5684037428715694
a82ca73e96cb2dc7a76bcd59c49ab2ef5d61fbd6035d731e39f3e655976c71e1,Zigzag,23899144,13979556,23899515,13979601,931,605,50,100,1.5693883135265718
a82ca73e96cb2dc7a76bcd59c49ab2ef5d61fbd6035d731e39f3e655976c71e1,Zigzag,23899144,13979556,23899383,13979744,799,749,53,118,1.56566281747766
a36ddceb11d7df42b30d3efca3ebb9d14a39036ff29914797f40e78a0b383b8f,Zigzag,23979302,14060047,23979673,14059771,931,283,51,102,1.5541968437204328
665b81bffb732fb6817dd8332e47e061499d749d8324f8c030862b6a24d606d1,Zigzag,23929902,13994426,23930035,13994318,693,452,114,54,0.028110474657086392
665b81bffb732fb6817dd8332e47e061499d749d8324f8c030862b6a24d606d1,Zigzag,23929902,13994426,23929910,13993999,568,132,106,50,0.4003084320128667
665b81bffb732fb6817dd8332e47e061499d749d8324f8c030862b6a24d606d1,Zigzag,23929902,13994426,23930287,13994555,944,688,119,63,0.04434088729695194
665b81bffb732fb6817dd8332e47e061499d749d8324f8c030862b6a24d606d1,Zigzag,23929902,13994426,23930069,13994527,727,660,54,100,0.0423636233456226
665b81bffb732fb6817dd8332e47e061499d749d8324f8c030862b6a24d606d1,Zigzag,23929902,13994426,23929656,13994652,314,785,53,109,1.5707333430351162
665b81bffb732fb6817dd8332e47e061499d749d8324f8c030862b6a24d606d1,Zigzag,23929902,13994426,23929687,13994003,345,136,100,58,1.5692140096332259
665b81bffb732fb6817dd8332e47e061499d749d8324f8c030862b6a24d606d1,Zigzag,23929902,13994426,23929756,13993981,413,115,87,49,1.5689984267429842
7b95e2f67eee3c20e6043fba5df0b0940a4bcd232654ada4a32c5502b0beb632,Zigzag,23875843,14044206,23875710,14044687,427,1041,49,103,0.02821659746533685
4a448ac68b3b9a911daa397c4176ab12876ee69c56f869398aab7fcac5a14313,Zigzag,23935495,13993365,23935537,13993874,602,1069,107,55,0.03018587193339594
4a448ac68b3b9a911daa397c4176ab12876ee69c56f869398aab7fcac5a14313,Zigzag,23935495,13993365,23935621,13993387,686,582,96,61,1.280039190040825
4a448ac68b3b9a911daa397c4176ab12876ee69c56f869398aab7fcac5a14313,Zigzag,23935495,13993365,23935575,13993640,640,835,51,134,1.5662319350026097
7307b7d8bad601a9358e1f0804abd79b17293981c3859c9a4e1cfb7440b568d4,Zigzag,23980234,14072704,23979989,14072271,315,126,94,49,0.030441098473177206
e4e8cae8f65872b5a20d45ecb50e73b0114c78ea69f28d0ba102b07ad44e8558,Zigzag,23937359,13961471,23937477,13961277,678,366,95,56,1.570676484545843
1ebab1e7d31a96809e3d2c6da5e99cbcf1aec6bb5ba2ed8c9a6a0e2435fdce7d,Zigzag,23928970,13942291,23929061,13942172,651,442,119,60,1.5682246452882616
dbcc6acc688fe5e8d64f2e833696c280a74bb4a0f570a22fa99b2a3fe857d7c5,Zigzag,23884231,13929485,23883736,13929682,65,757,48,129,1.5564505437929121
2e35013800ce3891a1ffead276522378c7de4f5f803029308e9203d1a0099c17,FCBK,23865590,14035749,23865376,14036207,346,1018,50,129,0.036255642579579854
052203dedcc2e8824b9354937ba1d56a63281cf4a99c19d6c17b3d559d8bb527,Zigzag,23843220,13928417,23842947,13928905,287,1047,61,107,0.0021097921058176503
d60c1d25a0611d7c7278313b05fe9f17a6b238005ba462168776e3e66568633f,Zigzag,23942951,13928417,23942671,13928583,279,725,116,60,1.5290068019177
d60c1d25a0611d7c7278313b05fe9f17a6b238005ba462168776e3e66568633f,Zigzag,23942951,13928417,23942650,13928364,259,506,125,64,0.002144924116000542
1638258737fd8b589e47c5aa956bb737db9d6587fe9fbb791c2edbe98f9a5f9f,Zigzag,23956932,13859859,23956870,13860313,498,1015,85,45,1.5658440455898397
e9e2ee936104c788df9fc3fd3f8cb34cef96446c88d222c2ea74d69118c99807,Zigzag,23739761,13853409,23739362,13853346,162,497,52,115,1.5665694906707772
58a7e69711e8e11891901496fe272429e6a48b3615f2580924057f4ee82013c7,Zigzag,23918718,13932688,23919197,13932237,1040,109,121,58,0.006203808792204365
58a7e69711e8e11891901496fe272429e6a48b3615f2580924057f4ee82013c7,Zigzag,23918718,13932688,23918806,13932498,649,370,122,63,0.0012931591147915594
69339b247939aac65375b92b8ed6309c8645ab6762dee9d0322eeefa925f61b4,Zigzag,23862794,14062158,23862976,14062198,742,600,92,50,0.0675382978766275
69339b247939aac65375b92b8ed6309c8645ab6762dee9d0322eeefa925f61b4,Zigzag,23862794,14062158,23862866,14062119,633,521,47,79,0.028023120892737192
b4d58cfa8901b1349712e194f44343a786894bfbf597d8cfec035e66eea96649,Zigzag,23888891,14011398,23889161,14011563,829,725,107,50,1.565623535851581
987943765e721bd1255a2e5826388ca1dc2ec0942bdf363c9af8b9fa85bb1087,Zigzag,23944816,13810310,23944378,13810813,122,1062,108,56,1.5643381611514544
312f66275585ef6670ac53331466835331b48b24b46d8ac136160d76b2713a08,Zigzag,23962525,13925213,23962673,13925438,708,784,111,54,0.043690817997242
312f66275585ef6670ac53331466835331b48b24b46d8ac136160d76b2713a08,Zigzag,23962525,13925213,23962817,13925142,853,489,112,57,0.03285231828235114
6258fc71289d3ec20ba2ed6a0642613957324e6b4de4ce629633de3368ccd995,Zigzag,23951340,13809231,23950851,13808795,71,124,55,102,0.05319112503744927
1ce6c60af082c2f9dcfb6faa7662238b2407b9bcc7f7fa4375498471695f1624,Zigzag,23913125,13818944,23913153,13819471,588,1087,94,50,0.03897269939221957
fdfe035469bfedaba67f9fa615374ca4ff0ffe031140571f06feafc145464f8c,Zigzag,23883299,13901688,23883016,13901374,277,245,47,111,1.566779214606621
34d18f1aff07eab67c8e652214fd9da26a7b1c582e3a9b15263cb785191d7f46,Zigzag,23901008,13920940,23901151,13921442,703,1062,110,65,1.562631208050768
f683fa05a188fa52db98dc29f7d8e61fe9b977c91b58dbedba1db7b130641d10,Zigzag,23898212,13837267,23898407,13837692,754,984,113,53,0.011689146656575791
89363254ca96701164e1311b4e7c7c43d6b435882b84a4559de80895b0f2839b,Zigzag,23863726,13959342,23863291,13959248,125,466,101,52,0.01892255849334001
1c6b04b40c8d7e39f2e8d4274e743c4fb4eaa2b12f509af7202a0555648a90c4,Zigzag,23885163,13978493,23885272,13978698,668,766,95,48,0.4673324734829999
1c6b04b40c8d7e39f2e8d4274e743c4fb4eaa2b12f509af7202a0555648a90c4,Zigzag,23885163,13978493,23885061,13978743,458,810,49,97,1.5628389346157945
4ff6721ff823834bd69bfdd806df8166f5d59a77a9f1421d9f1bfb73c9b35819,Zigzag,23925242,13896334,23925220,13896672,538,898,114,51,0.026844659626809514
9e90cce5ce329d1857e961e4a9c4ce4baf5932b3ba729251352dc316d12863b4,Zigzag,23915921,13856634,23916260,13856104,898,30,31,58,0.005977280413911956
fe13d21db8156b9bed0edfcb4460312d855f9c5b218fd6ce8294ef834bddaa53,Zigzag,23764926,13869526,23764875,13869288,509,322,108,53,1.5678298316566572
50d7f530c080cc3fbe7d3f9d16ca69a3ceb942a547013cb09c2426e39a823c5a,Zigzag,23827375,13941224,23827583,13941620,768,956,54,103,0.001702656412759608
9d000da3714042325d9b7ccd4171c42d03416e0b1431eb0f17f8fd4849f45cc4,Zigzag,23958797,13965729,23958840,13966245,604,1076,114,50,0.0035880423467785057
1aeceb5a6b96ddbcf8bb3cd23335d57cbeadbfe64b3434097b0dda2eae79bef3,Zigzag,23802209,13896334,23802333,13895850,684,76,62,113,0.04820126413269788
ee3ec4a92baed8a9467d2320e5dcbee72fc0022a0dc0bd28c486c3f424826ae7,Zigzag,23958797,14025168,23959238,14025212,1001,604,50,98,0.0006850323266000263
ee3ec4a92baed8a9467d2320e5dcbee72fc0022a0dc0bd28c486c3f424826ae7,Zigzag,23958797,14025168,23959022,14025169,786,562,53,91,0.054588672914928
766d5013e60f9ee2c4a92ae4c7c61c3b4e057747dabb72c6a3227c5915316b7a,Zigzag,23901008,13936957,23900829,13936611,381,214,118,58,0.0012550216857066215
0ef8a3122550c1ab0bf379664806874781dca17b9b1803cfec04707d48897541,Zigzag,23961593,13924145,23961996,13923708,963,123,54,114,1.5689892388372233
5430aa22d049e44156fdd516c7acfdfaf8accb38d9e9953e6e865294f204565b,Zigzag,23859065,13945490,23859549,13945634,1043,705,113,52,0.041634229296131135
9c2c2b2db3ab1f6a9671a69b4f176f27a1a8a1ad27318cb18dcd02a3742d4ebe,Zigzag,23928038,13993365,23927934,13993772,455,967,104,49,0.003874848671571877
dd655471c0aa18e19c3df58fd3eb87bb6055cbf7ec86bd8d706718d1c875c27b,Zigzag,23950408,13790859,23949944,13791087,97,788,53,98,0.05370765761443775
c77f86cefea0cd4f855a39ac98b3823008fdcd28339dd5873620497f7addaa90,Zigzag,23763994,13898476,23764152,13898161,718,245,56,119,1.5701827344797423
c9fd26a90a33c8449bf744d89ad5652459cd62d653d99e26399d399bc53c4a9b,Zigzag,23953204,13788695,23952838,13788361,194,226,69,45,1.5105444376607258
852c364363e963757653f425b3c5bb85f0ea7ca7788e608065641acb558a6271,Zigzag,23881435,14007157,23881837,14007032,962,434,104,51,0.03529791991731692
852c364363e963757653f425b3c5bb85f0ea7ca7788e608065641acb558a6271,Zigzag,23881435,14007157,23881854,14007525,979,928,54,101,1.5702004445009914
602a59bf370e0b6ac051ab3107f2d8fccc1d1ef569a3e39d44eb31616a6626e5,Zigzag,23836696,13912388,23836624,13912084,488,256,121,53,0.04280226678310467
e0069859f2c90d8d384f9da4e36e3d457bbc7a283ebeef873d035f5948ac16be,Zigzag,23801277,13895263,23801770,13895367,1053,663,108,53,0.04194140828311496
e0069859f2c90d8d384f9da4e36e3d457bbc7a283ebeef873d035f5948ac16be,Zigzag,23801277,13895263,23800972,13895538,255,835,64,118,0.0003336302363400912
223651ce358897b9ad99ed3a5ba92b1a6cce6e12e038245224137ebbf5c44ee0,Zigzag,23945748,13885619,23945528,13885526,340,467,53,128,0.011379572905205495
25f385d639216959aaa419b6caabf391666ea26eee1b8b61357aae11f0133e3e,Zigzag,23835764,13893121,23836132,13893488,928,927,60,126,1.5403959434774785
ec9540ce635724654d8d908107819117a182251989b4b83102f2ba3e655e9138,Zigzag,23954136,13795185,23953780,13795641,204,1016,102,45,1.566931680579028
030ec82e5530210cf17df11f7cf81ac4646998ba4f649523b874f84ce6865306,Zigzag,23908465,14049489,23908742,14049311,838,382,89,64,1.5607082725856765
e38c1b78e891784de96899be07a14ab285df302d0c4afb429525d81d4571f0b0,Zigzag,23929902,13993365,23929522,13992933,180,128,112,52,0.036629084343436216
e38c1b78e891784de96899be07a14ab285df302d0c4afb429525d81d4571f0b0,Zigzag,23929902,13993365,23929850,13993860,508,1055,107,53,0.0099332600514539
e38c1b78e891784de96899be07a14ab285df302d0c4afb429525d81d4571f0b0,Zigzag,23929902,13993365,23929547,13993079,204,274,104,50,0.012512444182222374
e38c1b78e891784de96899be07a14ab285df302d0c4afb429525d81d4571f0b0,Zigzag,23929902,13993365,23929399,13992926,57,122,43,89,1.569507623143407
e38c1b78e891784de96899be07a14ab285df302d0c4afb429525d81d4571f0b0,Zigzag,23929902,13993365,23929712,13992956,370,151,59,104,0.056216434423887254
9785d7aac878db11c78ce68f97c5d3fd8484b6ed3e975e60d73965f4088e0e39,Zigzag,23926174,13990180,23925948,13990553,334,933,95,47,0.006499543468581958
9785d7aac878db11c78ce68f97c5d3fd8484b6ed3e975e60d73965f4088e0e39,Zigzag,23926174,13990180,23926284,13989762,670,143,56,89,0.00628540295054762
125cce51a6a1582eb95fb940690f2ff9e9614851a538c4a7e4a8e4ed52890549,Zigzag,23892620,13862008,23892338,13861650,279,202,63,121,1.5631201644269066
9a246fcd9f1d439dc2671335891c012b345ab26f2ed3d2c17ec105c114d77485,Zigzag,23943883,13752933,23944388,13752881,1064,507,113,65,0.8487059633034577
9a246fcd9f1d439dc2671335891c012b345ab26f2ed3d2c17ec105c114d77485,Zigzag,23943883,13752933,23944207,13752498,883,125,63,111,1.0634188653962704
9a246fcd9f1d439dc2671335891c012b345ab26f2ed3d2c17ec105c114d77485,Zigzag,23943883,13752933,23944258,13752580,935,207,65,115,0.6965557752226774
0860d7780d1da545e2b9f4abfa503e1bc2b03982c3645292b882f605c83504d1,Zigzag,23951340,13946556,23951565,13946331,785,335,60,114,0.01503781061272793
eea0dc5218d6b63f59ba5688fcfc33d170c0c0f9ea50a8733f82e5f6bf9777d9,Zigzag,23977438,13798428,23977574,13798217,696,349,51,113,1.502529521202078
fc5fe5f88db2a25ecb95bccaf617ba93f2d319d64bb68c451996fd58f3fc771f,Zigzag,23898212,13925213,23898566,13925359,914,706,54,102,0.0249532306057702
24a746e81e6a65b098a7672926da711b68f0181f1faafb633ecc2f945f1f1a5c,Zigzag,23783568,13871673,23784082,13871726,1074,613,93,47,0.09518823499923892
32d70fb34308d75bc02ba1b33bbce8ebdc593b795036adb8898d407b39d36ff6,Zigzag,23880503,13969985,23880777,13970328,834,903,105,48,0.0220737833844737
b9409a2c36b0d494e1b4a9c7f1d5fa79159d52eabbfeb63a27bcf6c396a72afd,Zigzag,23963457,14046320,23963111,14046180,215,420,52,105,1.5618540976446829
4b7d1d2b6f8dc1e5323e7f17ffea8926f70a17b0f5a60e6681a92d24235a258c,Zigzag,23911261,14032575,23911040,14032923,339,908,95,43,0.007017421670129037
e24c13816e44966dc0157a05951bc283afd8862dfa6d85ef7b4c68b545f949e2,Zigzag,23803141,13895263,23802800,13895523,218,819,114,62,0.07450553508481671
e091485d6b0837afb27e760c088e6bb1d35f295413e66bbfa09c9f43f4dc38e0,Zigzag,23951340,13925213,23951857,13924738,1077,85,56,83,1.540158256350189
9613fe1e250fbecb4dde0d9dfe30e04513c05c3590fb6df286726dbf4f5bf2fd,Zigzag,23924310,13985931,23924540,13985798,790,427,132,58,1.559601862310803
9613fe1e250fbecb4dde0d9dfe30e04513c05c3590fb6df286726dbf4f5bf2fd,Zigzag,23924310,13985931,23924245,13985661,495,289,102,60,1.5683556728138934
9613fe1e250fbecb4dde0d9dfe30e04513c05c3590fb6df286726dbf4f5bf2fd,Zigzag,23924310,13985931,23924165,13985815,415,443,119,59,1.5678000042524485
9613fe1e250fbecb4dde0d9dfe30e04513c05c3590fb6df286726dbf4f5bf2fd,Zigzag,23924310,13985931,23923840,13986347,90,976,103,60,1.5644922250205153
9613fe1e250fbecb4dde0d9dfe30e04513c05c3590fb6df286726dbf4f5bf2fd,Zigzag,23924310,13985931,23924605,13986216,855,844,57,119,1.5419457700738501
4d5c042436a9144f82b1be9241a478212915f85ff07229edd237b29bb99ecb06,Zigzag,23903805,13883475,23903927,13883621,682,706,132,61,1.453059439741093
4d5c042436a9144f82b1be9241a478212915f85ff07229edd237b29bb99ecb06,Zigzag,23903805,13883475,23903761,13883867,517,952,47,105,0.05502215647779803
210d8166e4a6d3c65a01e47cb9bc12bc4e10389cbf373e5c07f99ea6af9b16d1,Zigzag,23792888,13898476,23792759,13899012,431,1095,115,48,0.0001263977312585698
210d8166e4a6d3c65a01e47cb9bc12bc4e10389cbf373e5c07f99ea6af9b16d1,Zigzag,23792888,13898476,23792484,13898026,156,110,117,61,0.01681694058044187
3b73d1493c739c9d7a6970d3faafd89c78d51f2de571c21875d9c8a736653a2d,Zigzag,23829239,13915596,23829368,13915484,689,448,52,114,1.5614192034386731
eaa5f36451259b6028b93b01d64b604a2953465c84569f83d1c7106dfe648596,Zigzag,23900076,13972113,23899713,13971866,197,314,47,105,1.5683395606892985
0d7a4df259ac1ff6ea350b335ee66e99f8acc37ae579ab10fdbf45da41fd5d11,Zigzag,23777043,13855559,23776658,13855188,174,189,54,111,0.18736225434245574
52c4e2a28da886b1f63c65a5cf1d766fa4ad2a4fefc131136fdf0ccd22ec28ac,Zigzag,23981166,14061103,23981008,14060797,401,254,54,92,1.5188926487297973
dd6ceaecd5e91659b5d94bba7340ea74598f1b58eb9b57752571dff6f1ddd01b,Zigzag,23868386,14045263,23868606,14045350,780,647,109,58,0.08185675018792489
0fe07644360766c863c010f47bb73fb03f1c063527d9ae3f19fbd45ad5eb6a8f,Zigzag,23947612,13885619,23947096,13885815,44,756,75,129,0.22557275703069463
36c47008c72309528dfc4c6bac67a7448b0e8077fe58783551e7de443a93b781,FCBK,23861861,14053714,23861388,14053272,87,118,103,54,0.26215831533506484
36c47008c72309528dfc4c6bac67a7448b0e8077fe58783551e7de443a93b781,FCBK,23861861,14053714,23861575,14053426,273,272,119,63,0.30544876451311626
36946b1202c81dbd32b46729e6ccc250458ed77798f81a1b991056414e6bf761,Zigzag,23927106,13984869,23927080,13984617,534,308,113,62,0.27335790640425683
616213ff46bc50760ccd2934c8d219d3c656c1d6ff362a35a9b0e0fc20cb7fb4,Zigzag,23875843,13902759,23875996,13902593,714,395,112,55,0.04205637361842232
7d958c666c9de4211a076b3e12c11e048aee14cd7251c3b4e290d606e4fe9f64,Zigzag,23888891,13882402,23889271,13882202,939,360,92,102,0.8336282770548922
44302d5ed821a60d545fcb6e04bd0141406feadcebbf2b90eff4f5adc2f266f0,Zigzag,23877707,13934823,23877459,13935208,312,945,126,58,1.552633035528338
7cf66cc934a9b270f11dcfb661d72604af4dcc83ff70f41787402fba10f24b39,Zigzag,23959729,13803831,23959210,13803788,42,518,84,56,0.06931259566337916
998af444eca8769d368ca851b11c860be20cc9ae4f34c78dc7412b3e5e1a5a11,Zigzag,23995147,14048433,23995439,14047917,852,44,96,51,0.0674262412125732
26b234ecdfeab2ce33a5962715727f19fdf8431ce98356b8945fd3dd174777e0,Zigzag,23880503,13977430,23880784,13977438,841,568,57,109,1.5659272693739048
1eb81d1966ef6c27114890da7513c0d46605f9a9f6cf10b4463ed383b973b060,Zigzag,23914057,14033633,23914337,14033318,840,245,94,51,0.20162732691865387
13b08603e6193abea957a4006ca07effe45cdb49eef6ec60947d281c81915498,Zigzag,23978370,13809231,23978258,13808781,448,110,52,93,0.023571851028940702
84d7aa08f09abd3c4f3850761fd340b7e7ff03e992337054694ae097189b6b43,Zigzag,23931767,13972113,23931569,13971862,363,309,101,56,1.5603854974615587
3bb3882cbf77a32ee3df3a4cef868ca9511dbc3ca0eabdbccd68c55bd0554250,Zigzag,23945748,13957212,23945522,13957362,334,710,120,61,0.0006924542626740896
3bb3882cbf77a32ee3df3a4cef868ca9511dbc3ca0eabdbccd68c55bd0554250,Zigzag,23945748,13957212,23945638,13957591,451,939,108,57,0.0006532463026480347
90e3eeb59506ce9bc1bb62174c8e37051a63b5850cdc81f46b7fe3c73e2b3878,Zigzag,23937359,13992303,23937311,13992538,512,794,99,60,0.3163205537416331
8de7ab3e9bc88defbe6719c851f7073efd42b5cc6aa77e86e7fa708a8a54827b,Zigzag,23960661,14062158,23960398,14062429,297,831,61,111,0.03559992654612111
57356f9ac9dada9eb11ed7462d2b70a1d6c6968ec9b149bb119e70f07b59fe7f,Zigzag,23889824,13980618,23889653,13980464,389,406,50,105,1.5620932495105722
59ea9402631576027c22e970e11a510f07a94cf303f79bdac408549f366e3ebb,Zigzag,23920582,14015636,23920126,14015137,104,60,144,107,0.44680725793516374
9fad7be6f8c92e696a58ab1574b50f2eb4db8ab581ea953b0015aeb162423234,Zigzag,23876775,14008217,23876738,14008628,524,970,95,54,0.12615527241759855
dc3394a54364212f9107052b2a51ef52e266c5c1f4332964e8f2218002cc78c6,Zigzag,23928038,14005036,23928185,14004930,706,453,47,126,1.5584851988657327
624cb81b226200788cf1fefc06713d9dae7deada3746561fd24fdf5ca417b453,Zigzag,23978370,14071650,23978287,14072125,477,1035,94,52,1.5707963267948966
bf09719e5aca0e6480e7c396e1034e4f757a71e7c941a3bfa24aa287679ba67d,Zigzag,23902872,13873820,23902560,13874314,247,1054,62,133,1.5703499809961994
bf09719e5aca0e6480e7c396e1034e4f757a71e7c941a3bfa24aa287679ba67d,Zigzag,23902872,13873820,23902561,13874229,249,969,57,125,1.5331404274036666
ba6bb64845c1661b362562684bd4b0a3bf7010a97bf7c5a53bd962119fcd29e0,Zigzag,23912193,14051602,23912268,14052006,635,964,96,44,1.564983844557744
ba6bb64845c1661b362562684bd4b0a3bf7010a97bf7c5a53bd962119fcd29e0,Zigzag,23912193,14051602,23911817,14051688,184,646,120,52,0.008973306991778025
ba6bb64845c1661b362562684bd4b0a3bf7010a97bf7c5a53bd962119fcd29e0,FCBK,23912193,14051602,23912012,14051510,379,468,54,109,1.5675300928759688
ba6bb64845c1661b362562684bd4b0a3bf7010a97bf7c5a53bd962119fcd29e0,Zigzag,23912193,14051602,23911954,14051063,321,22,42,109,1.5653878460951092
d94c3101f4c132427a675a9d39e440ac52d2fc80bd6387fbd2d459a2403c01d8,Zigzag,23891688,13835113,23891250,13835390,122,836,118,53,0.04698095794814234
97646ffa536a4b123ade33afe1e2dd64dd4fa398140bd1a9f6ae468f115af0a2,Zigzag,23929902,13956147,23929621,13956456,278,870,107,48,0.010372544312073267
4f48a1221c1adf49dc5f5eeb603c93033d16773660ed91049612ca411a964e23,Zigzag,23930834,13999733,23930756,13999391,482,219,55,98,0.6269973365011703
06086a274261641c43fafb675fd913cdf4cb7aaba2c5d93942053266caacd450,Zigzag,23921514,13998672,23921549,13998796,595,685,113,58,0.06043045824644972
a555200a862dc1513fe67d52e5c9afe3057aad041b4a249f79320fb479fa46f0,Zigzag,23837628,13908109,23837617,13907797,549,248,55,120,1.5341066222471473
6de0ab8ff2d69ed30f5ed766ed7d9c61a441b181f2c267d273b671e04b2e8b94,Zigzag,23885163,13925213,23885544,13925687,941,1034,47,96,0.6873180683495196
4d78fa5c498958644a5a2278ae0aa71e18d81aeb6643ab61961d59af26d328d1,Zigzag,23927106,13980618,23927254,13980773,708,715,116,61,0.2152585838001699
35d1acd652bf764e4cd000138f6a0d5e3343ed4c1aecff86aee7dbe16d9a8d64,Zigzag,23990487,14033633,23990852,14033711,925,638,116,58,0.04858329042988055
35d1acd652bf764e4cd000138f6a0d5e3343ed4c1aecff86aee7dbe16d9a8d64,Zigzag,23990487,14033633,23990069,14033477,143,404,89,45,0.059169255894404645
c73e5344ae426ff41aba6cee225fc3fe2a9e7cd2e815664d6295279846139624,Zigzag,23922446,13854484,23922700,13854549,814,625,55,128,1.5681299699115092
f7c23c1187e802282b5e5eb842707f3aba0818110cd7af4baba93555fa79ca9c,Zigzag,23943883,13958277,23943476,13958631,152,914,136,54,1.513779379436845
6b9f2e0f035bb3b0d00d7460ccf9f342d8f68aaf214b1785c3fa2a85f12fc948,Zigzag,23901940,13968921,23902023,13968829,643,467,50,93,0.035019648711728066
74e74a1b3d5ebca5384681f589f67d52b28325d49b576fe303508670da5f8e76,Zigzag,23821783,13947622,23821340,13947713,117,651,111,52,0.1952978585348898
74e74a1b3d5ebca5384681f589f67d52b28325d49b576fe303508670da5f8e76,Zigzag,23821783,13947622,23821673,13947735,451,673,110,53,0.13483010354961136
dff0c081983205b5975b7923c74af95f8632d47d2e51cecf1896777a904935d8,Zigzag,23986759,14062158,23986308,14062357,110,759,87,49,1.5682436868900556
05072c9c1e87008cb5eb474eda3243c6119acbe9db32a0eaefe231cfc879d362,Zigzag,23997943,14065323,23997735,14065412,352,649,53,96,0.014863037545299577
05072c9c1e87008cb5eb474eda3243c6119acbe9db32a0eaefe231cfc879d362,Zigzag,23997943,14065323,23997926,14065150,542,387,52,102,1.5681777736530762
05072c9c1e87008cb5eb474eda3243c6119acbe9db32a0eaefe231cfc879d362,Zigzag,23997943,14065323,23998306,14065833,922,1070,51,102,1.568560336743666
05072c9c1e87008cb5eb474eda3243c6119acbe9db32a0eaefe231cfc879d362,Zigzag,23997943,14065323,23998421,14065390,1038,628,103,51,1.5671830829859315
ca56a7c32e701ecee48df00d60903600611b82791ddaf28d2df7c95445092e11,Zigzag,23944816,13752933,23944357,13753047,102,674,115,62,1.2679231386615095
ca56a7c32e701ecee48df00d60903600611b82791ddaf28d2df7c95445092e11,Zigzag,23944816,13752933,23944690,13752602,435,229,125,64,1.2675601498049318
7babf78ebe236b6c4e1d3abd3e8e349bcb61a84f859cb8a578c4553230ed6d23,Zigzag,23978370,13808151,23978271,13808409,462,818,49,111,0.10053245029297136
c393eccda59722b07b2080ea5065bc953187632077ed22b018f17f14af6d6634,Zigzag,23936427,13962536,23936754,13963015,887,1039,71,105,0.001275313854893427
ef8683f560e5a516a652e987169573415ffe7df4262d05dc7298562c31cf872f,Zigzag,23989555,14019874,23989740,14020413,745,1099,96,43,0.001868145997112675
9d6622a0723cc236e9150533a7d6c65a9328b3d7526efa792bd9b88c175f312a,Zigzag,23932699,14001855,23932798,14002339,659,1044,47,97,1.5639585275380636
84dffff122dfa5681b8a40c89e8d219037492f4fb8c0e1c8da5e10c80c31ded6,FCBK,23880503,13973176,23880295,13973684,352,1068,44,101,1.5650444314725434
f849bc5e6f00f1606c845029bafe171f3ebe1178bcf4f15ae3be7f9e47525c06,Zigzag,23904737,13979556,23904311,13979444,134,449,108,50,0.0009568454315640231
4fd3772760bf695860ac3d07c2685fa4130f8529dfcb0303ab6c0b2e7e75e694,Zigzag,23950408,13789777,23950270,13790290,422,1073,48,102,1.5695494347725214
4fd3772760bf695860ac3d07c2685fa4130f8529dfcb0303ab6c0b2e7e75e694,Zigzag,23950408,13789777,23950557,13789250,709,33,50,90,1.5707712930806499
275603396025ef0e07e1bd9f6a14df1897c00781281774175f85beed43da436e,Zigzag,23929902,13982744,23930201,13983255,859,1071,55,111,0.32518571766780247
a1c361c482a8d00f07bdcc9597f77bbb5ba5910f3596583107f4262d980b9bd7,Zigzag,23950408,13940158,23950857,13940620,1009,1022,67,112,0.055590221221879545
18fcc1b8455759829f989f51f8184330f518d022f008366655db698cb0f39221,Zigzag,23921514,14013517,23921220,14013773,266,816,116,59,1.5647169958165181
777b6afe577f257611e9fb52607be49e0bee989feb24a1900650e422260dd097,Zigzag,23939223,13956147,23938903,13956495,240,909,63,117,0.04935007276436321
777b6afe577f257611e9fb52607be49e0bee989feb24a1900650e422260dd097,Zigzag,23939223,13956147,23938926,13956009,263,422,120,58,0.0020370746743050647
d1a7fca999222db3fdabb7080b494ae1c369a1fc6333831d166883bb2763a610,Zigzag,23950408,13863082,23950520,13863218,672,696,60,118,1.569348765584384
f7e4d9e9d470e4bdf3f001afe238dcb9fb7a5b90c1cfee0af970e39c198ac3a7,Zigzag,23871182,13956147,23870921,13956338,299,751,66,118,0.005502333201374795
64948e9965580135e6bbf53e6f66b492ff7a7189f641709e340335b97f260a0f,Zigzag,23914989,13896334,23914608,13896851,178,1077,83,53,1.5667758856552585
50301622caae379ee6b927d06f2e9b184df2fb54c405e1d32c87c4d25a0e9b61,Zigzag,23961593,13802750,23961168,13803053,135,863,100,52,0.014485241096942016
17ae5aece52cfcdb0e893305adfd254dd9b9d57cb6360827aea442bf14759cad,Zigzag,23942019,13914526,23942153,13914762,694,796,59,131,0.03253819635118169
17ae5aece52cfcdb0e893305adfd254dd9b9d57cb6360827aea442bf14759cad,Zigzag,23942019,13914526,23942218,13914772,759,805,58,128,0.011088724505249817
64344c0f0d6136e9a7f749202110c016e74e77b715a869e56337764857a7eee0,FCBK,23884231,13969985,23883858,13969458,187,33,111,62,0.050510486952716385
b87b5860c7d78a6be9ee9e9990a539a6621e7acc0d4caadc7bff4a91877a59d2,Zigzag,23846016,13925213,23845682,13925662,226,1009,118,54,1.5694718036267457
4c4a670d064c075665742eaa2d2fb4134cc0a87bbd5ef3ba95bba80e71514430,Zigzag,23925242,13977430,23924755,13976984,73,115,107,54,0.046794773859621386
70c6f0743ea89bdc95285b7e774328d08241a76b9ab038e7e5d61bf4fc6049db,Zigzag,23993283,14066378,23993517,14066239,794,422,98,52,1.3168127841629118
06849f1cc18a28c123ec8592546eabf48423184af8bfce7d2fb5e32d1316fe24,Zigzag,23770519,13896334,23770090,13896747,131,972,61,119,1.5665190237681204
998c357c20cd833992e74a715932929f09d8cc731fad3357a3160a1b3c804f9a,Zigzag,23997011,14063213,23996777,14062881,325,228,113,60,0.16375041844646102
998c357c20cd833992e74a715932929f09d8cc731fad3357a3160a1b3c804f9a,Zigzag,23997011,14063213,23996750,14063613,298,960,98,54,1.5679468775865664
998c357c20cd833992e74a715932929f09d8cc731fad3357a3160a1b3c804f9a,Zigzag,23997011,14063213,23997283,14063405,832,752,56,106,0.0016078343540878767
998c357c20cd833992e74a715932929f09d8cc731fad3357a3160a1b3c804f9a,Zigzag,23997011,14063213,23996977,14063517,526,864,97,52,1.5703132293731563
8214422eadd96ecec444fafbf9de8e9a116482bfd1ae25178a7566f477b64dde,Zigzag,23897280,13897405,23896970,13897259,250,414,51,119,1.5592178344816134
f952fd8d82c88239c8c3c90161f810c08b6e0e7ef401e5c741a914ae786ce3ee,Zigzag,23767723,13910249,23767403,13910351,240,662,70,106,0.8023576392722636
9f5fde7ba70758c5346a3b5428edd65fa72c91b897bdcabdb21eac03f0b72a7a,Zigzag,23849745,13991242,23849688,13991210,504,528,52,100,0.014256184276059982
82a4484c2f2d9519bdb375fc135f3c213ff3453fe8ac43c283e8a7976e0bb7e6,Zigzag,23957864,13963600,23957785,13963971,481,931,101,53,0.1086957547586072
82a4484c2f2d9519bdb375fc135f3c213ff3453fe8ac43c283e8a7976e0bb7e6,Zigzag,23957864,13963600,23957947,13963646,642,606,46,110,0.029120840523959624
82a4484c2f2d9519bdb375fc135f3c213ff3453fe8ac43c283e8a7976e0bb7e6,Zigzag,23957864,13963600,23957919,13964140,615,1100,129,39,0.000530263753645514
82a4484c2f2d9519bdb375fc135f3c213ff3453fe8ac43c283e8a7976e0bb7e6,Zigzag,23957864,13963600,23957690,13964112,386,1071,52,98,0.0014703763607281702
5cd79dcbfef2a28155088d2643ebb000ca831e0be4e1a3bf5e6d324accaabaf8,Zigzag,23996079,14049489,23995777,14049280,258,350,91,49,0.17376067506233722
5cd79dcbfef2a28155088d2643ebb000ca831e0be4e1a3bf5e6d324accaabaf8,Zigzag,23996079,14049489,23996366,14049565,847,636,90,47,0.005166471137212974
05db84a272dfc4e151ba63ac805240c5adb952e028d9f946dff8c1ea6118602a,Zigzag,23887027,13968921,23887440,13969330,972,969,95,50,0.03577586162563447
7c63ee7ac947751b8c21790f48101c30eb12fc0f468b1844af836f305c6c0d3a,Zigzag,23889824,13855559,23889849,13855528,586,529,54,132,0.014839584042652766
cd9ba7452dee90e38da63a592fa6b930efa323aeb487a32ee06bf54aa98ea51d,Zigzag,23789160,13870600,23788934,13870194,334,155,49,108,1.5690381078432263
c6c27de9a93d1aa2e2dcdb07bbd5796f1a74d16357d1c81f6c96556507e975a7,FCBK,23771451,13864156,23771468,13864092,577,495,120,51,0.6182325404585833
93241b850adebdbdc8ca1c5545cc886eba06d0ef90bb62cdd79e597781604080,Zigzag,23960661,14083241,23960709,14083603,608,922,104,51,0.021248740239956355
93241b850adebdbdc8ca1c5545cc886eba06d0ef90bb62cdd79e597781604080,Zigzag,23960661,14083241,23960925,14083002,824,320,53,92,0.023067427512533677
832b71a37410794e2ec785e43a20d7118a5d281e6bb1f369b05a49683cb7079a,Zigzag,23938291,13948688,23938109,13948703,378,575,112,61,1.5652781238581979
73b1c6e756d0de2ba0d4eac2750bb424bf229b17b852d58353bf74900f2979fa,Zigzag,23952272,13918802,23951729,13919069,17,827,59,40,1.5571553493754018
f08434f08481638071aa83a55971c72b4b71656b9196c8ea7bafb592834c0489,Zigzag,23943883,13881330,23944165,13881588,842,818,92,47,1.45825326965702
1db93dceae593ff036fbb701a5927aa0292d3d3aedacd6942e0d4bcc36a688df,Zigzag,23871182,13875966,23871179,13876486,557,1080,49,121,1.5647632016614312
23bda6be87db944901a2e0c14dd20750b52bf84f30a594e933f2d395490230d8,Zigzag,23911261,14029401,23910939,14029916,238,1075,51,106,1.5168529336509056
81bd50fa826e6a81dcd02a619240f92bf0ed409a2336b6dcda4925e35263a24c,Zigzag,23853473,13911318,23853129,13910816,217,58,97,45,0.005872121961259354
4c76b902b06f948a51fae121eef0b81fa15cbb84918f06d1dc25a13d0c71c889,Zigzag,23888891,13980618,23888720,13981032,389,974,49,83,1.5707025835245256
4c76b902b06f948a51fae121eef0b81fa15cbb84918f06d1dc25a13d0c71c889,Zigzag,23888891,13980618,23889138,13980866,806,808,44,86,1.5690468962748234
9b3a227cfbb4a39dcd9d395c739ab8272a7f745bcab831d0f4933312f38e03ea,Zigzag,23990487,14062158,23990548,14061828,621,230,47,100,1.5648948949773354
647d8927a1ae2e14890be4e905b15cfe0952407576c7e973e257bc853e589e3e,FCBK,23912193,14048433,23912400,14048132,767,259,104,42,0.0031765251815637674
d024208ed3a1931679b6d10f99f0c8cce644dbbf367fcac2fb3dec2f1fbdb27d,Zigzag,23891688,13911318,23892131,13911161,1004,402,64,130,0.3716949299183509
23c7d017d8d279363e6d64a5f0a9782675a339c323bb6e23952a31e01a6f0c2c,Zigzag,23961593,13868452,23961954,13868890,921,997,57,139,0.011477775930104865
e8d183d814ad4003af5b42d0405ecf18b1985ba968932708e9f60f0b8ffebbe7,Zigzag,23810598,13935890,23810273,13935394,235,64,107,49,0.0022000488197847674
0ca42ff8a20ca145fa8d2bb608b169333c6fd2e758ae61ba2bfa269f7df04723,Zigzag,23882367,14016696,23882519,14017205,712,1069,90,40,0.023779681623696966
e5dad048106703f4a2f5e324731c7fba05bcefab669cbd8b4c5191815901fee1,Zigzag,23819918,13881330,23819603,13881759,245,990,103,57,0.0019171268350754664
87d5d4fed6f7256f3998003cd549c7e25460e4bd1a74d48e4edd8edde3f36f56,Zigzag,23976506,14054770,23976368,14055136,423,926,106,51,0.006070637213835493
7071b6f126b1d18630edbc521847d046f094ab8ec352b5dae243b5fd3b4d539c,Zigzag,23925242,14034691,23925139,14034943,457,812,95,51,0.030563410388022898
9ea8fa8279c421a3720cf210086c7edcc50ddea0097397c0335c1474c11d6792,Zigzag,23929902,13990180,23929964,13989688,621,69,108,53,0.1166848385546814
9ea8fa8279c421a3720cf210086c7edcc50ddea0097397c0335c1474c11d6792,Zigzag,23929902,13990180,23929577,13990016,235,397,57,122,1.4216810105133435
9ea8fa8279c421a3720cf210086c7edcc50ddea0097397c0335c1474c11d6792,Zigzag,23929902,13990180,23930028,13990387,686,767,98,52,0.007261649666697466
116ea1a0a87deadef6fff912cf6e3c2d8e3bafc96b463265b2b28de86a2fbbc2,Zigzag,23879571,13980618,23879929,13980962,918,904,104,46,0.012035054871771556
8262e0d86d3e2142477f3529662d97ece2e0f8dbe3223ab100a817307de50f96,Zigzag,23930834,13990180,23930738,13989739,463,119,99,53,0.3175221720254769
c61f4375970e3749785073dc9cb78981a1fc6062700129e06c38385115436672,Zigzag,23933631,13996549,23933690,13997019,619,1030,113,57,0.003013655195851308
c61f4375970e3749785073dc9cb78981a1fc6062700129e06c38385115436672,Zigzag,23933631,13996549,23933974,13996866,904,876,95,55,1.5572168683965826
5e240f4559949b4f8e47156eba9a16f0ee6e747121d66dfc20fa35e95203cd1e,Zigzag,23948544,14085348,23948536,14085476,552,688,100,57,0.019147949306533983
221406ffdedf52085295c6ba0c694f444b2f59bfbcdfe8f078db37ef9ee3c97f,Zigzag,23935495,13916665,23935426,13916449,491,344,56,120,1.568476314011274
01377339e0b5fbd0bbb25f700fe9e914961ac23319f38d326e37dcc4f7f368eb,Zigzag,23886095,13981681,23886247,13981207,712,86,104,57,0.1440491183608682
f563116bcd93008885844631cbdaba1d33ae4311274a6bf3ebd56cfba135a975,Zigzag,23896348,13873820,23896133,13873321,345,61,54,99,0.4219617958879739
5292d70e8e3e6482afe09c5d5cd03cb2392720f95bbe4da79c39e13f207959b5,FCBK,23950408,13944424,23950286,13944111,438,247,106,46,1.5664025104704293
6027c5483cfe0c2181e1e27f749564bcc2d67012be53a16eecb34b8812d6cdcf,Zigzag,23940155,13969985,23940366,13970012,771,587,56,130,0.06609432777239733
937f5b1c9d4f9bbd06713887196a0d24c04468b41fef0c01e18efdb73d56eb2a,Zigzag,23914057,13884547,23914420,13884728,922,741,109,55,1.5651745268917938
5f267ff588a0a71a73c7b4428841ca8c1133595e6ce52758d41d8e1f2cfad184,Zigzag,23984894,14060047,23984626,14059544,292,57,82,53,0.06553905452392661
5f267ff588a0a71a73c7b4428841ca8c1133595e6ce52758d41d8e1f2cfad184,Zigzag,23984894,14060047,23984866,14060483,532,995,39,81,1.5603483463643522
55de099a8a66b293a5e1bdc3b032937de368ad99249c5785287b15d127f627b7,Zigzag,23991419,14031518,23991723,14031029,864,71,69,109,0.06738899440801492
55de099a8a66b293a5e1bdc3b032937de368ad99249c5785287b15d127f627b7,Zigzag,23991419,14031518,23991181,14031067,322,109,54,123,1.5076842026499808
55de099a8a66b293a5e1bdc3b032937de368ad99249c5785287b15d127f627b7,Zigzag,23991419,14031518,23991809,14031038,950,80,52,85,0.0749210381491395
55de099a8a66b293a5e1bdc3b032937de368ad99249c5785287b15d127f627b7,Zigzag,23991419,14031518,23991359,14031201,500,243,59,113,0.009523262240446998
55de099a8a66b293a5e1bdc3b032937de368ad99249c5785287b15d127f627b7,Zigzag,23991419,14031518,23991059,14031029,200,71,57,85,0.0012267908777801556
55de099a8a66b293a5e1bdc3b032937de368ad99249c5785287b15d127f627b7,Zigzag,23991419,14031518,23991665,14031341,807,383,133,62,1.5689996251654748
0b87564095ef3dde5aef98246ca729a47ce988e96210e49273a68a724817066c,Zigzag,23995147,14035749,23995150,14035359,562,170,50,93,1.5702332013823994
912d4651f1c2f9f5deb4edc0d45d6ecafb3f9aeb51c158b6940bc2c22ab29c7b,Zigzag,23964389,13818944,23964133,13818522,304,138,56,95,0.007245588516670226
07951349f59bc3ff426427afdec165db626d363fbd30a9ca2a78035c89ed4f16,Zigzag,23932699,13965729,23933055,13966004,917,835,63,128,0.046334225922173414
3b7f5a19ab5e3ea617cb6602cd5fe594d0e4ce32c97a8ebef54a2ecb60eee08f,Zigzag,23830171,13909179,23830423,13909356,812,737,55,116,0.05283011274574302
3b7f5a19ab5e3ea617cb6602cd5fe594d0e4ce32c97a8ebef54a2ecb60eee08f,Zigzag,23830171,13909179,23830215,13909428,604,809,53,117,1.5648373706977896
5f9e5961e706a9759f76509dcb4cd645f4bb89228abc5290f5dc980899e6e12f,Zigzag,23954136,13920940,23953948,13921086,372,706,48,84,0.014166296347486005
9398dfa717c437555188b3ee01f1f61a3ade19179f9392c352b881a6d3e8e7d1,Zigzag,23924310,13854484,23924172,13853991,422,67,59,114,0.3159893230810545
865e93b373b08ead545e40df5f041efd292dfefdbfe538a0388a54c6d539094f,Zigzag,23865590,13967857,23865738,13968395,708,1098,96,45,0.021371229005343186
2bb069bfe415d7f9df3b0b39e6542e7b841575d3c895f29b3fbd34577746038a,Zigzag,23932699,13988056,23932735,13988091,596,596,59,116,1.5648208590990313
8708d86ad6f80aed2b9f0f93fecf98d3372b3cc6d84178c4ef75956cba5b1aa5,Zigzag,23902872,13978493,23902661,13978040,349,107,57,110,1.5667194266401487
b7dc823c845cbffd6addc93890cec442c8b3fd9cb58e18b840c6c06acdf7f691,Zigzag,23836696,13942291,23836449,13941775,313,44,109,44,0.009382956303189156
6367f892ca26777d4e6bf839f57ee3c19278d56b31f5af1f8083e8f931e73888,Zigzag,23925242,14018814,23925645,14018927,963,672,93,50,0.05546972150493187
f949813110b40107244f20455c06518cd05baad72f3670bfdb5df0b0b428d46f,Zigzag,23837628,13909179,23837225,13909129,157,511,58,125,1.564714332655428
642c4849df227cd4deeb117075e95cc175469a5009dd34e8498c92b591558938,FCBK,23961593,13846955,23961421,13846553,388,158,51,115,0.07575707099434263
642c4849df227cd4deeb117075e95cc175469a5009dd34e8498c92b591558938,Zigzag,23961593,13846955,23961548,13847052,515,657,51,119,0.262402360759457
642c4849df227cd4deeb117075e95cc175469a5009dd34e8498c92b591558938,FCBK,23961593,13846955,23961680,13847041,647,645,44,102,0.005174220831955375
642c4849df227cd4deeb117075e95cc175469a5009dd34e8498c92b591558938,FCBK,23961593,13846955,23961230,13846717,198,322,51,105,0.04304977847810311
642c4849df227cd4deeb117075e95cc175469a5009dd34e8498c92b591558938,Zigzag,23961593,13846955,23961974,13847431,941,1036,123,57,0.03934623686342761
642c4849df227cd4deeb117075e95cc175469a5009dd34e8498c92b591558938,FCBK,23961593,13846955,23961814,13846762,781,367,109,51,1.562908309962191
642c4849df227cd4deeb117075e95cc175469a5009dd34e8498c92b591558938,Zigzag,23961593,13846955,23961510,13846730,477,335,94,52,0.6637063489668225
642c4849df227cd4deeb117075e95cc175469a5009dd34e8498c92b591558938,Zigzag,23961593,13846955,23961491,13846615,459,220,57,119,0.0037330839774239706
83c2b302ef9b1f9b055ada1921722b5de873a21133cef7bab98c92d29f490f91,Zigzag,23923378,13995488,23922854,13995904,36,976,50,68,1.5297090774971542
1a18f9b5215104fb93a1163a0321f91a340e90a35e1372ca7dcf6636daa1a7c5,Zigzag,23852541,13955081,23852693,13954722,712,200,113,57,0.010847464997029257
e969bbeaca0f6df9177ea0243ad0b9c15ed929a69fc2a08957f46667805127ce,Zigzag,23942019,13962536,23942169,13962152,709,176,104,61,0.3445303871939201
07a4682df1b928465ceb05e10a33279f7cf391c4171e14ad1a0420c87fd5dfb3,Zigzag,23983030,14066378,23982995,14066578,524,760,46,114,1.5555280247913086
8dd6ba538da83907bb2aa8daa2b1b2e4bbc917b61504b0a58b833bd2319540ae,Zigzag,23763994,13858784,23764193,13858754,759,530,47,103,0.0016162118682513174
bd9f72bb8f7bfec39c072c7f8a796874030cd45aabb69385f04e935a0f55c60c,Zigzag,23876775,13939091,23876302,13939556,87,1025,47,84,0.037757469858491995
3b87e5c0ddf75714ac143ed2e7875081f0c9f26a4c3fa924399b76aa91443e12,Zigzag,23919650,13995488,23919443,13995784,353,856,58,102,0.00014309108946108736
da5d234f686f278f2b6c171317cd474b85ebae42e870bc7131efa0d241c8729c,Zigzag,23883299,13928417,23883223,13928560,484,703,111,59,0.07092326716828068
da5d234f686f278f2b6c171317cd474b85ebae42e870bc7131efa0d241c8729c,Zigzag,23883299,13928417,23882975,13928580,236,723,65,119,0.8117481450129648
886ab164910b478efa8b3c59ec6c92ee868c68fb0133800985aee4358dc552a3,Zigzag,23842288,13885619,23842012,13885855,283,796,100,63,1.5618327923559625
6fbd96d0ada8589e0531ab8baaf3117650fb76e6eb7de297de8d616c865df479,Zigzag,23943883,13862008,23944233,13861561,910,113,110,64,0.8201407642932133
bbecec29286472bb81d4bef25c3963fcd8d46b1f5602228addd0f589ee418ae4,Zigzag,23926174,14000794,23925797,14001317,183,1084,98,52,0.03255420236545199
8773b571166c806716e92897d58ca63497485a6d12454f198933f904dbe2d11c,Zigzag,23942951,13967857,23942895,13967587,504,290,50,106,1.5704895306373194
ab39a9bbf6366ece074a4ca525778cda846420a8215e14aee56307deecbe8132,Zigzag,23900076,13856634,23900267,13856476,751,402,61,115,0.03141296709813658
0e5285589abed2c7fa6a259181aa419c1c2a049a3ec5b98589fc995c5de7a0ca,Zigzag,23928038,13943357,23928014,13943547,536,750,60,136,0.10633584449290391
4c693a2a088b4121f179c61d68b82d51956115d537063a7d79b73148d6b94b87,Zigzag,23859997,13886691,23860021,13886242,584,111,118,66,1.5442312949213561
a50f2fbf21ed51283c49eecc2199e48d37eba7f98a38acc26f36b8d20b45bb7c,Zigzag,23901008,13973176,23900792,13973096,344,480,52,104,1.5703220178047534
a50f2fbf21ed51283c49eecc2199e48d37eba7f98a38acc26f36b8d20b45bb7c,Zigzag,23901008,13973176,23900724,13973667,276,1051,56,112,1.567604128754273
a50f2fbf21ed51283c49eecc2199e48d37eba7f98a38acc26f36b8d20b45bb7c,FCBK,23901008,13973176,23900658,13973263,209,647,113,46,0.015996117922073918
