ENC_ID,class,tile_pixel_xc,tile_pixel_yc,bbox_pixel_xc,bbox_pixel_yc,bbox_local_xc,bbox_local_yc,bbox_width,bbox_height,bbox_rotation
16aaabfd1db2006986a68be93767df6a46437c7fa2e9d62fe1cbf652c8deb581,Zigzag,23848813,13758359,23848942,13758570,690,771,123,57,0.012851764194612094
16aaabfd1db2006986a68be93767df6a46437c7fa2e9d62fe1cbf652c8deb581,Zigzag,23848813,13758359,23849359,13758613,1106,813,66,132,0.19971564330916775
8b408608c7c8e18f31c059c78ae6983bfb2330d9aeb467e87fd3e17467f37189,FCBK,23807802,13708329,23807683,13708840,441,1071,92,45,0.04895785571482179
9edb9c5e549a43856fd4ec29ff5cc6ce665b9aaebb59011107ea52557c80930f,Zigzag,23760266,13733375,23760285,13733305,578,490,55,100,0.00227188134840585
9edb9c5e549a43856fd4ec29ff5cc6ce665b9aaebb59011107ea52557c80930f,Zigzag,23760266,13733375,23760606,13733778,900,963,58,97,0.0034188699799434005
07e85a1354fe3b2f7969c7736fbed2dac77bf055f40ffa6bb36b9eb1d503904a,Zigzag,23849745,13731199,23849445,13730775,260,136,37,83,1.5675572571190877
e245c60bfae68c12739d743bb66c355c3f6ad2ea883b1bb478c74e6fb2ce6e09,Zigzag,23789160,13638314,23788859,13637976,259,221,91,54,1.5676318256296098
fb504ed33422728cc1b1e3ac7c75535d66b8531feaa5c82d15e3bb8c6a7a256a,Zigzag,23762130,13781120,23762319,13781651,749,1091,108,50,0.014995743070477687
4f5f58d62e08476f470e748cd086b907c6e3b20617df7f839469f3cc8c9bb5e4,Zigzag,23753742,13816786,23753343,13817006,161,779,105,58,0.001973599244012894
2ead8cd186134d81eeca05d719336477d2928a3a2020903d6dc3bd91cda465b4,Zigzag,23840424,13846955,23840127,13846988,263,593,55,108,0.0011695650335226146
ad31664c36d35460d3ccfddfba5f4bc34b7b7fcb272c37177e59b5bc2093872a,Zigzag,23880503,13727935,23880227,13727383,284,8,18,47,1.5444135882979722
66ab63f2a01e9b5005afa2f166013a3fd4317356a8b1c5bf1ece71f938dca7d2,Zigzag,23909397,13798428,23909279,13798447,442,579,62,112,0.8800646185601134
f422026e450f5c8e50207f659d0ac45ae87901c8595bf70b1a72e9739982e485,Zigzag,23744421,13685408,23744752,13685692,891,843,53,92,0.6259238828447866
fb9bdf33b423a397734d059999a80d7c474f0ed0dc9cee4444d60bf8cc6761ca,Zigzag,23834832,13770288,23834823,13770012,551,285,112,57,1.4576649773722214
ddb9fe456b0fb8804cf9c723f63d380340afc04605241c1e2feb30dd670d4d41,Zigzag,23774247,13796266,23774539,13796620,851,915,53,108,0.3894181671042874
5da077d63dd50dd75184b4904d22c3cbe51c5632847f1d208e47fa0fd53b57b1,Zigzag,23743489,13667910,23743667,13667884,738,533,58,108,0.052624783025697904
d72fc1203b85bc8d19cf8782c3cb5509016fa5d9a5cbdadbd33775d2b44a2d40,FCBK,23903805,13748590,23903752,13748662,508,632,53,113,1.56958072691533
d72fc1203b85bc8d19cf8782c3cb5509016fa5d9a5cbdadbd33775d2b44a2d40,FCBK,23903805,13748590,23904128,13748079,883,49,101,53,1.4170376559947357
62a03f40040d314c6bb35d34f3b76205de4950dc332b351f26014d6c9c83cc0f,Zigzag,23755606,13799508,23755724,13799120,678,171,48,100,0.07632888496989626
ca3ce8d4c16e22e7199b216ffe99932e7762fcafa1c9307496bda3abe647542f,FCBK,23734168,13824337,23734569,13824414,961,637,48,114,0.18619182833287953
235116f6fc29bf2453a5e23bf80f6a4308fa66a48a31d0c3365f19f452f8d631,Zigzag,23739761,13663531,23740062,13663425,862,454,52,96,1.5669408684847888
e6358b0c330f62e19af46fd86b8815748c7e0d89246fc20035f425c680c9fdac,Zigzag,23770519,13734462,23770923,13734718,964,816,105,55,0.003791002789721015
dadd167cc1e9e3c978bb3df65d6c4dc1c5b59499b5c56a88420ca2895d32a6d5,Zigzag,23871182,13757274,23870908,13757489,286,774,53,92,0.003923979052271659
0567f7018677a8ca7645362c1e70ce74e367cfb92b55f9b664af488514005dee,Zigzag,23838560,13755104,23838036,13755092,37,548,95,72,0.3056298927567553
441a213f692e4216e7a8949b030a961e3fb75b9435f2da533576c3025171ee5e,Zigzag,23755606,13649286,23755254,13648744,208,18,44,41,0.09013932265850423
b23dda9425edc312f84568dcf1e6798eb8ff2a6cdffbaf20e2b47220eb75374f,Zigzag,23824579,13600921,23824193,13601232,174,870,56,94,0.012485366283779532
db5e6634d64667d58ac0ea404ba4acbe5c42808b614872bae4a3eeeb97e6fd5d,Zigzag,23844152,13721404,23844153,13721770,561,926,86,41,1.5676656477754538
212c83a9487df08ced1e403efaf74324cf1500fc9d41624a42812e890adb6d20,Zigzag,23894484,13812470,23894369,13812171,445,261,45,101,1.5672544557031456
c8d8d6a97deca202dda595ea6f7bad0671fe17b01f588fdf1f5692d6b7ad8ccc,FCBK,23774247,13768120,23774573,13767854,886,294,132,53,0.003893697038142317
f05c99330e59fb81e0fc20c6557e17aab29e6c62b47a796b7d05ea26be7d88cd,Zigzag,23793821,13749676,23794277,13749291,1017,175,50,92,1.5684627318897146
c8de0c4a4b2f42e58fddf2530ae79148bf56cac77d02f584620de92a13274029,Zigzag,23844152,13714869,23843773,13715275,181,966,43,96,1.565312744952369
ce4cc043200bf1629f2d2d37e32779bbdccbbf568591c7daa470a6565e635cf3,Zigzag,23855337,13759444,23855808,13759230,1031,346,56,103,0.049803812996274656
0815ff79ca47aa5b0c9482f070ccad03a8871b5e9c0f6a8781cab7472841f3a0,Zigzag,23736964,13696329,23737372,13696731,968,961,107,60,0.7451103950589476
0815ff79ca47aa5b0c9482f070ccad03a8871b5e9c0f6a8781cab7472841f3a0,Zigzag,23736964,13696329,23736579,13696209,175,440,106,54,1.5378949688977852
0815ff79ca47aa5b0c9482f070ccad03a8871b5e9c0f6a8781cab7472841f3a0,Zigzag,23736964,13696329,23736876,13696532,471,763,103,53,0.0005424362073437363
0815ff79ca47aa5b0c9482f070ccad03a8871b5e9c0f6a8781cab7472841f3a0,Zigzag,23736964,13696329,23736887,13696215,483,446,93,45,0.10124818315830858
3b42ddc0ad3605ef9bf92a422e2ec9ec958d9ec9f4a8f7dd6f2e82085538f9b2,Zigzag,23905669,13707239,23905523,13707654,415,975,96,48,1.533490899403121
3b42ddc0ad3605ef9bf92a422e2ec9ec958d9ec9f4a8f7dd6f2e82085538f9b2,Zigzag,23905669,13707239,23905627,13707569,519,890,50,94,1.5679910860606616
429577ad5b84057a0db0a041885f09ef73acde934bc1bc54632e5c28e67123a9,FCBK,23891688,13694146,23891757,13693748,629,161,58,122,0.7990173028960044
429577ad5b84057a0db0a041885f09ef73acde934bc1bc54632e5c28e67123a9,Zigzag,23891688,13694146,23891648,13694427,520,841,55,104,0.9556184321066341
429577ad5b84057a0db0a041885f09ef73acde934bc1bc54632e5c28e67123a9,Zigzag,23891688,13694146,23891600,13693965,473,379,53,97,0.945282504178955
429577ad5b84057a0db0a041885f09ef73acde934bc1bc54632e5c28e67123a9,FCBK,23891688,13694146,23891799,13694327,671,741,91,48,1.5609688628983405
f421ff62b9f6fc823c889cd69441edf2b65497dd47bb7de4dd8dae826d05d07d,Zigzag,23921514,13803831,23921657,13804036,704,765,103,56,0.344377388589295
0036d26e7b85121f6bd471bc542822f3913ef1a3c7ac53990336adf7129c55d9,Zigzag,23816190,13864156,23815802,13863690,172,94,55,107,0.0009453797298445402
84338ee8c365c2286ac6e191ec353dfa508fc1a8ba356e966d0246045f75b7c2,Zigzag,23868386,13814628,23868921,13814484,1095,416,64,113,0.43088874515143316
f668bb1880531d7ef993aab63e1b53bcdd3db7ec7fbacf382b53412806059037,Zigzag,23740693,13660246,23740864,13660503,731,817,49,101,0.09726798904064428
708fa2d2989bc24d3f45f750428dea6b9f27981de2e6b0f05fbc70ade3b1552b,Zigzag,23913125,13820023,23913269,13820335,704,872,54,106,0.11791546864965019
708fa2d2989bc24d3f45f750428dea6b9f27981de2e6b0f05fbc70ade3b1552b,Zigzag,23913125,13820023,23913154,13819479,589,16,95,34,0.050180200882086926
708fa2d2989bc24d3f45f750428dea6b9f27981de2e6b0f05fbc70ade3b1552b,Zigzag,23913125,13820023,23912900,13819992,334,529,90,55,1.5688318460167996
1a77e94c337d029854c454f267691ac1a28a775dbd87dc7cef186bb83afc7a61,Zigzag,23722983,13825415,23723297,13824975,874,120,102,52,1.5637498688666558
3ee9c4f1f2ac2a975792abc63fa6145efca193eea265a2f539234cfcac45a768,Zigzag,23816190,13687594,23816214,13687602,584,569,88,60,1.5697955108572448
4234fd319965310a47b3380aff407293fc1b6979c8d4dd5907e0c2d2aa0f2262,Zigzag,23699682,13774622,23699380,13774268,258,206,59,112,1.5687704601536734
97a4ef6eddbc88c60ea74535033626f640c9f3fb7e1250b0c2715aef1768d716,Zigzag,23797549,13636118,23797644,13636483,655,924,104,55,0.31092352463453304
97cbf124e315af2b090329e75df5e8b8eafcc9a912f26133ccdff019e4ebb300,Zigzag,23752810,13650382,23753319,13650002,1070,179,110,60,1.4476572174698672
97cbf124e315af2b090329e75df5e8b8eafcc9a912f26133ccdff019e4ebb300,Zigzag,23752810,13650382,23753100,13650097,851,275,60,92,0.006231785507515108
34da226b5e9766de4ec5a1eeee3bd0810c7f1ddda578c46d1cc05e3400ad2f79,Zigzag,23872114,13775705,23872659,13775595,1104,450,70,29,1.5558899483834505
7e5c52823228fe75017dc3b33073af89cdcce0460e60d4df3dd1112ab53b5bc5,Zigzag,23865590,13813549,23865619,13813540,590,551,51,86,0.5220152600141378
7e5c52823228fe75017dc3b33073af89cdcce0460e60d4df3dd1112ab53b5bc5,Zigzag,23865590,13813549,23865935,13813248,905,259,108,67,0.6305046530777775
3253ca0fa7d7943af7fa43dbd9f708dab02ade5b8d586aee85028020f4d1b497,FCBK,23790092,13849107,23790227,13848982,695,435,50,124,1.5660511063645934
40e8a98b0fb795b521bd308b59f6ae1edc5a93c8e565859fd7afff79f38cda8d,Zigzag,23834832,13695238,23834353,13695271,82,593,111,48,0.0016271515046294958
036cbc20b3de0d1a105f019ab5c99d1e109a026663d5bbc0009cdd9bce56d850,Zigzag,23859065,13852333,23859135,13852092,630,318,61,100,0.0016814333075257384
facce5d285d7478f73b5e33b431f48328585daf2f3754c813d3026d5f6f9d66b,FCBK,23737897,13826493,23737798,13826390,462,458,129,53,0.24634463122974246
3c40184836a61105b0992560e557f33eede71847ed1a79a947d6a4d216ebca35,FCBK,23798481,13641607,23798336,13641285,415,238,52,111,1.3828089786103288
8add74daea40677fc05f5466498e79b75f9622f2123acf9fecc4b68f89a4304d,Zigzag,23798481,13667910,23798882,13667415,962,64,101,56,0.07240703072486152
aa26a664789eece6daf9ef94fa4e7888f048dcefb9165ca5111a69fcbee3dcc4,Zigzag,23846948,13823258,23846885,13823522,497,823,53,103,0.024520312964631807
0e5e212e466a77c731e4c033f33f2ae36719f56086a6e1f21da66cee906ccebc,Zigzag,23788228,13674476,23788366,13673961,698,45,53,112,1.5658088918634505
0e5e212e466a77c731e4c033f33f2ae36719f56086a6e1f21da66cee906ccebc,Zigzag,23788228,13674476,23788167,13674890,499,975,99,71,1.5495694681683654
42f6b494cd34a4fcd775ea7f4373e5cd451e856f570b2cfde5274063f4c105c1,FCBK,23943883,13785449,23943968,13784905,644,16,49,34,0.027394223723693382
e3f4122e9831b7fb8d47c83ae77ec0b9fe2c88ea4dbca41bc51193a756078902,Zigzag,23752810,13767036,23752309,13766674,59,198,57,104,0.17332857717547184
29c1aaac5be58b1c759d4920c8bf15739498855db840ae416e6aee0a107f0a0e,Zigzag,23852541,13719226,23852713,13719625,733,959,44,96,1.317226106764092
a95d33e4dfeb0144d0af3462075ca12b960330e5ca30cab3704ee920cb418d8f,Zigzag,23780772,13676663,23780602,13676126,390,23,45,97,1.5578730712891782
ece50944d280ec01bc2c07e8f6cbdee21eb43bf1b0ec9192e0a5f6853a073f28,Zigzag,23826443,13697421,23825900,13696868,18,8,15,35,1.5668102404333204
323fdbdaa34bb3b83e85e251bb518e3d377954aa07d0d201f15ca48a23a536ee,Zigzag,23859065,13755104,23858617,13754723,112,179,88,53,0.066066231422897
f63a56e4f9416d745f23fb1211a0b7390a0807e0b77c61629085a6a941dfb41c,Zigzag,23847880,13698512,23847868,13698862,547,910,100,49,0.012014231240701199
a81cb93618c2ccf062a51bf9d045ea7112832fd541e15cd3fc2528f66ff07e76,Zigzag,23870250,13814628,23870001,13814428,311,360,51,115,1.5664278105007852
974056c0e730936fb947c8ef45a96c767b8605d0db9089ba4f36d22c5d36cb97,Zigzag,23828307,13822180,23828380,13822688,633,1068,95,49,0.0016215718700565895
4459688ce3bbba3efca9cefd9830de07156154daff6ffd7c7498087a975e9aa2,Zigzag,23805005,13676663,23805379,13676744,934,641,89,57,0.030791524699550394
9312715b86ae8794d60697b6fedd6efd5f097ed21765bf21dfaee556efa06051,Zigzag,23745353,13764867,23744917,13764318,124,11,42,22,0.011268171628450719
3e35668875429c0f18df866e9f71706faf4c84e916003f0d3bff37191e7f60a4,FCBK,23894484,13769204,23895017,13769229,1093,585,56,135,0.00019062736083918366
38bb11fba6cd5d1099b2b80a9393a11a17b68a41161bf99cdaf801105faf3f7a,Zigzag,23866522,13705058,23866767,13705141,805,643,98,52,1.4748456953545952
a17a016cab4a89f58743d99bec4ce2f0a3981da28c1085a32c2ab0c4cdc9b8be,Zigzag,23829239,13755104,23828900,13754669,221,125,103,51,0.9957611913237802
110ce6cbfb237ca2b4ca22ee30ceb79140a48626df40dd19296118f51f08e1ed,Zigzag,23832967,13630627,23833354,13630843,946,776,50,97,1.5566497482424502
110ce6cbfb237ca2b4ca22ee30ceb79140a48626df40dd19296118f51f08e1ed,Zigzag,23832967,13630627,23833107,13630435,700,368,94,50,0.01244029956441105
22c315ccf7e06f7919d9bfb62b515d7003724c2041a67972fc6ab05b9f9fe231,Zigzag,23801277,13854484,23801038,13854664,321,740,53,101,1.569636253824058
22c315ccf7e06f7919d9bfb62b515d7003724c2041a67972fc6ab05b9f9fe231,Zigzag,23801277,13854484,23801074,13854069,357,145,52,93,0.0008527835823036403
3fee28d629f04233082497d2ab02427b35306a5e061b051fbb87833874ed9a54,Zigzag,23757470,13814628,23757327,13814559,417,491,105,57,0.056350778417314146
c3f53520251198d70bd9730211e033c61289b723865f74fd3eb576f04e3b89c9,Zigzag,23759334,13732287,23759018,13732003,244,276,79,51,1.5617784638697247
005bc032a4187265400036813f62a8c956d7a62177c297d2774830061b632d15,Zigzag,23778907,13796266,23779221,13796219,874,514,106,53,0.012084931925858999
3b16804256f9c8cd233a7396aa6629c4b8b51401479456358dc3659f98ea848a,Zigzag,23755606,13800589,23755174,13800199,128,170,50,101,0.558446038724904
69e02d36cd60d79f02f3a25031c4fe22ba20c63c139958abb30398e85f97449b,FCBK,23838560,13780037,23838683,13780391,683,914,57,109,0.8096544343429717
8b998cb9dd1b5db29e6064e653eca10522f08832000abb5f3b7e02d487e8c9b8,Zigzag,23707138,13841574,23707252,13841057,673,43,65,82,0.011903500955705446
47b0572e339d5789320f3f256a45d6d47e19b67cd689de88683e24daf37a8e36,Zigzag,23807802,13663531,23808109,13663558,868,587,52,101,1.5521776349819345
eac998c650dcf69f81a3d0d9ad08ec43f52c5a193df03022d73a48281cdaccfb,FCBK,23753742,13788695,23753797,13788268,616,132,49,108,0.005832327988760036
ab634da67c6c6eab9bcfe9e8b4c8baaa4e509b3e13d838f83be8b21ef4b845fd,Zigzag,23791956,13869526,23791839,13869840,442,874,103,58,0.0797196882488124
3646176bbe133804891a3a5e802367ec085c47c01284f8bbae44782152469450,Zigzag,23808734,13778954,23809232,13779285,1058,891,99,59,1.5639955454772156
b7bb187056b3e4d6a6b9ce5d1c3818d7a8b2f9afe60eb6d2f1d0547f6a8611f1,Zigzag,23715527,13789777,23715367,13790140,400,922,102,49,1.564024174458934
ff76242ba8ad1ea33f0445018bf3c145bd1d72b25adeef5d0f23dd6da027d53b,Zigzag,23763994,13794103,23763898,13794350,463,807,52,104,0.04416028336315253
02293b0644d3344d1ee3c45384d75df39b690b74bc661e49bea45aa6782648d7,Zigzag,23873046,13705058,23872945,13704923,458,425,90,41,0.00925202032371973
53926318d4857b281df55f50c85cd27def25065b699c8008bc4eba5d2e1f91ac,Zigzag,23928970,13790859,23929262,13791117,852,818,90,32,0.023136080892603477
da74832a6e4e1f531be580dfcb77c92b86f7af4c2fbd6750c778ec470fae0304,Zigzag,23840424,13822180,23840173,13821944,309,324,58,120,1.5569405654334867
351973bc4b28ddff380c195cb766db4925750abed4cf439623cc3b92c54215b0,Zigzag,23780772,13686501,23781008,13686864,796,923,95,52,0.11061313087492336
f958a0ad0a8a28fb07bd90abb7d3e4ef273d92340f8206f9d265994faaf15316,Zigzag,23764926,13828649,23764593,13828330,226,241,107,55,0.041966071651522614
f958a0ad0a8a28fb07bd90abb7d3e4ef273d92340f8206f9d265994faaf15316,Zigzag,23764926,13828649,23764596,13828251,229,162,103,60,0.02495498454701937
e2cc2932d4cfef734a8a0abd047527bb3ad281503ccaed7d9224ad5ab9d8cedd,FCBK,23851609,13724670,23851726,13724530,677,420,49,104,1.1537142742617885
24cd9c3fcd26d42d27e27a9d5299687e1da88b354dd835f7dc4f8c6875095695,Zigzag,23833899,13791941,23833495,13792289,155,909,47,101,1.5702531750905748
77a52518e8f463dfd17a306d18646cdf28c52d56ce9ab4ba57ea830482d5d57b,Zigzag,23733236,13651479,23733505,13651102,828,183,53,108,0.011074540051553243
696c0db4ccc997a35654c4cf1d4d51ba94335541edae673f61581ba4d8c4fcf5,Zigzag,23863726,13815707,23863310,13816141,144,994,96,50,0.04071357450729074
d0cae546b6019a96c013f082c5d563bfad626b4c86f0e4384a4852d881ed79dc,Zigzag,23897280,13821101,23897147,13820956,427,414,63,115,1.5565769107866363
117e11f0d276ce9c058b82e14b76718809a8379f0b40a89bbdec3d2ebd6139d0,Zigzag,23814326,13797347,23813925,13797303,159,517,103,58,1.5496244624448756
7953e232f184972042372b35fc0c3ac7cd052590a0a2e9a09420fe6b0c75590a,FCBK,23736964,13655863,23736587,13655967,182,664,101,53,1.5695482363500308
18b5b49f1aafb1259c803879789646acb11648c1f269b460b248f460222ca212,Zigzag,23915921,13735550,23915416,13735296,54,306,104,59,1.4840494469238545
54b5cff308a0c0e2caa6fad923f71e52a8bf5d546ed7af118819dfad0583f152,Zigzag,23907533,13803831,23907370,13803998,397,728,118,65,0.7168092484707845
9c1914595951f1e61da154f2dbedb71fd611bf8c014eee319727f2080e91fd88,Zigzag,23686633,13844803,23686633,13845356,560,1113,13,67,1.570098045957078
f8b68ef21eb88e88e4fe2532202b750a779ac2c9a2d7199211a1423aca453057,Zigzag,23770519,13835113,23770422,13834614,463,61,102,55,1.5696654154379943
a02473494f1091b656bc27dd8ec4c88e1a5b37e109ddec4bb2b50cf905ba5465,Zigzag,23743489,13820023,23743181,13819946,252,484,109,48,1.483191909052849
a02473494f1091b656bc27dd8ec4c88e1a5b37e109ddec4bb2b50cf905ba5465,Zigzag,23743489,13820023,23743717,13819548,788,85,112,67,1.556561464452314
a02473494f1091b656bc27dd8ec4c88e1a5b37e109ddec4bb2b50cf905ba5465,Zigzag,23743489,13820023,23743434,13819948,505,485,96,45,1.5564950185831166
e120e973e1bddd76cebe61ee1e4ec02cb7d664d00cf289b0192828ee51c9189d,Zigzag,23699682,13773538,23700141,13773155,1019,176,47,100,1.5579242039821075
e120e973e1bddd76cebe61ee1e4ec02cb7d664d00cf289b0192828ee51c9189d,Zigzag,23699682,13773538,23699161,13773704,39,726,46,89,0.00509465057201085
4a5ad2b1369cda91521189fa2cd04c78cf72c622f6fc48239ddecf1ae011d69a,Zigzag,23789160,13860933,23788673,13860860,73,487,104,63,0.10642663331894041
dbfd4acb9f649b73196156723301bb4200c41c8e38fcd06b86dd7d63b51c0295,Zigzag,23777975,13863082,23777440,13862912,24,390,53,108,0.0878754027053415
d8becbcbde9194d20fa23cd9a6920f37fc563cf451c06d4a207d8850a6ffa6ca,Zigzag,23696886,13802750,23697249,13802860,923,670,53,106,1.56682648571597
a851ed481720d34b07d14f571d3f8df18ee5c5eabe1a1e5976b482982c07fc7c,Zigzag,23742557,13731199,23742549,13731601,552,962,59,104,0.005263928789096313
336fe6dceb39ce6b8bca1fce1951b055c524965ec16cb6eb5b0169eae5618b8b,Zigzag,23768655,13672288,23768621,13671738,526,11,21,55,1.5677230388969452
7520c9ad1f981089dff5d99b3f14f59052033def340c05d8fe6fea92c71af25a,Zigzag,23831103,13838344,23831648,13838119,1104,335,90,49,0.9635625750593133
5b31f8fc940a9ea6cc81f23518d522ba2291cb1aa1c8e6221c74de4e243799c5,Zigzag,23858133,13763783,23857634,13763429,61,206,92,48,0.8688170240122728
1382efe4778540208366624e1dc292f30b41fa13d9f61f8c6abf1b6bae17ccfd,Zigzag,23873046,13756189,23872787,13756400,300,771,106,52,0.8797769305833576
9b8cc6b826a52e68d75c4c298135e355df1c25af9ab6cfae4d27fe3d53be8fe6,Zigzag,23762130,13805991,23761611,13805567,41,136,56,107,0.04534013030508489
61ab0c1b04277cf6a0577b881eb7fb2d9bf535523a91ebba2830d129657574dc,Zigzag,23688497,13822180,23688909,13822051,972,431,107,56,0.051627300200597935
fb91fd4bd87ce84e366f63b80407a455251c1b9d27207ae1af9ca208aeed9bd9,FCBK,23758402,13776788,23758788,13776882,946,654,112,58,0.7462290558748353
629aaa4032f7703a3392a8f16d3e0dd7e7ef55008aae57230f132938e7088314,FCBK,23862794,13812470,23863209,13811982,975,73,100,49,0.9790178975504518
7cb624429578358f3ec3e072ca579386bd6b42b97760fa8aeb48f197277362ca,Zigzag,23930834,13787614,23931210,13787849,935,796,58,122,0.06041494949428921
7cb624429578358f3ec3e072ca579386bd6b42b97760fa8aeb48f197277362ca,Zigzag,23930834,13787614,23930624,13787503,350,449,64,103,0.0001092803787600673
3a438537ebf8ebc2c0b4aab9d5c8c3911d312aa7a04d5d21ec1b97e90014723a,FCBK,23861861,13765952,23861785,13765551,483,159,47,102,0.0006626580023656453
a5de9548ec9aa2deb7da34f6f395348999723753dd3aaf87be9f3101dbfe72a4,Zigzag,23777975,13693054,23777998,13692871,583,376,114,63,1.5508224854612478
5956884cf19a30f66d6a94ddd0f90d082940c2e8e6976fc14790c963e06621e4,Zigzag,23763994,13799508,23764354,13799359,920,411,100,52,0.017517295771078467
8be30c9086bcdf139645b455b25faba4161c3e5e619f7d867fb254a6c307d05b,Zigzag,23790092,13681037,23790214,13680928,681,451,54,109,1.5683611322941282
e2045f603fdf4edf3ab3ff1d2fa88d46d739951546039e68292173f1900642b7,Zigzag,23810598,13656959,23810615,13656553,577,154,105,53,1.5347219456170103
60957f370486393c5ba1baa29f428291038f7f561412ad2258f36eebb963d622,Zigzag,23835764,13825415,23835879,13825846,675,991,56,99,0.6964501808854557
75d7ce971305c46b7541124976f1e35a5f841762f1b65dc3f0227ea3e2e9d262,Zigzag,23743489,13783285,23743556,13783600,627,875,103,57,0.014705810132146724
7d4c7154d9f6307cc4dc10d028bf25c36b950f8d32c66a2e458472162d282d0d,Zigzag,23869318,13823258,23869298,13823568,540,869,109,54,0.5668704827801788
724c10df8c834efbfd963999ef69ab84038b485cd99701ee78635ff34855c1a8,FCBK,23880503,13752933,23880092,13753240,149,867,40,110,1.5700718138203404
67accd243d42fdfa182eb8bb5e9c52d261fd7fa81fc85c65f6f0a4d94a069b31,Zigzag,23876775,13727935,23877035,13728346,821,971,91,50,1.5704776795704687
67accd243d42fdfa182eb8bb5e9c52d261fd7fa81fc85c65f6f0a4d94a069b31,Zigzag,23876775,13727935,23876512,13728461,298,1086,47,67,0.005936807647423857
f5096ba8fc05d6c17840994d861e6044792b9dd2458ab3b4c474d292a18fa48b,Zigzag,23866522,13836190,23866366,13835707,404,76,56,99,1.5473558486702916
6365637b8bfa7c2930cab9fc204e711e3f0daaa51922e9809072f07f6278a87e,Zigzag,23797549,13748590,23797640,13748345,651,315,91,50,1.565766680760173
1ed5d77abace5678d32abca8c9a7c3afe5ef41563a688012aadb34b368481ab4,Zigzag,23750945,13837267,23751309,13836762,923,54,122,52,0.08766434718895272
f605b2a275a2cb5027b76f24ea8403160b53c1f66971c54575ab60996e26414b,Zigzag,23722983,13798428,23723254,13797913,831,45,81,51,1.5633368125815847
2617104ec6a94a53f351abe5407a52c280a5d44262fe9b2eca6fb4fc9876e89a,Zigzag,23763994,13775705,23764037,13776077,603,932,51,103,1.5622240107200949
3ad255211238f61ebf3d6f77930a417f2e20da2ad84a198c2c0c6586f17b7714,FCBK,23729508,13709419,23729482,13709050,534,191,48,131,1.5653995640039056
9e824dfbdc80b020e2b7762ee82f4a749f11de9f7eca280a502ac2b9059510e2,Zigzag,23859997,13751847,23859881,13751438,444,150,50,96,0.7500494936166086
9e824dfbdc80b020e2b7762ee82f4a749f11de9f7eca280a502ac2b9059510e2,Zigzag,23859997,13751847,23860167,13752337,730,1050,90,58,1.5666045112391118
9e824dfbdc80b020e2b7762ee82f4a749f11de9f7eca280a502ac2b9059510e2,Zigzag,23859997,13751847,23860238,13751670,801,383,91,51,1.5106761309766303
3e99b3fe7ffe6e3f08618c5eaf61c36188553663d8a60b219e832199fdce557e,FCBK,23793821,13853409,23793477,13853732,217,883,49,118,1.5564794390907395
c608bf9c60e00d9b62fd303a2db64dd5d3999d645ca773798d742898c6b14578,Zigzag,23822715,13828649,23822440,13828671,286,582,56,103,1.5692848497182221
da6da8dcaf1962079ef39d78fba3302aece654f17524a1b29e329332d5baa23a,FCBK,23812462,13849107,23812755,13849575,853,1028,121,47,0.0010009133354865662
15fa659e731cecda92cbc663ad31f45305245e206b33f7569b18ddb9bfe4bf5d,FCBK,23908465,13794103,23907975,13793715,70,172,51,104,0.007194764271890394
a1241b0276b07436980c29e1b7bce8318ae918c28721e74daf6897f78fdc90ac,Zigzag,23814326,13804911,23814274,13805272,508,921,61,113,1.565265207526911
0b67bda8b96f2c03293a4ee03d078cfe0c603dea648d4f4ed79ba45261795b9e,Zigzag,23886095,13714869,23885983,13714990,448,681,47,93,1.56596881468691
2d2c5b535e04681387e07a93760b0610eae04fdc87276ca52efae7e514670eec,Zigzag,23771451,13663531,23771140,13664079,250,1107,25,34,1.5574166054783385
a4a972ae5ff363cb8187ca06a5dce531592ada6bd57b97db9377c27ebf7a057d,Zigzag,23754674,13653671,23754735,13653735,621,624,49,108,0.10290632550964075
a4a972ae5ff363cb8187ca06a5dce531592ada6bd57b97db9377c27ebf7a057d,Zigzag,23754674,13653671,23754990,13653289,876,178,102,51,0.00207095975813577
56c1a92ce943eb7c2b5f23fefbe955ce710e048879485187a235523745fa7d55,FCBK,23873046,13727935,23872687,13727973,201,598,120,50,0.052992603022940676
2227b7bfbd815c4b0d575c8dfc4fde18ab689f8a5548166ca70efad00ea697da,Zigzag,23837628,13685408,23837295,13685453,227,604,93,42,0.0002765378102113793
0e45ed1ccee766d2af91adf861f5a2bbc33fb1d8f7fb6a453f6d5204a4dffc13,Zigzag,23874910,13760529,23874839,13760621,488,652,100,51,0.4503715661590986
b7c20643d652a4047a9bb3b15c4f6c13e2d065776309c613328681e813ac57a0,Zigzag,23771451,13687594,23771283,13687140,392,107,109,59,0.03478225286768272
344997aeea6a83b44c2595e5114c6d439a0a2d6b8359377843ec0aa56465b91e,Zigzag,23854405,13836190,23854462,13836121,617,491,57,122,0.1020030145573995
c7fa1f2d7e278a83bfedfa11a9e97645dbdd8c8bb9f1e0999748c16c36c0b02e,Zigzag,23844152,13818944,23843844,13818721,251,337,49,105,1.5632021897884811
36e77706a2103741b0a27453f36a3392ed71558a16508e54775d100e1046dae8,FCBK,23773315,13701786,23773183,13701513,428,288,109,46,0.04013489456955174
6917b80b87ac743cd548c1c9b707b676048259f63f267430362b316ac252934b,Zigzag,23812462,13708329,23812811,13708545,909,776,48,86,0.47356630109411646
bbc2cba513d3ef3d81889f8d65c2b9797c33e18b31259952e862684b049634af,FCBK,23809666,13800589,23809547,13800799,441,770,46,105,1.5567149956891573
f512cddade38e9a392c3c54edc5b0bbb8aee99eeca6eac5526b7cd86400af57d,Zigzag,23842288,13835113,23842721,13834698,993,145,55,109,0.14713875141001
478c35b61bccb37e03bb0452b0789166c310d0af52b7e31ce1bf9e4df175e4d9,Zigzag,23851609,13825415,23851831,13824996,782,141,51,114,1.5669101089741984
dcee4ee196310c5cccd6f7e51ad09fe0a37796d671bde0bb5ed8de610fc54295,Zigzag,23773315,13807071,23773277,13806522,522,11,109,27,0.035895125469388785
321a6aed326d2042491ae8b4f0852492e75648dbdbf0fe323886693908a56452,FCBK,23887027,13826493,23886694,13826310,226,378,51,123,1.5702973835646703
2be89a7ea408a756c3198f5abe46cefeab1fffae172ed59e58a065a6c2d16b94,Zigzag,23791956,13649286,23792469,13649813,1072,1087,54,98,1.5668882710532597
efc11da8ddbd3d8e74da9d5e39750e18e7d87107c2fa3ef19bcca429e384d32e,Zigzag,23744421,13644899,23744625,13644523,764,185,52,93,0.0026190894150789797
14ecbffed399954e524c8d69cedb2ef259b344b166ede0a337d060420d7288ad,FCBK,23894484,13748590,23894525,13748870,601,840,121,48,0.005992625319247586
14ecbffed399954e524c8d69cedb2ef259b344b166ede0a337d060420d7288ad,FCBK,23894484,13748590,23894435,13748961,511,931,108,53,1.5686009499502898
14ecbffed399954e524c8d69cedb2ef259b344b166ede0a337d060420d7288ad,FCBK,23894484,13748590,23894425,13749049,502,1019,52,117,1.5697065612768362
14ecbffed399954e524c8d69cedb2ef259b344b166ede0a337d060420d7288ad,FCBK,23894484,13748590,23894088,13749112,164,1082,79,52,1.4882576409203432
df568ffd08e537112e24c934cf6c0876dcd469d0dca4d6ed4ad21056c80e57fd,Zigzag,23810598,13658055,23810688,13658332,651,837,105,63,1.5578708076022514
0d43855d5641c2af4d99fd1cea70ca7a1d3312186fba5d69a67ca06a31dd56c7,Zigzag,23810598,13655863,23810517,13655364,479,60,54,106,0.013108521011722855
5b7e0169046d37a6a9c2ac04bb2ddab21096d71c9c8baf7ff64e061dbbee7296,Zigzag,23787296,13642704,23787223,13642410,486,266,96,53,1.3990125827887525
3cff8353f0589591cbb793739ac9449ccc5a81f9e111ccf37e9e20b73de01cd2,Zigzag,23840424,13763783,23840413,13763391,549,168,62,119,1.5626874007497689
738aa0ae897c09c4270baea828e3eda8f47765303d64729ef0a15ed60ac9f303,Zigzag,23849745,13799508,23849941,13799058,757,109,116,60,0.16428942560633625
ffaf5e467aac262ef111352fc3001d91ebf0e78db673d87633217332636f16b3,Zigzag,23835764,13823258,23835351,13823491,148,793,59,103,0.023944989025985228
ebe91657bb38c00d89392af2340f0666a6c38f0b09ffa60daded97ce49bf9fb2,Zigzag,23914989,13739898,23914848,13740274,419,936,91,53,0.06691895479799434
ebe91657bb38c00d89392af2340f0666a6c38f0b09ffa60daded97ce49bf9fb2,Zigzag,23914989,13739898,23915192,13739844,763,506,55,97,0.9826093700175054
f2cdf0bd7cec9bfa51d23bea104bc48c067d7911d47cbf54e9412835d04d878c,Zigzag,23826443,13591000,23826852,13590849,969,410,54,99,1.3606168572466983
f5a9b74cbfcca33596cffc0924ec6bea996d0616d77f64af00694889c7665e28,Zigzag,23762130,13827571,23762570,13827414,999,403,50,95,0.16793815603682655
ec0512fe113f13248bbb3a8cb467de154ed880380f82fe296913e49771b4f434,Zigzag,23846016,13851258,23845681,13851233,225,535,100,51,1.5597680435628238
0847b50de9cf32630a20d987394db98d225183960facd4e770af50d20fe2338b,Zigzag,23806870,13636118,23807332,13636460,1023,902,110,48,0.02915618774564662
e6f74892a8bcba967c34763f183d0074c4723e60c7b91b673b30c68c5cff600b,FCBK,23849745,13697421,23849411,13697634,226,773,45,83,1.5610145361110355
c0fdf47dbca79b8fd86744226b495fd81449ed53cfab1f877c603877fe0ceaf8,Zigzag,23752810,13674476,23752373,13674551,124,636,55,106,0.0022267964238346003
9c45bc15e1765e19f52ea633e8e8fb4833afabc3021d17596bfa40e2c6b7ea54,Zigzag,23765859,13727935,23765713,13727849,414,474,104,58,1.5123366119162946
58a22160014d5faaacc8b5a9afa1a5ddc7edaaf0f80d13acdb6afb7d2a91acf4,Zigzag,23704342,13776788,23704472,13776264,690,36,33,69,0.03205026986937095
2fa4aafaf3fa05d5b61b99bf97e9a6d68fb732e30eadb7e24e8121a20fffdfb5,Zigzag,23823647,13799508,23823177,13799719,91,770,50,91,1.559064170086716
2b3c8d615bbaa53c382a08f671bc2d455857029b4bd83dd9ab96269fd453d92f,Zigzag,23865590,13722493,23865152,13722238,122,306,51,90,0.005738375618631783
68ad083d0001f1b6bbe9e0a79dd7ddd16bff187bd2e201ac8d0a1b650319284b,Zigzag,23851609,13869526,23851467,13869238,418,272,115,58,1.5636410787361261
45fd207b8d83a9f4e25fcfe858e300a2bdc103320ecb096a7cf2a3ecc3409d52,Zigzag,23765859,13791941,23766010,13792187,712,806,104,56,0.25214860799616345
59f7043179f6471f4dc9ba3752e750181589e0c27614d9872ffda0de4d4709c2,Zigzag,23918718,13775705,23918214,13776113,56,968,100,56,1.5698454451276838
9d44f989c414c8922e3117baf9db73c27a60dcf59b83278d3ca78595d6ef23e6,Zigzag,23816190,13721404,23815724,13721238,94,394,49,93,0.0005880320154175567
80c948c0eb201fe7fa0e18d062513409f0054623009a30e25100480ca3bd91fb,Zigzag,23848813,13822180,23849057,13822458,804,838,47,94,1.5689451635211826
97cb1128f1fe89a3eb959edb9e8444391ee35aa32ea3738aa92b9106ce953e8c,Zigzag,23859065,13672288,23859123,13672101,618,373,48,82,0.0249295347138523
8e56a28de9a3aab87e0b277bb5ed625dcc19c930eeb9465badb37690aa691f50,Zigzag,23818054,13865230,23817579,13865582,85,911,102,51,0.019819209462261463
8e56a28de9a3aab87e0b277bb5ed625dcc19c930eeb9465badb37690aa691f50,Zigzag,23818054,13865230,23818116,13865342,622,672,57,109,1.5685804436098962
399a5f4669657a34634760ab32284e7693d1dfdfda3eae5c707bd52f8ad0a66b,Zigzag,23876775,13765952,23876748,13765510,533,118,46,146,0.005650411199767006
669889c5d23dc2d2feb41c222fbfbbbab246ad9273af2bdc9a38f0bec18e17a0,Zigzag,23817122,13864156,23817099,13864125,537,529,101,59,1.5700650227595607
e05fa2d7b7060e88ed2b1e248eb8b1359165cf03340a0fe4014d8d75c3cd56fb,Zigzag,23761198,13715958,23761021,13715644,383,246,62,88,0.0015199591407166438
d3479bf10f5a792b858d2bf1831603be34a4e0626cc7aa06622ba253e5df008c,Zigzag,23830171,13851258,23829714,13851514,103,816,108,53,0.06764120408562384
eda1ba35436efd2b03c6592015aa5a1d5feae4f070ab40e3780174220586bd35,Zigzag,23810598,13647092,23810795,13647526,757,994,63,104,1.5561999403343358
cd05569c6b5c3314a26bf12f95b0482da38ae3c71f698e8b93dcd1fee329668d,Zigzag,23800345,13756189,23800227,13756116,442,487,43,89,1.564116053516542
46915dc309eb7ebfb5ec84806ff5b8e5ada92b69affdc42a9e6dfc5c41f2b88a,Zigzag,23791956,13679944,23792335,13679806,938,422,104,55,1.059491701473812
777b0d93fdfe7f1c05453b4fd705961352a51884e01c257bb7a44282101f8ef2,Zigzag,23676380,13809231,23676303,13809514,483,844,112,54,0.1953982929974994
b6ba389191f65c65c809142dbec5b8ee5248eb9839b9f7d0eef439f27e029afe,Zigzag,23872114,13838344,23872663,13838331,1109,547,54,23,1.5659154183070538
c97d1040c0558ed3b02d8ac421e744e4c8c917575bd01caddcdf55fff65cdd8e,Zigzag,23767723,13700695,23767487,13700383,325,248,95,59,1.5668037156886498
c35114cdbcc212f6498595e61668afe27b74d02869a4f5bf53c24b42ae86d84f,FCBK,23852541,13696329,23852346,13696121,365,351,48,109,0.7893319186436043
51c8f611daefb1b464136241c765b3b2f1785dc5ebffb1f48d8a263b2643f0ce,Zigzag,23797549,13625133,23797324,13625122,335,549,54,95,0.06166639385765266
1c2972954175e14f0f3ff6370bb83f96e3d53d91b16c0fddf1a5c52b6b975b5e,Zigzag,23754674,13770288,23755222,13770364,1108,636,27,25,1.5631164360013805
ed9453b4ce75bd4bc8d2c4129881fcdc10463334c9926e12f4d5de854c539b42,Zigzag,23833899,13730111,23834205,13730079,866,527,51,103,0.25534623222750796
acbdc843bbd9958cff4d5dba26588278696f7461fd8c5439ccb6aa23327f32fd,Zigzag,23747217,13674476,23747472,13674932,815,1016,99,55,0.01736712469451702
91d55a05736213cf338363b7e5464529600b16d2d6c3627e0099c671cb565827,Zigzag,23791956,13815707,23792269,13815897,873,749,102,57,1.5693198702865567
0f45e2527e0dfbae588d68036b80a37a9caed5de31d4aeb22cf84e0cf26ac47b,Zigzag,23853473,13693054,23853436,13692570,523,76,57,108,0.976104599054987
dc4141fbf56930cf66e6b0baff7a567a62c87f364e188e32692c47063862611e,Zigzag,23851609,13796266,23851836,13796098,787,393,60,127,1.0435550126156419
3b86bc6e090f684e9716656812a4b3c7e1f312b8cf6e24519c035ca6dfbf9851,Zigzag,23830171,13750762,23830100,13750740,489,538,53,110,1.5357460642142002
870ffdc23100996e85eceab0ec13a162fbd699ad3a604f74b8c417bc816b71a5,FCBK,23750013,13780037,23749516,13779947,63,470,44,99,0.0022907005866518683
f58237a74cf65458ff75bdb5635ee250b52921fe3509884ce921a86d72184ab7,Zigzag,23846016,13761614,23846507,13761758,1051,704,108,67,0.2369811399293488
a051300cd7a0aad5f57cb7bbbe775a31772cef864c8926e043f0f77166e47dd1,Zigzag,23791024,13660246,23790962,13660355,498,670,57,101,0.0029652631661607766
98e739f4b1fbb75a98f26876aedfe4a7a2cbe07eef20e071a4ba8fc7db17e797,Zigzag,23846948,13807071,23847364,13806661,976,150,55,114,0.02257710210514726
9e31c2b109733a82672a81e12e2e9d6da58122fb0ae544e56e442ad42192e884,Zigzag,23904737,13784367,23904892,13783821,716,14,29,102,1.5602303683280616
28a350f5cad137152cc502f3e0c2c2d60fbbdc56e691e1a56c6b687b0ac14c06,Zigzag,23882367,13801670,23882574,13801815,767,705,58,109,0.0648818529459223
764cc58001aa6b14a7b44686b40fc0e5f647b2ccb22337ad0a441a14176649f3,Zigzag,23670788,13840498,23670428,13839952,200,14,28,40,1.5581170168450293
11e07bd58e0267df68b659b58f1dc6739ff59b7d35d5b1f9829db8f87705e1a7,Zigzag,23816190,13705058,23816517,13705199,887,701,92,50,0.001405545943201692
2e31ce3c18d8dfde83d34f94c33df7dc40d3c207b346f17c5ad41ed32b1d2bcf,Zigzag,23841356,13862008,23841065,13861807,269,359,102,56,0.04806230538044459
df6c6b5084e5ccdc329ec6803ac030e17e89e806f5a80a8ab0a0f3b7a90092c7,Zigzag,23838560,13858784,23838706,13858384,706,160,49,98,1.5707390688314598
4763c847af30fc903e95a2550ae8f5d3451b90099239bbf4a9d5b8a163631338,Zigzag,23765859,13707239,23766222,13707180,923,501,99,57,1.564107398242999
faee0b51ef397b37d31c1bc4e9b7b2cd0e4280781e9c9c643c8efc2a317b2185,Zigzag,23831103,13649286,23830835,13649106,291,381,97,53,1.515639197984102
56853e4da50ab29c0f47dfc715402baed05d25d6e34856ff46f627434672d742,Zigzag,23816190,13600921,23816367,13601475,737,1114,14,49,1.5496771930344593
91f57a546171e160ee961c68c15846a821926a653ea6238cf99dac3ee3fd33d2,Zigzag,23758402,13658055,23757977,13658340,135,845,85,56,0.022372889664403227
3c697d8bb53f41bc4fdef7777e769b5189a7e5a352ce64e67d82a1cb83cb81a4,Zigzag,23795685,13882402,23795337,13882240,213,397,58,99,0.08289246185823511
3c697d8bb53f41bc4fdef7777e769b5189a7e5a352ce64e67d82a1cb83cb81a4,Zigzag,23795685,13882402,23795380,13882383,256,541,108,53,3.152506984411037e-05
4f66774a7a4add7586c72e64f53a1d25112d3fa4e3cd8971f61b455ac8f49d08,Zigzag,23866522,13715958,23866451,13715809,489,411,104,54,0.5551093309056301
eef9abb5d54c55441cfbe93dad690801b01bb8dd283eac431a6018a2dbd147f3,FCBK,23876775,13784367,23876656,13784449,441,642,55,112,0.6692801453912767
d0f039d4ba1a3f013bdea18d60eed372aef87050f794e396211ee5b4ac269844,Zigzag,23918718,13777871,23918428,13777505,270,194,103,49,0.009675570087664311
a0acb770668f9646f62ac3dfc1e18d3b9352e257451151fe5571753a5951b4d0,Zigzag,23855337,13797347,23854797,13797888,20,1101,33,34,1.561572202043298
2512737243e4934f727d53c5694dbe6346798d7f4f23640e940eeae99ba65461,Zigzag,23801277,13821101,23801152,13821288,435,746,57,119,1.5654915762195676
35200f65928e844e306272835ba4eb7e5e85344f2506d21607c68c2fcc1889bc,Zigzag,23775179,13822180,23775136,13822055,517,435,48,98,0.0730471797495109
815678072bd0615968d6e74eabf7648d1fc1d28b825c15b6a3a3c03bf4019adb,Zigzag,23751878,13647092,23752034,13647060,717,528,113,58,1.5674202374810031
894f26d227c2ee6236d6930b3c67498a64ab76b26d96027f329cff5a09e7afd1,Zigzag,23751878,13648189,23751476,13648472,158,843,57,109,1.405553306425987
c48faedc4dc3f3105963126fefeb6f3630db4c304adf2e6e6c56a8855e0537ac,Zigzag,23859065,13775705,23859102,13775717,597,572,52,91,0.003661159382491766
7bba46f5af44fb5e6d156b6f0601e474cb6448ed0d13b6cd163ed047c162791f,Zigzag,23842288,13630627,23842236,13630254,508,187,116,60,0.11841944691881247
4c13d5bc06407632e2a533117e6cdd3852995ad6b01e3567ef262d7178512520,FCBK,23860929,13686501,23860547,13686314,177,373,106,46,1.5340464348065117
b8474f3e4ed56770ddd1114d27c897735b9a35c17b4affe7c8a792477c7f3fa5,Zigzag,23887959,13726847,23888179,13726870,780,583,46,97,1.5441930785597136
6c943759f7e7b2fe9c7a0f51f979ccb7c4860c5d7ebbf8934a5e249ad0d464b6,Zigzag,23836696,13844803,23836664,13844391,528,147,95,47,0.018755723934614155
7447187378452836eee63d814f3425464d9f61d937a74e2f9969ff39908456ce,Zigzag,23820851,13837267,23820722,13837252,431,544,98,51,1.5439053240039304
6301783b2a749be69b101635c16d9250a3761118246bbcce19778032de4f82f1,Zigzag,23746285,13659150,23745907,13659054,182,464,48,112,1.5606574062088558
55b80e98fffd35ff318250c748bfa54ca6cfafbe9bb052a7dc644d76cbf72ab9,Zigzag,23835764,13824337,23835943,13823822,740,46,55,89,0.008786565303903829
da481111b6a76c7946434a11451637c35fff1bb8d37c854e59ea08588ee7842c,Zigzag,23808734,13625133,23809047,13625452,874,880,91,51,0.7341623395547135
5a3911e6c69176a331a7cd003559b6dae46a9180d383d7b96543e154cf5e4c1d,FCBK,23698750,13805991,23698687,13805455,497,24,113,45,4.937120546125978e-05
e7a96d749435a10b539554337ebda6d02d4f5c50602ea07bc729486fec6d8dc5,FCBK,23744421,13797347,23744412,13797295,551,509,107,47,1.5573094132444627
222cdd0aefbf8b8e9147942244c3aebc95fb2e07c6082d99f7e3d40ce1cd7790,FCBK,23838560,13794103,23838928,13793599,928,56,123,59,1.3424867223357115
f53597fbae5a88eb8915b11fbb6b08f1aba774942030e6bf3ca92a4b79d3809f,FCBK,23886095,13826493,23886646,13826310,1111,377,30,43,0.02298513583485023
cfe83292de9360be3ab7029fba8a69d97ed925db28df8f6f8452d82a4241d917,Zigzag,23871182,13821101,23871518,13820744,896,203,105,66,1.0735406751723073
8cf73eac25ebcd99a18418b25b5765be722bac3ddd359b0ec17e892ad3af45e6,Zigzag,23746285,13709419,23745975,13708892,250,33,47,104,1.5566622650995734
c233df1ce4174bb820cb64361f8f0db2fdeb5bab25dba2a628551f31d2804697,Zigzag,23865590,13687594,23865298,13687366,269,333,102,51,0.006067782638042064
f2214b48897a720398b38b9d0da7f737e1d9385325e739a73d700887994bf448,Zigzag,23755606,13641607,23755536,13641585,491,538,95,51,0.009841311293927013
f2214b48897a720398b38b9d0da7f737e1d9385325e739a73d700887994bf448,Zigzag,23755606,13641607,23755829,13641817,784,770,50,119,0.007158528636308504
13ba4e08ed284c344dfab89c6faa2f7e00574d86baddab3da01135c5813caf44,Zigzag,23729508,13743158,23729111,13743095,163,496,101,54,1.5324336244503596
a8e9bffa84958666437980d4b6436783ba3a650e6ea00117c095743689c0a2e8,Zigzag,23846948,13759444,23847061,13759476,673,592,104,56,0.28602476607602795
9f3be9fec4a0775c99e596ecffd940309a91c0c80a4c6647ddcae5fdd0b59528,Zigzag,23811530,13813549,23811818,13813657,848,668,96,64,1.5288902886200093
9bc4b1a62fc75011eaa20116ac71cc029af3f77c88c3045fd0cda53f7e1a6398,Zigzag,23942019,13776788,23941919,13777150,460,922,102,56,0.3020438464804227
ae529becc6f43a81178ab0236b3afcd1b0e515c508509eae0398799d206106b2,Zigzag,23721119,13814628,23720879,13814374,320,305,55,117,0.009815083318378935
587ea2283ce2d2fa528d13ca1679fb2a0efc99621788d77e44e662e736920696,Zigzag,23830171,13825415,23830485,13825275,874,421,105,53,1.5677122530945302
2836cba459c21c30894951fef57adb978fbf62ce2e7c33ff41fffdfc271722d7,Zigzag,23742557,13828649,23742800,13828451,803,362,96,51,1.447264800683244
5f57144694390076f40ea4f873e9f2e55d4c31d7fa9ca0bfc11c87098b5d532f,Zigzag,23777043,13754019,23777151,13754165,668,707,48,104,1.5683427564826065
bec5b443a320226f4e162405259ef1c279f01041281108f6d1319961d70d32aa,Zigzag,23696886,13803831,23696843,13803562,517,291,47,100,1.569117070569547
db345d5070ca187ea749a3a47e603cc4669e701210bbb30e30a173a8aa810cdc,Zigzag,23723915,13789777,23724263,13789533,907,316,52,106,1.5682309037168232
e14ed6a00d04f6bace05fcff543d2be12e42baf4efcb26a63dc13503b6643318,FCBK,23873046,13817865,23872633,13817333,146,27,46,95,1.5676773656842502
1eadd9b80b30c98a795eaf2623f2d42c31fbebe7d1cf03b313cd0c5063500575,Zigzag,23835764,13643802,23835447,13643357,244,116,108,50,0.016128773512981587
d475301ca0919c48261ded0fa6e47f88ea764f230930e2536d100d65c117f496,Zigzag,23821783,13723581,23821856,13723247,633,226,103,54,0.9402404078661352
c88f20999110acb214917505aadbcf716ac404833d7237299357fc81c41aaf2f,FCBK,23782636,13790859,23782918,13790539,842,240,119,57,0.09003185578614112
7a6d6183f7f438fd43052469beaefaadf59e06bf2f954d5446f37fc8a810476b,Zigzag,23684769,13816786,23685027,13816313,819,87,103,48,0.004643393009607785
7b1cc6d74f737ec699567563113f6e7bf4d18ab7dc171034d037126a373cd653,Zigzag,23797549,13671194,23797980,13670711,991,77,107,55,1.2635867134585335
d44a25dc6d23c289c84060e62e6c39a23b420d7e0a6be1c37a65ee5a3976a9bd,FCBK,23909397,13747504,23909202,13747923,365,979,49,98,0.26135928378425705
fca81210a15a26c4768108f40af0fcf5c1d669a192ca12932281bf457f59c213,Zigzag,23771451,13734462,23771632,13734818,741,916,55,110,1.5428170232244696
2c85dd1a9c0131fdf161910c035ecc85c42c32d8bfde86ab24d37526b95debdd,Zigzag,23813394,13675570,23813252,13675708,418,699,113,60,1.5629166989196246
586b59c49a554e3243220721efaa778a74ab969b19193c4b66750c7bf25f10f8,Zigzag,23846948,13857709,23847225,13857843,836,694,57,110,1.5404023350640947
4b34d9d0391b99e2008a90c1f41ef59519c48d35eac7dff28a14c3e059dc27a1,Zigzag,23773315,13770288,23773014,13769919,259,192,60,93,1.5690049514876547
936a97a0dd790dd65ab7abdbdfddbdd1b96d8604d92e0ac3302c28766b49ff02,Zigzag,23768655,13757274,23768966,13757513,871,799,101,63,1.5703865994611879
d6abd7c1a83123ef176fe803ceeb9a2d1268b4e617809429fb971f98000a476c,Zigzag,23906601,13821101,23906239,13821634,198,1093,107,61,0.11422340359479724
3c91033e4412d1714b755bddb88a904c714c84f41c74f45802f06811883eae2f,FCBK,23917786,13786531,23917709,13786042,483,71,127,52,1.5669513879710948
9b6a85af5b1af2014496f53fb08cd1e8c0e73c16185de0bc32eff3e57fe22ad1,Zigzag,23889824,13763783,23890114,13763500,850,277,114,59,1.5697929808542093
9c70cb4efe2e689d4ca1e95d012a4bc0c52b3ff34815e94f23399e52e17159a0,Zigzag,23755606,13826493,23755594,13826513,549,580,61,115,0.49378275640307145
f7191f371471a199a19bd3df61d798d44fe64f5aa5b6d0b75bd16508c12b2f43,Zigzag,23861861,13752933,23862401,13752931,1100,558,50,69,0.9891502268127946
06c0681bd045565461ac2385415a630b0d96a80db691c5f8114c4713be536a4d,Zigzag,23806870,13628430,23806807,13628710,498,841,53,100,1.5700545032732551
e83d10822c573cdbbee921fd96878563e90519b1ad5de07eb67ccf2d78bb0d0c,Zigzag,23703410,13801670,23703523,13801270,673,161,43,103,1.5410135305342678
fc337cc09d22387a2e98e79db311ceee07a861fbbd06fdb87494dcaa2d1cd597,Zigzag,23868386,13834036,23868594,13834109,768,633,113,62,1.5673567210890047
098672a0d94145ca103bdd9e5fac3ce525a9bf1ac80429e74a9832ad87e49620,Zigzag,23832967,13669005,23832751,13668852,344,407,51,99,0.428385873069463
a3637252e43a12eaecccdf5f807fc7bfa9e1b97124a471fcf7c4b1dc8d3748f8,Zigzag,23931767,13758359,23931297,13758396,91,596,53,114,1.0765717519669808
1bcf709dd3ed2e96c146a4b1d8e45077cf632b19da1bfcc5a4d2aade184f0d20,Zigzag,23854405,13855559,23854322,13855039,477,40,52,77,0.027374999029574375
a1c65ff223f3a61225033e221bdd0e35401f01e5e55569f8208dcfb384f80173,Zigzag,23684769,13787614,23684750,13787628,542,575,94,51,1.5443331608330517
19ea9a68cc946bdb33cb6f0e1cc71da422550a0627ce8177afb0bb38761bc33f,Zigzag,23824579,13695238,23824576,13695002,557,324,43,97,1.5433774854758768
86bc5cc71ee37e49f3c5184a8d3d3991410fbfaaa518f8f00064d6eceebee69a,Zigzag,23858133,13823258,23858169,13822814,596,116,69,107,1.5333304439474438
a06576aaab8921affe711330eb740be5ea56c3bed4d9386ae2d77ffc46d2b082,Zigzag,23753742,13684316,23753293,13684581,111,825,107,57,1.555385146198826
f08e9af83d72a33db8046035f391638f58d716c6d35ffa097a5d786983588546,Zigzag,23830171,13691962,23830294,13692003,683,601,55,95,1.5644386954826048
13a7967dfba6932a34e1f9a2b309fea787845ecc0dc6edc8a3470036d9e4f6eb,Zigzag,23918718,13743158,23918617,13743536,459,938,50,102,1.5674085195722067
d5a2ace3568e8a507fd8cae17a375d3c52c9e1379540603ab3e7fae9a305b36c,Zigzag,23761198,13645996,23761209,13645858,570,423,109,53,1.5595994654658218
c902d06e40b5a92e70ee69d72ed082358e6f28a190633469258362e24e75e5f8,Zigzag,23941087,13793022,23941456,13793204,928,742,91,53,0.13473455432312634
c902d06e40b5a92e70ee69d72ed082358e6f28a190633469258362e24e75e5f8,Zigzag,23941087,13793022,23941331,13793044,804,582,58,116,0.09300883712117258
e292d3771de560c721afd815a8f96030ec3598774d4dc7600f543b17f1782af7,Zigzag,23866522,13782202,23866796,13782016,834,374,52,90,0.022567123573437868
f314a3ff6b9ab0a8df7111873d2e0b08eaa8b311e5044a7b7b838a828cab42e9,Zigzag,23821783,13760529,23821916,13760661,693,692,93,54,1.5652373774935198
0b9d56d98ef2d17b98904cc6955865e6463589b24d677cdae8d6d61d38115161,Zigzag,23806870,13823258,23806920,13823768,610,1070,60,116,1.3682259079552184
a9a6927047ed7d9ef5107ea908b6b44c1a6d1a899e3fa18fa6d65d9c9c81bd82,Zigzag,23800345,13633922,23800398,13634230,613,867,98,51,0.012709540989428855
1b2fa2d42a8b23e5c04c7a73a44bcb9db61e35a61633034dc2709f7c282ee5fd,Zigzag,23895416,13781120,23895274,13781033,419,473,104,53,1.5175084707532285
95e6bede3deb2e198b4e4526222143f7d1c3fe5899e7bfb8fba2dfca1ab0afa3,FCBK,23830171,13690870,23830624,13691228,1013,918,123,54,1.5189700135594641
099a0a1e606b947d58e396eb40b036c56d0a0483e2a5937c5bd26e36f26913e3,Zigzag,23875843,13768120,23876306,13768395,1024,835,105,54,0.01725324751018631
ca812856c963440db6ae7f334b8400a1247bbf6ebfa29afd8540d4cc69de7046,Zigzag,23912193,13805991,23912126,13806416,493,985,52,97,1.4126672754878613
ca812856c963440db6ae7f334b8400a1247bbf6ebfa29afd8540d4cc69de7046,Zigzag,23912193,13805991,23911839,13806340,206,909,53,98,0.025463954162630947
78f7b6d95d64226b3a8c0f8ef4f6eba3bf25bfed9bec9a489cea8e2b792f313b,Zigzag,23833899,13809231,23833589,13809239,249,568,55,103,1.5656652143226408
444b0638ce02f0f482034a848f74c1f039965b9013d2a3cdbccfc423ff3768aa,Zigzag,23845084,13851258,23845252,13851310,728,612,57,99,1.5296502216370633
6325038c27c9ccbf96bf63304af97de564dd1f4c63a68820665220f15f1ee255,FCBK,23832035,13752933,23832099,13753107,623,734,119,62,0.05609008823610901
6325038c27c9ccbf96bf63304af97de564dd1f4c63a68820665220f15f1ee255,Zigzag,23832035,13752933,23832383,13752409,908,36,55,114,1.3913292298858193
22966af3da09ba64e4847c46994b60f30c9a98d216157ccd35b9621ba5d7bb77,Zigzag,23796617,13635020,23796672,13635115,615,654,102,56,1.0175396571910937
4eab955fc0c141433a5673ad57451d276c8029cf60b0f4639b0a5b8a5b25923c,Zigzag,23801277,13760529,23801262,13760811,545,841,52,103,0.123084398009385
6ad8d4d5a6ccfebdd4f77d6ccd42a4593b7a02e7a73995bdd256ef5eec165692,Zigzag,23763994,13830804,23763479,13830492,44,248,56,103,0.2031754224603169
da51153bc3bd1648fff57e48c4afcaa7cc55ceefd07295eb69301daa2a6808c5,FCBK,23818986,13773538,23819244,13773410,818,432,58,118,1.5629867400562938
ec5574536517c31cdd9578f7c2bc5dec2df62407223235f5272686648df7d56a,Zigzag,23904737,13709419,23904675,13709018,498,158,53,97,0.0032581378051841107
ec5574536517c31cdd9578f7c2bc5dec2df62407223235f5272686648df7d56a,Zigzag,23904737,13709419,23904705,13709493,529,634,51,94,1.565755096009431
342e47995c5efa362dfb5b0d02015297e201043694149047f593d21296beb448,Zigzag,23744421,13701786,23744603,13701271,742,45,54,91,0.9739252677559479
75289ea795950bdfb523756876d51f8a0bd3e884af9843869a562fba99435637,Zigzag,23819918,13662436,23819626,13662172,268,296,97,46,1.4572316810628656
f0afb0e3847eeeca1b8f025760845d6d4c0761b1be622428fc1e6783f971b2e3,Zigzag,23869318,13755104,23869118,13754965,360,421,51,104,1.5705696917861307
f0afb0e3847eeeca1b8f025760845d6d4c0761b1be622428fc1e6783f971b2e3,Zigzag,23869318,13755104,23869289,13754591,531,47,89,58,1.562426144646832
479fe988434e0c3041971f3c0e34e6462c54f1b36b98ca7981f01445130eb9e4,Zigzag,23781704,13746418,23781658,13746514,514,657,100,56,1.5670094448828584
520c775a906cf6a15fb538884642a864596c8ec48cfa06965a1e338fcbfa83a9,Zigzag,23912193,13800589,23912570,13800105,937,75,58,108,0.0525589405289349
520c775a906cf6a15fb538884642a864596c8ec48cfa06965a1e338fcbfa83a9,Zigzag,23912193,13800589,23912398,13800091,765,62,120,59,1.557954963492698
90940ae5a9d3933388755477e896c0fdb52ec5aaf9cd4a0250dcd2fcd4770305,FCBK,23819918,13857709,23820417,13857433,1059,284,110,51,1.5661839981029884
010707d447eeb0ae2a63c5942e4934cd5ab613c6ce4260f3554d57fd7a501ffe,Zigzag,23926174,13749676,23926520,13750220,906,1105,53,31,0.0053251996993709
fde15f287ba33fe280245d8a0d1cac84a88d67f1e2d0b086a29491eabd817b29,Zigzag,23778907,13628430,23778407,13627926,60,56,48,94,0.009777208174250963
9d328b5eece5d29dbdd11979b11202b9fc24eb332888d72cdc11dd5352446711,Zigzag,23849745,13757274,23850153,13757762,968,1047,54,104,1.5688101412539155
9d328b5eece5d29dbdd11979b11202b9fc24eb332888d72cdc11dd5352446711,Zigzag,23849745,13757274,23849666,13757546,481,832,60,101,1.526897178860194
9d328b5eece5d29dbdd11979b11202b9fc24eb332888d72cdc11dd5352446711,Zigzag,23849745,13757274,23849824,13757612,640,897,60,128,1.5684933582422504
8d822397c38594fbcd7c33695341bbc431215a797ab868dc7af733036c41c30f,Zigzag,23906601,13812470,23906622,13813011,581,1102,33,36,0.03584055563417738
02a6df390da4afbaff5aa48aa3d08f04b4c4cdce69a4ea1eefa7a76ea92261cc,Zigzag,23734168,13820023,23734544,13820153,936,691,53,97,1.5666504507679158
ae451ff87d9b0d12e9e2493935325922f44d8c28b23961b35e66310ee6282f38,Zigzag,23870250,13757274,23870214,13756812,524,98,52,98,0.5644738375361893
336d557103f2b0569adf0740e25fb704935ba06c7b344a382307a5b590f1d041,Zigzag,23749081,13653671,23749413,13653792,892,680,50,96,0.12537113792413834
1993bc34bc23e26944e15d1f193e2e6422c61e312966f940ededae76c8d02e9e,Zigzag,23877707,13805991,23877204,13806425,58,994,104,65,1.440050696764383
fe9492af1b42cbbf014635566db2711b82470bedba2cd12a2c1a998cbc8af13e,Zigzag,23888891,13719226,23888638,13718928,307,262,81,48,0.08341524870259608
750a922bd724ed933f6779e5bc2bc1c5c4acefbe1c6689fe5470f59823996318,Zigzag,23828307,13732287,23828008,13732122,260,395,91,46,1.5600970771155032
c40fc21a282e682d10bfe62601b7d4921ed11ae971f9dac6ef7e071864ac49c6,Zigzag,23757470,13679944,23757292,13679418,382,35,53,107,1.5703246809658435
22a84661eeb6ab4b69f851e0842954c75680bbd9af7551790e78b94e9d1a22d5,FCBK,23853473,13729023,23854023,13729241,1110,778,105,52,1.140951207895638
efcb27770c6978b78d0e9af29a6c08a425712c29bea3ded04f6734f6d979f920,Zigzag,23846948,13793022,23846782,13793057,394,595,55,100,0.804798359832294
f58c0bb0ed5e4923a2259b46a6a288068c771d853297cce27b6f09944bca2eba,Zigzag,23863726,13787614,23863395,13787958,229,905,50,103,0.19006073560649214
5e690a1f9def71954326cd645b01804395fa9ce781f566b056817bf7a74899ed,FCBK,23866522,13799508,23866504,13800020,542,1072,109,47,0.0034494562810332306
9b5cd3095e1e02d101fb6079fc17231e74feec70ac384f9c4eb17cbb2bb0fbc9,Zigzag,23905669,13708329,23905277,13707917,169,148,96,56,0.5373841629279033
02f9d4bd6a888256bba6c8b2b66d8fef53644c3038926c5fb31a51be0c86af59,Zigzag,23942951,13798428,23942877,13798370,485,503,109,54,0.008723302744446836
b8d6ad08ff82d95b980b6fde56d3d10441d28ee06a4fb8f1a47d6ca00267da09,Zigzag,23851609,13816786,23851680,13816879,631,652,53,95,1.5691189347823102
6a34b694edd21934c12b14e913b960ff9afa576e33f6995c992fb62ac3315ea4,Zigzag,23766791,13793022,23767306,13793440,1075,978,97,56,0.9489081316869887
42e4f142c8bc1ebf8ea262c5be26fa36344898a2f7ea30642782e716f9bfdcaa,FCBK,23816190,13769204,23816618,13769300,987,656,46,113,1.549532583387268
e3546ef1ba6667c0859f4cef9b904f34dc1184cc97ef05c5bd74c4a6d4d6dd6e,Zigzag,23849745,13790859,23849653,13790554,468,255,55,104,1.2371753459798907
22f2890090caa9310c90fe3ed661834119812645f57cc80d182bec949fd9a2bf,FCBK,23848813,13579964,23849157,13579936,905,532,45,79,0.9476090417072481
1c70f387afb15673ac2db5b1a706a6c382648086b9a114d848c293183a5dd3db,Zigzag,23880503,13726847,23880221,13727347,278,1060,95,51,1.3804432926140113
d516d2e5da2d8f62d30060abc0f5f4cff703ba5589ae8e806c42cc27ad32c3e4,Zigzag,23840424,13731199,23840229,13731422,365,782,54,105,1.4570009181544104
1387f85f5b99b9eb82c8bf3ba10ce1fb1e3ff783d75b618f95a204cc06655f67,FCBK,23826443,13843727,23826079,13844031,197,864,90,37,1.5237411998103956
ec6910d5534d6e27e9c1b2d53e546995b5510980dfba1836e61510b2091cee42,Zigzag,23915921,13756189,23915453,13756739,92,1110,40,20,0.009063541339353175
66cff3f1eaeb0c93a84f8f0decaefc355d8362f82495ada2b4b17fec50e5ea9f,Zigzag,23884231,13829726,23883984,13829523,313,356,56,126,0.06062310050061412
f5ae2ec19876e4daf05aa2e27c3e28d24f8a4b42baedca3676c4c1186351176a,Zigzag,23850677,13757274,23850406,13757527,289,812,108,55,1.5532615415455968
4d09023a0d6a85646ffc7b8b2655392b7b946b3e3b61f5d9df107adea4d9b023,Zigzag,23736032,13696329,23735788,13696440,315,671,90,55,1.5697715424074339
4d9be7fc7c71d1cd130b4a1a96e0f3ab3ca53bb9ce4090da0b1217561ac27cd2,FCBK,23680108,13814628,23680323,13814463,775,394,101,47,0.0017397307880402785
35b5417f97b706597201760be989ba82775930764302ab762091d6b0d7099b9a,Zigzag,23818054,13721404,23817504,13720965,10,121,26,92,0.06245075721651905
704c8436b0c1bdd0641f9ac2eb6a3022e6578742f9da80a96c720f26cd87290c,Zigzag,23735100,13743158,23734562,13742971,22,372,113,57,0.8629637288314149
993316c39a1c9fa301413916d9ed22143fe182345a397b239300b13b19e67be1,Zigzag,23823647,13715958,23823255,13715958,169,560,42,89,1.5509969225126479
9eef04f5fe64b4ed42de9272267d2cc2cc99143fe5785ffb02accf15e26fb60f,Zigzag,23806870,13825415,23806362,13825832,52,977,90,49,0.009241100322953102
fdca626a66e175e9a9f1e8b647922183134ed168f05b695eaa7e53f843178d13,Zigzag,23875843,13722493,23876359,13722913,1076,980,44,91,0.001369308096988037
2b2049539ca7d743f67756dd5cbd26c871c1217cdb440ba437a0c4ed3573beb3,FCBK,23748149,13714869,23747829,13715263,240,954,52,98,0.002072688992324045
2b2049539ca7d743f67756dd5cbd26c871c1217cdb440ba437a0c4ed3573beb3,FCBK,23748149,13714869,23747885,13714618,296,310,118,51,1.5651411042201133
76d14db3063298a41ef01574ed23aaa7798a5ae38393bf94caefae91dda1657a,Zigzag,23849745,13860933,23849618,13861191,434,818,51,99,1.4803263477199238
b9ed783331bccac745a369babd8bd89b71311962e233d5b3f41a88ed73cf9982,Zigzag,23858133,13775705,23858204,13775366,631,220,100,54,1.2401911095982965
be78c818e01f2b9b1aab413d1a2f2cf176540314bae7e27718708c4c79edf157,Zigzag,23769587,13834036,23769627,13834099,600,623,47,100,1.5591215612082072
b7759a6ce854ad1a2be8a557440f6755a014a00b79fda510514f588085cd397a,Zigzag,23928970,13754019,23929405,13754432,994,973,50,100,0.0018936003815804357
e9b4cc036cd32d0a770a6dd7fd857afdf0dea8489e118e10a89567fc0d97b15f,Zigzag,23739761,13845879,23739212,13845342,12,23,39,22,1.560128236100257
9a10317d2446db123fa4dc325ba6f07c76f6d23d5448af4597a8712f5235af63,Zigzag,23855337,13729023,23855677,13728746,900,283,50,97,1.5117375338290813
4db23b350fd625e1934b36e299fb7fc052da6f3a0d5399b17f733c829b6c812b,Zigzag,23751878,13644899,23751889,13645268,572,929,59,94,0.07530964328645251
0ac4df0b09b16e7e6d247394a2d4c8a75cd287ef47e9e35bf7c0aade572327c4,Zigzag,23780772,13746418,23780843,13746678,631,820,110,62,1.5706337408103472
075bb96bf2626b1d6e720a8eae40d3f6f78f63e88c7f52604c28d87895c710ab,Zigzag,23743489,13777871,23743678,13777523,749,212,107,61,0.01249846778798596
36227bd55ee0a82a2be5f520276862e259edb0ccf762c907340f4c5421cee57c,Zigzag,23843220,13764867,23842819,13764492,159,185,55,95,1.5515921390162806
36227bd55ee0a82a2be5f520276862e259edb0ccf762c907340f4c5421cee57c,Zigzag,23843220,13764867,23843446,13764803,785,496,105,54,1.430740551909575
36227bd55ee0a82a2be5f520276862e259edb0ccf762c907340f4c5421cee57c,Zigzag,23843220,13764867,23842947,13765376,287,1068,99,54,1.5632727635573682
0529e18bf63a1682df44137e7a221ae0b89b5200038c129fd6b172f05dbd6cd0,Zigzag,23912193,13799508,23912571,13800060,938,1112,48,18,0.057766082089123136
5cdd7b0312795e59ad68244e843513fb9ab6d4e0ef029ad650874eddcc8bd594,Zigzag,23795685,13701786,23795315,13701910,190,684,49,103,1.5636641150795554
aadd766a4d4ef4a40134d2c852e7bd5835bf765cb3090c8958cc85c8387dac7e,Zigzag,23750013,13771371,23750135,13770917,681,106,75,56,0.0052849464356132725
c0a9968355ed1223fa7cb2e214fe377311f5ba2cf93d5fa8858289f3616ba0fa,FCBK,23826443,13610833,23826050,13610508,167,236,105,60,0.22160887477470706
c718cc4f4b9a7cee238506c681e7cb2af1953ca724f14ff3687d6c433570c42a,Zigzag,23942019,13785449,23942571,13785466,1112,577,28,40,0.13245047756946307
cd4e51fcfa8fa63583638e9eb4e1eb00f773b2ff3623ff4dc0d42c79b4c9b95d,Zigzag,23836696,13665721,23836919,13665951,783,790,100,49,1.5701940529143752
e7ec96ed0f7dc83c79d079b36b0d657b34aa9b2266a75a324c240b9047aaf16c,Zigzag,23734168,13791941,23734240,13791948,631,567,60,115,1.5673439379157723
2010d3d2e4227b6bef498fa179efaa81da63881bd33684528d5166e6290a7577,FCBK,23916853,13810310,23917176,13810272,882,522,110,59,0.19004648769466023
0fa1d5cdd7e5067537d6c9f275736827a79272b9f8c3580843cb51651a2a2d07,Zigzag,23908465,13821101,23908822,13820708,917,167,113,60,0.04676824627845067
8c72c5138754531647bd77563c61a5d8338141f22bb3d36a481d488dbd3da624,Zigzag,23891688,13751847,23891990,13751356,862,69,100,49,1.569065804718563
2f8f4f3c9290083ec3a33b5bc348232b2677945d2e81338cf67222c8cc1a8c3a,Zigzag,23678244,13797347,23678732,13797605,1048,819,106,50,0.0018856848894557184
f7bdba48892097bb5b6e236b14bdfe5949581b7cedbaca18288ea2b721ebf28b,Zigzag,23814326,13862008,23814274,13862469,507,1022,45,102,1.5247988742373204
1d6c839b19375ae30e0ce073d42ae1994dc0f856364363a87c439a1568aef60e,Zigzag,23743489,13645996,23743869,13645909,940,473,94,53,0.6273912846054203
ddad130b91c100d04dc98fb005a4d3ce66e77fc139f6c5ffd65837642ad38121,Zigzag,23747217,13803831,23747162,13804326,505,1055,124,56,1.5363234375385293
769347cfbb70407dfcac5d832ad17827ab953b6660c2beeee2cf3b3ff9a4417e,FCBK,23846948,13835113,23847438,13835155,1050,602,112,50,1.565380655560166
953e08a691c7d0aa73c6d7cdf1a0a9567c431aced3c49cc7194ac604092a2fa7,Zigzag,23808734,13858784,23808504,13858394,330,170,54,102,0.0628360999814967
ea92e41e648af3ad847c33c38a194c367523c63e8c0824779b80abea49ce70bb,Zigzag,23698750,13820023,23698298,13820044,108,581,105,55,0.24642003197810533
7420fbcef5855db2fc77c9cea36dbafda9a1c039bef99cb31b348e020c6ca604,Zigzag,23791024,13659150,23790839,13659042,375,452,55,102,1.5636832898394037
6732942f58deb55f28a1abe33acf507c8d9e7600996b36436044491590fd9182,Zigzag,23748149,13835113,23747953,13834863,364,309,118,56,0.0003240773162638953
e3c05fce86d78c8eae408983bb0f2e9fe5c7ef910836a86649acafb55c080747,Zigzag,23743489,13669005,23743280,13668775,351,330,86,47,0.37119348997460266
f5f6e77fe825355bf7da8f411c82d8f67e76e6fa5da4258bb885b18476601eeb,Zigzag,23789160,13752933,23788649,13752518,49,145,106,56,1.4590255863731432
29253c1cf2bb70c92cbbfc66249bca88b564f4036a57b142df902ad4cdbbb78e,Zigzag,23844152,13803831,23844254,13804302,662,1031,54,101,1.4229027356634172
ee96caf8712d7583c3f72d35d1dec801c7b12204830f80c3cba7c3ef95475f8f,Zigzag,23855337,13868452,23855799,13867936,1022,44,51,97,0.1467125957013269
5d67f708906cf31e9da0509b56a2e96ef46521d5cf469cc8e545c9559867d7c4,Zigzag,23791956,13675570,23791848,13675989,452,980,49,91,1.5473591776216542
750589744de2fa2f93e73c5969c1df4f8073e4931d46dcaa1e26103876673930,FCBK,23751878,13667910,23751868,13668446,551,1095,42,101,1.3374971568753935
750589744de2fa2f93e73c5969c1df4f8073e4931d46dcaa1e26103876673930,FCBK,23751878,13667910,23751374,13668107,56,757,43,81,0.0018798421897028691
750589744de2fa2f93e73c5969c1df4f8073e4931d46dcaa1e26103876673930,FCBK,23751878,13667910,23751446,13668110,128,759,46,73,0.0020665249707424076
be2df38e96d1175da60b14b954f5d91896c28dcb6252762f3a01d393ced35644,Zigzag,23700614,13825415,23700832,13824907,778,53,53,107,1.5547609012393115
921491253a773e45c0cba0f04e8f8ed673a676d6f78a1ddc2b26e011ec2fbb11,Zigzag,23875843,13808151,23875567,13808140,285,549,103,53,1.5514854794146231
e8e23ad84f9b68457e6b7607f9788538bd57fb23d39993510fd8fa589690e205,FCBK,23775179,13789777,23775292,13789530,673,313,52,101,0.03328630742970937
c99c8d82f422212506b8c0033c76e6d1388ef67c1a9348e7cb82bb0caed365f6,Zigzag,23804073,13799508,23804057,13799030,544,81,55,107,1.5558839562709978
88c4ca804a44e8d8851e41b1dd21d0ccbf4ff6ea7adccbd0533bffa3c6bb993f,Zigzag,23942019,13790859,23941733,13790304,273,5,86,11,0.02096603944846064
29de1272f8378edb6f124b93a399547e2dd2906dbc59381c7a92a431b93d1727,FCBK,23741625,13815707,23741218,13815531,153,384,111,51,1.5687586090868224
df8172419eeab3ee311095e4c9e293e7a296eba3d737b85d027254ce68c22e68,Zigzag,23927106,13803831,23927076,13804145,530,874,99,46,1.514245965259827
b0e28bee8c02bb760a9da9d8e9d5d7c7e0e4cc4b49cadc0dfa0d514f64c74d27,Zigzag,23838560,13852333,23839052,13852384,1053,610,105,56,0.18574906115689704
9e9493dd0d5bbada6e7908c3f8a62143354739e63733a741967f04f70cf549a4,Zigzag,23690361,13826493,23689960,13826304,159,371,47,100,1.5701497112822254
58ead029e225083d8385e0b9dd38bcb7ad7d8bd93f17f852fa81c01cd32f143c,FCBK,23719255,13830804,23719196,13831287,501,1043,46,130,1.5500009002649582
1602da4a20ec98a6e45598e1349e6369bb73c41a99025a5671c12e9be5e19744,Zigzag,23827375,13860933,23827100,13860838,285,465,100,55,1.5696418464623472
76549fd235c2c7f5234ffa627b0f3ebe8fdb38446d7f99b0e69fc502f0f95a70,Zigzag,23755606,13841574,23755893,13841030,848,16,60,120,1.0174771394845041
31d0ed8d5176987b559b110a87a20b8013641cc1e1aedd79a9ff8762b1d077b5,Zigzag,23867454,13844803,23867933,13845251,1039,1008,89,48,0.5523608155026137
81f65dea9c57c231380f20d885a63207cce6358a585be16c40898874a61f84d2,Zigzag,23860929,13825415,23860781,13824944,411,90,49,98,0.16780351659896622
c8312c10b5a3af9e7a4bc3d47356aaae06a8acf461950000c714c324fe126de1,Zigzag,23911261,13798428,23911373,13798124,672,256,62,151,0.3756403032047625
8c76276e527f0e7038869d4c923b286bbccffa904f83fdc88e9f950cdaf107ca,Zigzag,23918718,13803831,23918747,13803861,590,590,52,103,0.016539560909639806
62c39524f734f767fe73004dd90dcc678277f01c2aa495c4a78f09482065abb6,Zigzag,23779840,13674476,23780043,13674685,763,770,113,54,1.5645268461146864
01e536fad5efa5577e986a13acf1ef3bf54279ba73a325c593f48e9d2361e206,Zigzag,23717391,13755104,23717136,13755338,305,794,106,52,0.014195796058045135
01e536fad5efa5577e986a13acf1ef3bf54279ba73a325c593f48e9d2361e206,FCBK,23717391,13755104,23717292,13755493,461,949,122,55,1.568893498196035
108e298590c69e8ff5f1f648e76c0e77dd6d2fadf2c14a7127a4509b8f30fe43,Zigzag,23871182,13774622,23870975,13774423,353,361,53,102,0.036189475510058994
ebaf1817324e70cbcc6ecd105a88e4119cccc5b123128d0e3755048f7c16a054,Zigzag,23743489,13846955,23743528,13847043,599,648,55,117,1.5552803508099315
ebaf1817324e70cbcc6ecd105a88e4119cccc5b123128d0e3755048f7c16a054,Zigzag,23743489,13846955,23743323,13847075,394,680,53,110,0.05539382973624302
64fe7925128dba68e606a93e83aa1c949c6a8ff129949b51edb1d01c60336e58,Zigzag,23736964,13845879,23736542,13845939,137,620,111,61,1.4930145792594427
6e0e1a6b1063ac8ef38f490ec1c1f72865fc27af1446c41cb0c09b671da48faa,Zigzag,23763994,13683223,23764052,13682957,617,295,53,103,0.08845275106253546
96661db3129a090445e0796ce39fd44713dda8c3326512c9d6fde85dc520b7e1,Zigzag,23739761,13655863,23739781,13655655,580,352,47,89,0.3838199028873182
981a931292afdea152d35f65fdbcadb654a3cadc9fffce132a76097b634addb1,Zigzag,23792888,13816786,23793149,13816403,820,176,106,54,0.28215123156002136
bb273b97617e24694a0631753f9c70da2bf85aa88b40703142900cec6460c656,Zigzag,23818054,13820023,23817981,13820307,487,844,101,58,1.567478560708876
fed481d1eaecad5e7208320b6de1da43a6029cf29834c7e45d3763efdbb67765,Zigzag,23792888,13808151,23792859,13807866,531,275,104,56,1.5642983468931577
d951f109a536a66077799a9a8261c365849375fc42b3bc64b58e45760ae0c9c8,Zigzag,23886095,13729023,23885835,13728803,300,339,52,101,1.5693016276330896
6f4a87612e208cf91b2755b74bf206528fb212ad27fb7c219521b8a4141330d9,FCBK,23902872,13748590,23902564,13748780,252,750,54,114,1.5658776014195748
2eae2bfa29a3eb5c9493947f2a344118b7b0716e1497cab71b66b04e04b5cf95,Zigzag,23732304,13702877,23731838,13702339,94,22,43,28,1.511629409488824
5643ab3b2cd6e967b51128db22f1f671ca695682054cc33bc11772355d5fd4a1,Zigzag,23691293,13781120,23690866,13780731,133,171,45,87,0.781538577187651
e9f5251e7b51a4960a698448652fc8af257bda5502402105d28ee2418add943c,Zigzag,23811530,13838344,23811655,13838632,685,848,54,96,1.5609879045001347
0090caa05030608f665538bc352f66e239ad0baa72a341f793c2e39c6e9c9245,Zigzag,23784500,13743158,23784242,13743513,302,915,105,58,0.06209548320472407
0090caa05030608f665538bc352f66e239ad0baa72a341f793c2e39c6e9c9245,Zigzag,23784500,13743158,23783997,13743689,57,1090,54,106,1.5690512904906222
80e6fd82a0c437c60c8d4d05c87a5e9a4ee886c70f218f049dfe673a041fdedf,Zigzag,23854405,13798428,23854293,13798976,448,1109,60,52,0.3406822525768101
bac8ce20e4d2379f92fa19ecc657f949befc65dac7f1dd7c1d98b3d250dbfa58,Zigzag,23768655,13685408,23768881,13685502,787,654,104,56,1.568891367667163
d606538d165144aa1b43ad2b6c1b3cc282f2f422b38a5a4ee970c94d920ba8a0,FCBK,23768655,13854484,23768968,13854406,873,482,125,66,0.6833528878025006
4801bd80d2b503660b24db4a1dfd8cc0909fdcb268b1a8474b91cb777faee0d9,Zigzag,23848813,13809231,23849283,13808814,1031,143,57,102,0.7682822933876181
a25ba1fd432885962d84ecb63b946524553d45e2aac8c7658d48730a6528571a,Zigzag,23885163,13764867,23885368,13765023,765,715,93,49,1.566823289922662
0943d938b2a3c3bc67312e7ec35d9bc3618bdc50c26b5d43c05e5fa330c3f37e,Zigzag,23862794,13751847,23862790,13752011,556,724,100,59,0.1975144907339468
42388d2bb814d2f9eef103609884f2b0e5218920174524391464416d472ff44d,Zigzag,23822715,13814628,23822390,13815019,235,951,62,105,1.475010545026071
b4c3df90ebab803672167078837cecc7d52fe7a113d69c032250ff4e873f1de4,Zigzag,23852541,13791941,23852457,13792148,476,767,104,56,0.06265632412434874
c44b3a151ec9dc64514daa97820606269a27fc1e4d99e687eaf8d0b1b8e184ea,FCBK,23889824,13826493,23889823,13826413,559,480,54,116,1.5685797778196235
cc61c6f73899cfbbd18622c429dac7b842ffe5897a3861f6b53924f7ad28bcbe,Zigzag,23805937,13851258,23806294,13850763,917,65,48,97,1.5594693700465716
8b89479c533016628b644d8eb5fc3195633732ed04cc3c851eebe03acf3b4c2c,Zigzag,23790092,13678850,23790241,13679276,709,986,52,105,0.0066282261640978266
b95d00cdea9b777f82e5aa26c7d03ba7c470ba2f4ad968bc81f9dab8e0447e5e,Zigzag,23836696,13757274,23836552,13757431,416,717,106,52,0.2386608122736186
b95d00cdea9b777f82e5aa26c7d03ba7c470ba2f4ad968bc81f9dab8e0447e5e,Zigzag,23836696,13757274,23836669,13757574,533,859,56,105,0.07169193868266162
5d119a6e8c87da9bcd0178112e09d8a3b0950ccf934aba95281e23768e074314,FCBK,23883299,13827571,23883156,13827541,417,531,52,113,0.5298860661682988
474c494c107072f1d42c66d9f9c02398bb4fbce967e59748ccafc13e383cafc0,Zigzag,23873046,13838344,23872704,13838331,218,547,104,48,0.015013178453239299
3d4e78f90cf40fdc675c99fa5bdf7c75e29d5d49c22dd6244825cbfff7eaa0a6,Zigzag,23872114,13839421,23871824,13839838,270,977,100,51,0.016208101383655023
aee8a738a8ce97cec96618d23db4eb41a8e0ded08e4c2dbc7b95398b007dcd78,Zigzag,23776111,13693054,23775811,13693145,260,651,47,101,1.5494735943691227
5c8d8461caf3d942b0fb8f4ecfd7cc497f3018d1f2ad393123b33c070880fb53,Zigzag,23904737,13721404,23904991,13721294,814,450,54,91,0.022436376928077192
cfa164f18648ed4c64515ffa7c8c1bc45ea924a93fce5e1f2ae9107e72628fd4,Zigzag,23815258,13863082,23815588,13863297,890,775,58,106,1.5526977503428272
14432b5a5be7417d8bdb4cf8ee31ffb104a508e38b0b5584b661f8dc3eb4ae5e,Zigzag,23767723,13783285,23768200,13783406,1038,681,106,49,0.0013336177072289345
395a14bfcedec7d3d38bfc5bcd7330b7bd467f698b7799eb70f473bd5b7f726e,Zigzag,23819918,13816786,23820220,13816508,861,282,56,103,1.5330785089083223
4f6f76275b69d25eb558307a31fec65e148c1ebbf5a220f60aecc078d54d8d33,Zigzag,23843220,13756189,23843220,13756104,560,474,98,59,0.17832589909246466
4f6f76275b69d25eb558307a31fec65e148c1ebbf5a220f60aecc078d54d8d33,Zigzag,23843220,13756189,23843285,13755845,625,216,52,107,0.2584829532936737
7bf3c48b7121157c43f91b6f84f1b939999b7b854a73964c350f8d6bf4c1e33f,Zigzag,23799413,13829726,23799160,13829825,307,658,108,56,0.21000043854391748
d2d4c7fa33275eb91e49eabd569f8b231b1a5a2988363b79dc869c5414b0720a,Zigzag,23897280,13799508,23897751,13799034,1031,86,103,51,0.07307718192366633
525aea1103ccc712a19f8edb8c238dc35ec39c5d3e7601baea33d8e98f320e95,Zigzag,23791956,13682130,23791930,13682163,533,593,54,95,1.570749188843602
4804c6d6cde444839d006c9b876fb1a8c898e338e4553a4418f95d7619a6c4b0,Zigzag,23801277,13761614,23801167,13761964,450,910,52,106,0.14837595618391997
4804c6d6cde444839d006c9b876fb1a8c898e338e4553a4418f95d7619a6c4b0,Zigzag,23801277,13761614,23801340,13761663,623,609,98,48,0.004140387418421769
7165adf30038e6c1e10b3660d26abbee11483c6366cdfddbefcc1524b8a4e9e9,Zigzag,23868386,13793022,23868167,13792881,341,419,51,99,0.06063183483675174
34a646b48a6302e0b71decf8b16400759d445c7121b85f43ad263af92cdf94c8,Zigzag,23689429,13783285,23689133,13782930,264,206,53,101,0.017430084527459474
4d0c2ecc882b9621369edccc600e39b54c1438e57756eb540b2d0faee548bdcc,Zigzag,23675448,13797347,23675498,13797187,611,400,89,46,0.002221472182249044
4d0c2ecc882b9621369edccc600e39b54c1438e57756eb540b2d0faee548bdcc,Zigzag,23675448,13797347,23675095,13797328,207,541,58,102,0.0013468188199019162
7d2d115ca7c49c429ec6dcc441047d047c8551616061a67948866baae664a3d1,Zigzag,23878639,13825415,23878409,13825061,330,206,51,101,1.5613634102138358
6a2ff35ef94d7352fce3b02e3c6a2267152a0caf783f2cca4c997132831f28d3,Zigzag,23676380,13810310,23676678,13810434,858,683,52,103,0.002893756510669173
29d82100716c665ffefe908fd144ce30a993833e16637d415e599f89c343bad8,FCBK,23745353,13673382,23745304,13673177,511,355,60,107,1.5655268631040113
1ee990f6b86686e3e69c453b742589ff4239d30b1ee14f0556edf63416e7af30,Zigzag,23765859,13654767,23766150,13654333,851,125,58,120,1.5706188271082429
c758c590e8b1b15623ddffb27257b33603488273d98fafb8803971d472f901a0,Zigzag,23752810,13659150,23752569,13659441,320,851,45,108,1.563869844273764
e81c57766e01051f68f824c694ebe1824fa7d999a1446a5f8845f75ef237ea4b,Zigzag,23731372,13748590,23731551,13748266,739,236,86,44,1.5698232077325815
db90bbb24490ff94eacff16814d41df54c79445f1e47179b96aec180fe9315d5,Zigzag,23838560,13660246,23838697,13660590,697,905,102,46,1.569301228158926
e48c837d1eeb040629880851e7c327d2f2de8ae6bbae995c2af4e1e5d7d28075,Zigzag,23793821,13690870,23793906,13690643,646,332,106,51,0.07976457083555864
2c12b5176e6bc2d70d5841c9bf99d2e912c561d6ae85fb0b1d311c2286efeddd,FCBK,23820851,13611934,23821233,13611724,942,350,112,52,1.5503299338176375
3065e0e7dc0ba08fae7221e790b48288e5d04a9fe647789558eb8a5879b317de,FCBK,23755606,13678850,23755967,13678991,921,701,105,47,0.0009361453357981368
34776ad051629aae6fe6820a3e036086a5e3315a5375934d073749ff085a69f3,Zigzag,23870250,13707239,23870121,13707626,431,947,90,46,0.03673049252431939
fc7f5248745a7afaab1be5e11ce93ad020c740e8a09e9ffc46d15dbf543dd32f,Zigzag,23789160,13791941,23788940,13791805,340,425,61,120,1.508132412661441
66729efde808644374437770b12431cb5aece8d910b1c56e131cdb420a75409c,Zigzag,23833899,13769204,23833512,13768862,173,219,40,89,0.00398789335798761
b5ca4afa9ca1c6c043ba9012392f556785c1bd71020b6ad01f90a608e0f381ca,Zigzag,23791024,13681037,23791022,13680694,557,217,107,55,0.587843209259689
cbf35464572576ba51700922c86bc065cd41c5863ecbbe7e3cb3f817cfa5883f,Zigzag,23780772,13689778,23780960,13690080,749,862,51,99,0.028658110042774552
76daccec4c7923a68b8876604a04c89cf531f3411a86bf1cf7edcf27818da7b8,FCBK,23885163,13828649,23884837,13828927,233,839,53,111,1.5574657408004504
a11bb15e5250649eae5b334fcc9fb69521d9e6324cf36fcef990171f943b9505,Zigzag,23846948,13820023,23847304,13819522,915,59,96,51,0.8452564373225053
e6d019e9fcab8c85b563a76ed164d5d0a5f1682760b064e0289203e0c263407d,Zigzag,23866522,13699604,23866837,13699272,875,228,53,94,0.03632464758013733
e4719b9cd9aaf3d31ee32d358fc5f9fbf39ba1859192d4fc92470f5adeab41a7,Zigzag,23852541,13843727,23852836,13843320,855,153,105,57,1.558604641640623
10b240396a1f7c0ebdf023ee5b737cccd4aa28a32bf94a01e4b4cd0b50e01816,Zigzag,23898212,13793022,23898290,13792656,638,194,106,74,1.5077328053398746
cdf0256eb7206032a58ebc24b164fddefbed37f44c76bc17586691a48d983588,Zigzag,23795685,13635020,23795865,13634775,740,314,97,47,0.020155647851127934
501fc66f9465266bf761bef874d04cedfddb07e1fe48b75c3c8fbe9885433bed,FCBK,23892620,13748590,23892606,13748810,546,780,57,76,0.01749330027353793
c9c1616619ac7173604db91a564a33fd559be614ce8b3c4892ed3e18381bca02,Zigzag,23797549,13661341,23797505,13661040,517,259,49,101,1.5662993129781888
7121ceacb8763c88ad49aa3be9c648687def808beee1e5ced3ebef20c1b3b252,Zigzag,23858133,13677757,23858184,13677577,611,380,62,123,1.3619172788069842
2f7053c1a4d556a63ed2a08352cf225cc8978efea65cdf5be2e80e5e823365e9,FCBK,23845084,13719226,23844915,13719274,391,608,97,50,1.5649026181444967
30c56a6059a9eff4d997edb69c703cb6ff5eb0fd5ffdf4590675919a2ef3bf15,FCBK,23831103,13752933,23831635,13753104,1092,730,54,49,0.01123878947148658
6f912b6bd2e7f71981f4105be823e333c0dfd0a3fb5a314db5afdbd664281b03,Zigzag,23887959,13754019,23888132,13753785,733,326,63,121,1.5660877248295821
352988cf3cc6e71cee9e48f107a8dfd5487ea97b4c241d57ee4f632e032d5166,Zigzag,23861861,13866304,23861792,13866294,491,549,108,52,0.01934622164969038
ba955f13e9dddc8e552701c168c61aa815f3b448833643e6b148ac318023d3fc,Zigzag,23722983,13747504,23722835,13747430,412,486,48,104,0.11433722876426292
2b134f7a87a770e458af342cb138d855163089bf6e5230ebc1680aae3f63aa0f,Zigzag,23793821,13748590,23793269,13748926,8,896,17,52,0.002131963051929723
da750505c36d70c95733fd075d02cad6db40e2a4e095cf008de3cf5f0e5ab2d3,Zigzag,23832967,13639412,23832421,13638885,13,33,55,25,1.5573104785088987
ae245486e6b3fb852e4af734b0a89991ac2fd01855d2524606a7c892428f2cd3,Zigzag,23767723,13735550,23768136,13735708,974,719,56,100,0.011056326526410623
729f7cb4c7a62ae199e33158b6c1996d407aa8c9c3439e818b2d866569e9e208,Zigzag,23851609,13760529,23851554,13760110,505,140,93,51,0.596990302076757
729f7cb4c7a62ae199e33158b6c1996d407aa8c9c3439e818b2d866569e9e208,Zigzag,23851609,13760529,23851383,13760913,334,944,112,66,1.565264941210802
a955a9d2dbc5428e26656f7d78b89ec7e6498521ac4981861dd970ed0e0d7ee6,Zigzag,23733236,13789777,23733094,13789229,418,12,105,23,0.0038544112508744456
18731df44277ed6af3496d56d8c8989c24c269f5c1071a3647d7db978689c1b8,Zigzag,23776111,13794103,23776287,13794628,736,1084,102,55,0.030664348354526104
66c0ff3354dba138600f528716cd506cddecc079bd7ffcdc3acf5e187ea15727,Zigzag,23763062,13701786,23763129,13701381,626,155,56,92,0.0010702947936297726
66c0ff3354dba138600f528716cd506cddecc079bd7ffcdc3acf5e187ea15727,Zigzag,23763062,13701786,23763010,13701434,507,209,64,108,0.010088865641114787
6641c4197c2f2469ce772289a276d15a0f4c90e711c81e55236ee700e9750e73,Zigzag,23833899,13755104,23834340,13755093,1001,549,112,61,1.5692442365115984
699b7dd23d6229b063c84f62f950dae3fd2f55239c06dbf130edd830ecf264b6,FCBK,23759334,13681037,23759651,13680981,877,504,50,115,1.5680016055469674
42d4320b4941edaa139e4995bb937ecb73daf4e1c1d33f17923c1b4d81490fe7,Zigzag,23746285,13838344,23746018,13838825,293,1041,100,48,0.11412872821804493
57960e9a31b38ee95cbee468e93bc29f5d98869c53f383031ca151ae6f1b1d4a,Zigzag,23787296,13750762,23787095,13750265,359,64,112,52,0.006409773613751621
ee5bf2f586b2c737074d14f86fbb554c6f3d7a1ecba4b69a8fdffecb8be9f3af,FCBK,23775179,13684316,23775600,13684602,981,846,111,50,0.002858588220117916
41ffa172073f8dbae4313988a8feffd8fd00e0128d8a0eeea5727c7a89a126ae,Zigzag,23796617,13622934,23796618,13623394,561,1020,47,111,1.5470731541205796
ed174d0c7bed650cb160c66543ae64275b4379e720110cc2d9faf9d4d28f6d79,Zigzag,23846948,13757274,23847071,13757707,683,993,106,53,1.563294335162198
fc5f2fc2602ef1ec6432d11f07ba095760789684feb8c4e66c087d13b7dc614c,Zigzag,23832967,13797347,23832569,13797441,161,654,55,98,0.012336358259600395
bf57f686f53d67b64b2c6eec487f3738ba5423f1f60b14742e92a9c47850061e,Zigzag,23831103,13641607,23831464,13642084,921,1037,96,43,0.0048942008866038516
151f864f9943668fead0e35c16d8ec78133b8474fe09c47974fdc65916ca578c,Zigzag,23836696,13755104,23836418,13755138,283,594,50,108,1.5577285948000412
d2fe72563ab4251fd4ba8fcd8ffece685f262237ff3574f90aec8e7a1df9575b,FCBK,23758402,13676663,23758920,13676394,1078,290,92,49,1.5449024115160561
0a7df438159b70993d6ba9aaea891f9ed38f70706e0bc4b77a8f777600a96252,Zigzag,23781704,13829726,23781927,13829680,784,514,56,107,0.8751675979476757
30ff0ffbd62fb8d7c34842a86c35de3610258669835c7601bace639a33c03342,Zigzag,23895416,13825415,23895416,13825280,560,425,110,59,0.014902028928431319
682e3d917d6b39ccaef64b8577b10f7493683d964893c74c5e82cdb6a96bbb13,FCBK,23793821,13671194,23793699,13671639,438,1005,119,52,0.004833994200467996
1a32927b735decfd011f6238a150b13727cfbc8f46538e301f6f7690ea0907e9,Zigzag,23779840,13672288,23779473,13672524,193,796,105,63,0.11796623515792984
34cc34d9011534006f5977270a80feb96f594f4ffd474f6a7647282cfceb3aa8,Zigzag,23686633,13821101,23686622,13821599,549,1058,110,47,1.5693528934840737
9acd8798a373c35c0d5863cfde06132b30508daf38f9491df5e90f071dca3405,Zigzag,23942951,13786531,23942848,13786650,457,679,104,53,0.0027181748721637647
9acd8798a373c35c0d5863cfde06132b30508daf38f9491df5e90f071dca3405,Zigzag,23942951,13786531,23942634,13786451,243,479,63,108,1.1700736733639816
ff9629f4fa6a0c456c13f6f7275a9394c240647c96c82a77d6a4c93a19aa895b,FCBK,23757470,13796266,23757486,13796705,576,999,128,64,0.07526547642424922
5c95105ec7814d5cbdf51fc29c669826182c7344d69c483b1a264a898afe89b8,Zigzag,23779840,13686501,23780267,13685949,987,8,52,17,0.007578878445755789
c458461cae54d86937887d8f80e6648607d0378764f5dcbeef6e77f34f0596d6,Zigzag,23828307,13721404,23827990,13720850,243,6,17,64,1.536530764629392
f490d6d20bcdef7aded762d032cca6217129e2c63c8c3c41cac5b31bad47425d,Zigzag,23857201,13834036,23856854,13833624,213,148,102,61,1.5692698028580632
5ddf4f929d7c39c96d57b7bdb19ce1cf4da17ca063583771c6437a1c2faa13bd,Zigzag,23834832,13843727,23834468,13843975,197,808,99,47,0.012176908771413008
58302be918415794309e24e9768f67f104f6fce6c87d4c1f77feb68a0de51876,Zigzag,23828307,13863082,23827858,13863367,111,845,103,53,0.04638634065575491
58302be918415794309e24e9768f67f104f6fce6c87d4c1f77feb68a0de51876,Zigzag,23828307,13863082,23827780,13863488,33,966,60,113,0.015697855323255357
e3e63d1db7cfbc96ba4a3917e9804e898a71d46e7ba6336e789c1eebdfc37eaf,Zigzag,23740693,13673382,23740740,13673056,607,235,50,112,1.568983912515043
e3e63d1db7cfbc96ba4a3917e9804e898a71d46e7ba6336e789c1eebdfc37eaf,Zigzag,23740693,13673382,23740730,13672914,597,92,50,101,1.5624724836497994
7891bfffb5d2c0b120ef16d08256748196c5b1e16d462593d18a86706f5540eb,Zigzag,23804073,13760529,23804271,13760031,758,62,112,56,0.07562310566913324
7ed4496eb4cf0d6151f6bb0313afa4431489144dc492c4e8bc1ca66f92c03962,FCBK,23783568,13826493,23783253,13826820,246,887,118,52,1.5604844338960553
588d5d86c8c91a7af7971fe3b6e521375341c59e4058ab3a9ae11abedbb7d4f3,Zigzag,23758402,13832959,23758469,13833043,627,644,54,110,0.0840344253336611
f71e1b319cd91ddacd3d6e5ba5af564e81c5b5acf126b56f30104126d3f689af,Zigzag,23787296,13749676,23786977,13749823,241,707,95,56,1.5705595717739884
e65846c00368249b7876b4cacbf18ea24497edbd1a3dd8380c543b318a9d5c66,FCBK,23741625,13663531,23741443,13663072,378,101,53,109,1.5244064574506972
6f4ad4490a953d35afc5e88b8161bb1dc2f2261076409121c902b5da89c4ec98,Zigzag,23817122,13862008,23817221,13862334,658,887,107,59,1.5695346542284714
562b7776ec236caa94ef34c3771773ab329a166610ed9a25ccc44cfed3e18bc2,Zigzag,23802209,13776788,23801780,13777043,131,815,53,93,0.0023652360677347863
02148eba1f2d6a0cd6c350c1d90013b53ef155ce1b3476faadf865a47ad0174e,Zigzag,23865590,13752933,23865820,13753459,790,1086,107,53,0.041351280913877825
02148eba1f2d6a0cd6c350c1d90013b53ef155ce1b3476faadf865a47ad0174e,Zigzag,23865590,13752933,23865402,13752808,373,435,48,93,1.5707483898952752
0e7b5a7fe5b7e2588fcad9271e425f348d71aa077663d76d7a095fcf0570b41c,Zigzag,23785432,13746418,23785079,13745920,207,62,103,49,0.004661667912291154
04d42f4d3e379e26650a9e18318a785cb72b2a0f66577e58775897af765b9031,Zigzag,23828307,13755104,23827987,13754755,240,211,94,51,0.9351264062038832
4cb77305fad9cd1e269935a8e8369ab745184d63526b1720486245fbc64058be,Zigzag,23783568,13743158,23784052,13743146,1045,547,57,104,0.3679633085989319
15d95c5c332f3249db1649aacde10aa1cfa6acd829fb6f0f0092c28618c40473,Zigzag,23775179,13816786,23774672,13816428,53,201,108,51,1.569298831313945
8e37ac72e3a052fe0dcb512493cdb474d01032402d32109d4d9657abac8c637b,FCBK,23894484,13750762,23894082,13750233,158,31,117,58,0.06556377614898311
cba56b53bc178776c491e7b8ad1e8c3aaa9bef279396193d1148d0a1057870f7,Zigzag,23746285,13733375,23746329,13733062,604,247,101,54,1.5527486167196476
44d27a9ddabc83265036ca68474d236ed86ba4dfefce3d3ee828c155dda0e652,Zigzag,23742557,13674476,23742922,13673954,926,39,69,54,1.5496106140072072
5ad579ae470e3ccfacede4a4676e9126e90859bcd6b713556aacd17f297fee7a,Zigzag,23762130,13808151,23761779,13807835,209,245,51,92,0.878697950867712
5ad579ae470e3ccfacede4a4676e9126e90859bcd6b713556aacd17f297fee7a,Zigzag,23762130,13808151,23762283,13807817,713,226,56,106,1.5687350401111753
68f8b942b0a2c1f4cf7af85c95d71a3516c876bc3b64dda63940aa5a9568a1c4,Zigzag,23887959,13762699,23887523,13762639,124,500,47,89,0.9164066474275527
110fb862ce8d72aab49a3ab99faa158ce2a52ecf2955f4644a5b0423af6f0e09,Zigzag,23753742,13765952,23753306,13765584,124,192,112,59,1.5704001815827473
cf7d031683c6f925b3f726c69903ea70774059ef310a8371d62a68443ddd19df,Zigzag,23820851,13843727,23820447,13843907,157,740,103,56,1.5664075704765004
86eb857b5a6f66ec17e526fecb0485f729f9bd6858ce79b0a748112bea7c62c6,FCBK,23854405,13711599,23854206,13711513,361,473,120,51,1.5317643720684229
c7c489fef6aa380e2920d299fab7e878b7588c6ede1e7a989bc51bbe8f09a8ac,Zigzag,23735100,13736637,23735579,13736329,1039,252,56,97,1.5614192034386731
bda93d8211039a2c34047eb785fc11320a8e603bd85679f05e6b5b8543a3395c,Zigzag,23771451,13852333,23771465,13852831,575,1057,50,105,1.5696884517814236
d5ffb86d668f54a530991f266d3e3cdeebdc4b2a843353ecf25139d33717c709,Zigzag,23914989,13748590,23914968,13748721,538,691,105,55,0.16364946799639019
040aa2909b26f8774a90926e778be1b9289057e6cf807b74c2724454cb009688,Zigzag,23792888,13650382,23792400,13649985,71,163,101,55,0.009753459227170722
9bf578f30a7629a161d8bce7967e4a9ab28c0a97767256aea4832141a3bb5a05,FCBK,23893552,13748590,23893012,13748685,21,655,43,49,0.029425335543907357
9bf578f30a7629a161d8bce7967e4a9ab28c0a97767256aea4832141a3bb5a05,FCBK,23893552,13748590,23893004,13748921,12,891,25,37,0.006503344194770475
f5bc6e261dae9c242a8fb9a0de5a03f6315676a30882330da7ac2690b9986180,Zigzag,23770519,13724670,23770374,13724950,415,840,51,114,1.5036579025559444
773b44f9c984ac3e86cefa1f437192662a816e71ce3ec719b90a6b5074c90128,Zigzag,23820851,13714869,23820556,13715002,265,694,42,77,1.5544240113614165
4a4f78cb8deeb4616c22c08a62c99959543c0114837c0fa0c3d5e66811486605,FCBK,23920582,13789777,23921012,13789298,990,80,53,118,0.3157878216550764
a4d48afa1873471b833cde6b7ad96fb015296efe5be80fe300818b3d3493394c,Zigzag,23869318,13702877,23869147,13703018,389,701,93,48,1.562865566226695
9eadce1b5c7091f43934823641ff333e0ae2a5e41a26056da0ffade5858c70b9,Zigzag,23832967,13697421,23833134,13697057,727,196,53,92,1.4762181554223675
94f690668740b6d4670d2dc364bcf39284c2217e7addf316b6cda3b160aeb4f3,Zigzag,23753742,13841574,23753433,13841714,251,700,107,62,1.0059666909370726
94f690668740b6d4670d2dc364bcf39284c2217e7addf316b6cda3b160aeb4f3,Zigzag,23753742,13841574,23753528,13841795,346,781,103,60,1.1093206438916854
13996df9822af14ce8ac52750bc349dbd2fa511c14489b2b215e1160eb801154,Zigzag,23695953,13804911,23696414,13804383,1021,32,105,61,0.024971604336697147
8d0595778ebe05ee7ac7c01e0116e4cc635f7e8b790f09d64afb4a632dd97265,Zigzag,23801277,13850182,23801387,13850252,670,629,98,53,1.5554448010072437
f1967c2b078f16790baeeaedbe6f69be68ab343ee2211e59bd65b6a941072e42,Zigzag,23800345,13839421,23800571,13839625,786,764,55,104,0.07383542549790392
0b84e184eedba6afd96cc2d9b9d6b79f15c4f81a04a19c2177c0f0013fe4335c,Zigzag,23769587,13842651,23769847,13842565,820,474,45,104,0.9387837919079163
c16e84ccec071c73d9d9d0892de1775e8871e4ce729467eb4174cdfdcbb209cc,FCBK,23742557,13709419,23742224,13708898,227,38,75,46,1.525212995786828
de8e8d4b0fe797ed244a67b8cff30180097a9fe4884bcc75ef10a388f461bf79,Zigzag,23812462,13687594,23812146,13688045,245,1011,49,94,2.3091521854572436e-05
3ed46cb4df6d9ffa45de239d8a52ecc707b6c012276791ac0c38c9e62745957d,Zigzag,23831103,13818944,23830774,13818652,231,268,104,55,1.5174464190998298
a7a64f0e1a849672e9f525fa9c34f9e86f0c730ed93fb36ac5511641b1af8b8f,Zigzag,23820851,13790859,23820797,13790503,506,204,78,55,1.5434315476460054
90a4f23f2feaaebcdf12264969a47a9c73505d62815901d4318ff9acbd108ce3,Zigzag,23905669,13807071,23905170,13807422,61,911,58,96,3.4932724167543324e-05
c718f7fa9ec771523dde7dcacacfc941b78a79b732fbca7a88927294513da498,Zigzag,23833899,13798428,23834150,13798250,810,383,103,56,1.5622196165042963
36830bc566673b26883cdca49d83ee894683e03334b338690a9e0247bf7df7ed,Zigzag,23832967,13752933,23832742,13753071,335,698,53,108,1.3722637927999966
4d29e1814e9d7b7069f98372568d13dddacb6032139995bc1230283f9d43d21d,Zigzag,23782636,13781120,23782998,13780643,922,83,95,53,1.5675677766053935
200107852f5995f00ed2edeaa30df7700e5eed7428effdb66ab922054f7f4a84,Zigzag,23758402,13749676,23758073,13749126,231,10,54,27,0.14525724474462584
c45db95c0092f31e1aa6cf9f100ff2a700e4a900a3b6a8bcddd2a52657fc85ca,Zigzag,23831103,13647092,23831236,13647254,692,721,52,102,0.01809097603998976
4ba10c6ac93f97924e106ef93dee771155f0965d351b90b4df0ab513a09756ec,Zigzag,23751878,13765952,23752233,13766322,915,930,62,106,0.00242198818660897
8bf67b76d22db9ceb86d5ec67e16f5b04bf1e2aaf297963d2538cb9c1a71d712,Zigzag,23725780,13746418,23726076,13746916,856,1059,52,103,0.0055192307504318885
769e97b5f1add7fcaf51dfe2f65493b40cdf86168e16781d0a5b9812011f0f97,Zigzag,23833899,13850182,23834154,13850206,815,583,108,57,1.570323482543353
cace874b1b7628c2d2f6f0deea444e0f126ad8bacf2f4edfdd889f8adaacca73,FCBK,23771451,13671194,23771418,13671094,527,460,48,118,0.00141835200297469
9a9cc53d1cddbc896f7d5837a3a22b7d3cfbf1fd7403486b7cfe76e9823132cf,Zigzag,23800345,13761614,23800771,13761660,986,606,93,55,1.5681250430634925
599634c9457ee93644044162d6c8b1da7a72fe7dbba57df5c902917ad30a9715,FCBK,23752810,13671194,23753127,13671435,877,802,54,109,0.8985619368063951
b77de4484a6d3cc8e6df1a1e466fcd2a082d24bab1b385811d1fc9b69ec687fd,FCBK,23901008,13761614,23900595,13761820,147,766,133,59,0.004018449230381392
4eb42ac7f5cd289682a7f9a4b19c87c9a50a8b066a8f56e37731c894313f7927,FCBK,23756538,13793022,23756215,13793095,237,633,47,107,1.2369943841838198
ed91becb8b75de1ca7be860c894a1159389408ba9d064aad75528be7e18e195d,Zigzag,23887959,13719226,23887800,13718676,400,10,21,52,1.5604378285769789
c254f5c8f2b35588423b25747977112162c646281bf3a53ece1f6fa9e47e1290,Zigzag,23716459,13791941,23716909,13791529,1010,149,47,104,0.0010568719675945555
b9608ea6a31faf751662efdc7dbad71210ab2c2419904a6d368d54e8557f1406,Zigzag,23748149,13651479,23748098,13651469,509,550,54,121,1.5705734202116568
c662264744a8cc0848a71e99dcdf764f9eea88886db562b5dafd36acd0097dae,Zigzag,23818054,13595410,23817768,13595950,274,1099,44,56,1.4686896653368227
732852ad0467af459e793af7ebd1c91e844b3b25df50192a63212bc31e6b8747,Zigzag,23795685,13673382,23795886,13673023,761,201,104,53,0.03845943750994485
bce2acf3185a010735ac0cf70e18479ea0a90be99df24282c37c16d6b58de95c,Zigzag,23707138,13764867,23706903,13765389,325,1082,48,104,1.5691783232746188
264b9d4c0060c5edfe4362232719bf720766d597bbefca8e2068f0349ff7d364,Zigzag,23815258,13852333,23815411,13852492,713,719,102,55,0.009919717461191926
a9ab709ef80d7dad027edc1039fc40fd416dfd75d18a71bcd7e062da64ad9045,Zigzag,23761198,13674476,23761021,13674099,382,183,99,55,1.5558269646236702
ac70edc550381c68a5be631b0011df47ab49e632ae1e71574932c91a285000ab,Zigzag,23868386,13755104,23868373,13754998,547,454,99,56,1.5688104075700244
ac70edc550381c68a5be631b0011df47ab49e632ae1e71574932c91a285000ab,Zigzag,23868386,13755104,23868868,13754946,1042,402,103,62,0.02772844003752532
81ff8dbd069554524be03fd73d1209e077b718d1821d8545f9cefa9248730a90,Zigzag,23854405,13807071,23854519,13807374,674,863,45,101,0.6662034619629353
164e975359d0d92bd5afdf6648644fc213b0d639f1beaec88a9deed9b51af61c,Zigzag,23770519,13649286,23770859,13649587,900,861,57,87,0.002857130763599478
0f6b25f069387c361b26a0b97173e9ae2af776244d0aa89f29293c1ded9fe87d,Zigzag,23779840,13810310,23780045,13810861,765,1110,43,20,0.03132956854412507
e8c005d7a4976c3ce3804f07f3e43abcac97dd2a6cdf548605473b9591f3e916,Zigzag,23739761,13801670,23739690,13801235,490,125,103,50,1.2724551730465519
78096141cbec589299db19b049fa0f5bf6e720ab583c9d1ae3f561693638013c,Zigzag,23777043,13643802,23777126,13644289,643,1048,99,46,1.5458716689947904
d66967c26f41d5b24914e538aa46575c629263733c7d7be26bb46ab33a38c44a,Zigzag,23786364,13662436,23786134,13662080,330,204,78,48,0.7859230058692757
49ddba257f867c884a17c8a1a6f6b08722bee7b8c411e650df0ac385319093b9,Zigzag,23777043,13650382,23777363,13649828,880,6,12,59,1.5624706194370364
6005ce196cc2047b3db88b6b8c4f36a31c32535efb56b8b1bce627d642f252f0,Zigzag,23835764,13814628,23835856,13814576,653,508,59,108,0.08835919088448961
59d3a70ad3ef5177ea32b0a9f892a54a6f9fd85b3f44c97961b29bbf70fdfcd0,Zigzag,23770519,13671194,23771060,13670995,1101,361,37,39,1.5496616135420822
ecadc6d060b3d269be8ad35edd9e35876de8ac4c29c760e26fd27cd08784472d,FCBK,23859065,13685408,23858717,13685259,212,411,45,101,1.5639429480456866
8f244df5523225ec5533a48a8ca1e986a8f082f04223a74ef1110d2e92f1abb4,Zigzag,23846948,13731199,23847031,13730844,642,205,89,46,0.30442088420088653
971a5602fead5d619dfcf13283805b292dab788629439d19980c959441cd654b,FCBK,23890756,13829726,23891041,13829755,846,589,60,145,1.5582758744040526
51ca7e4f8cc1de2f4ce32c02cc39b0269b1912995ae9d762afb13436f1221736,Zigzag,23869318,13756189,23869688,13755908,930,279,56,138,0.5818212028237747
2199670b6fc2fd7184b88f2b4f49ae4695ce3d0f94dc92672a58c0bb85750768,FCBK,23726712,13767036,23727194,13766973,1043,497,112,48,1.5664945226860916
245dc78f5b94ea96f5fd68882873fdaabcee90fc40d4a478a50ea4156613fbe3,Zigzag,23876775,13812470,23876995,13812873,780,963,106,55,1.5632756930345673
bd9f335a50354d9f3864649ddce9ef53a50c7a372ecf4d0d6ca5a929426c392b,Zigzag,23789160,13883475,23788896,13883876,296,962,60,107,1.5652775912259798
63faa936c6ef7644b4addbbecda941fe83fa9ee620e9e5595c6d362f10fe1443,Zigzag,23872114,13756189,23872127,13756248,573,619,107,54,0.005065618995237085
d2447b36632fd90db47834cc0ad104796b36882fab880cb5aa35b2117bc44ca6,Zigzag,23862794,13822180,23862644,13821882,410,262,51,94,0.11582145837403451
14a46a6ee96816d7290dbcc55b28c7f994b7cde90f72a79d7c715f8fcd0f63bb,Zigzag,23827375,13592102,23827235,13592192,420,650,55,94,1.5662174207746689
4c5b2030c0e2bdbbd8735f93d075ea658b7de3c41dcf8b1f9e834ff5b832cde3,Zigzag,23758402,13713779,23758491,13713831,649,612,51,102,1.5625826053608742
4ebeb9e1d81f1645e00db98c47c18ff46943e0335a7c278d9658633beadaaaa1,Zigzag,23834832,13829726,23835110,13829983,838,816,53,105,1.5682637937562858
f4ffdce86d7299170490890a2f903d69a8ff459a54340847fc6f64a144d1d50e,FCBK,23921514,13781120,23921687,13780863,733,303,57,110,0.0076775007104673875
04459649f0df9f044215ab07353473000d6b4fe7c63b9dada249e4d38c358589,Zigzag,23868386,13829726,23868482,13829440,656,274,122,58,0.015212064571803179
32ae8a82fbdc9f5539048379b725f0709913d40b914e154508b4a962ca06e5b4,Zigzag,23717391,13756189,23717184,13755765,353,136,59,108,1.5704760816738146
461918e2f5c811a37ca8feab423bbdb2851848910ad71833820514d4d6067bf6,Zigzag,23776111,13834036,23775883,13833704,332,228,103,53,0.21633772996338366
461918e2f5c811a37ca8feab423bbdb2851848910ad71833820514d4d6067bf6,Zigzag,23776111,13834036,23776154,13834248,603,772,49,110,0.9888628717311752
8d27ccf9410a19069f0781abe71a4f38501abc8fa66d6c0964768321851c842f,Zigzag,23755606,13783285,23755864,13782783,818,58,96,45,1.5460552939519514
a38a8cefb655c9e0e3e7631ccbba35615e2cfca5592f55d9daed729c65551eaf,Zigzag,23793821,13701786,23794301,13701448,1041,222,113,55,0.03686583104196585
dcec63a3cc1a112bbc28c159394a462dfe97faab790657e0e05d41b297d0b1da,Zigzag,23851609,13758359,23851466,13758196,417,397,56,98,0.09878776352859002
dcec63a3cc1a112bbc28c159394a462dfe97faab790657e0e05d41b297d0b1da,FCBK,23851609,13758359,23851895,13758617,846,817,48,99,0.3278229129372535
7fb7de342e94797e56292cbacf30b10360dd58148469f80208cfa786f13f5ac5,FCBK,23786364,13848031,23785839,13847908,35,437,46,107,0.4140886594678591
a67c58c6d0258e177b7c1714c441917a2323baf09a1f7529db48aad850d893a8,Zigzag,23815258,13616335,23815071,13616861,372,1086,65,52,1.556563861297295
786a01b0c62e65c0234dcaf2a293a6ecdae4404e624c60499f072518e40f9d7a,Zigzag,23833899,13832959,23833570,13833263,230,864,105,56,1.5675267639246062
7cc1fb973b53f1daf2302543254a284b4cf93f218b54bdf7448cde64badc22d2,Zigzag,23870250,13754019,23869931,13754449,241,990,49,100,0.391661447559002
5d91fdfcaf0d8fc2ceb9d11ba6381fd1f91c961a813fd2483c3545f38322e998,FCBK,23788228,13829726,23787894,13829875,225,708,130,56,1.0002565406648065
0b2ea06c35bdc5a0e15520fd368fd3c00fb055c9dee020c6c4fbeeee51210839,Zigzag,23828307,13701786,23828841,13701235,1094,9,49,18,0.03050503514528512
6bbaecc02fa44b38db88ca2f76e6ec477814539422d30caa23b0a94c3dde29ea,Zigzag,23831103,13690870,23831322,13690326,778,16,47,32,0.014794545411311403
37c368ff65b2e65bad65fb746bdea1b33c7ea34464434baad9f8924b2a7846dd,Zigzag,23900076,13717048,23899971,13716907,455,419,98,52,1.1130623186442195
7bd1878e8dc5c8e321c28ece280385ad8d1ce8582710573b855ec7e1936eb676,Zigzag,23813394,13727935,23813254,13728438,420,1063,108,50,0.002554789159064428
5e87905a0f6d554264bfd99d2f28f0df320bfbfae25a26e2ea1a6cfd78f81930,Zigzag,23878639,13727935,23878347,13728121,268,746,51,84,0.0017902233080183125
bbdb2c303498b83e72c1c7eb336cb7756743fca1690cc5678424cf1eccdab6c7,Zigzag,23695953,13776788,23695606,13777254,213,1025,107,51,0.018708729544347266
bbdb2c303498b83e72c1c7eb336cb7756743fca1690cc5678424cf1eccdab6c7,FCBK,23695953,13776788,23695773,13776989,380,760,94,41,1.566378675178673
0b169d29167472f5ce9e1eb2a525061224eb518a8e1ddceb25923b525e38828c,Zigzag,23810598,13643802,23810346,13643266,309,25,122,48,0.004595656367216766
031ac66a523da362b2be944c08929f05c2fcadec1d887a724e74f85992f56fdb,Zigzag,23789160,13642704,23789349,13642724,749,579,49,90,0.18678589634829215
43f7f9c11ed199a59f6292c2c2fe6f8f9db6d7123303ffa1cc595b60c04f9a03,Zigzag,23868386,13863082,23868609,13863096,784,574,100,53,1.0320319140530325
43f7f9c11ed199a59f6292c2c2fe6f8f9db6d7123303ffa1cc595b60c04f9a03,Zigzag,23868386,13863082,23867859,13863096,33,574,113,61,1.5654138119157375
94ba418ea5c9c9e1b79b33b0162b672ae8fea51c4031dd25dc0e9348bbdd7b67,Zigzag,23688497,13821101,23688657,13821588,720,1046,104,53,1.5604363638383794
0e917d505a672d8d444a81de825b86819298f2725e0e415ab1040a516eb4c05e,Zigzag,23764926,13650382,23764530,13650810,164,988,117,52,0.10240920488028542
0e13d0b90adad38f640fb0a7476fc53230c87a044b04dd37482cd03707e2e1bf,Zigzag,23756538,13682130,23756891,13682315,913,745,104,55,0.05058556728951061
716c5d1da788c7d7c107918a637bda9f3334a0a6f7d3c1f1237c8b09a92214d9,FCBK,23814326,13710509,23813783,13710643,17,694,35,40,0.023810447376071187
6b7c23e18747f422415cf907edfc95def05b82c749e4e673e3778ba048c196f3,Zigzag,23885163,13829726,23884785,13829403,182,237,97,48,0.015583394532138889
68225bf0ecb07fc02c304a9192e8fa5ac012e2a746e80be71e2831e08b329b6a,Zigzag,23740693,13699604,23740474,13699512,341,468,96,54,1.5686034799533253
4d2020b6718b228edd3519845df0da51b2c57699fdec9f9cbfe404e8bcaf9016,Zigzag,23877707,13755104,23878054,13754933,908,389,53,98,1.5698146856170934
4b42e0cf260fcd9ce21198bb2f06f2ea9f99d044864530a292358aac6f7b13cb,Zigzag,23806870,13649286,23807155,13649676,845,950,95,50,1.5697840592645576
a7ae8603ca726006215ec531b1f94c0419b6d75e588865b0d27bcd4566fb2f60,FCBK,23879571,13773538,23879654,13773625,643,646,98,51,1.5511049136948507
1317c95caaa46cac89e6e66c5e9762ea74a76926231c09ee11e59abec270225f,Zigzag,23874910,13799508,23874520,13799706,170,758,87,49,1.5705907307587426
06e17d6aa8781cf14fefab7c383cef843b51c2411cd3631cdce87f2693636d32,FCBK,23699682,13797347,23699272,13797636,150,849,50,119,1.5136952235463985
5cec51a5fb144e0e7d744c7119fc5821b704ce85daf842822b73707517e72e3e,Zigzag,23797549,13835113,23797857,13835255,868,701,93,50,0.008737623477089817
8653c7db414f75ca3af8beb305394e9af1e1dde1cd075efe6b49260fb8a99bfe,Zigzag,23751878,13831881,23752262,13832246,945,925,53,111,0.0233072264433439
f7023750a5f452df25e5e74965ceb699eb5455fb4232ef43bea507aee81c65db,Zigzag,23887027,13725758,23886648,13726106,181,908,51,68,0.014108269604343998
7e9cffc9d439d97a29437cd5fb32144712e9c1f9a7fca2b6bdb7cf728a536d47,Zigzag,23866522,13865230,23866160,13865090,198,420,115,69,0.06080417048760428
343f0e4cc8bd10d2f5e0fda1f59dbabcaf76bec6a14a7e2abb24b157a25a5a0b,Zigzag,23807802,13759444,23807253,13759031,11,147,55,23,1.554750781227169
81286ed52dccd93c27bf3b05de372529f32c11a4651d9dd3a10be5796d525586,Zigzag,23836696,13706148,23836328,13706074,192,485,88,51,0.06978481157535305
f382fd931d49c59c804a5bec772928af36f75d05629bc39a75e10a26783bd489,Zigzag,23906601,13749676,23906816,13749682,776,566,53,93,0.5030704974152092
3cce9bc259008ba6dcf10d4889af49b096385dc9b110408bfa1464530fffd2a4,Zigzag,23735100,13740985,23735506,13740765,966,340,103,55,0.01179504372031197
e8acc775a1b22f5623e03e45d2d1b40b342f81fec3a62a331b37867f60930d21,Zigzag,23746285,13667910,23746570,13668146,845,796,55,98,0.029750257841653836
ca2acfaac8e84a573ea17e3767a951274c9de48da4fa37e6aedb186df489571a,Zigzag,23732304,13748590,23732024,13748467,280,437,108,51,0.009636331113774975
ad7fb2b53ebe23af2bb7e1f10caaa19d49b6ee0dbfc7b3408eacefc5e7f0837d,Zigzag,23759334,13652575,23759425,13652316,651,301,104,50,0.004297233562613875
be37199812fa17d9f88633a7a4ff516fb7adf1e9412ce097cacbb15d24adeb74,Zigzag,23782636,13765952,23782851,13766029,775,637,93,47,0.008473705773508916
c1eb123e1f126f96c014b5b8cad907e31441cd7a3eb384c1804bf060c1cba8dc,Zigzag,23817122,13684316,23817453,13684213,891,457,57,108,1.0093929808375142
9f50dcdb5aa5c450eb89a7a709a3d6ab9cfad354045ed81e14649911285ba1c3,Zigzag,23779840,13817865,23779573,13817397,294,92,106,58,0.08421309847567018
799184d7a30645a45f2386879392767cc7b7c6a51d896b274708e3e88b1a1430,Zigzag,23850677,13858784,23850580,13859229,463,1005,105,52,0.021657300360093536
7198d553d3e82fbcabd0c470de4cfa3bc5bfe0fa5dec2adfd15a1d6c7131de69,Zigzag,23790092,13642704,23789606,13642902,74,757,53,96,0.0025754510239045093
8513eb093d8676807815c688d6d62ed34a945402079d7517c0c1ec6b78fdc013,FCBK,23830171,13594308,23830030,13594775,419,1027,50,117,1.505674847607516
8513eb093d8676807815c688d6d62ed34a945402079d7517c0c1ec6b78fdc013,Zigzag,23830171,13594308,23830376,13593778,765,30,55,59,0.006272650986234264
d378ef32ddd4acdfd61479891a0c6c1a5843cfbdbce1dce71ebf035d55bf584e,Zigzag,23873046,13720315,23873313,13719793,827,38,96,49,0.002026764157719552
c302ed2049b64ef28fa92420158fba07a2582f6ce9c5b3bf782631d4b59d2611,Zigzag,23940155,13789777,23940148,13790013,553,796,53,98,1.5686294457739536
10e89d478ccda8f968eb7e48ebf79032faae77f3e8f5328f83e36592f8b87f59,Zigzag,23873046,13808151,23873044,13808132,558,541,53,98,0.6008020845449874
40c2c1fe1bb3ec07e4f7c0e48178b8d9956b3d64b4dbc16844d05ae15591945c,Zigzag,23759334,13791941,23759398,13792102,624,721,106,55,1.559199192353983
e880bdb91dac767f023d356b1849dcb62674c3e5b1142d43a9bd9f4d687b00c3,Zigzag,23753742,13809231,23753899,13809770,717,1099,123,50,0.054302145909959895
e880bdb91dac767f023d356b1849dcb62674c3e5b1142d43a9bd9f4d687b00c3,Zigzag,23753742,13809231,23753749,13809436,567,765,57,99,0.0068176840682244435
5b6feeb81dc6231d5d8087f9fb4999d145e64616e809d2361d6cca80bb797a61,Zigzag,23872114,13707239,23872264,13707118,710,439,55,97,0.0011101411711056197
f67e5bcbf6461b4cf61c048dd566be6ddb7529797ff88ae2c85795e04b2d1547,FCBK,23748149,13733375,23747814,13733648,224,833,110,49,0.006240982255802938
0ab2b77a11a331c7b9de6c20f66e5e4fd6cc7f5e37f566a8ae19d04c1a325263,Zigzag,23848813,13814628,23849185,13814530,932,462,51,99,1.0182365398693403
44df12880a2f64fba2d15397283d084d3917ceeba752ed361dc35e1d490d0c73,Zigzag,23727644,13664626,23727932,13664153,848,87,119,59,0.01813629139041314
996249bef78edf637907ddaffcbe1020054b7c9c1be40c0c3640352b5cfc8886,Zigzag,23736032,13759444,23735481,13759665,8,781,18,46,0.03651909995160515
6895d7a1221ab4ae15fa4f213f8f0328e0e60f7cab9151f589e282637a7f1bc4,Zigzag,23799413,13807071,23799317,13807061,464,549,54,115,1.1489144590291385
e66b11eb4f3e9ed30ec20a3e8f0cbd77c63cc293c15562b8596d277a365e8435,Zigzag,23862794,13805991,23862928,13805881,695,450,101,52,1.5547571728137854
ae30c3569dbd8e895321c72cffe1295c1d8c181d77eba45cfdcdb954c450798b,Zigzag,23842288,13804911,23842154,13804793,425,443,52,92,0.06510998598280121
ae30c3569dbd8e895321c72cffe1295c1d8c181d77eba45cfdcdb954c450798b,Zigzag,23842288,13804911,23842413,13805237,685,886,102,56,0.06217126262130443
1f8e7b6a190acaec31c997fafa9ab57fd97c87106793e354b77566d2131e2043,Zigzag,23870250,13815707,23869869,13815372,179,225,104,54,0.028418504607262283
2b94d44f68a13956c6fc6b5147fd6f686c22c6025f2b852ae9ceedacded4910e,Zigzag,23804073,13648189,23804295,13648268,782,639,109,54,1.5284066585660507
01102b367d72e6fbffee5d4737c43742eebef30fb475f3c59e0d9377b7c031d8,Zigzag,23854405,13844803,23854908,13844599,1063,355,103,56,0.013608029123383542
735cceb1dbb946459a28b7f465795b87bfa990f245cbc3be0a0e78b61b14baed,Zigzag,23770519,13658055,23770011,13657672,52,177,60,102,0.9686657909191504
6183946c22ec5c3cac216f6b1a7f4f0c381883085c585ed5efaf35c34b717dc9,Zigzag,23776111,13795185,23776400,13795118,849,494,104,56,1.5665816080537371
97f0c4bb05bf5c72a6032c0cd9b09362f87f28f255bd0a15003a5f9ab63e84e2,FCBK,23744421,13702877,23744363,13702639,502,322,48,94,0.002894868068335091
95918d4d0df48e995cefe56fe9355266c00f9fd663cefe310bb963c76d627a1c,Zigzag,23781704,13851258,23781448,13851132,304,434,102,54,0.8581709709756538
fac333ba135bb2d750886ae58a81a855a610100d4dfa557a1d20d71a205c42c3,Zigzag,23853473,13826493,23853122,13826975,209,1042,58,110,0.011220395974910919
47ae99c41f3a2d38c12871ddb6dc4e34e04e0398bb395950d47c4982aa72d625,Zigzag,23873978,13727935,23873692,13728219,274,844,48,105,1.5684785776982006
6fbf98334e6493927a5c8e70f1cfce34f92a794bdd5b343baf5f281381b5db05,Zigzag,23929902,13760529,23929714,13760419,372,450,49,90,0.00798425265540923
551d5a25e1e9110e68a27cf8d53c68a33b331b2b3a367a775d6b52e7d51b94f1,Zigzag,23832967,13642704,23832544,13642643,136,499,109,61,0.01915280125314497
afa30bf0bd7d1499185f5d9e700d5922040b4a09f0a0d8c73397745267525629,Zigzag,23915921,13739898,23916232,13740158,871,820,101,48,1.5707522514788559
afa30bf0bd7d1499185f5d9e700d5922040b4a09f0a0d8c73397745267525629,Zigzag,23915921,13739898,23915805,13739811,444,473,53,85,0.0005159124297600313
7024eeab0c833c7a55829a82447fe45016f7c51f770b7336bb3ec5c525344744,Zigzag,23813394,13801670,23813358,13801556,524,446,60,105,0.7916219708649634
1a907abac3cef7d6ec631cf2d3ffb9365ce17b3743de9e87d69540a6d0f0f06f,Zigzag,23748149,13730111,23747828,13730607,239,1056,107,55,1.568520655643424
41f2d923dd011669e36588ffbabb4e7472a1eddf45680ce5819ac8f22b3636c8,Zigzag,23766791,13708329,23766648,13708110,418,341,52,102,0.000407693357429859
a8018b87975a59f9ef4496b5f71fef343f049f07519560624ab25ca2ac3fb1f9,Zigzag,23814326,13772455,23814632,13772962,866,1067,50,107,1.5522583287629639
67365e9b4fd8dfe7676ebc679078941049710d6a547d70dbf7c8c4feaee84188,Zigzag,23833899,13822180,23834103,13822582,764,962,54,107,1.2768548483254172
7db1901d23db499e6921df69083f4ee2e29ccaf577b8d99ccc8b7b1152174085,Zigzag,23815258,13705058,23815219,13704948,521,450,55,91,0.7774733949416994
7db1901d23db499e6921df69083f4ee2e29ccaf577b8d99ccc8b7b1152174085,Zigzag,23815258,13705058,23815566,13704556,868,58,85,50,1.5683293075191018
7db1901d23db499e6921df69083f4ee2e29ccaf577b8d99ccc8b7b1152174085,Zigzag,23815258,13705058,23815448,13704539,750,41,87,53,1.5086936738611751
d4fac4c2fc4edec09deebce844f52ffa558a4e19c313542b9acc47c78b564f1f,FCBK,23898212,13790859,23898233,13791139,581,840,115,48,1.5392523821053985
26d9486ea840c9846703d7ae15ba930cde730fe1bdae32acbd90ad04fd1955dd,Zigzag,23794753,13804911,23794524,13804438,332,87,118,58,0.2514127765869746
c0cd3888d07271f0c68f90256a01e24eab646ce0cdd67cc2ffbde238700efd7a,Zigzag,23853473,13828649,23853360,13828830,447,742,107,62,0.7631744169958733
a579803b3b86be7f59dc1c04f859cdd2ba53b5de0e6c11051fdcb6ce6c03e6ca,Zigzag,23861861,13857709,23861473,13857351,172,202,101,53,0.021993861504041503
3956fbc14189f829084199c546bfe2c142a1b79d328ecd4aaf3c9cbbb8a3fcca,Zigzag,23815258,13703967,23815565,13704520,867,1113,18,52,1.5220250588039483
414b76050a7ce03fe6e2351023e60dda2ca65a481197ec2d8e920748af434d9d,Zigzag,23748149,13769204,23748032,13769029,443,385,61,104,0.07541064367079375
414b76050a7ce03fe6e2351023e60dda2ca65a481197ec2d8e920748af434d9d,Zigzag,23748149,13769204,23747907,13769210,318,567,104,60,1.5686338399897524
67b3afcefe08fcda56c2dfd6ba902cd1d7e5c4ab66c3efa234305f540f9fa869,Zigzag,23846016,13798428,23845620,13798196,164,328,56,103,1.4832788612624401
f7b725cb6d0baa3853c98252f53f7e5dc4682e715325678581351754da4c7c31,Zigzag,23807802,13621834,23807911,13621723,669,449,52,91,0.0011894184573228025
24ae5e36b42c0d58a0ae0356fa8be9e37a75056367c3b1cf62baf697d46fe3ef,Zigzag,23795685,13791941,23795627,13792261,502,881,57,95,1.5530992218771564
8e09cc65447b7d79887712c4410f806f2bd122c93a4a5bdc19ed2a1dbf88cbc9,FCBK,23825511,13767036,23825293,13767149,342,673,55,99,0.7831410677945789
c703cabe28c8f196db28e8c0f9d1f6fe8b207a557b0f14ef1bd143e0a8f493b8,Zigzag,23750945,13776788,23750970,13777251,584,1023,56,110,1.5695361189670711
843d24c4d130660edc26ffb8e2eccfe113c22d4afd7726f187d15f67f34a8287,Zigzag,23747217,13835113,23747730,13835007,1073,454,112,53,1.5645501487742248
75449b9035a573171496adb5dd82ced892c052dda455b3b29f7babea1beab65c,Zigzag,23800345,13860933,23800550,13861143,765,770,99,53,1.5630344106398062
daabb1c0daa1e72db9f19f8965c0aac368fcff471c8477e2084036571e9681bb,Zigzag,23773315,13677757,23773303,13678018,548,821,56,109,1.5702216166316574
503a643272fa8251d10ea55070aa2007a414f3e02977704949d806c963df5c11,Zigzag,23891688,13725758,23891404,13725671,277,473,53,84,0.7152999685020094
503a643272fa8251d10ea55070aa2007a414f3e02977704949d806c963df5c11,Zigzag,23891688,13725758,23891334,13726124,206,925,46,92,0.4000084269160693
503a643272fa8251d10ea55070aa2007a414f3e02977704949d806c963df5c11,Zigzag,23891688,13725758,23891737,13725672,609,473,52,94,0.013888396528033536
d7be1fd930da75be28730179ea3960d6a431d85db12b043345a0e861c58247cd,FCBK,23803141,13619635,23803615,13619755,1034,680,55,100,0.8215049685616063
e3fdab87e6d150b7154fe27979d88ee2295237e86ab032a25da3df8ec154361b,Zigzag,23750945,13768120,23750541,13768475,156,915,63,107,1.140383821425397
f6981960488935075b1f50ce9633e709c0c15035fe86085ed35bc6630dbe7da7,FCBK,23741625,13677757,23741642,13677921,577,724,113,47,0.004404771695342084
7f64f482c5fdbbabc80f0488c4da8e1cb3ba643480c05c4a00495cc0c3675feb,Zigzag,23759334,13708329,23759284,13708847,510,1078,53,82,0.005377602075156063
c8248dae4303d72980be42f1214977f8f49e00e1bb46785c8ea493ae6c79e263,Zigzag,23744421,13784367,23744737,13783815,877,8,47,19,0.07492836184213722
4c1f42925dbd4f1a922ee5ad91da8078202b38aad6ed4ee16394f914c84c4113,Zigzag,23797549,13872747,23797302,13872665,314,478,52,105,0.9803010085636521
4c1f42925dbd4f1a922ee5ad91da8078202b38aad6ed4ee16394f914c84c4113,Zigzag,23797549,13872747,23797539,13873132,550,945,101,50,0.01164190675614591
4c1f42925dbd4f1a922ee5ad91da8078202b38aad6ed4ee16394f914c84c4113,Zigzag,23797549,13872747,23797442,13872384,453,198,54,103,0.04657700218385856
9ef22dae82486139e3b458f62503c289e2eae17c27d2809a5f0a86d7caf8876b,FCBK,23800345,13627331,23800495,13627215,710,445,101,50,0.6869372363136382
34dc22970f52544561e95866362590b18f22b68c73c2d60f65cf8fbb06b94e0f,Zigzag,23699682,13826493,23699304,13826092,182,159,101,48,0.004772092349880467
b55341a8b4e6e746d7c13a68f130db5813c7ea1939d30647455f41f676213015,FCBK,23747217,13771371,23747720,13770859,1062,47,93,70,1.564623385704202
b55341a8b4e6e746d7c13a68f130db5813c7ea1939d30647455f41f676213015,Zigzag,23747217,13771371,23747347,13770852,690,41,80,70,1.446700343690202
b55341a8b4e6e746d7c13a68f130db5813c7ea1939d30647455f41f676213015,Zigzag,23747217,13771371,23747569,13771001,912,190,104,67,1.5629041820625011
7ef327aa7482461867f57c1c060a4a26457402b5173db1c41675d7d9b654db43,Zigzag,23886095,13720315,23886047,13720325,512,570,43,71,1.5363609881098994
2b154692a0c41ae3b0bc1609d27197d6d6be899c6c6db16527a24c28ee27661d,Zigzag,23760266,13732287,23760295,13732502,589,775,112,56,0.0075821049278342574
591f704a2553511cb6de71edd54365e9c0953e50eebd183d331175aa823619e9,Zigzag,23793821,13628430,23793869,13627941,609,72,51,89,1.570156236026896
923f0928259d9e081a08c98f026be48cc51284c840ef0904d6a6c720df2170b4,Zigzag,23791024,13807071,23790775,13807580,311,1069,101,59,1.5682805716711532
1b2233af822075121cd5261992742a0c4446ac737222421a33a061fc01e799d6,Zigzag,23746285,13663531,23745890,13663620,165,649,55,85,0.00032927473910662503
49c2380d31eb12cf6382781312fbeeedd8131711ca70ba2e7f1081358f8710b4,Zigzag,23791024,13775705,23791233,13775792,769,647,61,96,0.027512624120688025
f62c477d230ce9d360b8e157ac0818d21c43ddeea0a2173b9c7313ff9cbcaf71,Zigzag,23749081,13698512,23749276,13698999,754,1047,87,51,1.5636653135020457
6d5ccedfe2ed443a00d700e6e1ec21e082eb3e1551f013995c442f3f9c74fac1,Zigzag,23822715,13851258,23822544,13851163,390,465,54,105,0.11216820889206947
a6dd0767572fbb356f7e41886f94eee2c054cf667540f26430215b10b66082f2,Zigzag,23731372,13749676,23731592,13749175,780,59,59,99,1.0095243412582822
d5b26187177bc239dc3f9c849cf6204d4eece060328202f9eeb71bc9542f4070,Zigzag,23842288,13834036,23842715,13834227,987,751,57,110,1.5315826113240247
086eff27fef37bb92a4806cae53f10de4db6d8a8cfc17c2cfa4e242e16117c15,Zigzag,23807802,13720315,23807738,13720228,496,473,45,92,0.054227161280517355
4eebd8d941b00f78eb4f45b4959a001838fd7b5feab372f6971ca1834c4e439d,Zigzag,23738829,13742072,23738936,13742148,667,636,56,102,1.4623602635320856
89bc38a6f45dc399eb2ac409ef09aede297645afc5813b48aa9169435f33e920,Zigzag,23769587,13783285,23769402,13783758,375,1034,55,108,1.498580985411872
cbe62a8f376e41874a47cbd1ecbacdc3c25d3fd56743a1d241796c25e6a5a820,Zigzag,23736032,13787614,23735502,13788158,30,1105,30,46,1.4850084512323922
1eeb024d14aab0df51acd9bcc2edc422a74641daacb25e94d7409d4088b23f06,Zigzag,23792888,13674476,23793032,13674061,704,146,105,48,1.5584938541392754
ec7ae30f98ce057b3847ad73d0916499356c3bfcfffcc7e6e9cb843e3934261e,FCBK,23802209,13813549,23802467,13813438,817,449,101,51,1.5580058298695185
5b7028c33444144df489753e83a648205bce614f2dca35ee9233b036429d7393,Zigzag,23882367,13714869,23882648,13715326,841,1017,52,94,1.525084631422286
de3cb00c290c1b9c6c7e6a070391ee18f82770bab9ea77fb6ddd5f40e669d4ba,Zigzag,23789160,13669005,23789368,13669213,768,768,107,49,0.0016535539900497844
de3cb00c290c1b9c6c7e6a070391ee18f82770bab9ea77fb6ddd5f40e669d4ba,Zigzag,23789160,13669005,23789266,13668486,666,41,49,99,1.5657288638726938
de3cb00c290c1b9c6c7e6a070391ee18f82770bab9ea77fb6ddd5f40e669d4ba,Zigzag,23789160,13669005,23789459,13669377,859,932,101,52,1.4795381851953149
faa8181a8102a306d9d536800e5b22ddbe5c5ab6a9cd25d833fe058ceb4b3beb,FCBK,23751878,13837267,23751435,13836923,117,215,52,107,0.06259239161343003
e361d235a402be44710188292c4bb4b2640219d7655da6b7ff9f5698d0f1279f,Zigzag,23834832,13830804,23834825,13830724,553,480,50,104,0.3325617750704541
77028812b23aa8af2ff4be825ae0c2bf3c21e5b05ba56d85892b1facae1bb2cd,Zigzag,23825511,13774622,23825090,13774961,139,899,80,47,0.7936373180198809
b52b4a67a906b19feaf86467cbb21420954ee788335c20869183b4375b026e99,Zigzag,23860929,13751847,23860878,13751331,508,44,95,52,0.780113919162513
0f4a871f1370ee55afdad2d937f13973432352b42578ee53ad3a79f838483064,Zigzag,23735100,13713779,23735296,13713691,755,471,91,62,1.553449693876611
4f15adba95f62da6810952643e94b50a883f76f9f89a040be076bdedbbc7dba7,FCBK,23731372,13671194,23731205,13671380,393,746,58,108,1.5676142487664153
72e6d9f822e356663e16cb1911a947a5b33019978f053f1fc0e8b5c76719d1e6,Zigzag,23791956,13813549,23791750,13813326,354,337,57,103,0.013996611374155922
1cec9e8479e7afbe1de22d76266f387697e0e10b775e619906c5a73564b998b1,FCBK,23778907,13730111,23778590,13730546,243,995,109,48,0.7048483262249661
044d216b803b236e5eb97c02de4a1cbf2930a528babcb6b8b32f082a888aae99,Zigzag,23862794,13774622,23863006,13774206,772,144,104,55,0.006885068285587252
7eef2ce02568cf8ca6e10a9596fcc90f259d88dc509d51b855286b7dc6ec64d5,Zigzag,23795685,13835113,23796025,13835620,900,1067,53,109,0.09161756015582316
b558931e6ce4652c2753a04c49b48160f329ee5fa6bf3a2b0a1c1a4a9f0dbe2d,Zigzag,23813394,13690870,23813412,13690374,578,63,56,102,0.26738115706211696
1ef0299cd0c6a9c8766faf4002b3a438a6757a14dc1281505e8becb38229b802,Zigzag,23814326,13794103,23814823,13793631,1057,88,55,111,1.4016395248880065
429147802683132b4db312f96d0fed26601e661c0fd59a03c6fcf9de2b3567ad,Zigzag,23802209,13684316,23801802,13684306,153,551,53,103,0.10403667926718965
8a9e1cda54d46814d258316a1cd39d8fb70f33da2349e0c75e19c624767ee570,Zigzag,23885163,13758359,23885503,13758606,900,807,48,94,1.553004812816513
cf348f09f6eebb1b69e65f3221f1c6713be54abfb21132868a10a9539b4e8036,Zigzag,23859997,13754019,23859555,13754554,118,1095,50,104,1.569428793575141
64e53422c175d535d00ffdd16fdbc2d6c2e9ecd528cedf8640a8be964f39d7b2,Zigzag,23873978,13723581,23874340,13723509,922,488,107,60,1.570345187306237
504f3ecd9889e801d54c3ad85d6231a29c10fa0a9ce14f74fcb508b4910499e3,Zigzag,23861861,13782202,23862263,13781900,961,258,56,103,1.282559073064258
7e5212b917b523ab7ab8a7696dbcc9b5550add62e112a5c8510cad193a3a217b,Zigzag,23866522,13760529,23866111,13760973,149,1004,105,47,0.48363654541354667
88bef43eca052af38289c6df3684d24b09b0018abf80ece13f7f45e96c2056a8,Zigzag,23867454,13751847,23867603,13751531,709,244,97,49,1.4448065698390464
caefa61ef662256e305276ff8351ec72389e2169d59725e5ed401e3c893c1b16,Zigzag,23929902,13754019,23930058,13754291,716,833,59,95,0.07130671243098165
caefa61ef662256e305276ff8351ec72389e2169d59725e5ed401e3c893c1b16,Zigzag,23929902,13754019,23929588,13754491,246,1033,107,55,1.557112339323797
346f4ba97db22d8309f2d31b96f5311d5607892bbbe209e860f35b2d059fa5d2,FCBK,23740693,13840498,23741188,13840846,1055,908,60,110,1.40172447972678
2de1aef5a1f80cfdf6e4be5c1837e257d6c4d5af94cb3cf6fa9938528a3d2b39,Zigzag,23756538,13830804,23756838,13831320,860,1076,111,63,0.07376615834242664
64626b21ad5aa59c795776997fe53f4599a40bbfdddd9442e5a07b16d5363b68,Zigzag,23786364,13650382,23786131,13649860,327,38,51,90,0.36363786893545247
59bba81c568109fecc09ad6e87fd572f4b7e273f6c03931ccb7e0694bd1f67d9,FCBK,23743489,13829726,23743989,13830238,1060,1072,119,60,0.4911735243250664
e219f58aa33b935817cf73c182e24de3e1c760daf0631768509c60bc3ee55154,FCBK,23745353,13675570,23745327,13675520,534,510,93,53,1.562625615412479
d9573f41f1b75bcb3aed1b9fb75d4d98ca99460144c9dd0de4f3ada4fdba3565,Zigzag,23758402,13655863,23758613,13655543,771,240,106,49,0.037074785157806996
696ce023124eeb63ded19d99a03c0fcc186aab7a8963d2ab2695b63e64582ff9,Zigzag,23863726,13750762,23863715,13751229,549,1027,95,49,0.314610471426666
2b5d855ce2e42d2c6f78b42fc16311a4d41e06ae8f72b2f8dba9fe7353e5c15f,Zigzag,23791956,13883475,23791788,13883952,391,1037,137,59,0.0012991942695450588
2b5d855ce2e42d2c6f78b42fc16311a4d41e06ae8f72b2f8dba9fe7353e5c15f,Zigzag,23791956,13883475,23791866,13883759,470,845,99,55,1.5668069114819578
1c57a8ce8074bfcb802d2af190477fc72ec5bb415f1c2c39337227dde22577b2,Zigzag,23743489,13740985,23743358,13740740,429,315,111,70,1.5448739156923923
1c57a8ce8074bfcb802d2af190477fc72ec5bb415f1c2c39337227dde22577b2,Zigzag,23743489,13740985,23743250,13740515,321,90,117,62,0.010077364114157007
7e710a92f25f134c48ef01b79918ea88d81da7e1296743575f00f629cb964546,FCBK,23840424,13755104,23839971,13755263,108,719,125,51,1.4660360916266675
123419c46d68819e9f06e2f9c9925c96338aa9a7381b9c5e5eecca769b9ef32f,FCBK,23824579,13691962,23824824,13691502,805,99,106,55,1.559752730386556
47c5c9e8b99a27cf6871c63c9a28da75e44bca19a31f4319447559fbe80b7a54,Zigzag,23767723,13701786,23767515,13701249,352,23,50,115,1.5321894125783995
12e1bc6361191743b3ed48a5382f04ec5cf97352c8e0ef6f9d80445d721deec8,FCBK,23746285,13827571,23745855,13827781,130,770,126,53,0.0014213859000153464
581baf2eece8ba9dfdd5d878607f7911a60c4d383607fc612ad8db303c3b4ff3,FCBK,23833899,13695238,23833860,13695486,520,808,53,84,0.0010532576496786272
fd3867d4c31ace87adadb15fa20165424bb0fe78c6d14c8ebd8350618acfe4d0,Zigzag,23842288,13824337,23842407,13824285,679,508,50,99,1.5683522107044765
a5937521e6c6fcdf815cdd89bdbefac561e84da4e412f241e0cb95018f3e0fb8,Zigzag,23914057,13739898,23913557,13739609,59,271,52,106,0.5668658888272985
a5937521e6c6fcdf815cdd89bdbefac561e84da4e412f241e0cb95018f3e0fb8,Zigzag,23914057,13739898,23914429,13739961,932,622,95,53,0.8913471005182341
a5937521e6c6fcdf815cdd89bdbefac561e84da4e412f241e0cb95018f3e0fb8,Zigzag,23914057,13739898,23913745,13740443,247,1105,49,51,0.3070183650805817
d604e05076140688df03ddebf69cb9cbbd939dc370ce3e94699ff52fd943aaaf,Zigzag,23847880,13859859,23847711,13860048,391,750,59,105,0.008985118527331446
c9e8a3bcfe03165cbb8cacdeb6a44004ec2e737cdd6f49b161e1beba16399f66,Zigzag,23867454,13845879,23867176,13846367,283,1048,61,104,0.6661493997928067
ea0fcb47d0d1d892450caa0bc38a7e3201337f079fd5040a46f846b73b574fee,Zigzag,23820851,13597615,23821160,13597688,870,633,96,46,1.4370489147417003
ea0fcb47d0d1d892450caa0bc38a7e3201337f079fd5040a46f846b73b574fee,Zigzag,23820851,13597615,23820426,13597866,136,811,50,105,1.5667420635094145
090125d3ba46a5c6d0eb16661804c22175c75eaae64e78beb6133d9bde43e08b,Zigzag,23788228,13816786,23788306,13817049,638,823,49,99,0.04401452522774113
d2ba9acbc25faeff4bb51cc612ab609a38f8ee74332260f04dfe66b9510cde02,FCBK,23833899,13729023,23833709,13729044,370,581,124,59,0.41356005528099193
485d851f7a0106dec71367c3b623f634d44d07bd3360203cd5679989b1f26b74,Zigzag,23743489,13660246,23743263,13660376,334,690,91,49,0.014533047959400842
9ac59fe320293b421fa4b43048fbc95209e4683b01d3324a5a0af0c7f116c3b3,Zigzag,23750945,13656959,23751207,13656620,821,221,54,92,0.0006789093967617709
c02ddfcb8994e255f7298baed41d1c15842ccab730ab0035d37aecdb65ec7d44,Zigzag,23867454,13730111,23867749,13730171,855,620,91,49,1.5656138153136023
13011b3646442bda40c305625ec73bd46ab0bab01fee675ddd68095ab73525ce,Zigzag,23880503,13763783,23880947,13764305,1005,1082,65,78,0.01934860601110384
bdb9d7c983ec04fe57425a87b6e267bf8ee7809e08c6714021bd516c1718e6fc,Zigzag,23926174,13750762,23926006,13751242,392,1041,92,55,0.18858562732345407
b142f7d5bdfa5bbd68d18bf62432a78807ccd9ff3d6f8dcfacfa02b72e391324,Zigzag,23864658,13752933,23864403,13753362,306,989,102,51,0.3096720053697639
d90ddeefbbd50af8c75baf0ceebbb71f5815a0ffc384998183ce50cb81027ba8,Zigzag,23732304,13737724,23732494,13737171,750,7,95,15,0.02478255526940975
9a84ed4d5f3db6db0d48889fb899c9a34caba522ea23d314f033ef9ff19afa1d,Zigzag,23815258,13600921,23815611,13600625,912,264,94,55,0.238827576092128
9a84ed4d5f3db6db0d48889fb899c9a34caba522ea23d314f033ef9ff19afa1d,Zigzag,23815258,13600921,23815470,13600973,772,611,89,48,0.048229751633983325
140182c50601ed240b3905fe95703cd44d5602b305df6d65a2983f59606009c9,FCBK,23819918,13834036,23819521,13833717,162,241,55,114,0.6366892454982412
c1c33e1d899899b61a3a6ab94f8394e626d9301f0689f70661686650af7ce2fc,Zigzag,23849745,13794103,23849522,13794600,337,1057,95,52,0.004656557971949565
57c725f0701419fe72e0d26beb8990b2c97757a22d392c60f68d8ecb4adbb518,Zigzag,23941087,13789777,23941455,13790264,927,1047,105,58,0.07855909929051269
57c725f0701419fe72e0d26beb8990b2c97757a22d392c60f68d8ecb4adbb518,Zigzag,23941087,13789777,23941236,13789590,709,373,51,96,0.07870454117554464
57c725f0701419fe72e0d26beb8990b2c97757a22d392c60f68d8ecb4adbb518,Zigzag,23941087,13789777,23941085,13789629,557,412,102,52,0.022584473651820817
57c725f0701419fe72e0d26beb8990b2c97757a22d392c60f68d8ecb4adbb518,Zigzag,23941087,13789777,23941310,13789822,783,604,55,100,0.016258696242880025
57c725f0701419fe72e0d26beb8990b2c97757a22d392c60f68d8ecb4adbb518,Zigzag,23941087,13789777,23941083,13790240,556,1023,101,56,0.007571633815352932
57c725f0701419fe72e0d26beb8990b2c97757a22d392c60f68d8ecb4adbb518,Zigzag,23941087,13789777,23941277,13789498,749,281,55,105,1.5672054535390882
57c725f0701419fe72e0d26beb8990b2c97757a22d392c60f68d8ecb4adbb518,Zigzag,23941087,13789777,23941308,13790233,781,1016,54,91,0.033375943606336556
25e92f9d17c4def2f3e69b517cad82e37aa4e811a706868a59288117fdd102bf,Zigzag,23792888,13748590,23793226,13748926,898,896,50,106,1.5694426420128094
25e92f9d17c4def2f3e69b517cad82e37aa4e811a706868a59288117fdd102bf,Zigzag,23792888,13748590,23793068,13748539,740,509,95,52,1.5657099554289542
6b4ab81f8b5604bc0e2fbe68fdb82a9a0350eea51e6969d34ac3c9f0c07fc2a7,Zigzag,23880503,13798428,23880851,13797897,908,29,51,100,0.6925782109765896
aaf85d1c8cccd04cdb70810f9babe5d6d1b6ef880d538e92898b9c599f1b1d88,Zigzag,23782636,13633922,23783050,13633579,974,216,94,50,0.023572849714349482
8b2de9c762b393ce289a6732fe1940b1f96f89779f1cab79c9189755071a88d7,Zigzag,23736032,13740985,23736048,13740787,576,362,103,52,0.3422333774642131
a42f13295f3a85359f1c9b90cf1ba0564794c9e17faa2477229e6dae2ab89e84,Zigzag,23860929,13750762,23860865,13750772,496,570,92,57,0.7471180190467038
1d00d59f251f68fdf731ab8f4f0b5d6344a6dbf73e4c4df18448266d0c50b0f1,Zigzag,23756538,13831881,23756602,13832261,624,940,97,54,0.040616423222962494
1d00d59f251f68fdf731ab8f4f0b5d6344a6dbf73e4c4df18448266d0c50b0f1,Zigzag,23756538,13831881,23756700,13831971,722,649,104,63,0.03156683123011591
1dba485ce21039ddb7f38a371380eb91f160d69cd96a619423aa1b5681ec5a2a,Zigzag,23803141,13760529,23802811,13759994,229,24,65,81,0.44503429172895714
d63f5c52a00114b2ffcfc785517d09cc77932b2682126b3dd293e66225d4222f,Zigzag,23706206,13794103,23706431,13793817,785,274,55,108,1.5691194674145283
2d4dc4c16cf539689973e3e61acfecd0def1e59c840f9f18b591e1c727ef0fa6,Zigzag,23846016,13696329,23845942,13696356,485,586,50,95,0.0023108722113889418
f709b5894c1e025ff7a66681293321c076fc510136ba36bef7737d0536e79a89,Zigzag,23942019,13788695,23941505,13788981,45,845,58,103,0.06185411758617882
6faa925f47164f233316e648337ed41ce3d05c79c80abe4eae0135e8f9d3add3,FCBK,23914057,13781120,23913749,13780581,252,21,51,45,0.049042148924512
b4a988aadc1fc6ba9ef9a866c7d1f041e2bb2ab2d659ab6bce33db571c4552f7,Zigzag,23773315,13690870,23772920,13691343,165,1033,55,105,0.04562419388604466
5ada44d5e1658fa232ec192abaa22bdb4b722102d8bbb8adb7102cc77a14304f,FCBK,23763062,13712689,23763134,13712397,632,267,107,44,0.00647557033743339
5ada44d5e1658fa232ec192abaa22bdb4b722102d8bbb8adb7102cc77a14304f,FCBK,23763062,13712689,23763263,13712986,760,856,48,133,1.5659921173464482
82944cec03845e9d02d5394250240bac8bccc37cd31eae0068c8040a93feab6d,Zigzag,23768655,13856634,23768558,13856991,463,917,57,104,0.6779796939871566
c2972ae2f52a8b9740fe03d50266675d657ae3e6726acd32095b3c0964952e4e,Zigzag,23853473,13799508,23853787,13799553,874,605,50,92,0.8203685311454424
da0fce02f8f7570f14f0270da7246a8743833f871b68b1bf1e91d0bfa992ade4,FCBK,23916853,13788695,23916528,13788425,235,290,60,132,0.35255988445953623
cf4bd6edd10125b6788f1c5f6d5970461bd944f07b7d24f9ee4db199181211b6,Zigzag,23855337,13831881,23855052,13831377,275,56,106,67,0.6398330405860525
698c188d30adf8216059bb804994cc35ce14a7faf9c02a76662f4b6fd5182fad,Zigzag,23750945,13648189,23750629,13648649,243,1020,128,54,0.007871904708110717
2e4b17a819563fd98e829588467aa0236c78be48346e0f2d84416b7a59d6aa39,Zigzag,23745353,13685408,23745489,13685087,696,239,100,56,1.5662444518597332
cd6c9844046a12cbbb4cdd95cde97bc8b12ad34fa477da86cf22eeb1e1e48d39,Zigzag,23799413,13768120,23799082,13767981,229,421,53,106,1.5677993384621758
cd6c9844046a12cbbb4cdd95cde97bc8b12ad34fa477da86cf22eeb1e1e48d39,Zigzag,23799413,13768120,23798940,13768409,87,849,107,57,1.5668547152235248
cd6c9844046a12cbbb4cdd95cde97bc8b12ad34fa477da86cf22eeb1e1e48d39,Zigzag,23799413,13768120,23799123,13768087,270,527,103,54,0.002210051278332077
1063ec36d342d6eb2c68fcc7b3c97cf3e840e4dddb4c4e7e09906bc403219086,FCBK,23874910,13805991,23875344,13806366,994,935,137,48,0.0062941185613338245
d9e66e39f7b3d35e7d6d708d689f1057a57a4aa1260482531d16fc1d0f24508c,Zigzag,23791956,13824337,23792408,13823981,1012,204,109,63,1.2619641825644028
c1ed8ff5fddcf1f5c0a6022b9a61750af20510f5c508d49511106d2982db72a6,Zigzag,23805005,13617435,23805251,13617694,806,819,48,93,0.6828994180478873
3f0159b0f6f5790afecee5137b4a9d588f9f6995ec36bbc101b1c977a32c4acf,Zigzag,23775179,13796266,23775128,13796539,509,833,53,90,1.3812458362085067
3eeb52d3e5923d9507e604d45238074be7e24eba3aec8af5223a8b40840fc08c,Zigzag,23681972,13794103,23681965,13794225,552,682,104,50,1.557566807763819
9636471edfb4d4548888a918a95b119a072bacc6f30f0ed26a2cb990557a46f9,FCBK,23831103,13593205,23830757,13593266,213,621,43,84,0.9277352020725319
48649870795217b3c3446d3ff88f908819b1ab8836d755f0a781e4fabdf148ed,Zigzag,23840424,13835113,23839983,13835608,119,1055,55,108,1.518767347000509
58a1c10e6ca106e589d5a4136a9306e8b3cab496b1089aea803d5451a9fc3d09,Zigzag,23747217,13653671,23746867,13653406,210,295,49,107,1.4642075652222193
13f1670e0cc908a151d85ff1d4a907c21e383857c256aa0e7960ffa619743df0,Zigzag,23736032,13699604,23735748,13699951,276,907,104,47,1.5701806039508703
81f45cf6537e2c88c9ced03d39f3eb04e7ebfeb7950091b57a9a0293e7aba151,Zigzag,23787296,13754019,23787744,13753886,1008,427,106,52,0.015255491782625582
1e0afdddfb460e29fde0a399c21fc805281d8bb1f41cca148b8f343ad2423c4c,Zigzag,23922446,13749676,23922593,13749759,707,643,98,51,0.0063802687017059856
36672daddfc08530d64f5511345c5226781450a848e6f7ea7d3596a4c1f6d790,Zigzag,23836696,13751847,23836806,13751527,671,239,101,54,0.022664526609712916
372373c9b779f0433745b7a35b2bf0ed005b44bc3a561eb352920ea901a4deab,Zigzag,23682905,13812470,23682566,13812975,221,1065,61,105,1.5668487231110722
393eff80f1eb2c5436393117783baabcf5bbce8119b8b780e4094badbff620f4,Zigzag,23748149,13645996,23748157,13646244,568,809,106,46,1.5664709537104444
308ce361492a0d84be1a1132f6ba22fa38c8a95973c44231db701becfc2f2ab5,Zigzag,23756538,13681037,23756254,13680747,276,270,51,115,1.5654743988305366
91f06928db6ed60cbaff0f5fca4471d63987a5090e85c3d26a1f3f92428dcfe6,Zigzag,23942019,13787614,23941914,13787405,455,351,50,106,0.22679401612757769
91f06928db6ed60cbaff0f5fca4471d63987a5090e85c3d26a1f3f92428dcfe6,Zigzag,23942019,13787614,23942285,13787419,826,366,54,106,0.042276642007707095
dab2b3c7ebbd88e3a2bf51a469a2a26e6e40a9b3dda72de347d0574cba8cf221,FCBK,23899144,13750762,23899345,13751155,761,953,107,52,1.5507709532941547
427f7623e800d5314b47d03537617757b8abde8a471cc316ce59bbcc4ab6e54b,Zigzag,23785432,13859859,23784986,13860025,114,727,101,59,0.031452390204648156
4c0c3baf81b54f0994924b7c5bcf8358d65a047548bc36a7e61f819f41e07085,Zigzag,23808734,13617435,23808962,13616965,788,90,98,50,0.0008558328887480648
92a92fd26591a6a5f96c388c9c024e30c414e8708f3ec6ca21de006e94c7c2eb,Zigzag,23859065,13703967,23858909,13703672,403,264,50,88,0.4680652089674216
92a92fd26591a6a5f96c388c9c024e30c414e8708f3ec6ca21de006e94c7c2eb,Zigzag,23859065,13703967,23858702,13703624,196,217,52,90,0.0021394845314517573
1304b3d55bd2924b04bf63872a6b3f7d6e45dceaa5e7761f70df71f2841765c2,Zigzag,23759334,13699604,23759885,13699534,1111,491,18,77,0.03233052388161515
55742acaf6aa8134d3992ac0142da49f1b60c14723495577f32ade7d5758393f,Zigzag,23889824,13789777,23889488,13789964,224,747,50,94,0.09834922412083803
dfa64b0570bbb234e6d8252c7720ae284f8b912ee213c18379255440079b3425,Zigzag,23715527,13748590,23715299,13748348,332,318,58,101,0.008578776841188249
dc65d0072e751d2a18c6963853a24c9271aa741234059227d9119bd61da3bac3,Zigzag,23864658,13688686,23864338,13688742,240,616,49,106,1.5616270631617537
33082f1724f55ee301a8416527384466df80f7b062986d514d8f81e8779e5bb0,Zigzag,23830171,13678850,23830103,13679009,492,719,111,53,0.0025276139928239612
33082f1724f55ee301a8416527384466df80f7b062986d514d8f81e8779e5bb0,Zigzag,23830171,13678850,23830154,13678430,543,140,92,52,0.9125573809669795
db10d8d013a4942edcb693617c9f2656d5627d54fbec0eaf04f029c53969a87c,Zigzag,23857201,13755104,23857476,13754845,835,301,96,55,0.0983025272555992
db10d8d013a4942edcb693617c9f2656d5627d54fbec0eaf04f029c53969a87c,Zigzag,23857201,13755104,23857081,13754856,440,312,97,38,1.5255896999230196
017b157b7aeecc987f40680ef9721ba4b2346183f67d0f9a5f35ca36d783a7dc,Zigzag,23763994,13786531,23764244,13786939,810,967,104,62,1.5437162395665347
ad4d8963f323f213ee20f0c71d67dc2ae0ba58fb276a8bb3b143cb4117c38654,Zigzag,23820851,13760529,23821305,13760894,1015,925,99,51,1.5682799058808807
eb5a3b015fccdc9bc0382b56823d512b47c6078ccc9cdf26f58f222d27f7f913,Zigzag,23742557,13665721,23742888,13665944,891,782,45,92,1.563957329115573
3797a448a562221848e1884d1b9b30104a87d587629ee357eaed4e59bfa794a8,Zigzag,23835764,13666816,23835773,13667162,569,907,50,98,0.21164211090838322
4228998974ec5273776417e4b73b6e9db6ce8d28abf9c78c03c7bb607f68388c,Zigzag,23787296,13723581,23787706,13723328,970,307,53,104,1.5689370408798577
eed8e40da3135c1b79011552646d735a9f136711cbcf7a231a675593f1b8781c,Zigzag,23762130,13688686,23762069,13688506,499,380,104,53,0.0008005360157605549
8135a14caffbd909779f5bef48de172c19be703b92d2ae6914bfe8fffd50ffbb,Zigzag,23858133,13703967,23858650,13704020,1077,612,50,93,0.670383626188951
625d450a5dd9857cd5d0bc6311a3a89e61e82faf3fb5eb460e8917dc1066a201,Zigzag,23867454,13757274,23867363,13757777,469,1063,107,52,1.5067060235815946
f128c7709975ab0ec6f79e775706c3932c06ec02701761fec2a2b0f2a40bb0d0,Zigzag,23688497,13817865,23688575,13817941,638,636,56,111,0.01420601177753911
3b89ddda5e283a2080f998d200a434cbca0165f77bc6d22b4ef19fc2b8dfcfd7,Zigzag,23849745,13789777,23850069,13789222,884,5,11,34,1.5642586657929156
518e4107a56e31c9d81cef6fa5eab181424b6281db0b0959042526ef6279a764,Zigzag,23826443,13817865,23826522,13817377,639,72,101,54,0.0020793999502115848
9812a71a2dd487f27877ed0a4e7f017264d1428524fd051848d54b24ec8ef68f,FCBK,23872114,13727935,23872387,13727888,833,513,101,58,1.566506506910997
4a08646544506e846638fb1ae3af93f7ecacbc011df7e76eba4c7b339fe82e30,Zigzag,23783568,13744245,23783489,13743814,481,129,58,110,1.5665477859078931
4a08646544506e846638fb1ae3af93f7ecacbc011df7e76eba4c7b339fe82e30,Zigzag,23783568,13744245,23783128,13744014,120,330,103,58,1.5617800617663788
4a08646544506e846638fb1ae3af93f7ecacbc011df7e76eba4c7b339fe82e30,Zigzag,23783568,13744245,23783347,13744550,339,865,57,106,0.005524980473613476
4a08646544506e846638fb1ae3af93f7ecacbc011df7e76eba4c7b339fe82e30,Zigzag,23783568,13744245,23783748,13744043,740,358,50,100,1.5141379740776244
4a08646544506e846638fb1ae3af93f7ecacbc011df7e76eba4c7b339fe82e30,Zigzag,23783568,13744245,23783919,13743701,911,16,53,31,0.0027447336622535
5bdd84b7013f245d2d4650dddc3528f7e7cffb5146297c3152724abbf83ef991,Zigzag,23919650,13754019,23919498,13753770,409,312,47,99,1.5590272853056184
0f89c527c970dee6efb18c9f5ebd5de93983faf2259403e2626cceab63772680,Zigzag,23854405,13835113,23854526,13835202,681,648,60,82,0.08030674882160674
57343fbdbce54fd963d5ca5c446ed2ae82b5668d4b4305b1f1473ebc7068af1b,Zigzag,23736032,13719226,23735595,13719064,123,398,104,48,1.5699335957597655
650414171a918565204a7f4e9b545e45ad579651d56403740dc4b023a99a89e2,Zigzag,23885163,13816786,23885268,13816367,665,141,49,98,0.04247305013810044
90f6a6106e6e303305a4c2c7ce013a92894d3c70fd85feec7db7a60f9f47a732,FCBK,23827375,13854484,23826890,13854464,75,540,105,58,1.5575875804203216
39e8b65800ac16fb1616d1b3e7e4e1f949ffe4d253d99eda26a4e9bc71ce6bae,FCBK,23680108,13827571,23679788,13827899,240,889,94,44,1.5164159089160234
7dac31931410bc2eb7027bc41cbdc287e16b58fe00c3b62acbd51bbd23b7926d,Zigzag,23748149,13731199,23748040,13730729,451,90,59,112,1.5690587473416744
7dac31931410bc2eb7027bc41cbdc287e16b58fe00c3b62acbd51bbd23b7926d,Zigzag,23748149,13731199,23747832,13730649,243,10,20,44,1.5397269574116506
da1b0d2e273224a2b82b96de7de26b1ec47d40b95919fc938c26eea36297d5d2,Zigzag,23853473,13774622,23853142,13774119,229,57,78,68,0.6714774530276737
b8166e8d0993f949b90ef0c33540b19bb8c9a08553b7beab7688ec419ea06e1a,FCBK,23743489,13807071,23743489,13807395,561,884,128,64,0.6772215586038384
c7adec73fe0fa70f4a2c7cf8b7381c94cbcaa73311f08396afdc9a5585d17a54,Zigzag,23859997,13683223,23860387,13682930,949,267,99,53,1.5583349965802524
a1c9fe1504997b7f14826c0416309708532146d5956a1bcac29e2b1cdf1db189,Zigzag,23788228,13745331,23787809,13745647,141,875,101,52,0.06813340618934093
a1c9fe1504997b7f14826c0416309708532146d5956a1bcac29e2b1cdf1db189,Zigzag,23788228,13745331,23788556,13745759,888,987,104,60,0.5033212340318401
a1c9fe1504997b7f14826c0416309708532146d5956a1bcac29e2b1cdf1db189,Zigzag,23788228,13745331,23788136,13745647,468,876,103,63,0.5252998031655597
a1c9fe1504997b7f14826c0416309708532146d5956a1bcac29e2b1cdf1db189,Zigzag,23788228,13745331,23788322,13745776,654,1005,99,56,0.110604708627976
8fb8caece37e490bbfbfa32fbc0fb689bb79d6721c9d735af60e89582b1892f6,FCBK,23857201,13805991,23857299,13806006,658,575,50,124,1.5707419983086588
1980e3ad84f3b7439aff80531a9a71418052da505b2bdc754600a4cebb44d505,Zigzag,23761198,13764867,23760858,13764744,220,437,99,52,0.03869958806124274
9d923de86b93b5d5867cd73dacfc1ffd35a05287691f1e15d4bc87e456215f3f,Zigzag,23887027,13789777,23886701,13789951,233,733,102,59,0.06436959807143476
9d923de86b93b5d5867cd73dacfc1ffd35a05287691f1e15d4bc87e456215f3f,Zigzag,23887027,13789777,23887346,13789993,879,775,52,93,8.443087840879284e-05
8a40e8c00b2f532912a8505649c45a1206c16eaaccedbc1c7e60c9c73018ae09,Zigzag,23796617,13673382,23796239,13673446,183,624,50,92,0.0674355830823345
8a40e8c00b2f532912a8505649c45a1206c16eaaccedbc1c7e60c9c73018ae09,Zigzag,23796617,13673382,23796502,13673349,445,527,95,51,1.569081916843158
8a40e8c00b2f532912a8505649c45a1206c16eaaccedbc1c7e60c9c73018ae09,Zigzag,23796617,13673382,23796174,13673273,117,451,59,95,0.006494147446482645
5ce8b37a098bc78caa65939468ce2bbcd018198bf258e7eedd8656a447fd3b3c,Zigzag,23772383,13768120,23772220,13768544,397,984,60,103,0.6607620912236855
5ce8b37a098bc78caa65939468ce2bbcd018198bf258e7eedd8656a447fd3b3c,Zigzag,23772383,13768120,23772414,13768371,591,811,51,106,1.5694702057300915
2a820f9511e5d6dbb0cef1a9299cef6da01bc7076fd23df027a0d7b5769de83e,Zigzag,23916853,13799508,23917261,13799132,968,183,122,66,0.07839316770984393
4f9db33cdcb97d5f40db79d87ee513297cb8b69950bc04b557a840801903f167,Zigzag,23755606,13791941,23755964,13792191,918,810,52,96,1.5591994586700921
fc35eea38c158794c1b6d21ab9c358e5bf37b6d533e22c2fbc57d9286ac329b4,Zigzag,23732304,13714869,23732613,13714863,869,554,113,59,1.5671352792443647
3c176d0155e84aa0b2b6652a7e9eb1a2c9cd8153b9b2dd49db836b9d2243a811,Zigzag,23800345,13846955,23800175,13846494,390,99,103,51,1.5477948707759912
bb8bb0ac3fc09f9646f7f3e5b13ce19968295dce6ad587e2edcb6d05e1516c32,FCBK,23787296,13682130,23787226,13682155,490,585,90,43,1.5453313136096134
b03d56b37d1390e7350032b0cb59a7219807324a0ce5125c56a3c1ac951817f8,Zigzag,23819918,13848031,23819795,13847688,436,217,57,109,0.0513569893499549
377693c397b7d50090a22055769fe42653f436e582be0fae9fec272f68115d9f,Zigzag,23832967,13631726,23833073,13631479,666,313,49,99,1.5364972087996571
62d638609180780ea043e4ed908567336ff5dab11cf83f77b0874e09ef792657,Zigzag,23765859,13811390,23766255,13811238,956,408,105,59,0.21790000683785138
1794f462de66ba7300df42c6bf59a52db83ec5b77a6766cb6d8c0f6f07f7b9f1,FCBK,23840424,13770288,23840466,13770456,602,728,108,57,1.557552826168096
22e6051c467630a871eb22fce6536e70087b16b948a9ca99e52141abe5454585,Zigzag,23858133,13684316,23858112,13684512,538,756,54,107,0.40528431548308436
22e6051c467630a871eb22fce6536e70087b16b948a9ca99e52141abe5454585,Zigzag,23858133,13684316,23858473,13684666,900,911,47,88,1.567932762832789
22e6051c467630a871eb22fce6536e70087b16b948a9ca99e52141abe5454585,Zigzag,23858133,13684316,23857681,13684108,108,352,105,38,0.016034938696448328
3601d0833e5ce6fe3b449ae540b5f96c182bb9490b6a624b1c775fbcc5fe2b31,Zigzag,23849745,13851258,23849592,13850932,408,234,106,50,0.005207317890580715
2d54a0954accbf972aaded54bf7dff91a6a9be55f6b08975fc35303c59d09e5f,Zigzag,23809666,13823258,23810144,13823770,1038,1072,63,120,0.8748472196685392
c019f42edd8836c422ed72e03e8fd50ad4a63240e9653e049954c6ca435bc6cd,Zigzag,23720187,13750762,23719806,13750691,179,489,48,101,0.6854621113858433
6cd5ec236116beb62bbdd97564df8c2986e787291d10493ef15be0c9ba7207ee,Zigzag,23835764,13736637,23836302,13736403,1098,326,72,37,1.5502686811125657
ee3e7820af48c538c6e042ec732309754ac5789e518130e98ff206010b7e4a3b,Zigzag,23848813,13762699,23849137,13762234,884,95,52,95,0.00011815015672985869
7bcf897d296119bbe21664670e9871d31394b203799b4f84a58453cace2faf47,Zigzag,23872114,13815707,23872489,13815732,934,585,55,110,1.0582282312736513
84b0161bd48b36f621e7306142d40bce967411c29547a479daa51ec5add20cf5,Zigzag,23716459,13752933,23716259,13753134,360,761,105,54,0.01072922376552164
37b9359ce4638d457979109a440c941c9795e4db565724a60550b843f5f2d972,Zigzag,23903805,13708329,23903330,13708166,86,397,89,46,0.04729273504919576
850b1fd1fec249eb1d3cfb1a114900fd3d4f5251124e0c45434913efbf3bcfeb,Zigzag,23893552,13764867,23893062,13764950,70,642,47,103,1.5706871371902034
3bbea1894bc0c14d7b20258f0b7caf62f400019068f843b2dc5b1d0832ca960d,Zigzag,23794753,13882402,23795057,13882879,864,1037,71,105,1.5681303693856727
de582193f6fbad116e2fd5952e5ad406e7c7f6675850f40fe4cd03de9163827c,Zigzag,23774247,13752933,23774156,13753103,469,730,104,48,0.010882336802849783
52f94a5ba502a23c60fadbe1d670676762bedb4659594f8af69e5e0da6a001a1,Zigzag,23852541,13803831,23852148,13803575,167,305,91,49,0.03296699233441427
deaf9e48ecdbfb5490bba95c1aa357239a82c263c178d735e6b667b5da2c3b91,Zigzag,23849745,13862008,23849533,13861558,349,110,101,52,0.02261957120215562
3a23000d701113dd42afc5ff10e7a20acc7787991064eb7387daf0ea60ea05ba,Zigzag,23792888,13747504,23792401,13747967,72,1023,54,94,0.0024478042044259254
0ae5c3bb6ff874f3db4ce6815c3ce38e32289c5d6ccba1cfa99c1dc0d3b376a1,Zigzag,23910329,13798428,23910572,13798866,803,999,105,60,0.7313949822869851
ba1fb9db2eb022f38038efbd61b82c42b814af5bbacda9d1b1fb884728bdd285,Zigzag,23842288,13773538,23842527,13773398,799,419,53,106,0.01821453423100183
c0fc1844e14b2e09d0421af7c72801c0108bea6d5123a8f7692ca61b05470f4a,Zigzag,23941087,13788695,23941268,13789179,741,1043,103,51,0.00021796851951771124
9c695b7984fcb3a41142d895809067ae550f81c49821a9225afd044e80b05e0f,Zigzag,23755606,13673382,23755592,13672955,546,133,94,46,0.0012263148117278714
2bcb318c45e15e345f893441f7ef3c43b01a55fa48fb2191ba37b0117702e65c,Zigzag,23793821,13826493,23793886,13826894,625,961,56,107,0.13738322615239987
ae6bcb573c9124a574991de2a64d30c80083a5154939195c4041c55a27af6e9a,Zigzag,23719255,13804911,23718953,13805005,258,655,53,88,0.02068570429302697
4dbe036f2f03548f427249177b983ebdf298f851e9454c56f9a7488957c51ff8,Zigzag,23770519,13735550,23771010,13735025,1051,36,119,59,0.014312595437493825
f5bbdab865a57584c6b888a83b28e5a121bb89aad40546a023aa6ab7e290c9f8,FCBK,23792888,13788695,23792666,13788390,337,254,104,58,1.5669672337795806
0850b5821fadd2f2cd399a86d98978777ba38ac0a360443459f944b9eea710a0,Zigzag,23718323,13838344,23718142,13838038,379,254,96,46,1.5707377372509148
5933aa92899fe1733a9dcfeb1b3d8532f894f6513139b65cc6bd8f39b7fb6122,Zigzag,23927106,13782202,23927460,13782180,914,538,104,55,1.4795887852560263
f18a7c033a8716b12e716e36050ddfafc8eb1978e65533c7ee3b32f261565dee,Zigzag,23699682,13775705,23699991,13776164,869,1019,105,52,0.009306422671065703
f18a7c033a8716b12e716e36050ddfafc8eb1978e65533c7ee3b32f261565dee,Zigzag,23699682,13775705,23699390,13775531,268,386,101,60,1.5648344412205906
f18a7c033a8716b12e716e36050ddfafc8eb1978e65533c7ee3b32f261565dee,Zigzag,23699682,13775705,23699723,13775507,601,362,49,110,1.5670765565423284
3a34a6e3610f5903e25d647dd7dc82e3056b0e57b505f35f13050ff94bbb41fe,Zigzag,23832035,13639412,23832221,13639521,746,669,52,108,1.550778143829098
3a34a6e3610f5903e25d647dd7dc82e3056b0e57b505f35f13050ff94bbb41fe,Zigzag,23832035,13639412,23832460,13638898,984,46,53,91,0.06277865892573505
3a34a6e3610f5903e25d647dd7dc82e3056b0e57b505f35f13050ff94bbb41fe,Zigzag,23832035,13639412,23832381,13638882,906,30,98,45,0.014369626616118953
83d5e26eeaede516dc737870985b8ea66f4e61cc3471b472e84fc525ffc3feff,FCBK,23791024,13842651,23791518,13843140,1053,1049,114,56,0.14550446931756927
fdf85ad102524769836eefa40694ca1d937418f6d5273cd8b56c544a46d74607,Zigzag,23833899,13760529,23834402,13761042,1062,1072,55,102,0.6322723928303448
5155305b6fdd546e3837133816db5f8773ce57965742b7ea68d4cf0e690084f6,Zigzag,23924310,13750762,23923790,13750445,40,244,81,58,0.024883387125588272
aafe994c13aef79101b9b9549fff2c18c713c0abfabf76ebc96a6bbad8032d84,Zigzag,23782636,13745331,23782539,13745227,464,455,55,109,1.5691116110893124
f9337c4ace762d15e4a2b489f52c9453c6ff7cd95c838349945ac0c908d61028,Zigzag,23833899,13838344,23833934,13838074,594,289,53,100,0.1170927682546543
3ca333b063d6cce6715d3c452cb23b2898b99d88854e8ddcbb975e6f70ad85c1,Zigzag,23761198,13641607,23761020,13641888,381,841,62,116,1.5663288740662886
b2646088d4df2a27dbc84b555b72df9387ae3ed88af9f5752c748a3736e8c889,Zigzag,23879571,13824337,23879353,13824833,342,1057,64,124,0.041171937820407005
a6e2ca39b8f5792e2d1102f96c6e541e32e3970b4a9029224aae7e47a8cf2fe1,Zigzag,23765859,13709419,23765475,13709425,177,566,120,65,1.5499926444655792
b4c72786f2f7df09fb4ac2eccc4b3b87d63055e5c915b355bbec01ef1dc92a4d,Zigzag,23777043,13649286,23777363,13649792,879,1066,62,106,1.5563280383827685
8afaf5e07a9ab639616f5de33d48fd0dba235426990fdd4cb647a36fc1c9861c,Zigzag,23861861,13750762,23861972,13751126,671,924,98,53,1.5658308629424438
d21f579a50954030b661a2c9990b29d5907c687c350078ae038ec695fff5f89d,Zigzag,23800345,13631726,23800227,13631565,442,400,46,84,1.5700803359358289
ea393a6619b8acb7777c3d18fa2804c1e5e9e1fcbe60e2583c31c19fb5a692ce,Zigzag,23685701,13786531,23685740,13786016,600,45,56,105,1.5618650166051522
ea5fb1258241c3321f1be9db2115ae3be40ff0b5acb7eb7279943d0585eaf195,Zigzag,23793821,13849107,23794244,13848931,983,385,54,102,1.5380527611923724
218124e77e2d0c2edfc90528dee66586ed61143da71a4fe101aecfe70ec36ed4,Zigzag,23873978,13758359,23874157,13757811,739,12,55,25,0.014755700710099075
c7f350cfc2e62bbdebf79091ec03a59c49c8eb84a48c0dd95a5a25b041eec9ea,Zigzag,23908465,13803831,23908173,13803826,269,555,64,111,1.296792204352132
243c0dd429f7c7a535a59dc00ce03c2c61ea195d6881db55b3e4c09f27195e30,Zigzag,23696886,13826493,23697094,13826481,769,549,105,50,0.0037767949293351726
d7e3e3e6bc1829d5025df98b7624fe709e336ef89cca3c0d7f17a55b6aec8bc6,Zigzag,23805005,13661341,23805340,13660896,894,115,53,92,1.569293504991765
c0b8e1896e1fe806ff4b641e34f24b8e976b921461acb67d95b7d66cb5369742,Zigzag,23763062,13710509,23762692,13710594,190,644,108,65,1.5670464628220107
be34b3c0925cda712d95f31c5dfc9c7027f4405917556bb31eb61d33bfea5e41,Zigzag,23763994,13829726,23764110,13829715,676,549,49,103,0.22821774204633405
be34b3c0925cda712d95f31c5dfc9c7027f4405917556bb31eb61d33bfea5e41,Zigzag,23763994,13829726,23764462,13829912,1027,746,106,56,0.06984929752443578
d5b8da6106d0aa90c8cd4b38d7a4189f3f7062c0f3e1396063cbec7449f8b741,Zigzag,23862794,13750762,23862537,13751181,303,980,65,114,0.3799810560445099
d5b8da6106d0aa90c8cd4b38d7a4189f3f7062c0f3e1396063cbec7449f8b741,Zigzag,23862794,13750762,23862750,13751285,517,1084,57,98,1.5624638283762566
836c978f1410303741508ab3aceb773d74e8b0743833f2a0a9289e4a073412cb,Zigzag,23854405,13831881,23854413,13831631,568,309,59,103,1.0946481576029756
6794840c8f3935d019cf1447360df833eb6c41e35bce2d9c77b49ed6e5dc7245,Zigzag,23806870,13788695,23807023,13788894,713,759,49,106,1.546030393395759
41d06be7b223fac2371d9a9cdad9ca0bf47cd3987cce18fc7b7afcbf2d87f49b,Zigzag,23871182,13791941,23870847,13792362,225,981,57,100,0.9089489308479766
c8176954edf67a6fb0351cd91ed5d9cac2db385e5926df07e2d3b9dee365d9ed,Zigzag,23792888,13836190,23793100,13836619,771,989,103,54,0.13565619947499713
c8176954edf67a6fb0351cd91ed5d9cac2db385e5926df07e2d3b9dee365d9ed,Zigzag,23792888,13836190,23792351,13835882,23,252,100,54,1.2648517149763212
200560f434f6adb22e5c113192b707515f2e115c2b3664b80597478d8d7c28cd,Zigzag,23746285,13817865,23746019,13818011,294,706,100,53,1.5523937505043945
b633c84cb926f7f4bb94bf9103de9cf7ccbbf2f742d22046d2340498a20def1d,Zigzag,23791956,13767036,23791690,13767464,294,988,60,99,0.11312261092534823
c5c626a2206cbd7d69bdec394e43c96e5d737ef31a70892d41efa81f0e6456c7,Zigzag,23772383,13850182,23772059,13849710,236,87,104,58,0.5519817478109547
4821ada36e135788402b611594669dcbae8d19ac25b3a74a119f33c628cde44a,Zigzag,23698750,13826493,23698708,13826145,518,213,95,49,1.5608012169077201
6cfc6c3a2fb13e4a8a7a3e2cfbbe34b5e95a151bae2e6127bed893741853502a,Zigzag,23784500,13744245,23784987,13744031,1047,347,87,52,0.06341334014777138
6cfc6c3a2fb13e4a8a7a3e2cfbbe34b5e95a151bae2e6127bed893741853502a,Zigzag,23784500,13744245,23784663,13744292,723,607,55,111,1.5682595326985416
2aae16fec8b4a8aee3683054c489f5d715a7b1574eb3b6e455513064282154a4,Zigzag,23785432,13670099,23784878,13669979,6,440,13,61,0.0013274258576945004
67e792773c28f55ff4f7b454b30c1412e4490a80c04b22c240631ca5510995b5,Zigzag,23775179,13815707,23775203,13815576,584,429,97,56,1.5640453465896003
0c35f4b0960746f3b46d88ead8ff75f6eae326864bed68e019803dc1713b41c2,Zigzag,23850677,13758359,23850343,13758445,226,645,61,110,1.5705515822907183
769d011f7dc5c3844a4e5247193b1aabd4f18c6bdbaa75edc96e7b335effef4a,Zigzag,23859997,13750762,23859756,13750778,318,576,107,61,0.06829084478284583
2aa7debf054f26758fc1d18155a3660d331b2b02387a45bc303db52559720ce4,FCBK,23840424,13815707,23840647,13815872,783,725,109,59,1.567182417195659
373f773be8769b127a16159591d2a462d612c384c7d75546a4fdb941be7ecbdb,Zigzag,23683837,13789777,23684232,13789462,956,244,51,94,1.535621827749348
72a63253742b02dad21409fa18d57e43a308f12f07094a2f40531d6a6fc132ed,Zigzag,23818054,13801670,23817739,13801411,245,301,104,50,0.003780439871002893
c548ca32f368152c808b2d149a15ebf1a01a647095f9107660eb9a6794c8ec89,Zigzag,23829239,13788695,23829357,13789176,678,1040,51,100,1.5668041151628131
f0898cf9e2b1095ef82d1922fdc3fa9102919365d23c23ef17dfcb5b568a8a3b,Zigzag,23716459,13756189,23716703,13755710,804,81,60,111,0.07760044452186822
ef565d099de4ff30c03371cc2b50931aef25c5cf780a6054841ce9d3f10044b4,Zigzag,23847880,13663531,23847356,13664069,36,1097,41,67,1.562072610012124
4c2cfdaff1606beeb5a40c6a6461e36e55bba92dfa1488c72179d64fcb62c755,FCBK,23742557,13810310,23742896,13810557,899,807,47,114,0.0026240708787039187
b10c04ea813a88df71d293942a5ecdba4f7c431dd2b062d1ca201a6abb4609c2,Zigzag,23805005,13625133,23804669,13625618,224,1045,100,46,1.5596339534019386
b9390ca73cd6fa6fa811e64f93e0fcb7c217aa8fc46ea5a6d5c6568c6e062064,Zigzag,23719255,13822180,23719505,13821931,810,311,97,58,1.570357038373088
6b6af28fb8c207229d4a6a0affbee24473568cf123d1097fb3ceae49e5fe0bf0,Zigzag,23872114,13808151,23871861,13808595,307,1004,106,61,0.9189251322914135
8d30d91fadecc11ce0f745c10dfac811b8942c234ff59e329b5ec4385875f71c,Zigzag,23840424,13674476,23840442,13674996,578,1080,63,75,0.0157818062751336
e29ebc5f4630930cf05fab1511616a25afe78aea688b5e4840e1c4be9f3eb378,FCBK,23837628,13767036,23837792,13767386,724,910,51,107,0.0007110995762151281
2c06e713c6a26f913c3d51316ccdef0904740fe76227a6dfe5ac3102b1fb936d,Zigzag,23818054,13800589,23818171,13800862,676,833,104,51,1.5408385608506499
08f8d4579293ab86b1fa25c8e213b71ac85d197db539873da490d9e11918e53a,Zigzag,23772383,13631726,23772358,13631319,535,153,91,49,1.5668834773632976
eacfe459b2a7638230cbd9a12f1fe6dfdd18910b1563b53a4cadc0dfe51b0a84,Zigzag,23817122,13596513,23817367,13596796,805,844,53,95,0.21874058370166446
57d9670c2ebda9200f9883fa9775b5476efc77bd33d47b98d781448dd44c3c7c,Zigzag,23756538,13702877,23756246,13703131,268,815,61,103,0.00922312710648697
f863357ab9159478027e4de49dff04954f9e2c932c857478f37429d907966ce5,Zigzag,23742557,13666816,23742937,13666387,940,131,91,56,1.5668734905092099
cb700d7c9dd9112bec20981b49b1020787a059a9a30e92cb8022b3690f0bfa5b,Zigzag,23766791,13732287,23766427,13731801,196,74,106,58,1.5543374586259888
587a637efbb1d4e34975e856ab55a5246ee23857b0a2715d3a156268fafb3a90,Zigzag,23795685,13883475,23795998,13883608,873,693,105,52,1.570742797256986
587a637efbb1d4e34975e856ab55a5246ee23857b0a2715d3a156268fafb3a90,Zigzag,23795685,13883475,23795745,13883181,621,266,57,100,0.0012943355610016154
587a637efbb1d4e34975e856ab55a5246ee23857b0a2715d3a156268fafb3a90,Zigzag,23795685,13883475,23795433,13883260,309,346,104,53,1.5529243853515928
587a637efbb1d4e34975e856ab55a5246ee23857b0a2715d3a156268fafb3a90,Zigzag,23795685,13883475,23795356,13883281,232,367,103,54,1.5565075354402398
63278cffe1e6dbd36d9d3a7670e3411943f6af89e5bb36bdda42ae7f6add980e,Zigzag,23787296,13763783,23787418,13763351,682,128,54,114,1.567077754964819
46cbc752a5e2db94afa2ce0c99063f2f5a9e5b70e1c536ba2d2a4f317ed364bc,Zigzag,23897280,13817865,23896944,13817637,223,332,101,59,0.5079520051142972
e76a0d5d69c1cfcc039e0e108e30b9b5ebd2f28dc5a9b4467d48809477bcd59d,Zigzag,23911261,13770288,23911353,13770156,652,428,55,107,1.4605873971944199
5bc7f9bc31ac4a56d4b110830baa57098b06fe4d9beba0636e545f3f63b95e58,Zigzag,23749081,13652575,23749148,13652327,627,312,53,99,0.001072647751068466
ce2a93440c18bb5a8ad990d8a2129a0d95a770f655fbcdf47519dbecf1c27ed3,Zigzag,23774247,13754019,23773888,13754001,201,542,53,104,1.5676913472799732
ce2a93440c18bb5a8ad990d8a2129a0d95a770f655fbcdf47519dbecf1c27ed3,Zigzag,23774247,13754019,23774441,13753648,754,189,62,96,0.0022088338704158014
552704e318df671751bf37b1070abb17a2242614781f786c457cb2b4a8c1fd64,Zigzag,23805937,13661341,23806243,13660895,866,114,60,91,0.008599047554243226
552704e318df671751bf37b1070abb17a2242614781f786c457cb2b4a8c1fd64,Zigzag,23805937,13661341,23805385,13660892,8,111,44,17,1.557763881684485
3ae2175f937157fa88a34d2d75caba5e882333c821525186f94ebdf833fca782,FCBK,23741625,13710509,23741670,13710162,606,213,123,56,0.05703425790513696
46b2408f2117c5931cdca8920f62e0b6d8a791d7d03659ae8e77ef4125b230db,Zigzag,23845084,13812470,23845370,13812701,845,792,55,103,0.02535184756430622
1d855f96302f59c99392c7eda97e5724b5d9837322ec6c595151191b5c957622,Zigzag,23709002,13764867,23709303,13765319,861,1012,98,42,0.020356448116725306
1d855f96302f59c99392c7eda97e5724b5d9837322ec6c595151191b5c957622,Zigzag,23709002,13764867,23709294,13765203,851,896,42,86,1.5608976233391811
1d855f96302f59c99392c7eda97e5724b5d9837322ec6c595151191b5c957622,Zigzag,23709002,13764867,23708864,13764665,421,358,104,52,0.011280964164358807
1d855f96302f59c99392c7eda97e5724b5d9837322ec6c595151191b5c957622,Zigzag,23709002,13764867,23709474,13765157,1032,850,83,82,1.1964566781770152
22b729c14d36cc5a584c1f864e0c9e976e6294fdf6ead69d1e0bb24c1f212045,Zigzag,23849745,13776788,23849216,13777107,31,879,47,57,0.0397030713211738
053acc322363ddd3f783195cfaf926d0e35b8cdccf0b966746773c71354a7c17,Zigzag,23812462,13621834,23812347,13622271,445,996,51,94,0.018668956897942613
96f31e1d7a1a421da2055c638a000d15c43b37e9827a835ab8a6017e9371ff4f,FCBK,23909397,13774622,23909178,13775036,341,974,52,103,0.005425033910437944
ee2e532a38b2943a5ddf6f9b21f96631ea31aadb75445ac60d6c336b702d04ae,Zigzag,23939223,13790859,23939701,13791242,1038,943,106,60,0.03227914983971184
4e2f0875d47460f1902de5c152e2f55420c0130770eb15d2020491bcca9a57ba,Zigzag,23800345,13862008,23800447,13861634,662,186,104,54,0.0011726946379149454
4e2f0875d47460f1902de5c152e2f55420c0130770eb15d2020491bcca9a57ba,Zigzag,23800345,13862008,23800112,13861650,327,202,99,46,0.009650683055336982
c20b0320bdcccd02dcebe553e2a8e20319f06d5b921d1028345367f2d80ce8e4,Zigzag,23942019,13789777,23941729,13790283,270,1066,99,56,0.032809734752639694
c20b0320bdcccd02dcebe553e2a8e20319f06d5b921d1028345367f2d80ce8e4,Zigzag,23942019,13789777,23941649,13790090,190,872,55,96,0.03513026976550723
cb6b68a2135b909ab55dc1325391edcc9d5fd72c17359ce53b271dab52f25c6b,Zigzag,23762130,13713779,23762385,13714158,815,939,56,100,0.0033896594720338948
4559b0d191852024c23da1497f98243598426c29ee86fb4266aba37a16b9dcfd,FCBK,23743489,13808151,23743469,13807908,540,317,55,108,0.0034394878922225235
f69017e213421387e37085622e403a2d1b14b0c57029913252b8948fc352ac34,Zigzag,23790092,13633922,23789687,13633875,154,513,53,103,1.544713992868933
666a6ea71586c9a6a9b08ec93acc4bb980b1240e4cb4168ca5ae4adb0ae1cd59,Zigzag,23846948,13840498,23846444,13840946,56,1009,108,59,1.5504584313402339
359462c2a98b57d7b38732698f0bc68d6e14aa6bfa12abdd394354e61573422e,Zigzag,23925242,13750762,23925468,13751316,786,1114,13,62,1.550918758734654
ded018f6bc2ee7a704009e7e1121454b4bf029fba3e5e7ff618a31b906e0ea8c,FCBK,23818986,13719226,23819295,13718850,868,184,97,43,0.9869467939058904
ffcae531ba0391fc60dda3aac2484263cec0d0c1ca3d89d1378b2ac242447084,Zigzag,23766791,13633922,23766497,13633487,267,125,53,91,0.5638276214976815
ffcae531ba0391fc60dda3aac2484263cec0d0c1ca3d89d1378b2ac242447084,Zigzag,23766791,13633922,23766518,13634371,287,1009,99,54,1.5280294217976411
5ad787276d70b0bd04a689e8d2aececa1b82f0f8b116e0cdb9d5d1227bb2e1ce,Zigzag,23749081,13772455,23748877,13772462,356,567,118,58,0.005591848183366433
44169e6d18bd1837d40396c942dd025bbc614fffced6389079152de23bb87b34,Zigzag,23817122,13607530,23817309,13607938,747,968,135,60,0.0023100467354807475
af44e97cdc40356eeacad4ca084008a93f6f6b277ad6484a5f5c492648b17b0b,Zigzag,23817122,13717048,23817336,13717048,774,560,41,96,1.5705522480809908
2dd3c76ab29c0688b7d0c237f0f2830a6092fdbd0364d0ae518443273d435fe2,Zigzag,23685701,13821101,23686012,13821569,871,1028,46,98,0.005566755692322192
3b741c0eaa0bd5e7edd06b9335b0cd75bd316ff6b46afbf7005e0cba2947e939,FCBK,23872114,13709419,23872344,13709653,790,794,43,103,1.2278072773713735
ede32259569260f081b8219d44c100dfd0a2c7a20ace28133c8322984026b593,FCBK,23862794,13752933,23862993,13752546,760,172,53,110,0.12259599091022128
ede32259569260f081b8219d44c100dfd0a2c7a20ace28133c8322984026b593,Zigzag,23862794,13752933,23863042,13753239,808,866,56,112,0.6379102382790153
59653dddf0a1c3e0391aed61fbc21479c3d12035b8ff5fc04ee7f0610dc5e570,Zigzag,23813394,13607530,23813340,13607229,506,259,104,56,0.07842285363361991
adaa947392a1e9f2e1ab66e138f1bb8a7d7990ab47faa31c7fbfcfbbd525ae70,Zigzag,23795685,13854484,23795263,13854153,138,229,52,106,1.569544774240614
34f874c2d658b8dbccfe234647c7296d2f7fa0c6efc6b893260c488ab918e869,Zigzag,23867454,13750762,23867795,13751265,901,1063,53,110,1.5684624655736057
3fe667737da04d60d90e2f459649d4be7adad6ca0cbd77e892120b01aeaef3fa,Zigzag,23865590,13762699,23865331,13762331,302,193,99,48,1.3967951017070979
338c9b925b59286450aa0ca971f09887670b72f75e627e3473b36c6b048ceec3,Zigzag,23700614,13834036,23700964,13834537,911,1060,100,46,1.5547447891147164
7dfd5496da561bb787a7540edbd4cb43123f464a7ad3af8f671c5d67606c3586,FCBK,23840424,13810310,23840811,13810257,947,507,50,114,1.5648964928739895
378f46a4dd78d56690c2dcc780591a60c1d5c39aeef56d56411b00b92237dc9f,Zigzag,23784500,13679944,23784121,13679554,181,170,92,45,0.00820362170767745
378f46a4dd78d56690c2dcc780591a60c1d5c39aeef56d56411b00b92237dc9f,Zigzag,23784500,13679944,23784232,13679463,292,80,45,103,0.0008813262843646061
e1a9a3c5cc7583b4b6f2f5473c41c39b614bf1b0f5335d03d094a5494851041d,Zigzag,23818054,13690870,23817909,13690361,415,50,45,76,0.8978755736144544
7946c4091c125308971285cf541d1e6aa0045cf42e8489dee9c32af5a2c69f2d,Zigzag,23679176,13808151,23679420,13807662,804,71,51,94,0.004884389842759892
12915e786938f568948194f5b08219e941211db4f9dc16cc8bdc6af6c8a22332,Zigzag,23817122,13606429,23816929,13606872,366,1004,55,116,1.5458563558185225
94bb2c497869937bb44d2f38eaf849aeaa677e974f906202d96299758a2c2cb4,Zigzag,23844152,13764867,23844259,13764695,667,388,102,44,1.5210701823951005
94bb2c497869937bb44d2f38eaf849aeaa677e974f906202d96299758a2c2cb4,Zigzag,23844152,13764867,23844178,13764710,586,402,100,44,1.4738342267725832
89e00c133bfa82d8a449dbbd11a06c0884ce319a028352b35724f8549521fdc8,Zigzag,23821783,13607530,23822015,13607944,792,974,90,50,0.14424912175873317
7977c1be2cc567933a627799e7188ff3f6b55578964d9cabfe3ed7837745035d,Zigzag,23862794,13755104,23863143,13754614,909,70,54,103,0.009217640578522486
d2652db744180f849b5a521819246eae8e4d5bec8725a07e204974975b11eebb,FCBK,23905669,13774622,23905552,13774438,443,376,52,125,1.5669410016428433
32e81f17e69be62f93d15752e027a1bd589d44b233085c1ec9bdd4b568f2fca1,Zigzag,23788228,13673382,23788269,13673043,601,221,101,59,1.556034824346751
32e81f17e69be62f93d15752e027a1bd589d44b233085c1ec9bdd4b568f2fca1,Zigzag,23788228,13673382,23788372,13673936,704,1114,94,11,0.0024857461876554732
a851cbe46aa40c23df3d2d996d11bb1173de55479d082cd923989c4dbd46b48a,Zigzag,23754674,13836190,23754334,13836054,220,424,66,108,1.428524801882629
9c92135645dc7101ff3734474cd7105eb936de1b2fe2d46b8a566f68fd15346e,Zigzag,23766791,13688686,23766549,13688660,319,534,57,112,0.03407950707384885
f2586391b88f5919569a916a476018634e513d9b3931c5fa98d738d890da31b4,Zigzag,23871182,13758359,23871691,13758471,1069,671,103,56,0.31649172842069795
b1e4d81649a35e53a3be3cef39a1ffb8ce2cd9a653cbf480b222ce830f083d6c,FCBK,23837628,13835113,23837699,13835161,631,607,104,54,1.5696221390702807
4d40f672b6176fff95f1ac297adc702ccc7d76e2cc9bf2eadf033cccb240b78d,FCBK,23817122,13769204,23816875,13768801,312,157,101,49,1.5612694006273562
11d621d7dc24018fdf05d6695b305b8e6ce5bb8fbcac03818093661cd6b82a27,Zigzag,23835764,13778954,23835473,13778447,269,53,48,99,1.4223717013420554
ffa973297edaee3125e0c418532a913795a41fbdf028f14ff3b3c66ef412ee2c,FCBK,23819918,13608631,23820204,13608658,846,587,122,50,0.08781668000330525
2b94cc4ca6f8beba6ecc08b92c75627e3aba8d3c48be6b76713c01c00c1afca8,Zigzag,23785432,13851258,23785075,13851109,204,411,49,107,0.01687773035321483
f06776c0a46c3e0a1ae3f25c65a184a5fc1b19691c0f6a45cc57737cbe980656,FCBK,23693157,13839421,23693646,13839610,1049,749,50,102,0.0006470168723736086
8bac9c3094c0ba6284a535a354018f2df9b3c9ede0d1fd4c30debdfac400bee3,Zigzag,23808734,13622934,23808963,13623183,789,810,101,54,0.04606988221684783
8bac9c3094c0ba6284a535a354018f2df9b3c9ede0d1fd4c30debdfac400bee3,Zigzag,23808734,13622934,23808854,13622887,680,513,51,99,1.5677067936142957
995b1be796a9fdf58251a7bdffc082bcf89efb693948816cede4f629b5b4b307,Zigzag,23873978,13777871,23874212,13777695,794,384,49,100,0.306120080844898
7ffd78bf8fae6dd8799c538dec69fb996766bd046637c08d48b1cf842edd38b3,Zigzag,23746285,13641607,23746069,13641475,344,428,53,88,0.004617222250411253
caabeb8f771f6680c9203c1328881bdcf6c58f8249d25844a04582b8be3634c1,Zigzag,23846016,13762699,23845473,13762302,17,164,106,56,0.966677940902488
51f888ef886b2079475e91e1d2684a33634d4d3defaa92eb51e08e4073817783,Zigzag,23874910,13754019,23874750,13753931,400,472,54,100,1.5654308561467138
51f888ef886b2079475e91e1d2684a33634d4d3defaa92eb51e08e4073817783,Zigzag,23874910,13754019,23874635,13753499,284,41,76,51,1.481425833775963
ca291550c8052c818d74c5646326102a1be0fa94882a9f80448cb9fbb2b18673,Zigzag,23876775,13802750,23877025,13802594,810,404,48,98,0.5727794380278194
1dcfd9e6b8f024836c88c6505d0843892deb328c207f09d343ef43a9ac90d6e9,Zigzag,23893552,13826493,23893589,13826923,597,990,55,105,1.5692349154477832
ba5ddfcb79ca0a0335402cea9c259492b975e97a1dc20742c878b137bd6f71e3,FCBK,23777975,13822180,23778442,13822481,1026,861,133,58,0.05042522418594182
8b1901330bf7f565f50c0a29457e9d19fc02027c631fb833ff1da8dbf230f6f2,FCBK,23759334,13776788,23758954,13777196,180,968,97,51,1.5671286213416395
b84377956759f791915562067974e45d5f91901860f1c2199e5ee75d8d5792e3,Zigzag,23683837,13788695,23684008,13789092,732,957,106,56,1.5668465925822
356af4276262be034daeb5427290836884b5439cc981de47405d7402e2d4ca40,Zigzag,23750945,13767036,23751487,13767016,1102,541,59,113,0.7023402276893568
86048461c1033e5d7670d4929873879eceb49ea0521d1ae8c23d92433eddb7a0,Zigzag,23699682,13798428,23699410,13798061,289,193,104,54,0.02131214636044086
86048461c1033e5d7670d4929873879eceb49ea0521d1ae8c23d92433eddb7a0,Zigzag,23699682,13798428,23699377,13798615,255,748,51,109,0.004261093634383659
b1fc2148e6cbbdadc7a83c80248d88e22a0066929d2f526a126566654583d372,Zigzag,23801277,13647092,23801476,13646882,759,349,105,55,0.08985114366142244
acad2f81787be2f3e694dc4e0431365a14bef0a9a17d422bfcc349cd59160bce,Zigzag,23935495,13773538,23935271,13773378,336,400,108,49,1.56854182777409
bec23ec8b1fe27f645f57754069ebbe76e9d8b85207266a69afc40da41a35e0a,Zigzag,23845084,13756189,23845220,13755815,696,186,56,109,0.6904515436881068
a6757da42d21b2bc5630ad302e1e4a93596d24450e20392ee969d640cc0f90e6,FCBK,23741625,13695238,23741566,13694787,502,109,109,49,0.0007391610107373056
65b430877cfb6ad5d9984ec545024f271eae224fb48176d0426b74679b2b6ffa,Zigzag,23775179,13754019,23775294,13754021,675,563,96,54,1.5644938229171697
93625ef545909a16d3ffd5cc0206cf822488f22ab801d77ed8ca7ed9c8d891ef,FCBK,23777975,13624033,23777731,13623663,315,190,95,46,0.04310229268584811
19bd5e6b30c6200dd8787911def19adfebc7679157fc1bff85acd745e74e619b,Zigzag,23718323,13823258,23717966,13823695,203,996,56,103,4.3540249689658096e-05
a57d6254af8fddd0fcda1a360ced181c30e8afe751b32d6a61fe6e10951a3308,Zigzag,23742557,13655863,23742609,13655671,612,368,50,99,1.566203971811164
3612e7a27080599aa40e9069489c55a72c7418362acf41161d081be7b6541cc9,Zigzag,23730440,13714869,23730064,13714516,184,207,99,50,1.5523953484010486
3612e7a27080599aa40e9069489c55a72c7418362acf41161d081be7b6541cc9,FCBK,23730440,13714869,23730059,13714634,179,325,55,109,0.03136542135030026
b675c1782f8bea700fb781e0204697c85c7f9cd83cf4c5ffd9a12978eec69ce4,Zigzag,23890756,13726847,23890560,13727113,364,826,48,95,1.5453448957311728
1f01c61aa2e1d0326a504d1d678df37dd9100d28902922c15d9d648552a87809,FCBK,23910329,13797347,23910476,13797533,707,747,51,103,0.7445565907102656
1cef8e5ea71cb2c3a04c2d251936ae27656671577f5352c6b0a88d64e0021a7f,Zigzag,23833899,13829726,23833852,13829992,513,826,54,99,0.015736282865250056
c25380ad5f902b7364975616c26339914b472d65acb21c6f3af8f6c15f99dc05,Zigzag,23798481,13620735,23799007,13621099,1087,924,88,59,1.5264890494231393
57da417895334dacb9111285e343a1e1b8795a8f7aab39f641b5e620e7e925a9,Zigzag,23868386,13851258,23868175,13851425,349,727,95,56,0.0818246008401406
57da417895334dacb9111285e343a1e1b8795a8f7aab39f641b5e620e7e925a9,Zigzag,23868386,13851258,23868389,13851194,563,496,104,52,0.006830134866469213
bc022a52c74620678d792f8b027d5efbacb7a2b67f66e91d03af3769e544c33a,Zigzag,23710867,13805991,23710525,13805553,219,122,103,57,0.0022899198435276085
96a1acef54f08a0344ca8b8eeebd3e875ab352a57d0560f85a786991a6002fb6,Zigzag,23777975,13834036,23778146,13834133,731,657,52,107,0.8005464234149007
c7d1009873fb58c200b7d4e3dd12e5a6ecf2dd2bc42be8f2d7ded0d5b0ed7374,Zigzag,23874910,13777871,23874557,13778304,206,993,96,58,0.05745218694276526
47c44ddd3690bbff8f6b3b0eed0e69f663cfa310a27da48ea1e6e68daaadcaf7,Zigzag,23876775,13840498,23877170,13840918,956,980,57,108,0.0002494254681750944
a88f7c1c22d35b486abae841b2fb077be5278976c3035e6bbf9d205caaf780b5,Zigzag,23791024,13835113,23791294,13835475,830,922,105,58,0.9106429010383488
a88f7c1c22d35b486abae841b2fb077be5278976c3035e6bbf9d205caaf780b5,Zigzag,23791024,13835113,23790800,13834961,335,408,55,102,0.6823667858298715
f844875a19473835da720a340d49f29e37d65b9b47d6b89053bdfdefd50296fb,Zigzag,23907533,13804911,23907370,13804885,397,534,86,43,0.006886272949861593
af3aff69c0b2c05e3f3637e91c2245961872244798eeedfa777d082c6dbcef31,Zigzag,23833899,13752933,23834263,13752936,923,562,98,52,0.06984130804116555
5fc3755570ccd95b24676ccb5444788a260acccbce1a7a7995d8338e701ab0f4,Zigzag,23878639,13762699,23879091,13762400,1013,262,55,106,0.006248865628748494
f285b192ac66a7dfa19ad2df294c17017ce693104e4bb199ef2c8a313655f6a9,Zigzag,23942951,13777871,23942546,13777395,154,84,107,61,0.04577195355346283
a540b621603cfc2420d21c34fc5704480af11744e7ac9aaa76eb41032ffce0d3,Zigzag,23689429,13782202,23689714,13782149,845,507,105,51,0.03296275208261616
a540b621603cfc2420d21c34fc5704480af11744e7ac9aaa76eb41032ffce0d3,Zigzag,23689429,13782202,23689405,13782623,536,980,51,110,0.019111821861871377
437d99ba783459f48125ce505e60c04133a20fa7c59d01c81a097c9be23b5d72,Zigzag,23761198,13636118,23760911,13636046,273,488,98,54,1.5513756240196572
53bf630b073fc734d37d0f4b4ce3f2067973ae3614790246349812a2a9ba474e,Zigzag,23834832,13701786,23834861,13702238,590,1012,97,49,0.01819034315756874
c304b53a1e61d8586a767642920eb16669e4dc7bdd999c0384ea9da28cd30917,Zigzag,23785432,13781120,23785301,13780607,429,48,47,114,1.5695439752922868
c328dab0d0c9dfc47fb91c6e2e4643128721494c80d268133f0dbcd72c3e44a3,Zigzag,23840424,13862008,23840050,13861726,186,278,100,55,1.5697290649880473
959dc9dcaf3b73c307206e586b2a16830405845f9a1b37cc87c1fff658edad4a,Zigzag,23734168,13804911,23734141,13805117,533,766,93,53,1.5677487384014643
6f78ddc179b205d9c8fcf9d6bdf2156b4b475e7927fb9fc35227edf4075ddbea,Zigzag,23788228,13746418,23788618,13746632,949,775,124,56,0.09112289462809775
6f78ddc179b205d9c8fcf9d6bdf2156b4b475e7927fb9fc35227edf4075ddbea,Zigzag,23788228,13746418,23788259,13746660,591,802,115,61,0.02971500216612931
6f78ddc179b205d9c8fcf9d6bdf2156b4b475e7927fb9fc35227edf4075ddbea,Zigzag,23788228,13746418,23788531,13746922,863,1064,99,56,0.029877927287598714
95b606b79441537f7dce314408908d4270896e8eadebfa3bae337c77d47adef5,Zigzag,23707138,13793022,23706907,13792782,329,320,113,56,0.13522990228588108
49ffebd0e78d4f2a8221b69df9720b6d6159019678c47119b555f5f2f0c55ec0,Zigzag,23815258,13723581,23814868,13723978,170,956,99,55,1.5697671481916355
047d668ecd1044c804a4a6a1d620ea0ac378a20cfe27a28580b1d19d5b44bc06,Zigzag,23829239,13770288,23828913,13770159,234,431,109,50,0.00598153887091283
88487d13bbfc69bd40692742081d3665580349922a190479d36bed16d5603862,Zigzag,23807802,13643802,23808027,13643631,786,389,86,52,1.3287575942841352
988f76f6fd9564d43b8aa6aa24be956aba98bf5d88cb220c30c2a841f6a87032,Zigzag,23890756,13776788,23890551,13776637,355,409,50,108,1.5633856815875875
c41506c7ad86a874ea307b4e9a8f9ed24af6bccb3be4c135a68d3e426f573994,Zigzag,23708070,13763783,23708510,13763773,1000,550,106,58,0.0030694400983100616
107a1c64f2fc64cccaac8b78dbfe03aef9be458c701e0409631172e30573d009,Zigzag,23814326,13616335,23814276,13616654,509,879,56,97,0.008119010167013191
107a1c64f2fc64cccaac8b78dbfe03aef9be458c701e0409631172e30573d009,Zigzag,23814326,13616335,23814510,13616565,744,790,118,46,0.0008353569120319222
107a1c64f2fc64cccaac8b78dbfe03aef9be458c701e0409631172e30573d009,Zigzag,23814326,13616335,23814341,13616514,575,739,55,107,0.04015706954681586
bf3da1253bccf1e410a2f5943170a4f4cb36b52dd0a84a2f9bcd5975690a356c,Zigzag,23864658,13754019,23864668,13753892,570,434,52,88,1.5701841992183418
7ba50767d6045b7bbc9036db11c62692bf3e4076122e46df024eafe618befdc1,FCBK,23722983,13803831,23722495,13803451,72,181,44,88,0.0029434941649183056
961549ae9530c94bb1adc775d330de0ede43ccfcefdafdc434cb02cd017b6401,Zigzag,23856269,13767036,23855757,13767129,48,653,95,52,1.0626263752348901
8ce11b8ab08b7632007fb0e0a91b3e27c85342f2dbb13b5c501795db7e4a78e2,Zigzag,23826443,13606429,23826722,13606313,839,444,52,91,0.8253381228975847
8ce11b8ab08b7632007fb0e0a91b3e27c85342f2dbb13b5c501795db7e4a78e2,Zigzag,23826443,13606429,23826274,13606728,391,859,53,112,0.3317729467555727
6a18fc34b1d15c0a537e61e942d4b63db606e10b869e36698ed260b8b60bfd11,Zigzag,23859065,13848031,23859509,13847586,1003,115,61,104,1.486569729421451
141d791ac0f014ea05c8b6f355415a74a5ebf16a45ff64fe9f78b6d17c493c3e,Zigzag,23908465,13747504,23908462,13747156,557,212,101,52,0.04827924481836677
23339259a28e59d6f461b7baf51d73057c31ccf7629fa8c632263a8c17eb44cc,Zigzag,23784500,13745331,23784601,13745160,661,389,56,97,1.5004896729651316
253083e5bf94c82f6a807fc16ea3890abf2ee3e37c0ad52e3b8b409ca50125b1,Zigzag,23774247,13788695,23774314,13788618,627,483,49,105,1.4921871351087552
54cd99021bcc3d4a5235b7536c4280f1d338a4189da10c2b1dd3cdad268bbba4,Zigzag,23852541,13759444,23852738,13759186,758,302,107,54,0.015706520999771118
762406497936a6fa3414f7524eb92ed87d5f83092f4b593bb3d3a4ee43f1e95d,Zigzag,23791956,13655863,23791733,13656412,337,1109,40,22,0.007005304287169175
71ed5b93eaca2d7ad3f88b76a5936915b10f68b9998db2ebf458c8fec23ac1e0,Zigzag,23767723,13764867,23767641,13764799,479,491,108,55,0.018669878601351133
9e325ca8e891b254b43ec3038092fe82faf752e91a3866cbef0ebdb2227cded2,Zigzag,23789160,13884547,23789060,13884406,460,419,107,54,1.554497647765557
9e325ca8e891b254b43ec3038092fe82faf752e91a3866cbef0ebdb2227cded2,Zigzag,23789160,13884547,23789184,13884193,583,206,110,52,0.009441951563118216
f3f7913b3736bb53c3b37dc7e9b4c3fcb3ad30b1684614cb97a95a71d077d091,FCBK,23895416,13818944,23895933,13819250,1078,866,84,51,0.01910428178703509
3aea5e168d6af44a3680c16474b856523b793f3e7cb6d57aa87ed0b1de9c8209,Zigzag,23857201,13856634,23857495,13856543,854,469,52,111,1.4751544888829897
6c53619dfe9a3aade3b501104a364f8cce5fe946cfd554b4ab565d2575096ff6,Zigzag,23809666,13662436,23809522,13662067,416,191,116,59,0.6002594654728838
0ebaaf37c331c9a5e03fd01defd81cad0814002af74232c3f16e46bbf70f7c91,Zigzag,23680108,13796266,23679874,13795729,326,23,114,42,0.006627295618162249
065bc70a99318f4c3454321a3254c071be2500eb308885690eb51094cf8b47b0,Zigzag,23738829,13830804,23738432,13831301,163,1057,106,68,0.7878370197447156
5da78b69014ddf540af1e40931b66c92f96b02946f0906d17ae92a9e0359019f,FCBK,23874910,13772455,23874965,13772235,615,340,125,45,1.5497232657213176
354fd8224d943d6e6d324d84d48aea8e54dd86c15399b9f12f1aff06f3c1426f,Zigzag,23863726,13713779,23864119,13714305,953,1086,57,67,0.060852806467011855
8ddc763d27ab89a73f4c5cb17a87923ab95ff1fbd68b281b4211cbf8b5a63a47,Zigzag,23939223,13787614,23938770,13787110,107,56,99,49,0.012789755193402582
6ee2313d7be17f99facb4f6fa404fdad2f0ffba21b5861d31f5e4827498250ae,Zigzag,23683837,13790859,23683551,13790338,275,39,78,59,1.5558663794078034
067ad7e0a20d1f91856628cc00927dea0c67ae7fa67aed91f90b921eacba5a47,Zigzag,23787296,13648189,23787207,13648383,471,754,103,64,1.1750447298547235
056e86bcaac30c898a89bafb9e25f435751b4b6a5cdc43d76a7392b5eb0bbc00,FCBK,23768655,13832959,23769039,13833409,945,1011,45,113,1.5560975417904221
ae25b0cb507ce0079acfa5dd6b3210eaf28cea682eba976ac1529dda4d24192d,FCBK,23783568,13760529,23783441,13760439,434,469,98,49,0.21346005124749856
95d9bf9de9260349b4025b922a959dca11cd720c354ab619572f9ffe0709c819,Zigzag,23772383,13786531,23772473,13785982,650,10,21,81,1.5655088867666533
692abdc15f34b706c224f70a2771295bb29beb0ccb680561b882c087ee4659b9,Zigzag,23781704,13745331,23781665,13745361,521,590,56,114,0.9861045692111527
3b3ae05984b46ed5c8539dba0107f58967ecbb4f2e3d82a2f51e5da359017983,Zigzag,23788228,13780037,23788311,13779852,643,376,55,101,0.08213809651233496
52449d2bcc1e71f60f0ac81b93d045e0ebf5890aa320354253f8595149a68c96,FCBK,23848813,13725758,23848879,13725800,627,602,96,46,0.7149254614737169
24245f2d48cb005bea7db59647bc666751ff87809aa6b1bf8d9430c91398a7e3,FCBK,23881435,13827571,23881442,13827321,567,310,118,53,0.02612111828993242
9cfea94f69cff43aef03b8b3c17eea2666d3b2ebde71534b3205d656b7de3a19,Zigzag,23743489,13697421,23743353,13697142,424,281,109,62,1.5608136006067892
82c613b5fcf2d3feaade6b71e45cf0b5e6d8cf96146d8ead0bceb9333dca860e,Zigzag,23829239,13686501,23829581,13686297,902,356,52,97,0.007291002175188532
b408d344f1e374f8f4a614d5d08260f1e6a6887dfb9bd57227bc991387248c2c,Zigzag,23851609,13828649,23851196,13828953,147,864,59,107,1.559278687712522
36df94cc95b44cc10262043e0fdec4625ab0b601dc76283548648f38929e3ef6,FCBK,23829239,13862008,23828735,13861879,56,431,118,51,1.569261280742575
f0a93f5362724dded0fca9007b403c635a3d5aa3b61e0e253899ad14dc5c9df7,FCBK,23895416,13758359,23895516,13758879,660,1079,54,84,0.05442121833901086
67ba1ed39616c07b75f4a517b530ec6f61d613a1c62d6c509914fe97f0b1ba10,Zigzag,23741625,13843727,23741093,13843507,28,340,109,48,1.565332851818599
77bcecb08e8a0db1d59f836131d1701f3ae08cf8a0bc7a874b3df6c009ae031d,Zigzag,23819918,13802750,23819473,13802370,115,180,49,97,0.38324572535629714
ddf3415fe2dc9941d5f7baf79a8a18875d480ee74b5b1aa72a101fb468b593dc,Zigzag,23817122,13703967,23817414,13704421,852,1014,42,93,1.5587019801784652
e12d049293d7c131a64be5c34c233729a1fcb778e6db2e69aea4fd5e13288347,Zigzag,23832967,13830804,23833310,13830763,903,519,108,53,0.004799678953703404
e12d049293d7c131a64be5c34c233729a1fcb778e6db2e69aea4fd5e13288347,Zigzag,23832967,13830804,23833069,13830931,661,687,99,55,1.5610824467188325
e12d049293d7c131a64be5c34c233729a1fcb778e6db2e69aea4fd5e13288347,Zigzag,23832967,13830804,23833328,13830588,921,344,56,103,0.0005645066022198271
0031780fcaf33384041d4534e95d4533db58fa6e8585d00fb1539ec02857e4a9,FCBK,23779840,13771371,23780039,13771476,760,664,51,114,1.5590714937797137
8cf7845ff628aebb40afebf31fb050e635ac9df49dd326de9f3f2758a6f03772,Zigzag,23907533,13724670,23907843,13724796,870,686,95,51,1.5542242742796604
63becd8b5a53fc7475209ac8d809c7cf5ac80106b4abacf7d27efd8d4c8c3aad,Zigzag,23691293,13814628,23691213,13814169,480,101,51,111,0.06304949824740691
323bfd296d0a51e9e7c78c3934dbc3b9ad5063a646fa5a4778296cfc76f59571,Zigzag,23750013,13773538,23749782,13773076,329,98,118,59,0.011962841594338377
e8ad8f4a52f973a760c5ac22349dca001a39fcdef1c65fabec84b223dccc5eb0,Zigzag,23817122,13673382,23816744,13672970,181,148,56,108,0.11495330947056073
ef569e1680f38f5cfe2432bff733e918fc1190295583c558bb0d8a2b9e9e2088,Zigzag,23868386,13694146,23868711,13694308,885,721,52,95,0.47830616191272585
19bbf1a8e7155adbf02861a9afd3099f220c03bf335dde8c3b972bb0f8c86657,Zigzag,23783568,13780037,23783249,13780461,241,984,60,108,0.0025002354484611852
c0d81e64a67215ac05300b568627ec584f0ed40d061a239f473dfd5d6a27d5ac,FCBK,23775179,13768120,23774635,13767854,16,294,60,31,1.5594978658702354
300daab18c08469333d5191547aeb2620b5ad29a6fbf0cd54f099a41aa442fc4,Zigzag,23791956,13778954,23792105,13778724,708,330,101,58,0.4212460713450151
300daab18c08469333d5191547aeb2620b5ad29a6fbf0cd54f099a41aa442fc4,FCBK,23791956,13778954,23791948,13778855,551,461,97,61,1.5192467159967233
5461edb09d8c45cb6b6126fa2ab20e12fc93f778816566f3205c09df3efc5bd8,FCBK,23750945,13778954,23750937,13779259,551,865,52,111,1.5650962299557454
804ffcb4928b8b0349c8655ea8e4bc9263e3119f53c61d3d79fb8c5d5d0c0b3c,FCBK,23843220,13781120,23842713,13780913,53,353,44,104,0.9662841259562924
6ad39b0fd6395270fdd662cfbab7824f3f113d452c293c4d4a536b55c029a449,Zigzag,23735100,13706148,23734930,13706021,390,433,60,91,0.007870869092147757
08652e388b24fdca51cd6781398464ed6f3eb7ddb1e06fbc3a728bad44c8de36,Zigzag,23834832,13787614,23834720,13787293,448,239,54,96,0.08298289282200012
f5a5bab72748e0ea0afe7f0a3fb112447a4f4d1866a51ac7586ca74efef5c8a2,Zigzag,23828307,13759444,23828703,13759247,956,363,97,50,0.0001354498457122965
ef0e0d542c1239b9bf1bd28f118edeadd7b624ae86d15699d6c1190acc782de3,Zigzag,23759334,13767036,23759525,13767324,751,848,100,51,1.5613965665694074
d944be68cd49be24877c9e2d25b834467631fd709ba8d454956f533898c5d7d1,Zigzag,23867454,13715958,23867577,13715509,683,111,56,97,0.013640624758709892
d944be68cd49be24877c9e2d25b834467631fd709ba8d454956f533898c5d7d1,Zigzag,23867454,13715958,23867640,13715505,746,107,54,85,0.0016264093825425288
57eb120b22ed3ac494f9df39d7a83ec2d557a390e3ecd21567febd7cdbec280d,Zigzag,23768655,13745331,23768738,13744945,643,174,111,60,1.4634461674665655
50790f593d94d2ec8edfcc6db483fdb4764f6e9a86dccd4d639c57aa0c6b4337,Zigzag,23752810,13764867,23753264,13764962,1014,654,106,58,1.5697921819058822
0ceec60f530cc54ab8041d387057493c35208eb4d5e24c575e10ea5ae028ad35,Zigzag,23788228,13748590,23787977,13748104,308,74,56,107,0.0009948562694711684
0ceec60f530cc54ab8041d387057493c35208eb4d5e24c575e10ea5ae028ad35,Zigzag,23788228,13748590,23788737,13748858,1069,828,96,64,1.5702354650693258
4df7ca07d4e215a3a2ce282d7e458e2ecd4d209db5929c3f761614c83bd68296,Zigzag,23901940,13794103,23901762,13794234,382,691,94,59,1.5225246678244473
74a2db9e7fdc5a2496f65092da83d1dbb5e4ebe22fc16eab3162889a0a155f99,Zigzag,23677312,13814628,23677364,13814569,612,501,99,54,1.5656275305932161
b7114f073d6c758804f0927dc423363cb53725416825f3ca298aa23606c1502f,Zigzag,23873978,13761614,23873775,13761090,356,36,97,56,0.06493487897993931
1733a3ed2c1fa6b57b799f732dfd0d0a38b40901f38c9d52627b339a3ee6a536,Zigzag,23869318,13771371,23869300,13771629,542,818,102,58,1.5214298423003159
d0a5ade1d1457362e03989f0b509c3b7b6f373bad49263461d595e4c25ab90cb,Zigzag,23889824,13816786,23890013,13816749,749,523,111,60,0.08158109637034489
d0a5ade1d1457362e03989f0b509c3b7b6f373bad49263461d595e4c25ab90cb,Zigzag,23889824,13816786,23889880,13816828,617,602,111,67,0.9104359734216496
d0a5ade1d1457362e03989f0b509c3b7b6f373bad49263461d595e4c25ab90cb,Zigzag,23889824,13816786,23890190,13816668,926,441,107,57,0.0766656749792504
be5f2c3ab2cab7e9e77f7f7316872f60c5bfcec3956343f26e0c908f483065be,Zigzag,23745353,13740985,23745683,13741020,890,595,59,114,1.5485601301152254
d3153853b6de42c3a1ae7d2143802045fdece4bf2d1eef3850c003da79a680c8,Zigzag,23789160,13838344,23788929,13838706,329,922,100,52,0.44662256771356684
9e65be08ff80557a404b97b99b0476abac39095b862f2db4c7d246227ca8d45c,Zigzag,23863726,13751847,23863729,13751812,563,524,103,51,0.008056753054897435
adadc3a6459a48a109500c3beeb77084553d16ea8366f6573a11a330b45272ed,Zigzag,23818054,13848031,23818406,13847551,912,80,102,51,0.00914853050793763
adadc3a6459a48a109500c3beeb77084553d16ea8366f6573a11a330b45272ed,Zigzag,23818054,13848031,23818499,13848105,1005,634,54,102,1.5703656936466308
325a01dbf18c135a483e6770bae116d0c40efa6a70de0d9564c60d3d3ba8472f,Zigzag,23777975,13690870,23778030,13691384,615,1073,96,62,1.5101781198527855
532f0af13ffd7920a3296d176884366623ecd441c0ed878e309fa7618d0d5bb7,FCBK,23762130,13643802,23762250,13643941,680,700,50,105,0.1763977371737337
7aacc0e7a283e2cad03ec3231b89cb0ae518dbb957e089015edc1148a7a91ba5,Zigzag,23861861,13838344,23862193,13838829,892,1044,110,56,1.5421020976298379
23cab272154a57ba7c49cea0cd04c51d20092273ca0579dff1ac27307d3a1b7a,Zigzag,23793821,13837267,23794169,13837258,908,551,57,111,0.8502153764302873
1a98a71e16e17ebffec0abe81e4da8e375e977265f3fcde76ef59b0b0d0bf19a,Zigzag,23844152,13669005,23844441,13668498,849,54,48,103,0.00448661136384833
92d9f6b005514c2188c8854ca9b783321f0e81a1eb4886a4d7a218791eca9a17,Zigzag,23788228,13672288,23788238,13672838,570,1110,65,53,0.7127439996458058
13f3b35fa839a748ee8f17fda1dff6ab8ce4aaedf7ca9c6fde9f3088cc3ef0fe,FCBK,23737897,13711599,23737614,13711903,278,863,59,114,1.5446159885408182
0bf8b384d8f6128df2416145acff6f55cacf0af25c3bea12da4b7df9baa0f900,Zigzag,23835764,13752933,23835453,13753449,249,1075,57,85,0.006285370181182644
6fb56368c1bc57dbdd36e32bff328a15b57dfafbce0c8eaf994a4e51e54d1021,Zigzag,23872114,13761614,23872340,13762125,786,1071,49,101,1.1955711771145638
2af410d086b8d4404959acc875037f1cdc00497eec8f4084b52c29a2afff1c5b,Zigzag,23859997,13676663,23859654,13676760,217,657,94,52,0.07729240832990852
54eebe1152c06f7cd94cb8353596dbee8e3a300efbba510a679fcae9d1691fe6,FCBK,23911261,13759444,23911492,13759382,791,497,109,56,0.25473302274176046
47dff5f43902b40329522ed7d7192d44c7a93180156cbe1f10db0a73473990a6,Zigzag,23749081,13661341,23749477,13661724,956,943,95,53,0.009081100517493584
8bc87d3db5c541f804d1b7f5babd08b3677f209a1b3aa4dd353f1f2ab02da7ae,Zigzag,23684769,13830804,23685166,13831223,957,979,48,106,1.5677992053041214
75fe3121c40b37e3388e0cb1547be28233a66f82c1dfa15db2140703e4553a5a,Zigzag,23787296,13722493,23787352,13722864,616,931,107,54,1.5634466679765504
4412338bc637689767866b915ccf1ede3cf40a035991f4af8b3ab50eddc05951,Zigzag,23878639,13726847,23879046,13726308,968,21,99,47,0.055345435105809235
dc512b76821a48abc44aa7b38f3fa8b6f1234efbdc5db581f76ccfb71441efb0,Zigzag,23742557,13694146,23742802,13694635,805,1049,98,49,1.317461796520564
1d8b774f1199631a9bd93cc870041eadae25eaa7d7d4cc07e92702a47991ae2f,Zigzag,23887959,13785449,23888067,13785842,668,952,96,58,1.4273266457082023
7956838d9cdc16d6b55f295798568acc807e5a09de029cc564f9884e2f6aa53d,Zigzag,23792888,13693054,23792458,13693354,129,860,51,99,0.13969666425708127
f8d1839dcaf593da934b95498edc46ecffec191ca99787eb38cb9fce2b2c372e,Zigzag,23805005,13609732,23805088,13610237,642,1065,51,107,0.041979258460107714
27f8ce4fe21373cc3aeea34a16282603faa5a7ed5deded11a48edef46be11a90,Zigzag,23844152,13799508,23844308,13799540,716,591,53,102,1.5113820018235558
b812fa8e719bb88dfb870ad6a6133c4c5ecb05296c6ab15c03784a11ffe1147f,Zigzag,23760266,13767036,23760525,13766541,819,66,103,57,0.0196651768021194
b812fa8e719bb88dfb870ad6a6133c4c5ecb05296c6ab15c03784a11ffe1147f,Zigzag,23760266,13767036,23760533,13766762,827,286,101,53,0.018044705696644237
d38a36705da26e884841eb4d11a8693f1922ab2e55868634829febc51b207cb8,Zigzag,23749081,13707239,23748767,13707210,245,531,108,57,1.5370606005282632
2b5b745f3506d57717d8d54c943d365699231866c9df4bb4fda6ef635c815a75,Zigzag,23806870,13780037,23807269,13780512,960,1035,101,48,0.026057254438635557
2e49b8eed256ea4ff9f727a87260cc4c386ac5ce4320e4dd61b65a41466bc567,Zigzag,23875843,13726847,23875657,13727352,374,1065,49,108,1.5625121647500415
253372069a9c2337f9891051c5702ae971e0f9264142ccc7f6ba15a9a689738a,Zigzag,23779840,13811390,23780048,13810906,768,76,120,56,1.5566370982272724
fabdd6e4af006168290fd42d9b102f573133365791d58621fbfe839fbe6922e5,Zigzag,23874910,13759444,23874577,13759918,226,1034,76,46,1.5636549271737947
73e1ec49e813a92773cc1669914f829fd5c102061436a8e012f60f5f42b09d37,Zigzag,23873046,13707239,23872906,13707063,420,384,54,119,0.17083189694303622
3e97dee0a29e5a1a5bcb40aa343420c707e4db13bd739143a83b09b444c0ede1,FCBK,23855337,13690870,23855645,13690333,868,23,57,97,1.0291815993173479
68865f48d09ed1ce189f28fbc7ba8a7a564f1f562e641812d1f2e643b39d762d,Zigzag,23859997,13828649,23859873,13828659,436,571,68,103,0.01488988553803894
1acd07abf3da82f7b67c1e6434ae8594c2d2a37bba4021c3f817bdd2ac9e826e,Zigzag,23791956,13622934,23791698,13622661,302,287,52,101,0.14260914715946235
381af84e7836313d6912f8b75698f9ec84895bd7aa0776d3328690e734cd4342,Zigzag,23735100,13784367,23734913,13783991,372,184,51,98,1.220125122890931
7c7c0fc560e7cea702bb65e58f46dce8592991d9aae7b5c0eb8f8207ef30d8f0,Zigzag,23855337,13754019,23855047,13753588,270,129,51,101,0.8674942318988305
7c7c0fc560e7cea702bb65e58f46dce8592991d9aae7b5c0eb8f8207ef30d8f0,Zigzag,23855337,13754019,23855554,13753832,777,374,59,108,1.5699461126168888
d0b27e720d41fef22e43a192b082b72883f351a5b83d89d9ce6df5ab66c177d1,Zigzag,23857201,13727935,23856821,13727705,180,330,56,103,0.0005000313486937042
d337ea2648062a68cbee2d40109a5c1accd4593f652b85bc48e3e372d18a05ea,Zigzag,23694089,13778954,23694427,13779063,897,669,55,112,1.569143702180448
8e818ce7c1c3bfcab97e939b1190fab0f37a79cb1ee2350cbb57bbd33c725d0a,Zigzag,23751878,13777871,23751964,13778326,647,1015,57,102,1.5642172536379648
eb787be96e6ce1e3bda1c2fecdaef9a4105386f296e9625005ae719d0a595f86,Zigzag,23853473,13800589,23853724,13800951,811,921,53,105,0.023057842213203995
2f354dbc8eb8425a16f8ffd201295d6552e621ac47acba2cf5354def81ade252,Zigzag,23760266,13658055,23760345,13658023,639,529,108,61,0.4410909823923905
1b336ea75f7a17e1d75116b9bc6141944957687617935d138c15332644ffd972,Zigzag,23743489,13784367,23743761,13784049,832,242,59,105,1.5686243857678823
1b336ea75f7a17e1d75116b9bc6141944957687617935d138c15332644ffd972,Zigzag,23743489,13784367,23743737,13783951,808,144,118,65,1.498736114545369
27610346d658acc5c0c0c61db07b76c5f2650267ff4d62af3bfa1afb86d42032,FCBK,23899144,13763783,23899277,13763521,693,298,49,117,0.003670248460008962
d5641043ca703591b0cc3ebff0b83fcf6948eb76ce6321abce5aaff66ed68340,Zigzag,23860929,13838344,23861284,13837824,915,40,77,57,1.5071546330672185
9ab0dc7ab18e7dab6cd45f0c8061af5de0f8a8986d1b5ae8522110f1d3a904d4,FCBK,23730440,13659150,23730456,13659104,576,514,120,59,1.5633844831650971
22cb1f2c2ae9094df1ddf98ecaa094c4ca1a8633c56e2acb864444f5d4730ba7,Zigzag,23756538,13813549,23756337,13813758,360,769,103,54,0.03315431450818232
6888674d478bd666c8d815b6a9abda856d93f07f78701dbb2ceb7ac33c155040,Zigzag,23770519,13643802,23769971,13644088,12,846,108,61,0.9993254995477148
b6ccbd926acf76876d3f748bc5c97a6e8386a486e7dcfc19c6f1c576b6972fdd,Zigzag,23807802,13824337,23807831,13824463,590,687,54,110,1.5373768509077101
be5db2abbd32ffa8ea05604ed880658ef4e0d375e6a126c3a5eeaf4807bda970,Zigzag,23827375,13714869,23827486,13715025,671,716,104,53,1.5672276909341902
b6580492e4dbfc59eccbde5492ff5bad26eeb600a3ef807fc5b59ead8a32e803,FCBK,23832967,13807071,23832764,13807307,356,796,51,118,0.9626808690014154
35f41366e9c3ae92364a3077ad41ec948dc36fcf7e659053d95a149668a7c700,Zigzag,23767723,13628430,23768024,13628316,861,446,110,64,0.0021140752698794196
f3d6ef64a52f4a628257658dadeded9a2c12be5dc5a2ae6307accfda20dcf223,Zigzag,23791956,13840498,23791665,13840785,268,847,57,105,1.217423745439209
2f827681d4b89f96d4698d493ca716f75db1931dd4d3820c1ff1b72964386054,Zigzag,23800345,13808151,23800385,13808292,600,701,54,113,1.5659971773525192
586feb30b040b31c6f07c1bbef125c8620a37141c69e86c73ccb5f7a1b70dc18,Zigzag,23832035,13754019,23832287,13754292,812,834,96,55,0.16815771702394677
3f97f2df7dc4577a2309e3815c6ca4741f115df84ac4205ee62ccf4fb90135fe,Zigzag,23884231,13723581,23884348,13723633,677,612,54,98,1.3109334565823982
dafdfc353034a5614f2cd5a15e80109856a165aa55189095e63c1d1dd049f39c,Zigzag,23768655,13677757,23768731,13678194,636,997,103,48,0.03462175163892421
acd1ad48bd3c9f04cd5821975a7dad653b8b5e9d9c9696a0a65f08d9f7630a42,Zigzag,23827375,13667910,23827597,13667563,782,213,90,48,1.5681838989235835
f78ffa371959358b752e84bd19aa68ef3fc8645345b149d7f2516a56d2287c42,Zigzag,23814326,13618535,23814565,13618006,799,31,100,48,0.002428377692630558
f78ffa371959358b752e84bd19aa68ef3fc8645345b149d7f2516a56d2287c42,Zigzag,23814326,13618535,23814574,13618202,808,227,54,96,0.016156315384020594
261b3ccfcc4c9d1bacd0d1904f28b88ed79eb9c9680112fb87b29e4c4d6b3a46,Zigzag,23745353,13701786,23745815,13701429,1022,203,90,55,0.45213774130452555
27429129c22a9818cf6b588d4caa41121c24d04d26fa4777ba39990c5e50428e,Zigzag,23860929,13723581,23861445,13724012,1076,991,104,49,0.5674241539708063
ce9cf6d4ea24bb5c29a672f5405e1dec1f93d3bdcb664a6eb330a9eab64a5e43,Zigzag,23941087,13791941,23941337,13791533,810,153,110,60,0.027324178425835097
bdf50d9d8dcd559dbb4265eb3d7c02c36f53cf76237d2e095f250304fa6fef13,Zigzag,23867454,13846955,23867163,13846415,269,20,38,71,1.5704451890051696
cd2fce81dfc355d478a76d6bc5191f3fee04a8ac1ba50199c4d1b423518d9cd8,Zigzag,23842288,13800589,23842149,13800086,421,57,97,60,0.8882617618163501
b6567112c4351083b67bbff3b1d6474ed356e75fb8b4b4b6137aa919dc31e960,FCBK,23714595,13822180,23714930,13822284,895,664,108,48,0.003589758317176195
8c18b386dc898bfc2c138971d96aa86dcb0cca977eb042fc8eea5cdf38ef1485,Zigzag,23858133,13697421,23858160,13696900,587,39,94,43,0.03429173396499835
299936c9c648e7e8433ad4995d10dc11ae8a2cc54fcebcba60930e06565b5e7f,Zigzag,23853473,13772455,23853622,13772466,710,571,55,39,1.565182782691173
212ea5ba6b9c0f66ac08b1da0cad919304d4a8f5e1f578b53d9f3811f7f7b8a9,Zigzag,23734168,13669005,23734687,13668566,1079,121,48,84,1.548999152220925
0b7d63c7cadd31c38702b9c5d29f2df5744dce530dcf870b9e2e759ab1e6bd94,Zigzag,23767723,13659150,23767521,13659655,358,1065,96,49,0.5224201603683707
54d9b66ae2c1df926a9ea17f6657eb8c2772b32d9ec977c076f3c2057479de07,FCBK,23864658,13823258,23865121,13823309,1024,610,119,58,0.0050927327839368035
09ddc505b682c9be417c85aa76569fb0334361e7770a987643cd5c3063329d96,FCBK,23840424,13793022,23840635,13792942,771,480,53,125,0.006045634188359123
ec6e86b89e2c20c3a32b767c25f4d13816c1fc5c42aed5745b413d4d52d20dd9,FCBK,23789160,13748590,23788695,13748731,95,701,65,108,0.007219458329068424
0ae81c2a137a9ecedc04c8b58c836e66760ec1a89855fc3d297b8930077408cb,Zigzag,23812462,13729023,23812755,13729270,853,807,48,88,0.8470747105567569
0ae81c2a137a9ecedc04c8b58c836e66760ec1a89855fc3d297b8930077408cb,Zigzag,23812462,13729023,23812703,13729156,801,693,96,52,0.46200824854219985
0ae81c2a137a9ecedc04c8b58c836e66760ec1a89855fc3d297b8930077408cb,Zigzag,23812462,13729023,23812623,13729263,721,800,50,103,1.5706390671325272
69f2f60874a60b15d119a13694b9609c00933ae978d338885293a19537aa6e82,Zigzag,23798481,13865230,23798131,13864993,210,323,58,105,0.006804411955260681
f1ac0b19ba3d127cdc1486bb883555a00a31650c37f03dcda0eac51593d4d6d3,Zigzag,23832967,13640510,23833217,13640448,810,499,130,64,0.05260163849134944
f74e88a94bfb62c76a7150ef3e47b95834a853f56d5795a661ec485a17093495,Zigzag,23807802,13864156,23807656,13864659,414,1063,54,94,0.016647786158735203
414c9d82fecb75f67a9f8c6f1c20e7435dcf5b0777e78ba97a934375a2374218,Zigzag,23945748,13797347,23945943,13797883,756,1097,59,72,0.2746872731966403
ce82dad3974fbcd4cc00e3d6a97e292085f7f0aa2e253acc9242f882a90d61b8,Zigzag,23766791,13828649,23767238,13829000,1007,911,88,46,1.5695156126266774
5ea47f61d177965eb98c8ec23f0ee964cd391707561dacb348b01a80f5126e21,Zigzag,23789160,13648189,23789423,13648733,823,1104,102,54,0.38539383109155506
5ea47f61d177965eb98c8ec23f0ee964cd391707561dacb348b01a80f5126e21,Zigzag,23789160,13648189,23789003,13647977,403,348,52,98,0.0007342898836448337
75c41c82579a1f41d942f4219ccf2381372a9c0b0788aa4d5c0e123fbeb6059a,Zigzag,23693157,13803831,23693376,13804270,779,999,52,103,0.22294321834937764
30c93106467b1103c141013a283b82aa6537e8036b1c5cb65c8b8a0038f50efe,Zigzag,23831103,13781120,23831616,13781509,1073,950,93,51,0.7104038799959532
bee96e0f1210de5f080e41c49fd9f053b40ac66536e1bac34e533b6fbea35ad2,Zigzag,23781704,13853409,23781515,13853606,372,757,105,58,1.570042918522513
0fc7a5c273307a60281a626cd66d791e8a0ec8ea81cbcf52bf898797a59e8899,Zigzag,23912193,13739898,23912705,13740060,1071,722,82,49,1.5617331901311933
0fc7a5c273307a60281a626cd66d791e8a0ec8ea81cbcf52bf898797a59e8899,Zigzag,23912193,13739898,23912518,13740039,885,701,49,94,1.5664436563092712
0bac3017dff4b4a469a6200508514bd9308409b8f0e7e5f90275f170f178ac54,FCBK,23862794,13690870,23862535,13691096,302,786,104,44,0.9685003420364293
0bac3017dff4b4a469a6200508514bd9308409b8f0e7e5f90275f170f178ac54,FCBK,23862794,13690870,23862780,13690377,546,66,112,56,1.5558936768089766
c6e0bb33bee1250b64b3f1ebabc7d5a7b54a7a6390f6d8e602550c00fab03853,FCBK,23761198,13714869,23761080,13715420,441,1111,20,116,1.5669095763419805
47a53ac5ad79c19dc45323a1d614d07fd02f9dc5c2d786a22da7694650f6cb64,Zigzag,23846948,13765952,23847262,13765532,873,140,51,95,0.02627237543687591
576702d3a6205b7fba3bfad5089a94efe225f4b9089b61a6225dcd0a00dbfe7f,Zigzag,23793821,13675570,23793354,13675866,94,856,47,103,1.5458939063898927
1f8a1f40765e3659bc3d24c10d94d7f7dcb1f28fe5cbb4eb54d8ae447dc15054,Zigzag,23869318,13754019,23868855,13754385,97,926,57,107,1.5685976209989272
1f8a1f40765e3659bc3d24c10d94d7f7dcb1f28fe5cbb4eb54d8ae447dc15054,Zigzag,23869318,13754019,23869370,13754386,612,927,107,64,1.568458870306134
0c4e9473f9dac7a43a4143bdf7661525deb82475529b00786f799631b1f60ecb,Zigzag,23695021,13778954,23694473,13779058,12,664,50,28,1.5551430648557378
8c800abde72e311270fbb7fb11aa22bf14407bd4906248d00e8c7decce1bcb4e,Zigzag,23850677,13813549,23850404,13813544,287,555,54,109,1.036254622277462
2adea1feadd9635374edc333236e873ac4c9850b19651ef3d27c0b0d90d4ff84,FCBK,23883299,13828649,23883543,13828238,803,150,121,48,1.5625559737499732
4df013b4f062f5769064cc06684fe4a47e544499c7ecd92aaac687ab9a9c6038,FCBK,23748149,13652575,23748355,13653074,766,1059,46,96,0.016112272317196107
ec10e1796dd441fc018ec1de04cec0d7efcb61175e4a746d9714e5aad63e00e1,Zigzag,23795685,13659150,23795717,13659279,593,688,55,101,0.04395939779317649
a2e9870554c762567209b1eb00706414b3a53ea564315f286cbd97bd5e70b566,Zigzag,23827375,13755104,23826869,13754790,54,246,51,99,1.5686799126766104
322862737b8c13a9facea09d2bb6f9c743b35e95a5655c82353e844ad332bad4,Zigzag,23812462,13659150,23812137,13658698,235,108,121,57,1.5689322471898957
22b81e39162a98153e49df84af93f35584a65e6b506595e6d08285c9a8015800,Zigzag,23686633,13814628,23686577,13814254,505,186,53,99,0.4978560612903477
45660d52c2bc0b8eac4335497decff3388b55fbd323d3e5e4d0a95960aa3b692,Zigzag,23789160,13746418,23789055,13746889,455,1032,106,55,0.11031801101425055
45660d52c2bc0b8eac4335497decff3388b55fbd323d3e5e4d0a95960aa3b692,Zigzag,23789160,13746418,23789081,13746641,481,784,49,109,1.0154715128675655
45660d52c2bc0b8eac4335497decff3388b55fbd323d3e5e4d0a95960aa3b692,Zigzag,23789160,13746418,23788664,13746028,63,170,57,101,0.13649165807609018
45660d52c2bc0b8eac4335497decff3388b55fbd323d3e5e4d0a95960aa3b692,Zigzag,23789160,13746418,23788953,13746935,353,1077,50,84,0.059344562634348307
6ed9c49c0b5813f2ac447f5a2f51fea750b45bc796be22c961e9295e67a60ea4,Zigzag,23743489,13733375,23743547,13732912,618,98,106,51,0.010922899034905752
d732127235145328d1582814423503f7205c438dde87f7e5a299cffa867dbe23,FCBK,23753742,13729023,23753747,13729288,565,825,50,103,1.4216276141334874
61144f7f199d61f5477eb67fa1f83e0c90a914f35ac7b07b3006a038a2bc805c,Zigzag,23851609,13632824,23851479,13633131,431,867,88,45,0.563986279319623
ad0dd1fd4381811e145c6090c282d26e61df63d728a79e9c2e28e8cbab1d2c03,Zigzag,23762130,13702877,23762476,13702355,905,39,61,71,0.008243104631283827
37052424003d17a88ec68a80dc5fa5c30b9ab2d2fcea72e6c60b5a7a5a4c4459,Zigzag,23801277,13822180,23801197,13821667,480,47,118,57,0.03210398666079569
04347b4207a8844523ba2b5aab4775e1cd0241920f44c45032fc1a64ab758284,Zigzag,23809666,13675570,23809228,13676030,122,1021,111,57,1.2444677468348002
4eae126014d4c87925537c11b7e27875d5138087867029273f411a04b51ead73,Zigzag,23786364,13745331,23786855,13745006,1051,235,102,72,1.55959999809804
a71a18e62e415d74adb4392f936a65ec4c16d3a0aef30052e01801bbe13da8ff,Zigzag,23786364,13649286,23786184,13649538,380,813,87,69,0.4995666762375328
f0c69829d2a2bc09c816d676a2dd2920c99fa390410d4f8d7857f9923f341e5c,Zigzag,23835764,13808151,23836173,13808242,970,651,105,53,0.007023323796865194
0702a261953eae0e618902d3c313232182047bb3b18ecff80a0e6d32c3b94450,Zigzag,23832967,13824337,23833135,13824734,728,957,103,46,0.008918322077943595
0f6f4da1ce5002b010c10a36b709a44900c6d9ffb9f94507b9d3c189965cc315,Zigzag,23771451,13838344,23771913,13837934,1022,150,108,66,0.8595021520465299
6322317d3410e9538e64b88d66bd6e9b4f26a26fd94667223ab70789c2710cf0,Zigzag,23912193,13769204,23912383,13769006,749,362,99,55,1.566729280336182
b6ed86a015eb6e44459986ebc20f91ab6387743019c66543189c321c91ec6096,Zigzag,23791024,13886691,23790615,13886573,150,442,105,56,0.0013676332183337294
570483f4528bb81f18e13af220f8864e38aaf0a80bb395aa7ec92d6c2546bf5c,Zigzag,23741625,13661341,23741415,13661103,351,322,68,84,1.1237411951412737
899f2eaac168993d55c3a35f7b064482417da996baa941323335ea109b041521,FCBK,23751878,13784367,23751752,13784782,435,975,108,45,1.517053869155152
899f2eaac168993d55c3a35f7b064482417da996baa941323335ea109b041521,FCBK,23751878,13784367,23751733,13784896,415,1089,116,52,0.009377652867549614
10a1953a2b9be3db4a0d748a3bde8676798408dced8fc34bb34e176978d96e5c,Zigzag,23886095,13758359,23885541,13758604,6,805,44,12,1.564423115990228
7f5f8a76c97b426ae93e6dff19b98715438a506c77c8eae455deb83a44031bcb,Zigzag,23856269,13822180,23855784,13822321,75,701,50,116,1.5691618116758603
737ccb6c79835c92c480a888a759594fb5abcf99a9725c9cf71d3f2559decd4b,Zigzag,23746285,13650382,23746526,13649921,801,98,49,113,1.5661332648842223
149e095692e536434f22430d950afd92621b92278d801bc6615b7160d0245dae,Zigzag,23692225,13778954,23692405,13779332,740,938,99,51,1.5310450522579924
d99e7d9e9034820cab961920881879e8062ca45a16e02f688e897f55aa952b2a,Zigzag,23777975,13691962,23778070,13691824,654,421,106,53,0.0036620028035283993
d99e7d9e9034820cab961920881879e8062ca45a16e02f688e897f55aa952b2a,Zigzag,23777975,13691962,23777796,13692448,380,1045,111,58,1.5590669664058605
d99e7d9e9034820cab961920881879e8062ca45a16e02f688e897f55aa952b2a,Zigzag,23777975,13691962,23777525,13691535,110,132,50,109,1.5682278410815695
d99e7d9e9034820cab961920881879e8062ca45a16e02f688e897f55aa952b2a,Zigzag,23777975,13691962,23778242,13692079,826,676,111,62,1.5539399818332946
d99e7d9e9034820cab961920881879e8062ca45a16e02f688e897f55aa952b2a,Zigzag,23777975,13691962,23778324,13692359,908,956,106,50,1.3842095350276014
46296ba4a013f3f3061d56bf1899526fc633eb6c22fa0b0e8f52789bf32b408b,Zigzag,23751878,13836190,23751380,13836528,62,898,61,110,1.421401112282776
20b4cda1d117c7724e535041f15825a1676539dd953689da62a50bd116905e55,Zigzag,23839492,13816786,23839850,13817151,919,925,64,121,1.0047210639162154
ce12f166ee1fa88e728739edeb186c1edf8039776ef208f3c9421a92666a45e8,Zigzag,23793821,13674476,23793947,13674990,686,1074,67,89,0.01078605208617311
4da8f8eb689a3837546d60d9e1422f501d790e0b2d6fedaa47a305165600d402,Zigzag,23937359,13789777,23937541,13790055,742,837,96,54,0.06851434225495233
0e37b8776b8542c35109f7a51d1d40fbb45cf13f1549d0d03ddc7ad96f4ba72f,Zigzag,23867454,13850182,23867045,13850128,151,505,85,45,1.5557478687392947
d3f39df910561c00ab7a8462c0dc1a7fe552df85f80b4f2e4337658a8dc08ec3,Zigzag,23856269,13679944,23856452,13680065,743,682,54,100,1.3343560915276997
d24ac3f7a23e80647cfe7daa0328852d19e3ccab31cb78d71b0cd012fe118c8d,Zigzag,23861861,13693054,23861658,13693220,357,725,112,58,0.22357981371844746
f386fe60ea21dcfb46fe9546bfe82a7308bb956e4983a067dc8b79141239a62e,Zigzag,23889824,13758359,23889615,13758215,352,415,58,101,1.5670593791532974
4c0188fce54e0cdc97da69e37daee38d1bed7b24d23d6298d3a456f6c13c49b7,Zigzag,23765859,13812470,23765703,13812908,404,998,97,61,0.0014026080135870356
c571c45463a517c4668113023b96d5c2023ac27cdebc2bd0b2476ca4ab4c3bde,Zigzag,23789160,13796266,23789278,13796316,677,611,104,54,1.5663869309780523
c9a7e3facdd279f84ad6bcbf5ea02efdccde9f9a5a7184068ed425487eca5e13,Zigzag,23845084,13707239,23845039,13707268,514,589,46,99,0.05088656274933841
4d964a1c0507632e51f39c10e4af10741efe3964656ffbaca19765a1b08c46fa,Zigzag,23831103,13594308,23830827,13594036,283,288,95,52,0.931235394693223
6abf593e5c6efc98be6431fcfa77d2d0cab261bfdcf1c02c056139ee572b3a76,Zigzag,23842288,13851258,23841783,13851236,55,538,101,48,1.5436752268857477
1a9d6ec3043c136f2382c1dec3c02cfbfc7e96699f619daf76b5c46bc2a3f194,Zigzag,23786364,13814628,23786611,13814865,807,797,121,57,1.5613928381438813
422a4c53674f9f2e93a4ce3becfaa95410752812095505f36d26d0aff2f51bb3,Zigzag,23853473,13758359,23853156,13758712,244,913,51,88,1.552994426488262
f038ebcdffb7499e2680b34ead38563d773ac2a76f5166e4177048d58040af7a,Zigzag,23855337,13752933,23855167,13753067,390,693,60,99,1.534946982729122
f038ebcdffb7499e2680b34ead38563d773ac2a76f5166e4177048d58040af7a,FCBK,23855337,13752933,23855498,13753060,721,687,55,133,1.559199724986201
f5d4c5bf4a81533ac304b7adce7639c3cb03ba36d2f84ff50ccaf88b2a756f74,Zigzag,23803141,13627331,23802900,13627575,318,804,53,97,1.5556581202105593
9a3831fca452e9426c1bf510dfb493e63c276cdbc23761c8d7038372af9db082,Zigzag,23736964,13735550,23736728,13735485,323,496,104,54,1.502076384342601
a8826c5a94e13ff209aca1d6a8269e5176bc9dc5975fbd162a5e2364ca060748,Zigzag,23803141,13799508,23803086,13799764,504,815,103,54,1.5505710830543442
0e4d72720560ac1564ca33189914601af31577fa65e85772df5ea2c9fcc276a3,Zigzag,23833899,13867378,23833928,13867184,589,365,97,51,0.10407250710622963
0e4d72720560ac1564ca33189914601af31577fa65e85772df5ea2c9fcc276a3,Zigzag,23833899,13867378,23833912,13867686,573,868,58,110,1.1437402033472237
c1508447f7f07bc30fc8b4a0303dc23ae8112cc95071c9984ab620cc8adad9cf,Zigzag,23881435,13800589,23881450,13800614,575,585,55,101,1.5685287782847486
35db672f2b62854b06f0e8d95dd6a068763a33170369530e3d83f95d270a1f38,Zigzag,23832967,13831881,23833200,13831616,793,295,105,58,1.542104760790928
4b0197f8d81f77ebd3fec9f8683e99cef8c60ab336e9be77102777d9419babc3,FCBK,23743489,13810310,23743204,13810627,275,877,50,104,0.0005691705150936933
8ca3e8705fa37f7534df0f3360b4599b80a63efee8265cf0fda7eb01dfde0705,Zigzag,23853473,13759444,23853572,13758998,659,113,142,62,1.5598074583469572
d8ba039afa8dfb42ee09422aca7c00be847ecfddc121f96cf649366ecaf46dfc,Zigzag,23728576,13654767,23728777,13655288,761,1081,59,79,0.06876391373860638
21b9025ccc7a1aa10e9155918dba4359fce8cbc7931f2ed1d470bc66b35018ae,Zigzag,23726712,13807071,23726819,13806855,667,344,111,69,0.6836301228719778
bf9af6c6f446a932874680b2093a085c0a1112981858d9ec3d69a7ee4ede52bc,Zigzag,23830171,13751847,23830021,13751388,410,101,99,50,0.019256731114685312
71d20f961f296f05ba33bbe37f441377c1d73266deec110e188e939c890ff7e6,Zigzag,23819918,13808151,23820285,13807853,926,262,59,109,0.004019926452548545
aa1c30b765c31b0ede7016dae55e062a49016d642013a04f2317a19540450c26,Zigzag,23740693,13822180,23741226,13821677,1093,57,102,50,1.565269468584655
99dbd2ad82873f94e08448f19a79bb4fcfa52ee0dbb6764237db73a9df59eda5,Zigzag,23751878,13672288,23751823,13672731,505,1003,121,54,0.010102820189107882
b6d0cc7faa83aa0fad099142cb05a2bb0b4846c8358d3d632931516a0945526d,Zigzag,23779840,13658055,23779738,13658060,458,565,91,46,0.03879565327518895
369cb093c7f2103f137467899c7798d776676c5b4c7815aee279ef5ca4d59647,Zigzag,23763062,13781120,23763214,13781426,711,867,96,51,1.5703985836860932
3ecc479d7387cba2fc1675b2ca58d3c7728fe0090c7b45dce09bf15b77534178,Zigzag,23842288,13793022,23842692,13792576,964,114,98,55,0.8466280318629233
ed77b6902c62ad4f26a57fd8a6f5c42e70d011f583c6e45aebd74d0651b6be00,FCBK,23852541,13758359,23852660,13758648,680,849,104,47,0.053991588037343025
3ed2ddcb29267c4e6fece40f17ff493d3b1c3e33b07a0ec03a38169bd2041bd1,Zigzag,23767723,13678850,23767533,13679073,370,782,101,51,0.8424691729256283
38e396b3c6e642de7890f23a8ec8a15cea2046da9f0c233884c4c57409b7f845,Zigzag,23725780,13747504,23726075,13746956,855,12,24,45,1.5413297809137148
69e0abb5b25a0679dadbe6b34585be5ce836406ad4522e8b803a66fbc0a93124,Zigzag,23800345,13821101,23800249,13821258,464,716,60,116,1.527117555440398
5596284429abab694a2408b45111bede1b45ed5794d38f6bc87f9359f11555b8,Zigzag,23847880,13848031,23847752,13848308,431,837,101,62,1.5687193274607438
39138b66d74bfea556c5b06e796ae113442b876e971e2596f2c9109fee6f4239,Zigzag,23882367,13752933,23882142,13752676,335,302,116,58,1.5489629332300998
39138b66d74bfea556c5b06e796ae113442b876e971e2596f2c9109fee6f4239,Zigzag,23882367,13752933,23882314,13752448,507,75,98,52,1.5670513896700273
6c4a2f156b5916ce69f7ca74c1fed33fba968021840f0034dd36107787b0df65,Zigzag,23889824,13814628,23890154,13814199,891,131,60,109,0.6643429110463788
61e1f0ef1c1330ec8dd505c2edda51452c2c29c433f05aeca1a1eb63fd9fcad5,FCBK,23785432,13744245,23785131,13744464,259,779,50,135,1.562831744080851
546bc4aa39860b50846a5f3f5906ab49cc29ff8ecbe42bf44efc8a3036574ca2,FCBK,23874910,13836190,23874626,13836555,275,924,135,52,0.40744650268260607
e282070ec8059b6653bedecd51b3f88c4325baf95db837b23a74cda2472ed3d1,Zigzag,23678244,13798428,23678035,13798307,351,439,107,57,1.5415269879924351
b60e1106de46b78762b5423e204c6a6e95d74a14fd2e972498a3d59740bc3f6a,Zigzag,23679176,13816786,23678783,13816270,167,43,101,48,0.0007572796737698078
93bf68e0abe48233ad5681728e4e6ae5f97f8cea63fad42dd1ea301a409ea077,Zigzag,23758402,13679944,23757964,13680128,122,745,107,65,0.04640026815601817
93bf68e0abe48233ad5681728e4e6ae5f97f8cea63fad42dd1ea301a409ea077,Zigzag,23758402,13679944,23758193,13680364,351,981,95,51,1.2502329579626037
ef212a85db48c7d16c8b5fe355e29496b35f120d43af79c1845ed6b1b1f2afe3,Zigzag,23687565,13784367,23687383,13784467,378,660,100,49,0.010094317839268344
ef212a85db48c7d16c8b5fe355e29496b35f120d43af79c1845ed6b1b1f2afe3,Zigzag,23687565,13784367,23687775,13783946,770,139,58,103,1.5705344049016874
ef212a85db48c7d16c8b5fe355e29496b35f120d43af79c1845ed6b1b1f2afe3,Zigzag,23687565,13784367,23687622,13784026,617,219,113,66,1.5656272642771072
e307d989c631400b56cf4dff4410b723bd1f81d5b77c95520ba7c0086672290a,Zigzag,23800345,13842651,23799879,13842319,94,228,101,55,0.03760456696121862
bb32930e993f6347453435c7852a2d3e16df7c1e63a4b1056c69d158ca714056,Zigzag,23756538,13689778,23756632,13689515,654,297,51,101,0.05664142083840427
7dc5bc2db035f58199b318895c203ec85fd3c6a3168aae4985eade99639e24d1,Zigzag,23766791,13729023,23767113,13728939,882,476,57,114,1.3978209513589965
899200703ea57a2c1de486ca88ec1f8c473f1cc70959822ad20ec4e77999fa24,Zigzag,23697818,13802750,23697517,13802290,260,100,101,51,1.5276643024121912
9de1376fbd4efc2c2d00434e6a767857ccd81d1e87581d96341817f70e8289a5,FCBK,23893552,13778954,23893322,13779009,330,615,116,55,0.00016424139013854555
a39094fc474ff5020cdebdca5fca8de8057cd11e5ddba4fbcb00a46df89ce3b8,FCBK,23845084,13720315,23844695,13719786,170,31,41,100,1.5672455341134939
1854ccba036ee6242318d7e181ac58850e0ff07a1878ae6f2aa50f7d77585dc5,FCBK,23814326,13841574,23814494,13841137,728,122,150,74,0.4876570864217257
99134d5039f1dc63592004b30a6fa80c4c8e6e2e263f8a0b6a4c6ace1c16d6ab,Zigzag,23722051,13814628,23721915,13814619,424,551,40,85,0.007727291419878861
14feb815103af6810c078eed32b32fd2e175ffc9969a203f060569d5d2d3617b,Zigzag,23809666,13850182,23809897,13850245,792,623,54,112,1.5461306614108008
b7d3c420ef749261010272e12520be057ffe8f6465356c87b550f203bd5418a2,Zigzag,23751878,13693054,23751448,13692606,131,112,57,97,1.5652886433445037
0427164e0637a4e2aa1c11d521ea531aa974ca2bf57e8bb44e3330e38c0ac858,Zigzag,23901008,13717048,23901313,13716920,865,433,102,54,0.0389412283182754
f1a0302efa69ab6927f45abf4d450a24e6e8a21d507e7d84162f9d1eea7c7a05,Zigzag,23868386,13820023,23868410,13820294,584,831,95,49,0.028238857746979623
c0c0cf55d535d474fa3f3bdc9a538988cbe865387dbb80e6b32b39c813bad112,FCBK,23695021,13783285,23695567,13783327,1105,602,37,46,0.022671683855142503
89183d1fef958f8a967187b7918215984d0d4eafce0680e5ffbad7cfecfee985,Zigzag,23826443,13607530,23826259,13607617,376,646,54,88,0.24154648047277397
b8431e33e3d5b07f9621e1d8fd005746823907a8e184234e9005efa004e4f674,Zigzag,23841356,13707239,23841497,13707641,701,962,99,47,1.5578050275233264
185c6159ff36a5a4e9417e14dff1c3cdba707e65447be532261972036ea1616b,Zigzag,23763062,13652575,23762746,13652873,244,858,95,53,1.542476804395212
892c4e5ccfc3c4f1db1b2b3321aed8b8991501a9a3720effe2afc70eee1a2427,Zigzag,23787296,13745331,23787003,13744912,267,141,62,101,0.025719775752468275
da91fc8d96832c002a0f08ca1202019534741e1de02583625c72dbefa2802850,Zigzag,23802209,13589897,23802625,13589458,976,121,109,55,0.08955117185413865
84374e09abc0223ff3e4820530cf4c40d88c4a56ed6445935ec5990324427a34,Zigzag,23788228,13747504,23788252,13747141,584,197,115,52,0.07207777246796525
84374e09abc0223ff3e4820530cf4c40d88c4a56ed6445935ec5990324427a34,Zigzag,23788228,13747504,23787813,13747443,145,499,62,112,1.434454463207745
6ed698f4cb37308dc23d59704fc4a1ce1313fbae59f0f31fb16c3ac02079322a,Zigzag,23845084,13723581,23845252,13723602,728,581,91,50,0.38125398046654047
a7124131641a9d5134dcc7d2e650cba0f81ea384c5cb39bc91d0e83608eedd42,Zigzag,23852541,13773538,23852936,13773897,955,919,66,114,0.0065209871168436
fef5a242d74630fa79520e2627ce264fb18b6b60d5d2d62ed5a943fd64ee4b66,Zigzag,23743489,13690870,23742994,13690976,66,666,101,48,0.0009113291087058429
30b9d5002a379244de48fe9e135bf838f08d4fef13191bcfcbcfc6d2a6db879d,Zigzag,23816190,13616335,23815810,13616273,180,498,44,95,1.54711869417522
8155be5f29ca9733b0daa8495d99e929d2be02ac64a548ec8f21cd2bab664a2d,Zigzag,23806870,13682130,23806548,13681751,239,181,98,51,1.2930993320265738
1d8b887f1c1bc20517625991a2b82e897d9557c18e048d630e0b122a1f4a32d2,Zigzag,23761198,13682130,23761056,13681838,418,269,122,55,0.00477564444501409
0463f876ac0d58b0ea3c1a7865b9f7a5095c27ef24864cacb38ae281bf71c1fa,Zigzag,23853473,13761614,23853329,13761783,416,729,91,50,1.5690191993994866
baf77cc871b8095087ea1beda6b4cfc7ed1baf15436ebd114bf28c8e11ef82ed,Zigzag,23693157,13822180,23693248,13821654,651,34,48,103,1.5595520611984184
baf77cc871b8095087ea1beda6b4cfc7ed1baf15436ebd114bf28c8e11ef82ed,Zigzag,23693157,13822180,23693222,13821979,625,359,100,52,1.5266070274594299
29b0811fd9ec3f68da9522e4d307b11cf7e78c3be1435de8c7fb24977a954179,Zigzag,23703410,13770288,23702863,13770791,13,1064,28,52,0.05214993724214758
29b0811fd9ec3f68da9522e4d307b11cf7e78c3be1435de8c7fb24977a954179,Zigzag,23703410,13770288,23703295,13770294,445,567,49,94,0.5733715918961985
e36dc6edd7272fd330cd106ce195aca23be2301746db470056ef2eefae965511,Zigzag,23805937,13656959,23806216,13657346,839,947,102,51,0.3621633765084165
e36dc6edd7272fd330cd106ce195aca23be2301746db470056ef2eefae965511,Zigzag,23805937,13656959,23805743,13657090,366,691,45,94,1.5475481289009954
e7ce696b7452ba21c8bc8252efde33de24090e78495302aeb9b6fe79d2fcdb39,Zigzag,23835764,13755104,23835874,13755554,670,1010,46,93,1.1395794136181383
0d67591bea977f4a2ded208ee180d6936abcaa6585bc8c044c9444d99c12c77f,Zigzag,23826443,13859859,23826492,13859347,609,48,95,63,1.5658746719423757
c4b7bd38bb60b03c57f79410d25ffe2464f3a250e1c40ad966894adc638578fc,Zigzag,23844152,13754019,23843911,13754159,318,700,105,54,0.3998301615706021
278c0abf11e50f7dd0c8177bee7d282331baa3df7bb034f4a9c091517268a877,Zigzag,23818054,13729023,23817752,13728662,258,199,37,89,0.00529448544171307
1a63c6e713fb7316899f8395bb12c3cf965a5f42db0e981f64d7ec061aa4df16,Zigzag,23869318,13775705,23869135,13775975,377,830,88,58,1.5315048470201944
4dc96523fd9b7ab7db871fd5fab501959654405a62ce0ede339ca0ef7e339ca5,Zigzag,23685701,13790859,23685441,13790675,300,376,53,101,1.5653297891833453
38f579dc2104a6f3c2f625c3dd4230a8406ddfffa4924a4880a79ce650a05f80,Zigzag,23801277,13828649,23800892,13829146,175,1058,63,110,0.36733703297908615
43e03a74d09eeeacfa67b9b45f181d7cc4fb3ee8b22177692edc767f4574a425,Zigzag,23677312,13831881,23677670,13832297,918,975,104,50,0.012987892297909876
92149b34270b4d52ede2e6976216720fe6293c2234dbbeec601ae0443185615b,Zigzag,23863726,13782202,23864276,13782633,1110,991,84,21,1.56845993557057
7e3df0282cc96a3ef3d854c2666cf573844acd286ac6b2dd2c53ab699fbdcad9,Zigzag,23764926,13835113,23764568,13834565,202,11,21,35,1.569576465857586
15c2cfc2c834b674e11f2e05acd04f8e5f1a4ff0af5c076c6bce3bbde120c0eb,Zigzag,23924310,13745331,23924286,13745526,536,754,94,51,1.5688125380988964
cae3e5075ec0495592e1dd28a4379054ed68bb15cc245950f821c11235e8e4d6,Zigzag,23791956,13674476,23791960,13674350,564,434,93,56,1.1205949366294539
abad986a82eaeecdf33e870f2409db7017e28abdb8c4e2f9ccaaaf980149da71,Zigzag,23855337,13858784,23855503,13858464,726,240,102,58,0.0011449737057030401
abad986a82eaeecdf33e870f2409db7017e28abdb8c4e2f9ccaaaf980149da71,Zigzag,23855337,13858784,23855370,13859241,593,1017,93,45,0.03530420331301382
abad986a82eaeecdf33e870f2409db7017e28abdb8c4e2f9ccaaaf980149da71,Zigzag,23855337,13858784,23855375,13858248,598,24,46,101,1.5674937407270892
469f01363ffc8670df9eb0e54dbdacb6f3e08dd2f257e84fede678657a8e861c,Zigzag,23863726,13826493,23863222,13826620,57,687,104,64,0.7554549116811424
b5b286103c761f45c58339a8747a01a71f1238a91f136d3cf561537102fd9cfa,Zigzag,23754674,13643802,23754696,13643496,582,255,91,47,0.024452545917862296
5a361b56351f252de97f74fd9f4bdbba85413539c7ba9e588a2672ee59f9cc83,Zigzag,23848813,13825415,23848388,13825321,135,466,60,99,0.004087383750796736
c74c4c3d04b1823d6c43f1b2154186612f732d3dc3af45a208d56891e9c6436b,Zigzag,23847880,13761614,23847813,13761360,493,306,93,50,0.1120042830045967
264bb8f12863c4c3e6dbad8e5646096821fe36ae5be354951b64f569289d9e97,Zigzag,23812462,13718137,23812296,13718639,394,1062,52,106,1.5660328637111263
95704de437e1d0ad9efe2554f6dedf0a4d71d01efb201131fcf6e8d428ece3aa,Zigzag,23813394,13617435,23813879,13617785,1045,910,56,95,0.0022406921950301997
dbf58de1f9b851677d8c7d160684ee445147a618558c7a65dc0f96c5ba17a4a9,Zigzag,23801277,13661341,23800851,13661023,134,242,45,86,0.05109234187781747
59cf4c5524dffb0f4bc5801e6597fff10de628ebce38eb66e4aa49cb153afc0a,Zigzag,23797549,13882402,23797489,13882495,500,652,112,55,1.5667206250626393
ed0ab2176eeab1f50da6ce3fe6933c4ce4a56e18757695522c5808173374cbc8,Zigzag,23781704,13628430,23781454,13628815,310,946,92,55,1.5137266488472616
59083b472d5eac3defdaaf83944d711fd5ecb8037b92d00089bb3295bff2b716,Zigzag,23726712,13717048,23727049,13716732,897,245,53,98,0.022911959242116496
fd8b550b3fbcd2d058ab79791c689e0d985457479f63d8a632db758d0993e3f9,Zigzag,23733236,13669005,23732878,13669249,202,804,105,54,1.5628527830534629
3d7897ef9751ccdc5dc485f4dda6887d9050d88933d99c20784782cea35d1aef,Zigzag,23776111,13777871,23776051,13778160,500,849,54,109,0.9883918916923945
54925f0f6e51bd93a2e6e4e5ee49b5e4ac5b810ed93973f9ae8d49abf256f513,Zigzag,23820851,13788695,23820860,13788934,569,799,52,106,0.0009845641531441643
54925f0f6e51bd93a2e6e4e5ee49b5e4ac5b810ed93973f9ae8d49abf256f513,Zigzag,23820851,13788695,23820787,13788421,496,285,110,58,1.5196473885827257
e23e59b6740ac0f47910bfa0ebd876c27f9d6a6e7c01dcff0c4a10414faeca7e,Zigzag,23846948,13758359,23847066,13758038,678,238,105,53,0.022034158460285762
3b708b01b11ffc1531af0a5a4283751ae1a95e82e7027091a6c9f1c0a32c86f4,Zigzag,23735100,13769204,23735146,13768669,606,25,45,25,1.5665428590598767
c6d672730041212a5d52307f1437a297a2eb29bfd1c645713fc9de3d7bf65822,Zigzag,23814326,13617435,23814187,13617695,421,820,98,48,0.03704655148906295
5887a37ee4b279061b83baa4a18aa62eab7efedf2b29a5179a8d6ae152e2be32,Zigzag,23810598,13771371,23810870,13771568,832,757,46,95,0.02694594089142199
a07a20ccc34f415607cb706dace341e7af34b024e43493901ef7a95c74593398,Zigzag,23863726,13835113,23864067,13835046,901,493,57,104,1.5577341874383306
3dfa472e676e2b7107e4817d5c0ab535986d5a4e3d50632665d224722038251b,FCBK,23817122,13608631,23817664,13608630,1102,559,131,38,1.5630786191139014
5ffe9d81b1637ee1cd4eb548ff6792dbdab1d9c964ff1783e2a0203a04a3878f,Zigzag,23873046,13820023,23872584,13819881,97,418,112,60,1.5641626588356181
5a0577f89204df0ca87b678718990a1a363c32d0f9ba341546a55146a9d8c8e8,Zigzag,23779840,13799508,23779914,13799472,634,523,61,114,0.0063292936138175365
a3b9e389bab0bccc0bcd700c14303620ab19e7b98a53e3d2e37270d91046327a,FCBK,23748149,13771371,23748064,13770871,475,60,54,96,0.8211530984025797
a3b9e389bab0bccc0bcd700c14303620ab19e7b98a53e3d2e37270d91046327a,Zigzag,23748149,13771371,23747896,13770991,307,179,56,111,1.5676925457024637
a3b9e389bab0bccc0bcd700c14303620ab19e7b98a53e3d2e37270d91046327a,Zigzag,23748149,13771371,23747722,13771025,133,214,66,127,0.0037220440823934257
39a590517463e90228669a7c1ad7b16c9d3e1e57a9ad03f70300953ab6638ef7,FCBK,23753742,13671194,23753343,13671205,161,572,116,58,0.30157795973722695
12d782cab8029fa97cbce76049d6b3963846e821483f7a6f69bdd59a601255e9,FCBK,23671720,13838344,23671941,13837842,782,58,46,104,0.057758608593314095
93141c991178a29bc7cfdca524153cc8af95f439a7ceb25a549ae6ad23748f52,Zigzag,23694089,13834036,23693593,13833926,64,449,102,55,1.5695582232041188
1c25cf4fb95780c05bcb0b1fddfb9eaab31830290bdb9ff7f59c62de8856485c,Zigzag,23811530,13724670,23811899,13724283,929,173,90,45,0.007478163623023607
096bfa3c8154039bc41f65b6cbda5d39f66b795c4b380cf01f7b4914bd1b4836,Zigzag,23813394,13761614,23813366,13761292,532,238,53,101,0.013265447778955775
adc43f0a620803779a0a54db5731f42c40a4e0cfc0e178a19dbbb11330b20978,Zigzag,23750013,13818944,23749792,13818856,339,472,119,52,1.5457900431073794
797058ea226b0b63e972bb0b242a1380e57e8524cd1194e2f475cc92dae407fb,Zigzag,23861861,13676663,23862031,13676697,730,594,92,51,1.3255238509305063
87e600a507501387e202ec3b8b57056ceaf3caae1f8116cf914373cdc99d0426,Zigzag,23827375,13844803,23827048,13844833,233,590,56,108,1.5666657639441837
5be5f597a11d685525a4e936ad23184d04e19a7fda972862733bb23eac649298,Zigzag,23775179,13762699,23775015,13763017,396,878,111,60,0.13931750501925966
c0b4c6dec64d9bae2c559214323f4c937149da8816b2d571638244838a2d1f94,Zigzag,23865590,13751847,23865206,13752154,176,867,49,99,0.1938559398969368
5076ba6b3649b1240e0c631a778305d9035bc65349c1886565eefcb66f282337,Zigzag,23863726,13752933,23863898,13753326,733,952,100,52,0.01732273208779946
394d3d8987ddc2df09cff13b51785fe34aeef5e5b3ac27234f25412f6ce38ad0,Zigzag,23891688,13759444,23891565,13759417,437,533,97,50,0.03824969276815509
cf47150b5306e746ccbb0e8596581ecbebaae603a9606ee698de10a81681236b,FCBK,23832967,13695238,23833412,13695481,1004,803,99,42,1.5649249886976535
c545ad65183c7282adae8859f5ed057e8c8dd6eb35fc0787d5cce669089af381,Zigzag,23863726,13783285,23864166,13782917,1001,193,63,106,0.003911590671864938
08fa30fe8efefe119c7830f607a7486b230066838b7dd872d0880363aae86651,Zigzag,23672652,13832959,23672328,13832979,236,580,110,58,1.5146048262167153
571048a058f7daea5e9bf8b4c8ce803a1e59cc6f0951fc2d9b3298e33978fa24,Zigzag,23783568,13746418,23783550,13746310,542,452,99,47,0.7273329958343416
8656ef35b8abe7992897973be084557eeb45dc28c1767aa1eeb47517f88d45c6,FCBK,23783568,13811390,23783198,13811004,190,174,87,110,1.4683381280729322
9d3e866fab9fe764040e4cb48d23bfac22cbe5e6e493b877259e937b663853c7,Zigzag,23714595,13795185,23714478,13795450,443,825,52,101,1.5610233245426328
c1739d11050ec0ed4dc5dc5f12a07f38a7c593590275f2fc82d3b07a2edb2ca6,FCBK,23720187,13796266,23719787,13796049,160,343,105,43,1.5663356651270683
41567b19848dbc9637a6e17a03a4414dcd23ccd95a8119913b38dd3a6aadde47,Zigzag,23760266,13687594,23760336,13687915,630,882,46,94,1.5483030019119783
995bc4aa6bf25af0ccdb47f615c6790653a06f2423667eaf1f6f7e0f19e19368,Zigzag,23847880,13831881,23847874,13831644,554,322,56,100,1.5676784309486862
47baf76e6e5a6bf10ba3cedb54d95e0c3b3f5b967c9edc3c36e41de9f9dca39b,Zigzag,23943883,13786531,23943661,13786329,338,358,105,64,1.565603428985351
b13b83fe3a41aa9f1a4f10a93ab74c271493812427c4f28c4c0bc1835f176d58,Zigzag,23709934,13752933,23710264,13753154,890,781,101,54,1.5605227834157522
dbb9e2b5754cac4e4c41cc6fa5566ed138e3c5c3c7d2660d3efe55e4efbaa383,Zigzag,23901008,13757274,23900748,13757182,300,468,96,47,1.56615803228236
76e284c0508991a906e3bbb7783bfd614262af5d006f907d98e043b30557d5c3,FCBK,23705274,13793022,23705261,13793498,546,1036,107,49,1.5613961670952439
b2f4d45f9f56a84826e8f8477cd31d455c62389fee85cd297cafee055b096692,Zigzag,23731372,13830804,23731308,13831318,496,1074,98,53,1.5608925633331099
685443a3b41cf7b2eec7b5cf3b65fd90b364d82a82323fc45f01bc4145b8942d,FCBK,23754674,13644899,23754603,13645294,489,955,49,117,1.5579704098270204
c928012960045ef9018795b982110df92b266c40fffb3750dbbc1595ff131392,Zigzag,23736032,13736637,23735760,13736146,288,69,118,59,0.0002094353833799272
1fb6cf09e36594daa658d594a0948e7d8a66073e6b082db35ff080ab06bc940f,Zigzag,23864658,13830804,23864873,13830470,775,226,60,109,1.402913181679337
2ca34c25d5848b4fde794ea74c16ebb501378276af371cfe2d101a2dd3433887,Zigzag,23764926,13656959,23765140,13656548,773,149,56,93,0.5112026928303616
2ca34c25d5848b4fde794ea74c16ebb501378276af371cfe2d101a2dd3433887,Zigzag,23764926,13656959,23765191,13657041,825,642,52,98,0.007548860667140852
6ccac0834f4618241bf667d4ff486e5f8525642aca7d83fd3ae516bf93ba9568,Zigzag,23792888,13675570,23793344,13675734,1015,725,61,111,0.007111831250920996
55875013fa50dbf0f9c7db07db3c86c9cc0e8657b8549e3b79b4bcdfb6591271,Zigzag,23686633,13828649,23686711,13828280,638,191,108,56,0.034446118245628085
e4701e8410fb57c433bf2f32c7007c1d79e48d33b192da6e7d1e42d5e43a7d8d,Zigzag,23746285,13828649,23745994,13828848,269,760,112,62,0.6614992542134194
a00931bed87f08542cb40f6c3e8bd297c0d4ba6f89f8770335c3f2e59c6f44ac,Zigzag,23773315,13651479,23773111,13651049,356,130,57,101,0.8323261910189252
6e400ce944cd357d5ed8da7b48c15e9dbd5a28ad90b9ce199117bbaf36fa867a,Zigzag,23805005,13752933,23805537,13752905,1092,532,61,107,0.003925620641412341
3bcaaee633c5208400fc3bdee66ae090bbe8c99bf42d01388194105ab98a8ef4,Zigzag,23789160,13816786,23788637,13816869,37,642,101,54,1.5602857620787352
01d7ed9a3069792421a6eb7c237efb38b65266d981b8e2d4f25725fc21377ada,Zigzag,23911261,13799508,23911056,13799880,355,931,51,109,0.06817528023629321
363835df4fdc689cd81b2d2d7c0e3672ba189b56b1f57c98592b4eab705a2c58,Zigzag,23887959,13720315,23887830,13720282,431,527,53,78,1.505416254665669
4012947828ad60cdd78f690a875c632dbb477913721fd8a5aef7f6837cd23cba,Zigzag,23752810,13816786,23752843,13816562,593,336,59,126,1.566518091661739
8a8875ae23dbafee6f63af95cdfad9b5ca77073652aac790405d81633eae7875,Zigzag,23843220,13793022,23843125,13792597,464,135,97,50,0.06359903737715555
1ff0431573eaa21d522e62c1831276b5ab180bf029f6a70cf5587987a7aac4fa,Zigzag,23885163,13804911,23885513,13805131,910,780,53,111,1.391033219530657
e36212e71cc613b335e5c644dabfd1b9a1cd4372099463c5fce6fe7bb74f42e4,Zigzag,23847880,13787614,23848260,13788165,940,1111,17,38,1.533642566427201
e06793905cd0301a5381c2af57ca18cf2b3116cf5f38a4e38e8c559a00de4669,Zigzag,23769587,13824337,23769871,13824340,844,563,57,99,0.34601460015893487
3ad8f6b52f3875f80df537cd435062862b38f89a46a22bdc6259fd46c27dfc83,Zigzag,23816190,13597615,23816664,13597748,1034,693,98,56,0.47612899443207246
6ed932a16bb64dd54f651f0a13c6c83f5153838dd749fdaf454c60d71bcdf029,Zigzag,23770519,13697421,23770738,13697274,779,413,53,111,0.08380333785244787
b22adf55f7b10fbddf4f0cf7bda8ddf857f79981a9d9fb170bfb34839a8fcca8,Zigzag,23698750,13832959,23699229,13832596,1039,197,101,48,1.3278541168843259
b6e7f73e83900e5d82db31ef18da6801a83d1c1654779844da64c143aedcf0a3,Zigzag,23857201,13684316,23857134,13684601,493,845,97,56,1.5285209081768152
4e0b073fb05c4c496662c86e442bf1e92d6557a0fcb75a26a3a895f5f94a9b7a,FCBK,23776111,13808151,23776044,13808366,493,775,53,116,0.7360595755152861
2e8445a1e40324d3d49d457931d3ba7cf02d941fd22b0f6300df23cbf8fe168a,FCBK,23926174,13751847,23925991,13751319,377,32,46,24,0.10328227230939747
9b4c015235410e7e03c258e54425d978c16f6c24a0b304a7abe9c408df137962,Zigzag,23805937,13625133,23805908,13624929,530,356,93,43,0.011145551785603985
a9d6c58e9ac126ddcb93c65e10e6f3b79cf954ef404cb9e19df6161db3bf453b,Zigzag,23764926,13626232,23764953,13625975,586,303,45,87,0.014527919293707838
104521284f930930b727e3986ac701516865408a44250a39006aab3a15637935,Zigzag,23777043,13777871,23776974,13777840,491,528,95,57,1.570749188843602
88874566cfba53f7dd34e7ddd6d6426b7159a7bdd16ec7d6e69eca248ad19623,Zigzag,23750013,13829726,23750120,13830062,667,895,64,116,1.2970842199656591
d4c03de86a83e344e8cc4e57fd1fb20644606937f2d94521e846ae28500d18fb,Zigzag,23679176,13807071,23679512,13807059,896,548,102,53,1.5673089173474377
d4c03de86a83e344e8cc4e57fd1fb20644606937f2d94521e846ae28500d18fb,Zigzag,23679176,13807071,23679422,13807622,806,1111,55,18,0.021862340877489016
1328b814c17faf5ebd95541e821508c66b9a3b2ce84cc9b9b868e2af2dd1a923,FCBK,23759334,13761614,23759607,13761097,833,43,121,60,0.2556952228436061
32758d35763077cd62159a864ef2fc2d4096389a7b3e0756f72939211deec45e,Zigzag,23861861,13783285,23861569,13782889,267,165,105,47,0.00033361336401824363
06f0c4d53080c3b6fbd5200222006db19f33418c67cfe3fb3a5ecdc94858e0ac,Zigzag,23749081,13781120,23749394,13780916,873,357,55,101,0.6749378313900682
5cf8e5a63578cb2c6a7ff634824c52cc565ea997bea62f9047fecadf9307c685,FCBK,23758402,13675570,23758262,13675289,420,280,107,53,0.22425444235683495
ee62b3aeb5989cb1cf157206f1825435db80d5451b4db2aff8a734aa4cb507e7,Zigzag,23744421,13783285,23744744,13783771,883,1047,53,108,0.06997152829609202
e26849dc91036462f6a91f3dd249f2aa7cd775729b4a920c132e7c9d406f230d,Zigzag,23821783,13829726,23822027,13829854,805,688,106,54,0.0041801330170966
adbc9e143cda2320b24deb78c94facbbb1bc47f6bee58d66049c6408a5f09607,Zigzag,23738829,13682130,23739148,13682090,879,520,106,49,0.02562728916123687
4bce656087362074bdcdbd90d74a74cf39e06334d99592e4b9e925f868fa6fc0,Zigzag,23797549,13789777,23797592,13789989,603,772,96,50,1.5630896712324254
9b2abe2ce669e0e4e494a128b523372de711c05e495cba323f0969cf2e037092,Zigzag,23812462,13709419,23812454,13709130,553,270,102,50,0.3518544130867743
2eb00370618c7074c1b38e94a558fa1c676f4703eca1cae2ab533dd2945f98e6,Zigzag,23879571,13762699,23880040,13762841,1029,703,62,99,0.8319837750817684
abe1e051e0c7f19cb6d8369da322c263565bd90b33b1a4c8204df0d5b6e1a38f,Zigzag,23711799,13793022,23711417,13793434,179,972,52,103,1.5689656698615762
abe1e051e0c7f19cb6d8369da322c263565bd90b33b1a4c8204df0d5b6e1a38f,Zigzag,23711799,13793022,23711433,13792705,195,243,50,114,1.535624224594329
38647061fe01ad90f2161aa0d26b71b8b159b568042ebef24a207decc6dbb17f,Zigzag,23752810,13765952,23752947,13765969,697,577,51,100,1.5689472940500546
38647061fe01ad90f2161aa0d26b71b8b159b568042ebef24a207decc6dbb17f,Zigzag,23752810,13765952,23753304,13766171,1054,779,64,105,0.0002600559411991878
1c0a37fedc67edee21401e4fb04e9b7aa8af7d808b10fdfb31756ed19f49c9dd,Zigzag,23749081,13770288,23749007,13770052,486,325,112,62,0.009570763255499383
1c0a37fedc67edee21401e4fb04e9b7aa8af7d808b10fdfb31756ed19f49c9dd,Zigzag,23749081,13770288,23749175,13770080,654,352,59,108,0.18987652808284272
1c0a37fedc67edee21401e4fb04e9b7aa8af7d808b10fdfb31756ed19f49c9dd,Zigzag,23749081,13770288,23748958,13770549,437,822,43,108,1.532851474425393
d14c609639a6a2a37b220dd776c8d1100ac92710622a59ea8d45d94c5a9af575,Zigzag,23908465,13831881,23908118,13832006,213,685,56,103,0.24942143117138146
117392cf19283f423a76ad722983291cd1eb9e39b2cac002892758abc8e60c67,Zigzag,23929902,13788695,23929989,13788981,646,846,57,108,0.06972503193125916
2008a724a7022a179c4c93a2400590ac0b26dd76d2993f31b6ff17557240d1da,Zigzag,23791956,13747504,23792334,13747739,937,795,102,67,1.5642693184372758
2e6656549d39b647e80c6e44f3d06cef66a9c0764618e7a562c6c758cf486886,Zigzag,23769587,13738811,23769773,13738463,746,212,108,60,1.5649273855426344
4e92eab084cec433330c031c57b33f5716ca259880d3982e8e28eddfee8d6f43,FCBK,23858133,13685408,23857872,13684931,299,83,44,92,1.5697381197357536
564b96abf06a7aeb89c2787f56b1635ea7ee6cd5dfe7e5b9dafdb1d2870d94d9,Zigzag,23740693,13682130,23740320,13681835,187,265,96,53,1.490924397277894
25b1416440bcbaef5d6c2bb7b37ab0afee5e65926ca672ce23db1a8ca57451a8,Zigzag,23799413,13672288,23799700,13671926,847,198,104,58,1.4987150755727574
288b8cd771c9f70a9c4a9a7f56ad6444aaf21ea567ae0b6cd4165f002951c897,Zigzag,23718323,13752933,23718722,13752968,959,595,55,103,0.046727753746313855
93ad16f7407aa9cac52614eec9f5332ad28679baba248298912e952fd67ea613,Zigzag,23937359,13791941,23937876,13791813,1077,433,57,103,0.06546417808540334
93ad16f7407aa9cac52614eec9f5332ad28679baba248298912e952fd67ea613,Zigzag,23937359,13791941,23937624,13792124,825,743,64,88,0.026647885311766286
33e0a978b7ca1db4455be69fa0b6a09f12d6ecc5ac41be933fc61c90117b21ee,Zigzag,23817122,13863082,23816761,13863062,199,540,49,97,0.028254322806653496
33e0a978b7ca1db4455be69fa0b6a09f12d6ecc5ac41be933fc61c90117b21ee,Zigzag,23817122,13863082,23817487,13863596,925,1074,52,104,1.5661797370452442
33e0a978b7ca1db4455be69fa0b6a09f12d6ecc5ac41be933fc61c90117b21ee,Zigzag,23817122,13863082,23817253,13862659,690,137,51,111,1.560713732065911
33e0a978b7ca1db4455be69fa0b6a09f12d6ecc5ac41be933fc61c90117b21ee,Zigzag,23817122,13863082,23816974,13863561,412,1039,53,92,0.003696332354380877
33e0a978b7ca1db4455be69fa0b6a09f12d6ecc5ac41be933fc61c90117b21ee,Zigzag,23817122,13863082,23816942,13862683,380,161,98,49,1.47172913108893
25aa9a87a5a9b826182724bd87de00a4a9e24dfa3ed8bba7841e43217d4a6512,Zigzag,23823647,13770288,23824082,13770082,995,354,105,63,0.00355240176125268
425e0b539cc4a19759b1aa3e45877d378b64753d9bcf6954644074a7108d37a2,Zigzag,23791024,13857709,23790703,13857437,239,288,62,108,0.045370411278916924
6c296d2172c443ebb41494a2b8ad5efc8d5151c5599bd3522fb8ac2bb4085063,FCBK,23901008,13787614,23901288,13787977,840,923,102,49,1.2598728021603636
62c3eb4ae9fdd3e2952011d97f05734d69350420eb8dbfc385ed6d6c91862595,Zigzag,23757470,13724670,23757152,13724405,242,295,103,54,1.5525657907108137
5c59fb8d46f4e43553d0a0f820cf421330aa7764a738f6bce6d6d31619d0dfd0,Zigzag,23774247,13832959,23774569,13832543,882,144,108,54,1.5671898740467112
5b02671bded30f4f49ae789681357bce5481b3238617fc8ec36ffa32fc21b55b,Zigzag,23689429,13817865,23689387,13817777,518,472,54,108,1.5701869955374863
5b02671bded30f4f49ae789681357bce5481b3238617fc8ec36ffa32fc21b55b,Zigzag,23689429,13817865,23689250,13817914,381,609,49,102,1.565832194522989
55c04f7ebbf2157e16d3182f7c9dbed97bccd79dbebf974acf05c44d57e31f74,Zigzag,23877707,13715958,23877373,13715635,226,236,54,99,1.221521817724623
6f770276d2aadbcc3024c44bb311c29f3fa6686009158b63328213c9c0d6a27f,Zigzag,23866522,13800589,23866470,13800401,508,372,102,53,0.036832845295151705
52fc29d0951c15ab2f43e1e914b5c596db3aa8c104a5f7b8387a53d7be63caf6,Zigzag,23821783,13780037,23821939,13779565,716,88,53,104,0.04758979818522649
918d799b499bec73a00000d479ff2d9ed2173e0ba93188d20ab6ec04e06e5c85,Zigzag,23778907,13778954,23778558,13779356,210,962,56,107,0.00225583918380435
942a820bb893c56217be8591b31b28a60f7baa7a3858a00419b0317a36cc80d0,FCBK,23838560,13786531,23839028,13786145,1028,173,113,62,0.8948721936951175
5daac773e7f53e163c557fb371778860fae9ae0e36ad0db48624b95afc5bbac3,Zigzag,23801277,13784367,23801628,13784161,911,354,46,101,1.5706403987130724
ce1cdce657e977a7ea5ebf42209c72da27c7f944e4f501ba4dc333ac2d55c14a,Zigzag,23789160,13667910,23789275,13668464,675,1114,89,12,0.0008828306192801618
c18ecc4499e034ea2fa96057ad5f6d839cfc2487fa64b61a2eccbe2ef3a101a9,Zigzag,23845084,13790859,23845316,13790978,792,679,102,63,1.0754909746175996
4dcbb48c3ec37d8ee921267d3e696a65eb735473100a5e1daea1b475679fc783,FCBK,23880503,13816786,23880705,13816846,762,619,109,46,1.5636342876753464
491518d52c0a6262937d2105cfc0e4511557095c66ec67ac43e93f8da05ade07,FCBK,23811530,13722493,23811396,13722707,426,774,41,85,0.6662225035647293
de296ad79ca6bc980e8a4b9e506d8dbb041fffd0ea6498aefd8c4d12285f8b8b,Zigzag,23806870,13854484,23806659,13854583,349,659,97,47,0.023241862483339266
de296ad79ca6bc980e8a4b9e506d8dbb041fffd0ea6498aefd8c4d12285f8b8b,Zigzag,23806870,13854484,23806615,13854162,306,238,51,111,1.5664465857864702
2ca8b3d54cbef014f38279b09c3ec9b87d9c0ee207aaf8bc684a4cfc3d69d4a2,Zigzag,23780772,13731199,23781284,13730830,1072,191,54,101,0.028752298560390088
547c798316352d2465ae4c8fcef75b1b57644b3bb58b32ab3955afebeb717c23,Zigzag,23773315,13636118,23773678,13636427,923,869,46,97,0.6972663731805379
fd956909125ac425bff875df9bff5e8696e10cebef64afdad1e2cc97a2ad843d,Zigzag,23908465,13746418,23908891,13746418,986,561,53,102,1.471128854579226
4f93f73b90d86762a9f03704cf157654f3eb7f05d641b13599c8c549ddd4414c,Zigzag,23821783,13778954,23821745,13779003,523,609,52,95,1.5150624904500452
253f07426dd885197315f5332efe31d18ed8d4940b5dfb39aeab02592d4ae7a6,Zigzag,23678244,13832959,23678439,13832941,754,542,54,109,1.558558169479601
f05941b0fe04c6298328cd70f5bf3712f88429c18aa9be9ea3cd877280eef691,Zigzag,23778907,13689778,23778743,13689662,395,444,53,101,0.8391207139080444
78a8d7dcbe6f71a26f28a8f1ade1e9786dcbcb44f29c9788b98ccaff8eceabb6,Zigzag,23806870,13767036,23806951,13767173,641,697,48,108,0.2721294234829169
61fddaae2bbbbc6db1ad2493a3e046ad605a7d1a01da68d1f342c4f32088b5c7,Zigzag,23792888,13678850,23792486,13678356,158,65,55,95,0.0035791790137755857
61fddaae2bbbbc6db1ad2493a3e046ad605a7d1a01da68d1f342c4f32088b5c7,Zigzag,23792888,13678850,23793054,13678589,725,299,44,94,1.5588962577799865
61fddaae2bbbbc6db1ad2493a3e046ad605a7d1a01da68d1f342c4f32088b5c7,Zigzag,23792888,13678850,23793076,13678764,747,474,97,52,1.5642300368111972
61fddaae2bbbbc6db1ad2493a3e046ad605a7d1a01da68d1f342c4f32088b5c7,FCBK,23792888,13678850,23793208,13678459,879,169,48,99,0.03485500501911772
2d59387caa23bcd08d19aaf06a1eebc352b30e819b294f264afcf23e15c293f8,Zigzag,23698750,13825415,23698444,13825652,254,797,107,48,0.0006255565793551537
3440f8cd3e61836c8d00b3bcb688eba4e6a9694431f2b2c9e2fcabfa5874ad57,Zigzag,23710867,13842651,23711228,13842813,921,722,103,50,1.5579947777509946
419af93a52c49411ff8434e98e55865e8b6c34db15edc19b0d7977d20d7d6607,Zigzag,23864658,13824337,23864674,13823833,576,56,50,92,1.567419971164894
801efcd1678886f772bcd79c9877562fb2adb76d5676429f180581640e1ef57b,Zigzag,23815258,13617435,23815050,13617902,352,1027,56,112,0.2701723329768449
801efcd1678886f772bcd79c9877562fb2adb76d5676429f180581640e1ef57b,Zigzag,23815258,13617435,23815072,13616909,374,34,54,61,0.019120208738710523
e558df4c8388c4e3732ad76b3567fb4d543f03835987406d904f8b034608cf35,Zigzag,23811530,13644899,23811024,13645395,54,1056,95,50,1.2955387875850861
e558df4c8388c4e3732ad76b3567fb4d543f03835987406d904f8b034608cf35,Zigzag,23811530,13644899,23811132,13645447,162,1108,54,107,1.0399632738324793
9f944d7eff8dbc04f230dfadf9d6694bd454f86d8d4e9558e1605cba8bde1a05,Zigzag,23815258,13609732,23815268,13609386,570,214,51,102,0.9446711089716998
174348fdc7442a4507e4ef1a5f34ed5adc3b6f7cb11dc4e4e64c91ab8aabdaa2,Zigzag,23795685,13638314,23795931,13638211,806,457,52,85,0.030568281059985297
3360bd471406a85fdab5d8ce7862c67ba56302613cac5e0464a33b47b8ab3122,Zigzag,23759334,13713779,23759070,13714305,295,1086,57,118,1.567546471316673
4b08b36793002a7e2573a2e573d37e7f0e8d22445b90565cdaf7db56fc323976,Zigzag,23837628,13717048,23837926,13717197,858,709,44,84,0.0022297219999188097
38b3ab7aaf450d51ce1dd4031153a8482c0cab4cb0d6a8655763d4795544fe66,FCBK,23749081,13643802,23748685,13643806,163,564,55,127,1.4784015480420691
66294cb8cdd4c58e529a785af978c4bdbe685a2774a196350ef757787bd9168a,Zigzag,23688497,13805991,23688237,13805785,300,354,54,107,1.4614525250745323
d997938bd8f459a7882281f32ac03ed4a2bc6cdcae3c814f3b6cf7cce7061c13,Zigzag,23835764,13652575,23835695,13652732,491,717,126,65,0.19189741794177892
d06bc927eda0aa5ff1e0f5aa700f7078803818f8043a86e1ffda3646c8ef8bd8,FCBK,23811530,13608631,23811414,13608409,444,338,60,101,0.5010044170415257
e4fc1cf7774d61d0b9c415a8c9a00dc2b5746b0217cca4b46edc7eb0ecfcdfde,Zigzag,23791956,13835113,23792404,13835510,1007,957,53,95,0.07990429524662533
65f0f079e58564101a1413d6798c37f5d3e302928c00c9ed03a5380bfb351bb9,Zigzag,23860929,13865230,23860572,13865755,202,1084,47,97,1.568410533932349
72ead5210ccb12e84710cee8a6b010eae0a7dc677ff2993a2edcc35723aa3111,Zigzag,23858133,13644899,23858414,13644888,840,549,50,106,0.11210683967369997
292f5453edc97ea15cb036e0afee08acd810362cdddc479fcc30a844d1e096b4,Zigzag,23778907,13624033,23778713,13623932,365,459,113,56,1.5694812578486155
259f8fe4a8245d7618bae74d166cf929351a8aeba72aa1920f5f681f8fafe6f1,FCBK,23775179,13690870,23775470,13690590,851,280,115,54,1.5620856595014654
811df867265bf2f420dfd61d4bbd79e5118a2fbcb583d50353d3273c4b807d8e,Zigzag,23828307,13715958,23828398,13716006,651,608,88,52,1.5644397607470408
10d4daebe78a623683268a676a4e4bceb35eab0fdfaac1e89489ab26a0751efd,FCBK,23862794,13689778,23862779,13690328,545,1110,26,52,1.5568638663940926
ec646cfb4a73386c55d6ad445714767d4241613695df68a1ce0cd1c6c8a8be75,Zigzag,23896348,13787614,23896290,13788030,502,976,49,112,0.5110450336938288
073d4fe48ad3680155a78357b890477d29666adb7a288523094a183e94c1912e,Zigzag,23810598,13650382,23810641,13650567,603,744,102,55,0.3627735067141536
18e9f14f5e90c4eca9e08bcfd2a6db7a20aa6b256c4e6d9647f50d8991bc0762,Zigzag,23778907,13763783,23779172,13764336,825,1113,39,15,0.010308491126667658
08a68ce2900e0acb1bb0c2f469c9774d3a402f2bd3465fd80f5c944f310728d3,Zigzag,23773315,13697421,23773005,13697292,250,431,97,50,0.008215100348094612
efae172df46967994a982cd662ebe8e2f6a6b6e173d65cf606adf8a059d1cf52,Zigzag,23822715,13869526,23822901,13869390,747,424,107,55,1.5687084085002745
9a08e935db968b49f1aff61ba086d54cf8ecf5c2f913d39ac0ec511cc55f6778,Zigzag,23734168,13737724,23734118,13737302,510,138,52,105,0.09693086613615387
7f6748cd258690c362bd2507209f0284e9598300f9224d8261e79d12860b5531,Zigzag,23864658,13751847,23864334,13752238,236,950,51,104,1.5683832365311758
7f6748cd258690c362bd2507209f0284e9598300f9224d8261e79d12860b5531,Zigzag,23864658,13751847,23864978,13752063,880,775,54,101,1.566406105737901
302d6b42176f74202fcc5176cd4f4a0151becfd9370799134d477b900b78cbb2,Zigzag,23846016,13829726,23845775,13829573,319,407,50,105,0.028160619067580137
c6e5e8724d37150866716961bb5f9974bde6e8589fa4e99263685bc955e14b13,Zigzag,23788228,13884547,23787798,13884358,129,371,107,61,0.8173039651000609
c6e5e8724d37150866716961bb5f9974bde6e8589fa4e99263685bc955e14b13,Zigzag,23788228,13884547,23787843,13884955,175,968,115,52,0.015940042776668238
e491a97ae99054b34e401b0c0e75cb75abc39e3aa8e639db6067e8761098fcc3,Zigzag,23748149,13796266,23748335,13796176,745,470,109,57,1.5474280203358328
8d02ad0d2d5b2fca628cc94bb72255df7a8e13dac88143cbe7d05d17257d998a,Zigzag,23751878,13671194,23751919,13671043,602,410,95,53,1.5649721266489478
16becc28151462b0837f22cf79208c2e959f2ec4bfe6b19d8183e9d258dbd6f8,Zigzag,23752810,13808151,23752766,13808498,516,907,60,102,1.0316117338120454
be29b43fe8701e932ca22885cf520e9ccb2ac86fc6816e84fb02da0f6938b593,Zigzag,23887959,13718137,23887798,13718640,399,1063,93,57,1.5590513869134834
9a0cc81b2ffee3047f1e767e9697eb41727f0b9131af2598d73ba210e09ad3a3,FCBK,23763994,13685408,23764274,13684949,840,100,119,51,0.007158574929538391
74bb09beebfea4000bdd405768178f741a2bc6df1ea16781ceb3d207a133196f,Zigzag,23708070,13794103,23707847,13794366,337,822,47,110,1.5694773962650348
c13780783137c839fe77a02229be24fc64556433a8d500bf5517b72fff493912,Zigzag,23836696,13703967,23836840,13703606,704,199,88,43,0.007522416829902857
031e92d55c4f4d4daafbb6acbba350b21502ba7258d88d49365ced91c1b15813,Zigzag,23764926,13768120,23764378,13768656,11,1096,41,20,1.5571331119802994
02a7d30ea4910a96b70330065973269f4ae4d18121f5263af191fe43fb99d8b7,Zigzag,23819918,13597615,23819792,13597571,434,516,50,101,1.569302559739471
02a7d30ea4910a96b70330065973269f4ae4d18121f5263af191fe43fb99d8b7,Zigzag,23819918,13597615,23820054,13598049,696,994,50,105,1.5696710080762837
e7f35cfdbcf19e6d9135078a70153ebdbbabe6a1ae3c1859b7d01cbc931a21f2,Zigzag,23792888,13625133,23792961,13624694,633,121,95,61,1.5705005827558434
32fabdd9256dcdc2cb140bb85b5487fd9a6740493b1d923fd9ac7627a9d4d38c,Zigzag,23770519,13810310,23770898,13810014,939,263,54,108,1.5443157171279116
8f24c895c9338231900b917b6566b9e00707a5c4b97ea2a5bd1ba2d8bb11ace1,FCBK,23812462,13686501,23812661,13686971,759,1030,41,107,0.17885623433404033
9fc5228db77fbcd08af6999df3fc695dd64ca95308347c0b3e7daa6df30f4349,Zigzag,23835764,13751847,23836020,13751882,816,595,104,58,0.012480180401734986
d22215a04fd54140067f352432c303d9fe5af4d9a5c2eaa688582fadc1de38d8,Zigzag,23878639,13786531,23878159,13786208,81,236,117,68,0.9307650804447148
119d7be0ad0656d3354e4868eb191dc803753bd234912a5f5111ba87a04158d0,Zigzag,23862794,13867378,23862618,13867542,385,724,104,53,0.010202563894309758
1a149740cc0b927d6d3b8284e9b6844b382b374b3a9e055708f270cf808fcaf4,Zigzag,23767723,13708329,23767988,13708632,825,863,114,52,1.5243836874233772
7c110f9453a8ebbeea6beb367bdef06e3db62358c9ac648644da98236cedfc32,Zigzag,23869318,13802750,23868904,13802829,146,639,111,56,0.04106195758976514
22b3a7d0831eee9c6f92ac8da92b8aab5cdac7c250b62ecade705b02ca64ef2d,Zigzag,23797549,13624033,23797455,13624084,466,610,95,54,0.06707457079062824
450356041c9ecea9ae1c690fd2fd731c6a0722e0b54be6ff2bc4f0011acaef20,FCBK,23761198,13688686,23761621,13688283,982,157,107,56,0.3606997697523362
450356041c9ecea9ae1c690fd2fd731c6a0722e0b54be6ff2bc4f0011acaef20,Zigzag,23761198,13688686,23761094,13688136,456,10,19,33,1.5595733664871392
d42d2d5b23d1832c7a6af62c0bce78e62dd94ad900d24312711c9f9009e92483,Zigzag,23840424,13858784,23840460,13858419,596,195,101,56,1.5655668105203624
2e7b3ea1c597968e10b7e810754a3d94a996afd7692e8ef6039dc8d413b7d913,Zigzag,23907533,13805991,23907336,13806155,363,724,97,47,0.0006208888954035719
abcacffc85ed9551f736ca415b5c95f6f10d18a44f2d8d0e9c09d33faad632f2,Zigzag,23887959,13759444,23888325,13758977,925,92,40,96,1.568418656573674
9ae731b279dfca65d33533e9163c6ece735f8f429242729520ac8fcefcd12049,Zigzag,23767723,13734462,23767493,13734043,331,141,59,107,0.2979416795848328
1f3b7c93c2c2fa642dee6bd905705f88b08dfa3472c4d0266b837747129a1543,FCBK,23900076,13751847,23900049,13751366,533,78,53,115,1.1341525571068294
560a8573e3861d4c57c1cf0ff8a91c6d7b107ffbf7b23b0d701dad96c405113e,Zigzag,23804073,13816786,23803990,13816776,477,550,54,113,1.5550879374211732
3c3c89b6e11301985d1395154e9c997d9652d7b600f0b7778409641a4520174d,Zigzag,23883299,13714869,23883474,13714669,735,360,51,94,1.5523581973038418
c635e042819bb5954ef45b5ece7ea9884d73e6285156948b69582df73426361e,Zigzag,23811530,13675570,23811427,13675832,457,823,102,55,0.055041535135917564
5631dfbb4b6f53dedb8792db32f457e57cd4916956205fe29128c8efafed84cd,Zigzag,23684769,13835113,23684799,13835026,590,473,54,100,0.013002563610743229
420c234ebec19506e9703d7c1348e265e2fd4b738ee7a50a7fc2ca3969de47d2,Zigzag,23737897,13786531,23737385,13786381,49,409,41,83,1.5683832365311758
77688a2cfd38e6bc4a05f9ab3476f1df33ce4591b400bed284ea8717a250bfb4,Zigzag,23795685,13672288,23795982,13672801,857,1074,93,54,1.3917682519915189
77688a2cfd38e6bc4a05f9ab3476f1df33ce4591b400bed284ea8717a250bfb4,Zigzag,23795685,13672288,23795375,13672362,251,634,94,52,1.5077346695526377
132e84280e130a6b0cbaa322fe41ec6be3c25584f4494340c8e64a8a7965182a,Zigzag,23882367,13802750,23882892,13803267,1085,1077,97,52,0.43462109884015193
db077e0fc79ca527a3b783e0f3f56b1740c645efb7f5e1b892bf2e4d4374eba6,Zigzag,23802209,13622934,23802112,13623387,463,1013,89,47,0.049299585055760195
845521b8182fa99d99cc89352378069f15012a0d46e190a5965fe843b3a3aa56,Zigzag,23884231,13828649,23884636,13829021,965,932,106,45,1.5587709560506982
e1f6720f2013d0180d2f47388a785f837181978d834f00851c6328fc542b5016,Zigzag,23908465,13800589,23908803,13800264,898,235,57,106,0.01997046244801575
739d1f1e8d61d5087dd49034e7b792d1d9bb8b571c1724aacf007920dc02fa38,Zigzag,23832035,13674476,23832135,13674334,660,418,51,109,1.3399679045767146
54b4f2c84ed652ce2829257afc6a6d808cfa51021f60df9dd8ce36c8e8a449c7,Zigzag,23737897,13848031,23738253,13848145,916,674,100,56,0.7491500109584343
ba61e2028a2f93ee29ee1a130e5480e6ecd06de857cbf7e59f998d6d557a9a89,Zigzag,23695021,13812470,23695251,13812323,790,413,106,46,0.0012977072945907103
ad1482ad597e884c0bb3ba37e5f60d4b91d78720feb4d8e5adbe250d8ba92239,Zigzag,23835764,13679944,23836217,13679483,1013,99,96,45,0.0006223979766755627
0a5493eef94642762250ed63e5d7f42810d2ff9d2a58c4fb2a068303284168cd,Zigzag,23761198,13767036,23760759,13766954,121,479,54,104,1.5129114552375884
914f7947200916e1a50dc9257d4b6cf9c221fdb942fa43042511271f646621b1,Zigzag,23782636,13630627,23782158,13630710,82,643,90,48,0.008284525628761617
8f698154e671c07cb6200789728cd9166ab22d762f956dc80c803b8d0491f1bd,Zigzag,23875843,13820023,23875336,13820381,53,918,60,112,0.5392998745685381
037322de9aaa9a501060ad7699d66cd394f889a37fb41999c98f0bf0f0dc07d9,Zigzag,23822715,13801670,23823001,13801186,846,76,57,108,1.5687578101384954
0183c7c9ed1b534a9780e738cc763980635b7610f1ad2e15fff6cfc5b96f9ee9,FCBK,23699682,13804911,23700079,13805241,958,890,121,50,0.0007047881575096818
0a2a8e5b3cb6819e66ed231c633efb597104c69bfa2ca55704a68b9b8cd5fd17,Zigzag,23711799,13794103,23711730,13794001,491,458,109,56,0.2591792866949454
e764431e350c840f9897abe55f61fe15e2eba058c01864cfec0d21ee9ddabfbe,Zigzag,23751878,13653671,23751656,13653690,339,579,53,97,2.306069085605188e-05
bdd334583945ca7dbdf9945e91a7d5588cf48ba89e5ac3ae5562f23c824715cb,Zigzag,23785432,13790859,23785482,13790849,610,550,52,117,1.569237312292764
cc3907e093900bc855aee7b0515f2cd1146600f038649b442cac505b8b469c5a,FCBK,23754674,13778954,23754701,13778926,587,531,49,113,0.9488338294925756
cc3907e093900bc855aee7b0515f2cd1146600f038649b442cac505b8b469c5a,Zigzag,23754674,13778954,23754538,13778922,424,527,63,115,0.001406240991835797
73d90a92d21580bb07136e1e4a3604d3a9e913be488d3c4c7096883e4de20f37,Zigzag,23781704,13685408,23781215,13685022,72,173,51,93,0.04359390390069833
73d90a92d21580bb07136e1e4a3604d3a9e913be488d3c4c7096883e4de20f37,Zigzag,23781704,13685408,23781302,13684979,159,131,91,47,0.005200211619718866
73d90a92d21580bb07136e1e4a3604d3a9e913be488d3c4c7096883e4de20f37,Zigzag,23781704,13685408,23781418,13685045,275,196,50,99,1.558746321810615
26a70fbccdb0f6af7e8cb227051ffc182a5d1fe08302210b2a23f2357dc8be99,Zigzag,23868386,13754019,23868121,13754254,295,795,76,207,1.5575060876909652
c24a52c2d9995f4abc92d5b0f2f58f4303b9796a68ef1519df547b27feb9e30a,FCBK,23900076,13752933,23900062,13752416,546,43,124,51,0.015500879190535766
79267417466d359bb30762bdda929fcbada16f6a7401d11caca31f6c3faec106,FCBK,23752810,13838344,23752318,13838771,68,987,57,120,1.1738377852486999
e87153ad28e5777714640b6490f2077f6f0805120eeced97ef61d122bdbc4b0c,Zigzag,23877707,13769204,23877918,13769039,771,395,55,106,1.1100015476033913
ea9db9a5dd4b5b0b61ac6c4ee7ed9e6f48a2030c5d68527e33f27887b7a6ecf6,Zigzag,23865590,13853409,23865684,13853652,655,803,68,125,1.5530050791326222
ea9db9a5dd4b5b0b61ac6c4ee7ed9e6f48a2030c5d68527e33f27887b7a6ecf6,Zigzag,23865590,13853409,23865325,13853455,295,606,100,51,1.5363898834077268
e9d7cbf031f2936ca918dcc68e9430cd0ecf742e136a7ce392e2ca925333a3cb,Zigzag,23778907,13789777,23779320,13789605,972,387,53,100,0.02387243453103738
e4f3072341bde7bdf85a883f1dfd0e620e25b2a4499f2aa925f0f46cb8c71611,FCBK,23750013,13663531,23750178,13663594,724,623,44,99,0.006955773131934255
5baa3f4e3b68ed1e7c5ca614738808f442b3ce81a767370b0bb068be6cb33251,Zigzag,23732304,13812470,23731894,13812158,150,249,60,103,0.9236061705394456
488f19c407f7fd007e3a07d91fab6e4abb9baa3f7302f3a64c19738f0c911bcd,Zigzag,23784500,13669005,23784585,13669345,646,900,102,55,1.5532586120683978
de84205e040183260a920bb011898b013f69a1ba4fa057f7a020a35cc86399e0,Zigzag,23765859,13677757,23765981,13678095,682,898,46,97,0.1758770891806232
b9699c75060dd70df607bea138f3cec1345015a5134639f3151080e2e0757bb7,Zigzag,23799413,13758359,23799509,13758683,656,884,92,49,0.011229422634590067
aaf4cfef1dc1c46d5059a7bad60336f2a5ee91278adfb28cb0268d69355c3345,Zigzag,23781704,13630627,23781286,13630363,143,296,48,101,1.485465050201286
a6bf50abca1a2dfb6b557211f8e04fae87bf8734e836f4a589869171b3f16449,Zigzag,23917786,13726847,23917816,13727197,590,910,57,108,0.12201935827757027
8ae33f478546d8befee47ccae3e3e9fcdd3ac57c07f2cb2a0eee37d1e5ca583c,Zigzag,23792888,13660246,23792780,13660235,451,550,81,89,1.4033540679977996
e1e174fb7980f7a94a3e7855cb1e1e1de6b38004a9fa4d95e26e1a8a3cc37666,Zigzag,23942019,13794103,23941897,13794575,437,1031,105,53,1.5684769798015465
10054343ebf50995e3b0c75dd40458b0e381e1aa9c403cf88fdfb92a275e9230,FCBK,23916853,13785449,23917091,13785483,798,594,131,57,1.541708748736833
be5412e9333844641b1450b844af81790b516d5865b073a319a8d390f92fc2de,Zigzag,23808734,13660246,23809113,13660766,939,1081,71,55,1.564947625566919
c7d67492411c30b67e20c22372f72d6f2ac494fddd1dbdaeb06a2d2840c71b2e,Zigzag,23851609,13762699,23851263,13762732,214,593,93,50,1.5626029785432134
70b1c1c14c6b18bd15a511cd1334dbeb1345460264752032595e8a7ff490874e,Zigzag,23787296,13746418,23787214,13746075,478,218,57,109,0.24757874007888517
10fc0016a5ae589d3b737d1775764c0baa62f76d3b3947d6afe1cb794d78f178,Zigzag,23765859,13696329,23765848,13696472,550,703,107,59,1.3469501803226844
054d4ab95eacaa267daf92f2559fce7f5ec9f9a1faae42444667b3ad65cc5d73,Zigzag,23846948,13798428,23846719,13798641,331,773,98,56,1.5402751691220433
b968d21ec18c0eb1cff1e8864c443367607f0ec3e439d66cf7f5144f062ff04c,Zigzag,23812462,13760529,23812624,13760385,723,416,112,56,0.05517180948630367
04d7834794e5cecd70a76a2d6e0ad2b66356c8a62be3c4f1b840ba9d14e8206e,Zigzag,23846016,13760529,23845789,13760461,333,491,57,113,1.2184557203616146
7bd06609d50ca14c3516a189332f29332d209578e2caa119ca93e22a123a1846,Zigzag,23769587,13829726,23769936,13829571,909,405,47,108,1.5682705848170653
d9742e89fcb56f5a0c904066b65bdf7a22c85047fb4218caf30632fb2e3f5a06,Zigzag,23917786,13732287,23917594,13732260,368,533,55,96,0.0060584605339294864
42c2008738b825d6b23e0d8f8dc90241bebbbeddd958554544cdfd6dc1f1df86,Zigzag,23901940,13820023,23901867,13819792,486,329,110,58,0.006055552382825066
0de0baec95012ee92c86343509324b564e380452b64c539145d05e4f7c779fde,Zigzag,23890756,13815707,23891148,13816040,952,892,109,54,0.8591432910896416
73cb02e026e3787cab3b2bd67d6a5a3a92ecd0c22e8b088010be3fbe70816691,Zigzag,23832035,13763783,23831825,13763769,350,546,45,71,0.7024475530812869
1188c9bfd7625fbb37881a4b6de4aa3b644d91a5cec677af3c3eca03f6eb2c7b,Zigzag,23816190,13853409,23816436,13853059,806,211,52,107,0.05037018413635044
1188c9bfd7625fbb37881a4b6de4aa3b644d91a5cec677af3c3eca03f6eb2c7b,Zigzag,23816190,13853409,23816354,13853314,723,465,55,97,0.0035278879355820155
1188c9bfd7625fbb37881a4b6de4aa3b644d91a5cec677af3c3eca03f6eb2c7b,Zigzag,23816190,13853409,23816087,13853053,457,204,55,96,0.0026302434827382877
1188c9bfd7625fbb37881a4b6de4aa3b644d91a5cec677af3c3eca03f6eb2c7b,Zigzag,23816190,13853409,23816339,13853031,709,182,96,46,1.5548470545005755
36da6e22a8c9a1b09809c6be532a001bc6c2814f2ddffb943d3a5bd95f76f498,Zigzag,23825511,13696329,23825895,13696822,945,1053,109,54,1.56901160939038
cda1211563d7ee24182c23c3ff4a41a2ae714787cff4f17ce3dc3452eedf343f,Zigzag,23771451,13733375,23771129,13733151,238,336,111,53,0.5874179024336034
4e277b9fdea71e0b4e7162cd791884892008854121248d0b5edc30eae8ac63d6,FCBK,23748149,13644899,23748093,13645386,504,1047,48,114,1.5694086867089108
39b850d9037249a5f4c2199c9749f38c01007d11f68bbba2d3a3db9094c73814,Zigzag,23793821,13670099,23794370,13669920,1110,381,40,22,1.524547205514308
e3bda5b7e24a7b6d5b3ec68766bf83a1369ce5fc146ec58c9827826fc9e8d1ab,Zigzag,23798481,13628430,23798410,13628581,490,712,49,89,1.5666086391388014
e97f4535888603e076c1928628c519ea111c0c28ece50732162c88051a1ce923,Zigzag,23734168,13826493,23734002,13826014,394,82,56,105,0.0030022090647247967
f1efd60e29357eb425148c1172545bbc704a3104270125d686187219988f6667,Zigzag,23807802,13684316,23807249,13684159,8,404,75,20,1.513001736398542
92dbebf61e535c7f9094501f7552347244acf888a9886ebc00a9193c4e230d90,FCBK,23816190,13834036,23816251,13833944,620,467,107,49,0.005999697780447158
dc3abc21159fbebf1a6c05377a29fe2e64aa42f3a1bb6367a3f9ff5491df7c5a,Zigzag,23813394,13760529,23813315,13760524,481,555,96,46,0.06967187273918767
dc3abc21159fbebf1a6c05377a29fe2e64aa42f3a1bb6367a3f9ff5491df7c5a,Zigzag,23813394,13760529,23813237,13760709,403,740,105,47,1.5689547509011068
7f898aeeb919523a4bb805a728a77a2e8823ea2efff17ac96514cca3cdffa6d9,Zigzag,23826443,13834036,23826303,13834237,420,761,109,55,1.5638642516354748
9b0acb77a9c18750ef542170bae2ca13c3954f2f4307fdac244deb2a2d9ba56b,Zigzag,23733236,13650382,23732715,13650898,39,1075,91,58,1.5496759946119687
f98ed37b4ea26d4788755ae18a1c5c798fef4383005dafa3e5fb63ea806836fc,Zigzag,23879571,13837267,23879362,13837274,352,567,58,111,1.5514145061715723
e193c4945adafbb6980c3679a655f6f1340f42d935079d47946689d6b52a237c,Zigzag,23807802,13624033,23808183,13624396,941,923,91,46,0.02406697844866767
ad829644f518d51203a5116991dd323f8725d98dddbc13e3d5dc27fa56200842,Zigzag,23790092,13640510,23790063,13639986,531,37,63,76,0.03495098908987446
c5ee2f3ed287835c0074eb9a5b380a76538bc6ef8b039a0677b95af147a6c613,Zigzag,23924310,13808151,23924856,13808112,1106,521,31,49,0.06555019402742371
41c18ed31dabb945f16ee091469ff7dc0860562e5532869f306433936780154e,Zigzag,23801277,13783285,23801509,13782873,792,149,104,62,0.1249530049882391
41c18ed31dabb945f16ee091469ff7dc0860562e5532869f306433936780154e,Zigzag,23801277,13783285,23801533,13783509,816,784,109,55,0.0002992398280955162
88d45e217b167c0e9eb4f6087e020d654ec4e969245b4a58ed474edbcf41293e,Zigzag,23896348,13755104,23896392,13755501,604,957,122,54,1.5488476183548996
7a847052fcb8e6cf8023606b874554bc61d47029cf97825ce8db91ff23a6cf15,FCBK,23829239,13767036,23829321,13767298,641,822,104,46,1.1783013763937271
adbfa2d2574c1940a9f5c7bf32824aa07d7eb04f4ef3416e9deebdcb7926da83,Zigzag,23763994,13828649,23764359,13828870,925,781,56,107,1.5366756405926925
5fb3785345d9988d0c64411ba2e9ce92ff0c586026b24fd68f61fba149857af2,Zigzag,23805005,13632824,23804789,13632594,343,330,49,81,0.0008471100608993357
a46ebb6d45930b769bebabbda6c1b98db23eaaf6c7e444ee0456493984c669e6,Zigzag,23789160,13747504,23789097,13747475,497,532,56,121,0.1479948578319296
a46ebb6d45930b769bebabbda6c1b98db23eaaf6c7e444ee0456493984c669e6,Zigzag,23789160,13747504,23789460,13747243,860,299,51,98,0.09806240167143651
a46ebb6d45930b769bebabbda6c1b98db23eaaf6c7e444ee0456493984c669e6,Zigzag,23789160,13747504,23789191,13747947,590,1003,106,59,0.05893320411447195
a46ebb6d45930b769bebabbda6c1b98db23eaaf6c7e444ee0456493984c669e6,Zigzag,23789160,13747504,23789071,13747699,471,755,109,61,0.039198951571578614
a46ebb6d45930b769bebabbda6c1b98db23eaaf6c7e444ee0456493984c669e6,Zigzag,23789160,13747504,23789245,13747834,645,890,57,105,0.03228676273535919
a46ebb6d45930b769bebabbda6c1b98db23eaaf6c7e444ee0456493984c669e6,Zigzag,23789160,13747504,23789566,13747151,966,207,56,107,1.567510518641957
a46ebb6d45930b769bebabbda6c1b98db23eaaf6c7e444ee0456493984c669e6,Zigzag,23789160,13747504,23789199,13747523,598,579,98,59,1.5640887561153685
6445ea83c3ef40996599f042a8ef11f8139c1576aad9efeafdca2cee3ab256da,Zigzag,23765859,13656959,23765526,13656750,228,351,53,92,0.0025188094366185372
6445ea83c3ef40996599f042a8ef11f8139c1576aad9efeafdca2cee3ab256da,Zigzag,23765859,13656959,23765956,13656653,658,254,54,103,1.5626193569839173
0e6015863d6f8814707dfcede74a3d537a9ee1fdf6db1b7c0c0d1e879f696b1a,Zigzag,23867454,13815707,23867507,13815641,613,493,60,111,0.022988179744752407
ae89252b5f10584b72c3d451544a8f9deefeb9371e09916d60abe013220620b0,Zigzag,23846016,13811390,23845556,13811569,100,739,91,47,1.5128580588577323
ee7441e64341dee16ef0a92c5be5fbf883a4d24cb773c187efa537d78f16ad67,Zigzag,23874910,13832959,23874875,13832868,524,469,105,56,1.5474416024573923
3a3e73969758c0d9b206cd57537d7a958f8d545d17fc8490a266911a0cb411c1,Zigzag,23747217,13696329,23746761,13695980,104,210,50,89,0.009652622169505694
44fba552a833756b50980c7865d888e8ffbdc5173f44cae9f26c5c3b8437f046,Zigzag,23862794,13684316,23862439,13684542,206,786,92,40,1.57050284644277
cb498a141c94d1c1123ae88b420aeb71297f60029bf92beca5e6a428f0008118,Zigzag,23823647,13735550,23823616,13735066,529,76,86,44,1.567014105414766
20e6a035bbdc8e51fbf8f64b6a5f9f1d0f17625531a817d42fad84f5faa47010,FCBK,23834832,13660246,23834962,13660181,691,495,102,50,0.1817712638842138
6b26c59941962a5b7854ca6734ff24509f3485e62acc33a48691e77dcfed9af2,Zigzag,23830171,13803831,23830540,13803389,929,118,104,51,0.006158029989333474
0367cfcf443d974a94ce8cc1702362073af00a95c68e91d51a2df07a5bea5d1f,Zigzag,23748149,13669005,23748504,13669462,915,1017,53,95,1.5603044042063658
0df39282f93e6110e3a6babc40471006f9b1c98865641b1576078efebef9ea69,FCBK,23785432,13825415,23785439,13825458,567,603,49,119,0.028690103345963728
cee45363c32201380f9648e416f88394ecc972e09f17da45c26941f12a9a299d,Zigzag,23808734,13851258,23808495,13851660,321,961,102,55,0.1059362122042023
33bdf7cdfbb570bf190fca1ce45b460bd548b75434411d031818370a1e95bb3c,Zigzag,23867454,13781120,23867399,13780790,505,231,46,93,0.30265853734952664
0984f72c668f1a53e6b4ef33cac0b48f32bad3fca1ede7ae5340980db5aa9906,Zigzag,23753742,13633922,23753276,13633705,94,342,53,97,1.2215576372412844
855203a592f8e02254f06884c8eafed1b9ce060d29129fe12bf5b559221eb5c6,Zigzag,23751878,13695238,23751492,13695307,174,629,52,91,0.00074872485393516
18cbe82bfdb6f4a72f7423a819987ee05d463141cd1854ccaf8f7d2979609f0d,Zigzag,23926174,13800589,23925858,13800549,244,520,103,55,1.5672027903779981
d9a1db2f224cde8673520e8900b232c978c0d341d8eeb253ea44efed9fb56100,Zigzag,23755606,13710509,23755421,13710696,375,747,112,60,1.5360964030556001
e461d0c55e818f1eda7399628e42cbf472a5a9d954b39cdbc7af7894f51bed08,FCBK,23826443,13767036,23825928,13767568,45,1092,85,49,0.02454266063124785
dd04ca7ae78a269c5d688fde96f156e9a3ba4901e331f9d8f817efcc924e1f97,Zigzag,23759334,13677757,23759153,13677698,379,502,108,59,0.34659909743918
3ab23159bbb363f8ecb6fd5a0ff824a09e44ef3f7c27bcfd5820b80315e71696,FCBK,23815258,13853409,23815511,13853330,813,482,109,50,1.311011620360392
47d9ac8b2d07508a52983646211c0963bfaf148c4570101b7c6d13949c128f2b,Zigzag,23851609,13726847,23851683,13726502,635,215,107,52,0.5672262145227862
5ac01e472dda844e2aa7aee575bb6ad93fe24fcda7bf2b5a67c28eabd9a3caa6,Zigzag,23735100,13677757,23735141,13677275,601,78,115,61,1.5367494101548875
59e90891868ded189ca251b8329d4742fe687a46ea2bab00b60b469e786ff63d,Zigzag,23788228,13760529,23788727,13760841,1059,871,111,54,0.0034113304252557644
0fc10a115040462f60b1e08384aa6a9a1e3a9757f9907a86fc909106a4de8ac5,Zigzag,23831103,13681037,23831561,13680896,1018,419,88,49,1.55812087842861
1a36c876bcd653b50374b95db330e25716a0ca77a40d7943e3ced9de659b84f9,Zigzag,23808734,13798428,23808660,13798531,486,664,102,54,1.5387413214922123
23662b895db6c994b191922d3c35e2ff7043e3c1a0624931395aac63027b0c7d,Zigzag,23777043,13784367,23777333,13783949,850,142,96,52,0.0027272774735458715
516a9ff872bffbe161e8a19e6050c4f0e22d64aa639081ad1352793b6c344719,Zigzag,23759334,13762699,23759085,13762735,311,597,49,101,1.567395869557029
48e9432933d7711b80dbf75035aa101c89636bdced9249248bf39290e41c968d,Zigzag,23763994,13836190,23763805,13836633,370,1003,54,96,0.37439381065655086
bc2ac6ba2e6c3ef868390f727f926b0375828319c3e76a87d2b2aeecd4fe6263,Zigzag,23936427,13773538,23936175,13773958,308,980,41,68,0.05749436059534019
9327ebcfbab0d36f2aab6a58becc758d18e382c5bb0c2f894784e26e118ab218,Zigzag,23883299,13717048,23882820,13717235,81,748,93,45,1.5402048616692654
12e876f364ddf73146c9b04274997cedd291fdf82bf1fcc820143c1f8eb000ac,Zigzag,23858133,13791941,23857615,13791407,42,26,90,49,0.37019823338572644
761986bb48cd5a880432a997c3d5f397b59d279275d8238fd63b05f48212958a,Zigzag,23936427,13793022,23936776,13793257,909,795,51,99,0.655687570924594
274de5647340f4ed1164c915870de6e48fbb4fdbbd0ff337d56df10d440cb854,Zigzag,23808734,13760529,23808297,13760054,124,84,61,122,1.3031343893301013
274de5647340f4ed1164c915870de6e48fbb4fdbbd0ff337d56df10d440cb854,Zigzag,23808734,13760529,23808213,13760287,40,317,55,102,0.010905871448686056
661f120e5be7a72b87aa1aa764cbda3617cec4b7a3624b86ead5a49cedb718f5,Zigzag,23783568,13790859,23783597,13790827,589,528,57,105,0.09087130080649092
0505d1328aa17099f795b67086d3f278384bf8e283b653dfb0a6513ae5b5639f,Zigzag,23681972,13801670,23681480,13802009,67,899,59,106,1.4902908312545642
5bbf033598b2861d5fcf66c97d97140a5a4617e5092bfb7caed4e93d36886695,Zigzag,23767723,13805991,23767885,13805449,722,18,125,43,0.12135829511598537
71d811e8a20934cf18e128a0d2652167bea697f7f57dc924abf30e5e87326b45,Zigzag,23787296,13685408,23786990,13685755,253,907,92,48,0.01564337807450372
a8c0125d61892a58d9f60e9647aff8dc753e77cdf4f9d829e83346e509e9eeb1,Zigzag,23940155,13793022,23940252,13793223,657,761,104,64,0.15789758931879389
de18ca900bc5302e88d1a7f7755143c39736406e9a8d52ec4b340405e16c4c2d,FCBK,23781704,13781120,23781696,13781051,552,492,101,49,1.5656479037755553
b0c16bf5a4ed564ba6c4c36a0137eac04f146fbb3f7ad2fb3f7d8cf10f8113e3,Zigzag,23789160,13679944,23789549,13679902,949,518,112,57,0.47620153228226353
4b0d314b752fee8bc76675e99c75dd305c36cb2f959d31cefef5f7530a7cadce,Zigzag,23856269,13850182,23856134,13849834,425,211,48,98,1.565569873155616
d97e639b2ade680c2818f82604bf9c34d8700a58384936682497ed93e8059741,Zigzag,23882367,13751847,23882314,13752402,507,1114,12,51,1.5518274292985892
2de1185572744b53c3e36c552a7475bd31572697bf9971d2f6ab70c6b6133943,Zigzag,23685701,13802750,23685979,13802428,838,237,51,105,1.5453265199196513
beb90c0a8908e131789e00f9bd9e1717e2371cdcd18bd06d160e486b8beb95a0,Zigzag,23845084,13813549,23844806,13813809,282,820,102,49,0.009984025519436234
4943fa16db548dfacf546c6638abaac90d4325c39c9676d70d064049ec2b12d4,Zigzag,23828307,13854484,23828241,13854433,494,509,60,106,1.5696598227997054
8c43d3e40b5c8afb3feab1d50831c82947d58177f917d9e29a6ba80cea7a7ad0,Zigzag,23930834,13781120,23930901,13780932,627,372,58,99,0.2906864964061572
0ca817f129ba0d914320d848c5abdda76bad405bc1892b44e88396cd25341512,Zigzag,23755606,13672288,23755628,13672540,583,812,46,98,1.552275772468104
6031ada6036cb6ed0c1d614d8caa18f3475c7d2bf5d50b51aa156e41c8dc9f17,Zigzag,23831103,13688686,23831290,13688657,747,531,49,95,0.32457009469231707
ae318ece467fddad1659de2badabb2ec091e63d411240ba22b6737ec80996302,Zigzag,23709934,13807071,23710302,13806831,927,319,56,105,0.0031768768020514417
1b7d7b45ba483546eca28394f411eb5eed7020dd83bf0b49d5617c7d39dc2998,Zigzag,23808734,13754019,23808213,13753585,40,127,82,66,0.048395616635624826
8935843be1061896d9fd0b84a0593c8283b675be02a59218d3bf568f51fdf69e,Zigzag,23887027,13786531,23887399,13786115,932,143,99,51,1.570751053056365
f6cfa95bd82788953511e12adc848b48d8a264204c5f4678cb71aba0994c420e,FCBK,23850677,13724670,23850935,13725142,819,1032,52,113,0.9199191571682854
25c091bf4c93c779cf48808debbbfcc97fd510706f8904e114166e2568623dd0,Zigzag,23903805,13809231,23903887,13809451,643,781,76,45,0.0035056216722297562
f2e4927bb9a4b654ae45927a89fce28a20471fd2e69fafa947867e02fb1b08db,Zigzag,23838560,13842651,23839058,13842649,1058,558,97,47,0.33572867308072185
a7d58881f563da823b2787b6d1c4447b6d6791225c18321bd7e282b089860fe1,Zigzag,23741625,13694146,23741758,13693628,693,42,54,79,0.0048753527801077366
a386860b86cd8817e32bc7264c499c2002e4d5b1190bc9ffdf43f348dc0790a0,Zigzag,23838560,13673382,23838530,13673031,531,209,99,43,1.5631742265970352
173af38dcf8ce682016046e022c81f3aee060e9bb382b15244cdc608d99dc5ee,Zigzag,23796617,13667910,23797053,13667361,996,10,22,105,1.5707641025457066
33d69d30654715704bd06bc4e1abf49b57d84031afdf74db3a5499c8379ac687,Zigzag,23818054,13853409,23817571,13853735,76,886,99,55,0.3432333944535379
3eee9a36fdc59e5950dfc16e7fb704876de22bf178d58acb22a549f792679414,Zigzag,23917786,13812470,23917231,13812916,6,1007,40,58,0.4338616984553158
ca9f4f58f98fec74f6a1983ec263d381e678e129cf5e669c50d1324e06d8ce2d,FCBK,23838560,13815707,23838425,13815687,425,540,111,48,1.5668287494028965
84d2c05ec697e39c4bdd8cfee7265e7ee1bfc48ac5d5a8f694930ecc6de5e77b,Zigzag,23871182,13755104,23871347,13754925,725,381,50,103,1.570622821849878
84d2c05ec697e39c4bdd8cfee7265e7ee1bfc48ac5d5a8f694930ecc6de5e77b,Zigzag,23871182,13755104,23871233,13754791,611,247,104,54,0.0015753116696097475
8cfc760fe3a2adf62f6836515c4a521720d6c432c4d1144c6dc863f7635ca588,Zigzag,23877707,13831881,23878037,13832266,890,944,48,102,1.55572496555392
fb4f35b2e530cd79d94b42e7ccbc93db12339106e44f60afd751aa5c7abb3f84,Zigzag,23766791,13773538,23766416,13773329,186,351,48,93,1.5266950449334569
427badf560e7080706e45f091ab6a1e25ea8777b8f85861e65636c660141d310,Zigzag,23871182,13754019,23871400,13754107,778,648,118,54,0.02215098176657237
70abbc8c1a05bec363b879fcd0e61a9b8ca3ecaecd1fb409204a66de09ca95f3,Zigzag,23806870,13632824,23806554,13632587,244,323,89,49,1.5706702261172814
12aeb43552382966f00f727ce6a0d9401dbe07d0325caad97f4acff6ff113a48,Zigzag,23859997,13721404,23859815,13721098,377,254,44,94,1.5460459728881362
e530f0280bb9ba4be9f6c03f6a1e5db2dc27bc32f13891ba45d19cf3ee4c9332,Zigzag,23759334,13688686,23759649,13688972,875,846,84,43,0.002855815047588276
b4998fdf314f4249908deadf14f105cc7025f27d5938b473304db1fc0188e613,Zigzag,23786364,13827571,23786273,13827705,469,694,98,48,1.5358355464268267
cbc5de4506e8ccde3e2dca9205d85a53d703289521c89d1bd78274a01045e9ed,Zigzag,23834832,13640510,23834839,13640876,568,926,50,98,0.0081384897339709
03b0ee111a6f0d4e33124f9295d7eef52e40b69014e50e19935acc368af3204b,FCBK,23885163,13705058,23885075,13704935,471,437,86,46,1.2384015985038177
9b8074cc3cef374a998fbd64695b3c2241731ed9ae11b154206eb3e05c749ab5,Zigzag,23844152,13755104,23844371,13754781,778,237,107,52,1.567531158140405
3d59488033cc93edbaa67365870c5003f27709142fd57209c047ff33561eda0c,FCBK,23815258,13862008,23815458,13862054,760,606,55,112,1.5545658246894631
b6fbfbde50ab6bb04ca326d861bacf5e570daee9c736ad633582b6825e93886d,Zigzag,23845084,13786531,23844895,13786079,371,107,103,62,0.15255395659154988
4aa16e52715742cae253d531a8300b62e75f0b3e5a34522ee879d23991a56a5f,FCBK,23839492,13797347,23839616,13797351,684,565,53,116,0.000720924469016905
38a24986dd3c87bf365e9458e5f2d0c7162883f27133e77094ebdae53f757428,Zigzag,23911261,13780037,23911683,13780411,982,934,106,55,0.00030520102421278597
22b7c696ddf9b620a26330404616ccb24e03eb49b0e027d15063662e2197fa08,Zigzag,23734168,13655863,23734200,13656094,592,791,92,53,1.527543528056756
066a9fbfac658e207a56c5ca51ac109d0c168be26652fa708adc93761fe64943,Zigzag,23759334,13836190,23759205,13835857,431,227,108,58,0.6485519636788629
066a9fbfac658e207a56c5ca51ac109d0c168be26652fa708adc93761fe64943,FCBK,23759334,13836190,23759321,13836111,547,480,52,139,0.7052054561271458
0b9d277a47697cd140a0a9bfb791861758e3f11c2af49b1e4e44a1f1b8170d75,Zigzag,23879571,13752933,23880125,13752920,1114,547,10,66,0.021351831621872243
059fb4a4efcec65be04635e0e5d45d302ab6c2bc1c4be8b0a2d6ad4969e70501,Zigzag,23885163,13755104,23885690,13754983,1087,439,56,119,0.0011233416335927886
df721f4d216d2cefecdea2afac9539b9f78dd87c4f770a48b0e9df176a7e0104,Zigzag,23842288,13755104,23842496,13755227,768,683,114,49,0.004407874902190407
10ddc187593f0d56cce76edb58e36af99ccb152649f47e4dfbe70a236ccfec04,Zigzag,23811530,13832959,23811614,13833261,645,862,56,107,1.4542281679854743
e3786db8348f8aa114facae32a802968e6b2d4ad6a41b154117cd43d1f9b00d0,Zigzag,23760266,13764867,23760722,13764527,1016,220,105,50,0.005874449106321272
e3786db8348f8aa114facae32a802968e6b2d4ad6a41b154117cd43d1f9b00d0,Zigzag,23760266,13764867,23760820,13764745,1114,438,22,53,0.2689011895437933
6e8f76f587ce9ee1479f60322d5e0d890ae6da423f26b3585f9f7fad9c5bcd58,Zigzag,23857201,13724670,23857069,13724516,428,406,96,52,1.5471811453027824
c5c04feddcf02f98c60b0e190c516c290e888ec28ee4cca67450b38203c6cd73,Zigzag,23851609,13854484,23851651,13854980,602,1056,105,57,1.5656640159001503
b88091bdac87052aafd744a5a403cfd89235ecfb7bd8d010f1b64e1498f200ad,Zigzag,23764926,13829726,23764603,13829313,237,147,112,52,0.03673976781505343
41a4e2618f5e34484f1c31053b85354bd948b4caf2f6f705f362f80b79c84794,Zigzag,23781704,13841574,23781915,13841085,772,71,52,106,0.7510248763658501
41a4e2618f5e34484f1c31053b85354bd948b4caf2f6f705f362f80b79c84794,Zigzag,23781704,13841574,23781545,13841301,401,286,106,60,0.785770340159787
6083e3deb0c8cb94b5dd7e66beb08dd67d4f80b75a2b3b15819f1b4ae1da6602,Zigzag,23763062,13653671,23762833,13653866,330,755,54,102,0.15461054945384994
ae56fdff9bb32dc019172860e6ce0d711b2461ce1bba204fe328a63ae1583f96,FCBK,23757470,13708329,23757324,13708315,415,546,44,100,1.5689888393630598
f2b88536788515c99be6f9278eaf2d6ccca8e03b26595696c6f19aa5466c98b9,Zigzag,23755606,13796266,23755517,13796299,471,594,112,68,0.7907230874180345
6ed297405b779a0e5d00ef4e7428857e4dc21b9a117c0b41f1caea22a3f1de3d,FCBK,23796617,13793022,23796305,13793290,248,828,117,54,1.5670963970924494
f8703cb8f2044831dceaf78f917574912c6e878a951d9dfc6282310e8047c9f2,FCBK,23830171,13818944,23829667,13818934,55,550,117,55,1.5706435945063806
8bec367ae4dc3c08bdcfe25b0cd0eab9b80c7ff29dedf13aca72647b94f9a9dc,Zigzag,23842288,13810310,23842342,13810411,614,660,50,101,1.5649255213298714
30d14778c4218e839e62e909642993d50cb09bc8b55ab3990f308643b824b799,Zigzag,23830171,13780037,23830317,13779551,706,74,108,55,0.9422963682276763
c44f75627bdd2a6e84782faada51223e23cdcd85123fa4d8ff930e3f481a527d,Zigzag,23925242,13751847,23925475,13751372,793,85,124,61,1.5528779131905708
fee0ecc3f09bf6c89f7c9385f8a63bfc6b9bca2f1d8c2dd826825b56f66b7069,Zigzag,23749081,13673382,23749195,13673464,673,642,51,95,1.5551115063968204
fee0ecc3f09bf6c89f7c9385f8a63bfc6b9bca2f1d8c2dd826825b56f66b7069,Zigzag,23749081,13673382,23748790,13673670,269,848,55,102,1.569654496477525
a593825065dab80544aefcbbe3f3ccf2cae8ea1d7f7b36c96e811f9c0c8b9f35,Zigzag,23828307,13805991,23828598,13806301,851,870,105,48,1.4897218468876687
e62134370692d27abe14954d0db24fe95df6d24ae2cd31e9540ddd9f1dc64379,Zigzag,23687565,13783285,23687889,13783416,884,692,53,110,1.5581859927172623
e2c57635cf71106addc79c25c0ee61d9c02d782502064a833b5fe3ba15691a8c,Zigzag,23793821,13791941,23793383,13791831,123,451,50,96,0.028102270872572187
b98935916a284d9e8ee2b9e804071dd3a257afb984f175b5ac6cf1586c6068c8,Zigzag,23726712,13809231,23726661,13809065,509,394,102,52,1.5591038511869582
05129fd1f1783d201c272f15e428b7fb6f1ec2ff852f45349410c18ec4eab865,Zigzag,23839492,13752933,23839449,13753268,517,895,57,103,0.013330312396256016
e0e1fcae07fe0c56b30f227c8918cbe208f1f7857632d7296324cbfccaec98d6,Zigzag,23857201,13691962,23857113,13691461,472,59,108,52,0.017499847904749243
d84bb278e0e7d57195efb3c89c0dadc35a87ec7fee28cbba2f58fc5ca5d1d117,Zigzag,23924310,13809231,23924174,13808935,424,264,104,56,1.5620989753069157
ac120e9efb156168e7ef342bf241eedff97485e413353bfcc51af645719b2230,Zigzag,23794753,13622934,23795137,13623147,944,773,90,54,0.8893519268085739
85a9565b5b9c0b8d897423bdf4cdb8f69a48ece3bace28c7e26f0d25f4fc0d5b,Zigzag,23774247,13732287,23774448,13731881,761,154,108,53,0.012460202532370186
5f93e18a7f4521800301924d2452cfb449d404e06f2add4efde0440f39372190,Zigzag,23917786,13743158,23917832,13743337,607,739,59,131,1.524127890800675
d19def22c2b2e6d18e0447c0f4b0ecdd5512951bc16cb97c5c82d6f21b093b5e,Zigzag,23683837,13814628,23684253,13814510,976,442,124,56,1.5441170453105917
ed4bf67de321506436aa3865a14e5f4e51e9cc8598f47914d0d6d1acff6d621b,Zigzag,23776111,13643802,23776205,13643568,654,326,88,44,1.5658973088116412
cb1cc11b38cac47f0a435af285e483689fcb4e4c03b218ba4c456d3995b19894,Zigzag,23741625,13700695,23741464,13700333,399,199,106,53,1.5385937823678217
e6012bb6b8eb324b3c889a453bdc9a48bc09d224a65d2bd4531093785533c0f8,Zigzag,23851609,13670099,23851542,13670653,493,1113,32,16,0.03934884176786884
12f88134e2542d64172de7ef5fc7a4fe956301608014adad6d25a72978d8f0ba,Zigzag,23827375,13800589,23827428,13800370,613,341,102,46,0.04141741469388506
e47e207ebce9cc130c25c2b7009c49dc1a6e835bc034a4b97a01e8d5be9233c4,Zigzag,23737897,13816786,23737994,13817181,658,955,51,94,0.048997803131172975
844d3773a03dee10a8d66a6a0cad354f244ceb35b02174c9005f28598b78bfbe,Zigzag,23879571,13825415,23879351,13825049,340,194,57,106,0.2283884007379377
aa3393c85330a8e96edeeb3e6b572e84e3133b43798322a73e425dada563ac69,FCBK,23909397,13762699,23909078,13762858,241,719,111,45,0.007651651403136806
a96b4cea45bf4447ca212bba3abec45eb2caa53e72fadda40a91cfd2ba589086,Zigzag,23793821,13631726,23793915,13631481,655,315,55,100,1.2979028756847495
33c476fa71ec8c2094968f273ea8fd7f151fcff8d6b42d4b439d86d5d14b9448,Zigzag,23804073,13828649,23804431,13828178,917,90,59,130,1.5502479084560632
7968b0e9b5372cf1655235169193b099aa2ae4f5ca0d382bbfd06e40286cf413,Zigzag,23813394,13626232,23813475,13626610,641,938,111,57,0.022131846538021232
1d1ea61adfaeb52787d11dbada390c4c0293654c280aeb859f97c59cd1305485,Zigzag,23790092,13679944,23790633,13680250,1101,867,46,126,0.09115655032637363
bbd847215491cc5813d03885ea8221800f9eb6209da59bcb385fb7529d4a9090,Zigzag,23690361,13782202,23690233,13781692,432,50,46,100,1.5666272812664321
ac76e1003ff60e23188ad386c1349d9014d7bfe172aff51f213fa3c7c5a54a6c,FCBK,23893552,13749676,23893904,13749889,912,773,63,125,0.00254251547143512
c3a884bdc3d5a884437eb02c72b7fcdeed2df1a74ec80d1f2cbeb24cee5d2fc8,FCBK,23795685,13630627,23795867,13630226,742,159,89,45,1.5695996353590695
8f336e9b2927b07fec2bab0ee5e8b0f3a162713bb643df26eb4dc990beaf6729,FCBK,23720187,13795185,23720220,13795440,593,815,50,104,1.5705924618134508
675f45c85c080afb574571db34a6c536405a40b501a7a26947e99b6f8c7c228b,Zigzag,23861861,13727935,23862225,13728309,924,934,94,50,0.0056638289543528815
1dcd6984cb6059314a37b631ade96b809e5a4751229f48ba92df8bf84351881a,Zigzag,23751878,13839421,23752286,13839047,968,186,106,57,0.314601749574096
4bcddf031e4b6ade37169ed9111e37792e86d209a011e74cda63a962edadfb36,Zigzag,23793821,13814628,23793695,13815085,435,1017,58,109,0.012401048106954103
97a8e25c4744c7abbaf2df38bb9488cae77d4c4ddd46408be6453f00efe6c856,Zigzag,23776111,13653671,23776179,13653680,627,569,110,54,1.2447210134544666
97a8e25c4744c7abbaf2df38bb9488cae77d4c4ddd46408be6453f00efe6c856,Zigzag,23776111,13653671,23775604,13653538,52,427,58,99,1.5465839314283323
570ecbeed21140d5088ce8e8e2aef487dca852dbe26e3547c479fd040aa00c7b,Zigzag,23751878,13815707,23751578,13816011,261,864,61,117,1.549571199223074
37e789551fe79212ad67a1f5132c04199653b7347b60244ccf312b426676f8ee,FCBK,23767723,13640510,23768064,13640089,901,140,98,48,1.5677559289364076
e27ce0a89ab4f63cc573116fa52a4aed946cee3a987a4971f5bed1864c8c70ad,FCBK,23826443,13611934,23826154,13611956,271,582,111,58,1.567451662781866
