ENC_ID,class,tile_pixel_xc,tile_pixel_yc,bbox_pixel_xc,bbox_pixel_yc,bbox_local_xc,bbox_local_yc,bbox_width,bbox_height,bbox_rotation
88ee186998e042ce86bab2878777fdf089c17c8240d6683dc6f2a8cd5af6f031,Zigzag,25030674,14649186,25031092,14649205,978,579,46,90,0.3339442219923142
d52e46c574a840bb811d677e973f65b7b0a2817bed1e2964112a4d1beda9d2a8,Zigzag,24952381,14499332,24952888,14499107,1067,335,65,36,0.1367473298631162
2cc67e00584c3b8dd35f93ddd2f30322edd80f387e74761941f7e70631b6dfd4,Zigzag,24970090,14517646,24970554,14517642,1024,555,66,33,0.18155651323181254
fed3bb40e8dc41388b7a81d7b90657a2e61e9b5d55ea70a705a503c88091e1e3,Zigzag,25068889,14620960,25069407,14621256,1078,856,48,95,1.2398303844286451
42a959c17380a1e489101c134fc990ab73d5a0fec41f0521176d0136d0210bd3,Zigzag,25031606,14611875,25031506,14611572,459,257,38,74,1.5697944455928088
8372efe20c7c694bf2a7d2f26d30d2fe758ad34993c73e3780dc20c3b72ae5c2,Zigzag,24991527,14363210,24991977,14363199,1010,548,72,39,0.47619237766601635
91b0d8648b124c5df295ec37d43ad04833a1b167d8ad3e1b0b65aec5ef89631a,Zigzag,25035335,14659253,25035163,14659587,389,894,41,87,0.30748894564519874
91b0d8648b124c5df295ec37d43ad04833a1b167d8ad3e1b0b65aec5ef89631a,Zigzag,25035335,14659253,25035175,14659209,400,516,68,32,1.5515974653384608
7231e1fb233dad761904da6431c04e095033a12b99f177ffd638c6abf0530d56,FCBK,24903913,14495259,24903685,14495424,332,725,38,87,0.3457973860825253
0a48f5109c9f5c6701f8c8084ee23f83fa4467d347b3a8d3a1673a1457857ae6,Zigzag,24881543,14647172,24881925,14646714,942,103,35,71,0.1381096532739894
0a05fb712d960a1b9fca4df8c1399c88e4b2eb3482ac8c92b2d5e5c164cda1af,Zigzag,24977546,14251587,24977371,14252012,384,985,39,88,0.4301762164017825
ad587f539ff5dc3a7742ae1a1bbebcc2448caf14e30142a3691a1452259b4b0c,Zigzag,24983139,14644150,24983320,14643713,741,123,45,83,0.8646851295810147
ad587f539ff5dc3a7742ae1a1bbebcc2448caf14e30142a3691a1452259b4b0c,Zigzag,24983139,14644150,24983602,14643791,1024,202,79,45,0.8671520822777825
ad587f539ff5dc3a7742ae1a1bbebcc2448caf14e30142a3691a1452259b4b0c,Zigzag,24983139,14644150,24983100,14643604,521,14,72,46,0.7746146246695539
a1839e91aa76e2677e47071cc8a497b07357aaa7865278b1bff90c2df0602cc9,Zigzag,25045587,14447304,25045123,14447590,96,846,37,78,1.2526741445758247
39262f97d3c9d2c9d1e1e5ad2edd574b2dc306bd9b165708a914e90acf114fd1,FCBK,25033470,14646164,25033577,14645909,666,305,43,89,0.09777135145380446
8e2bcbf9c290066de331dec4c64700db8b7ca71ed138c9a5f205e6f49c98bfdd,Zigzag,25014829,14519680,25014648,14519331,379,211,77,37,1.2774990669931074
e21dae22b099f1a2d0c63de5b6ec094b226f567420e1b9b6fede3190d2a1dbb4,FCBK,25033470,14664283,25033948,14663919,1038,195,37,80,0.08737898115577232
5d5c6f17ecef29c00927fe130bf7c34ba430fa15f3486962805b3ef0ea3650e7,Zigzag,25029742,14502386,25029323,14502326,141,500,34,80,0.1591144375551215
491b8305bdc522e803496238cd230eb3a401b17c724318de939eb30e9b6de21e,Zigzag,25029742,14646164,25029610,14645629,428,25,76,45,0.27567648773879344
0dec766a1a0aa6d2ab22f46872a011d76a5a71d17d0c0b6f43179937e497c36a,Zigzag,24990595,14361152,24990847,14361111,811,519,33,73,0.07596583785666962
0db4598913d1b725a442386ebc1d4e4bac99b31b8f64e973d410834fd359044e,Zigzag,24814435,14565349,24814041,14565173,167,385,30,67,0.1277440810344262
4392f7c41fb8af16255ae19b5dde557f11c95d25c09dbf5a46d24b80c968d860,Zigzag,24992459,14638104,24992799,14638239,899,695,80,43,1.549835651119319
f1c61efe0ebd5fe4bfe95e9900acba93457560d60763181cd03fc20315788e86,Zigzag,24972886,14506457,24972972,14506926,646,1029,71,37,0.22412462989845042
f78c23dfad030acaf85ffc1efb1b6ece119cbaa269989b03ceaa6e784d453356,Zigzag,25028810,14507475,25029325,14507621,1075,707,39,85,0.11214932541546513
5837667967e5bad69035ed8f31ad12380d2dd7cda0d126696f8311e1f34ad1f7,FCBK,24838668,14594699,24838347,14594657,239,518,98,51,0.07218173561901922
a610e4a99eb5a8dd617cd2ffdc86d733337a379cd2aaeab48662ab5110714794,FCBK,24954245,14465690,24954185,14465464,501,333,35,77,1.3355791482583186
0317251ba65651b10871a458c160360a77548ba9d7b2bdc4f39e41234b974089,Zigzag,25028810,14655227,25028817,14655687,567,1020,35,77,0.3409079221896807
ca89de0c49c38bf699cd620705bf35a422e9084ade4f2150ecf974efa3dfd3ae,Zigzag,25030674,14602785,25030320,14602540,206,316,34,68,0.12218791140743707
4a8dbb9fd1fc4a699dec5cfc5c7b5c3eacc4299f70590268041d742547e26be0,Zigzag,25039995,14479973,25039899,14480403,464,990,73,39,0.4193582230272852
aa542b5b2f00a222e1d5c63b640ca9163fe0051541dee925d8b7a78b164c7eaa,Zigzag,25030674,14562309,25031042,14562761,928,1012,65,38,0.7689529439291273
025458de01721d4f07bdc51362e5729458c8b438817da3b1e0511c1fc10c4d29,Zigzag,25005508,14490166,25005830,14489800,882,195,67,34,0.019380586830725414
8ff80e951f8a78bc6fcc16838bccdc8aa2e89c27096767b302995c4f9581cd1f,Zigzag,25023218,14476914,25023046,14476929,389,575,46,76,1.541422325761595
8a4e689eed3324ce8aee029054b496d355aa6a718bf72611c34d648d0e9344ff,Zigzag,24999916,14479973,24999643,14479834,287,421,72,35,0.4041345955509835
5688333c92869aebb8bb0133f43b662141c27b31350f1a608fa7f2f78b792431,Zigzag,25007373,14589643,25007005,14590049,192,966,67,29,0.42458407745532045
221a1670552f0b31352cbd8bf11e4e3d6fd09b9d619719b7d07110d4f586a528,FCBK,24890864,14510527,24891200,14510611,896,644,76,43,0.45424310330428763
a5bf65e96e2f8bc6b31450ff8b57e25fcb40718c6ce65a16395f33f85bda4af9,Zigzag,25003644,14526794,25003615,14526820,531,586,33,70,0.3678700646712655
25aa81155c550ec4f07d78f3d6c03c976839e20308fec94eb2e166cf81763299,Zigzag,24899253,14505440,24899451,14505162,759,282,39,92,1.1800536032329445
25aa81155c550ec4f07d78f3d6c03c976839e20308fec94eb2e166cf81763299,Zigzag,24899253,14505440,24898857,14505090,164,210,86,40,0.4999984412292619
0be2ff3f4f4af66c3f78975dd1c50da410787b0ea21a8e4ae1efabd1305cc319,FCBK,25002712,14488128,25002982,14488223,830,656,35,69,0.07015217384178345
c84749d2dd186c34c0029148abc2443a358ec3325e8a0a3487eabbeda96872b3,Zigzag,25030674,14556227,25030607,14556044,493,376,71,30,0.787977701229299
7ea36650f1cd0afa00368e7ea1f7ed39a3b1d96095222fd6f093382e836021b0,FCBK,24989663,14515613,24989569,14515575,466,522,61,29,1.5659503057173338
590144955bfb15a1f16b169752c3b1963e1f2ff6ff73ac554853392d24c9bd62,Zigzag,25044655,14653213,25044917,14653051,821,398,40,79,0.40463363864975077
100e8fd043811e350f70c877f0645573a3c3c680848fe804316768dfb29ff1f2,Zigzag,24969158,14545070,24969156,14545335,559,825,28,68,1.1113452455313908
d51e798b1fe50673865e14f500a2177f073bd63b49ccd13a281ecec87cbbff0f,FCBK,24989663,14655227,24990035,14655481,931,814,76,32,0.0827372078890619
76c002796889fbe124e71917c9cda1906867c38fd63d304f842aa98ef4b24ac0,FCBK,24995256,14660259,24995275,14660630,579,931,43,94,0.8734445327223944
76c002796889fbe124e71917c9cda1906867c38fd63d304f842aa98ef4b24ac0,Zigzag,24995256,14660259,24994921,14660041,226,342,96,48,1.201088181628772
76c002796889fbe124e71917c9cda1906867c38fd63d304f842aa98ef4b24ac0,Zigzag,24995256,14660259,24994952,14660314,256,615,100,61,1.0559047563806119
11cddb8ecdcca454c6803232ef9fffc1660f8a3c2ca0f12cbfeacb858b2c47b4,Zigzag,25000848,14462628,25001210,14462317,922,249,43,78,0.43613310854904447
040f0b7843c0352046cb1547fd1329e764df848f6f61c8e52634f179ddc313d4,Zigzag,24975682,14319921,24975297,14320445,175,1084,87,40,0.19345791382726765
97df5064844ecc8e187221aa47aee216f0e862a5d71cd3a2f1d43ba4e86bda40,Zigzag,24953313,14551157,24953549,14551612,797,1015,72,38,0.007882081936604562
731aae4418776a136baf9cf487cba903caa38e2c652cd964f25ef03773521b03,Zigzag,24977546,14663277,24977739,14663299,753,581,89,50,0.4309892794825837
731aae4418776a136baf9cf487cba903caa38e2c652cd964f25ef03773521b03,Zigzag,24977546,14663277,24977405,14663448,419,731,84,43,0.12540934596340259
731aae4418776a136baf9cf487cba903caa38e2c652cd964f25ef03773521b03,Zigzag,24977546,14663277,24977752,14663504,765,787,59,83,0.11983395996467283
2c4e0cebd8f015b45710a94c6f9977b4b3f8106fa5be11f1d5707caec37b41d4,Zigzag,25041859,14611875,25041907,14612274,608,958,36,87,0.13316378862268397
9f1d9859ff2fb799fb1fa7dfb9784e9a8027b6ab8a6486ee110994e9fc0ae0b8,Zigzag,25006440,14455479,25006906,14455093,1026,174,39,75,0.01296682835816303
2a9a31369e899e65d17072a9412f9d934c898f0d0c719bcd6f92b833c353e118,Zigzag,25029742,14495259,25029514,14495615,332,916,33,71,0.21772380544222902
66590b73612900992d98a38950653b16f2ab5d31e8dcc319c273f53114ad6f8a,Zigzag,24997120,14477934,24997476,14477900,917,526,36,67,0.010760226705680446
66590b73612900992d98a38950653b16f2ab5d31e8dcc319c273f53114ad6f8a,Zigzag,24997120,14477934,24997627,14477728,1067,354,41,74,1.549534980232249
cb22101326750fd8f913103fd74e8ee02da1fbc40658ad03ac1fb02c5a4473e6,Zigzag,25037199,14446282,25036727,14446301,89,579,42,68,1.551603324292859
28b3c6a6624abba58fe3cb9801620a8e017e5dfcbb0d380c97053cf071ac1ab0,Zigzag,25002712,14479973,25002506,14479747,354,334,42,79,0.009907320238258148
dbdca2e83caa5b85569a813523928d7d31f67b6cd2f3bb9488f8031507fd4adc,Zigzag,24976614,14336430,24976669,14336225,615,355,41,83,0.04727783383065893
4f866473fd77c6a017f2c892028592810cab6f4f0c2cf6d9e3dc36910a304ad1,Zigzag,25014829,14539996,25014982,14540246,713,810,32,67,1.5678508706292689
6278607bfb82000399bd53b5fb97b4e7d70754cd8716bf49f630d7ca7f941f63,Zigzag,25044655,14451392,25044482,14451691,387,859,76,36,1.3483350240895255
081eea7b610388e93732fb863a972f47092ab7e96c71280c9b2b953a853666c5,Zigzag,25034402,14653213,25034122,14652964,280,310,82,42,0.11026525545753177
b756a81d717e3420294dd7641a8db098e51bcfd5f6c245ee300f5a827eb6b075,Zigzag,25006440,14470793,25005961,14470730,80,497,42,76,0.2351304593535823
6393557b447a846c2133acb77627fb6d8565a6f9346b7cb5c3fc37108ccad067,FCBK,24887136,14608846,24887610,14609203,1035,917,81,38,0.49547562803949396
6393557b447a846c2133acb77627fb6d8565a6f9346b7cb5c3fc37108ccad067,FCBK,24887136,14608846,24887025,14609133,449,847,34,83,1.1890593487751566
3faca878d4958d746f92ae0c58c8c4031ebd41ae877cbf239984f4e29522f85f,Zigzag,24975682,14644150,24975729,14644592,607,1002,71,35,0.15186035293039554
3faca878d4958d746f92ae0c58c8c4031ebd41ae877cbf239984f4e29522f85f,Zigzag,24975682,14644150,24975738,14644286,616,696,31,68,1.5683921581208276
2b8131ca121676a7cd93165aa7b9b15d5954a141e3683524f404f1d4eab6f239,Zigzag,24953313,14477934,24952937,14478091,184,717,38,84,0.057425821647973475
6e893abbf3389a927f66dcb45eeaa3f24531f35075d874aff1512d96931bd5d9,FCBK,25064229,14623987,25064226,14623950,558,523,113,41,1.5668051804272491
c020ab5fc7c4e2219f6d12f636c12e7b294db6989880fb4f9e278be506397461,Zigzag,25030674,14474874,25030538,14474357,424,43,68,33,0.04470169152919803
c020ab5fc7c4e2219f6d12f636c12e7b294db6989880fb4f9e278be506397461,Zigzag,25030674,14474874,25030900,14474493,786,179,40,78,0.4645547631765336
7175430c24a0a644a1bdd592a2a2cd204d114a409156c72167edbb280401759f,Zigzag,25012965,14521713,25012979,14521254,574,101,63,32,1.5433322117373454
2465a28d8d530cf67c39e1ca606d8e15b5858696c79b1a74adbdfbe1b9f2aeaf,FCBK,25034402,14612885,25034104,14612498,262,173,68,33,1.567746474714538
5912d03ff03aa65c7a9c65ae75b5f0d32b99fecbf4a64c49269be55ee0f7b684,Zigzag,25020421,14469773,25020132,14469497,271,284,37,79,1.4773522625725777
9783ddf8b93f7d804dd59ec4bfec99fe043432af3c310ca8cc6bbb4f5ed33b63,Zigzag,24995256,14654220,24995361,14654543,666,882,35,73,1.5370085357289522
43af2805b3f2995c0e867ac3349fe91d52e43dde86b0e76d954ba05e09ad8a14,FCBK,25017625,14575477,25017440,14575431,374,514,32,68,0.14045759595954416
43af2805b3f2995c0e867ac3349fe91d52e43dde86b0e76d954ba05e09ad8a14,FCBK,25017625,14575477,25017387,14575795,322,878,69,33,1.5531743230198967
93ad0fd460f7aaf8db4ee25f112b0692c67ef85079cf893b39ce7f663c0e2df1,Zigzag,24862902,14549129,24862375,14549018,33,450,67,36,0.2316864261423782
3b82eb3ce744fa2039cee350b4c6543609c248c52c0e8455b33836fd33e1b55b,Zigzag,24974750,14279588,24974392,14279362,202,334,45,95,0.2703211703922667
3b6bc93f7ccb5d87dcae59ce28c3e7ccaa486133efae8f93e527c35606f4d1de,Zigzag,24991527,14359094,24991477,14359162,509,628,37,78,0.09352451665437439
02c5a4b5a5d8550b09834bc5f3ecef502a779419a6842af12377476c13a1b8de,Zigzag,25022286,14460586,25022368,14460177,643,151,79,43,0.13367962628107552
02c5a4b5a5d8550b09834bc5f3ecef502a779419a6842af12377476c13a1b8de,Zigzag,25022286,14460586,25022362,14460444,636,419,33,75,0.03147930477641477
e7cfcdaed95c66bdef91a77019c9e42dbab485f0fb612f16047e53f37431a4a9,FCBK,24838668,14558255,24838679,14558478,570,783,35,70,0.6291907159749596
e362398cb912632a79d9a00e81ff968479961633a2c74527ed744cc90056e54a,Zigzag,24878747,14563322,24879080,14563639,893,877,82,40,0.6911624745411035
754dba25229252e404624281c44d4aa7a23d4674685b7000054128a38d6cee3d,FCBK,25034402,14664283,25033864,14664270,22,546,33,67,0.23630657786998854
ac6ce480326d671b928a91d14505444915f301646a6f972d7f5b8d1616fdd3df,Zigzag,25013897,14460586,25013956,14460736,619,711,80,40,0.38378601416244695
a24ddfdbf5162aa7cc08dd85fa1d5940c6d21196fa98ac1152195095aed6f8d0,Zigzag,25049316,14345706,25049460,14345561,705,415,69,36,0.8914401779983323
249216b215fda54f0f442f5c3e9512885cfa636a0e01571514fa0dc08eac054b,Zigzag,24999916,14428891,24999664,14428667,308,336,37,73,0.6449297317012189
96724000429132b495a5f634fe4eb21520b76bb8748290065ddf9b6b69b047cd,Zigzag,25053976,14623987,25053738,14624101,322,675,80,47,0.5382910691476162
339de4985d4f56cdd431a3ecf0b00b97b6e9ede5e0ef4101f6184ee825d2a764,Zigzag,25001780,14469773,25001982,14470183,762,970,37,85,0.16219568164682957
339de4985d4f56cdd431a3ecf0b00b97b6e9ede5e0ef4101f6184ee825d2a764,Zigzag,25001780,14469773,25001717,14469775,497,562,35,80,1.5706840745549497
cd922b07aabc025e9cac55713315fdd57024b9f19a72c34d58e069a8dda56c6e,FCBK,24980343,14682380,24979882,14682140,99,321,34,77,0.32057072581480417
6073fb6a9eb023b3eac8f4f3a8cc2c213ee6d0dd1b949087999f28284084bb51,FCBK,25065161,14606826,25065367,14607100,766,835,56,108,0.8421171696085472
0d3372dff336687333728c727eeb3ce383d7b8275f5ba918b82890cc98d26918,FCBK,24896456,14512561,24895997,14513001,101,1000,35,71,0.640750566160612
917e82345cdff8660ef6672c1584be55137686f7d2f1a20204936e8b177c6fe5,FCBK,24897389,14494240,24897618,14493794,789,114,37,79,0.9519230963570675
3ab4ff4cc88d490df69fbf366e47210bb02ac71b98616d8cd772aaecf1cda6e2,Zigzag,25054908,14598742,25054589,14598500,241,318,89,45,0.33584368835029965
3ab4ff4cc88d490df69fbf366e47210bb02ac71b98616d8cd772aaecf1cda6e2,FCBK,25054908,14598742,25055213,14599048,865,866,49,101,0.7364838170769357
3ab4ff4cc88d490df69fbf366e47210bb02ac71b98616d8cd772aaecf1cda6e2,FCBK,25054908,14598742,25054743,14598253,395,70,89,53,0.19407704884644064
f6ab9a68ffbb94f5f9824f1539323227c709acf5fc78898303ad0e94b088b321,Zigzag,25029742,14491184,25029566,14491714,384,1090,76,34,0.22853321012221078
f5e3f8452e8914f55a07324dbb182cb6413e25387f145f28e2589a9983b56d0d,FCBK,24948652,14493222,24948898,14493628,806,966,49,87,0.9081601691121224
399fc18cef5b74e3e4f39c7b8299136b8032a72b2116bcea1a9b81f31891e70b,FCBK,24972886,14317856,24972521,14318327,195,1031,98,54,0.26865649497388544
399fc18cef5b74e3e4f39c7b8299136b8032a72b2116bcea1a9b81f31891e70b,FCBK,24972886,14317856,24972911,14317960,585,665,78,44,0.16775260028787528
399fc18cef5b74e3e4f39c7b8299136b8032a72b2116bcea1a9b81f31891e70b,Zigzag,24972886,14317856,24972606,14318103,280,808,99,54,0.2323789645390965
399fc18cef5b74e3e4f39c7b8299136b8032a72b2116bcea1a9b81f31891e70b,FCBK,24972886,14317856,24973379,14317612,1053,317,96,50,0.060521783865893415
50a4a496cb272a1f4cb36a320687b5a3f5805fd4ee3def5bba38442c1ccd71f5,Zigzag,25035335,14640119,25035245,14640557,470,998,87,43,0.26759126382736736
2cca7537f04186b6c4a30fde165c9b8394766f221f667de68b01824216a8aa6d,Zigzag,25000848,14486090,25001294,14486170,1006,641,79,35,1.4704492158690379
eff9fcb9bef5ade2d9aa3827f86d77ee3dd47085d53a679d430d53879e6b313a,FCBK,24924419,14554199,24924614,14554722,755,1082,73,36,0.5641332858117954
58bd664ea5f428c5984c75b493d538ca718ae5535d2f2b18bd4f62a40cf05235,Zigzag,25065161,14616923,25065233,14616930,632,567,51,100,1.3389150238397518
c5c1ea2e817e6732cd5982fd2e6259d31aaed3cf4736d117e34809455fc9f836,FCBK,24887136,14603795,24886922,14604066,347,831,35,73,0.35697660396937814
9755efebd7d48689ee630cf1d6b8e96b1f12caccfa6cb7553be98b9b9ded238a,Zigzag,24972886,14643142,24972874,14643102,548,520,75,34,0.1367110775827775
9755efebd7d48689ee630cf1d6b8e96b1f12caccfa6cb7553be98b9b9ded238a,Zigzag,24972886,14643142,24972799,14643230,473,648,74,32,1.5642456163035743
cc4ad594c640b5294870d979668a49ba1418fc73dcfbe10edb92653b1e239901,Zigzag,25043723,14620960,25043432,14620944,268,544,40,90,0.19939696279522612
350fc07879aeccd5df2293352b5a777dd9b07c9baa2fbe58a65d82f2e6fae7e5,Zigzag,25008305,14319921,25008325,14319727,580,366,40,88,0.30188312470863643
542af32b9bc2940d0bcc95a92853bcec6ec9d600d9daeee8a8a0ec7dcbdfd8db,Zigzag,25053044,14342615,25053175,14342618,691,563,31,71,0.36181243845577127
542af32b9bc2940d0bcc95a92853bcec6ec9d600d9daeee8a8a0ec7dcbdfd8db,Zigzag,25053044,14342615,25053056,14342940,572,885,33,78,0.1430637654022957
542af32b9bc2940d0bcc95a92853bcec6ec9d600d9daeee8a8a0ec7dcbdfd8db,Zigzag,25053044,14342615,25053509,14342681,1025,626,30,67,0.24014807122913018
1d48199ccd3befa92ec7380cea69ddd0a08308cda51e7e5c026d8e894787fd16,Zigzag,25006440,14564336,25006627,14564137,747,361,30,70,0.1563955997535028
6404d1a6b72fea94fd32a9e44c2ccc48c5b167832b8050edf9fd0d67e1a882fd,Zigzag,25035335,14636088,25035251,14635918,476,390,36,72,0.09321102930455843
ea2a21fab0b9ebab9193dd37f245505062f51e4fd407ea4bdbbc9f92e6476175,Zigzag,24907641,14632055,24907565,14631901,483,405,32,68,0.22587113094132438
2891b0c67d66c718f5b20b6d998bfb9c0ab5e0733644550601a23f8a29fa2fcd,Zigzag,25037199,14591666,25037319,14591859,681,753,83,41,0.304720356665466
ca4f9cb8134891985bbbc0bd62db70ca22f66e2f9b733951a28d871cb7691ea5,Zigzag,24995256,14314757,24995325,14314292,630,95,43,78,0.02280317743396517
3a52e180310733836d89c1bf5a6d34fce7f3e5086ccd0f0e5c881eecce6ea8d8,Zigzag,25016693,14469773,25016914,14470070,781,857,41,71,0.047498892845892315
ce480cf48ca230f931b82d8c95b791dbe0d3415bf044ae70af0c3ec78d7599cf,Zigzag,25027878,14498314,25028142,14497822,824,68,67,33,1.5680221118873612
4dae26019f2e888cc6cdeb8953f8ee6b775d8db0be6f2482ca49d85c62698c46,Zigzag,24940264,14626004,24940606,14625526,903,81,68,32,0.17548671969908802
845407a1f9a857b90b0c737f953f4fdaa4fa269acddb763c99ba918896abfbd4,Zigzag,25024150,14510527,25023930,14510369,340,401,33,71,1.5298775224361016
83f8b9cac5ebaa5918f042a155da382dddf9d42a3f0f5698f6c3c9674fa56831,Zigzag,24985935,14646164,24986052,14646314,677,709,64,37,0.5643117176048307
83f8b9cac5ebaa5918f042a155da382dddf9d42a3f0f5698f6c3c9674fa56831,Zigzag,24985935,14646164,24986178,14645925,803,321,48,109,1.3266987044453948
f3963da603f5be04e70c4993ce55af1af7c0bdf13dc80a7fae374f74573c4e33,Zigzag,24879679,14645157,24879818,14645635,699,1038,79,36,0.6151459367551815
653fe547348874518a592bafdce4a0085592ea0175b7bbc20582bf381645b408,Zigzag,24980343,14332304,24980360,14331891,578,146,121,48,1.4580498041497378
72389b7c95168a1b38a6119f830a314a93caea8978c5d7b2eb20bc4362cffc0f,FCBK,24945856,14682380,24946272,14682434,976,615,74,39,1.5404629219788941
e7df14a3df1963433be61991ac8f27032582dad7465ea5c9416f0740247b6c3e,Zigzag,25028810,14462628,25028531,14462160,281,92,32,74,0.20618412870183395
e7df14a3df1963433be61991ac8f27032582dad7465ea5c9416f0740247b6c3e,Zigzag,25028810,14462628,25028906,14462166,656,98,71,38,0.05291914971112493
f6729559857fc501ad9666dca0686bdc121699f6c8b5982a4169b6ae50ddf6eb,Zigzag,24985003,14413528,24985024,14413137,581,170,77,35,0.610280408022634
e39e2c41a63e4a46066a1b5010a8f43927393f994d96cc640ff7d830a5df6b2f,Zigzag,25026014,14449348,25026082,14449406,628,617,41,80,0.24847810622376174
ada35b62e8be082217a5e2d6e2271a202d78b73c3acfaf07a2b47fee94c8ac93,FCBK,25063297,14616923,25063265,14617384,528,1021,49,87,1.563800069453204
ada35b62e8be082217a5e2d6e2271a202d78b73c3acfaf07a2b47fee94c8ac93,FCBK,25063297,14616923,25063607,14617312,870,949,94,45,1.5611201304482571
7b34675d5879b5dd1b2ea39fef635d5dc913dfafb329b92c29f421e792bc7d65,Zigzag,25037199,14624996,25036808,14625215,170,779,40,79,0.5475435898543376
7b34675d5879b5dd1b2ea39fef635d5dc913dfafb329b92c29f421e792bc7d65,Zigzag,25037199,14624996,25036796,14624751,157,315,31,65,0.2524436030211602
2670e80ec1b328a4f47369f03029f0d814e477c03d33469951a39675a9d0df39,Zigzag,25022286,14324050,25022676,14324318,950,828,109,54,0.0010057582600907738
f75ac94f7760c2f8c596189708e45b0d07624f3518b734817b54ce3eeac353ca,Zigzag,25081006,14199562,25081188,14199571,742,569,41,79,1.5611084125394608
4afc095b4187f80fd12daafcfe9041fd3091aecbe803f9a713856378e822bf52,FCBK,24916962,14503404,24916867,14503369,465,525,36,83,0.09743466131299121
0219f10738cd6532475d316ab6ce7453b5078b01490a6489107153169104e772,FCBK,25022286,14468752,25022347,14469135,622,943,90,35,1.5689366414056942
422ca6922010dfaf5295016dca7bca43a414984200f35c42cde1001ac07bfd48,Zigzag,25025082,14607836,25024935,14607871,414,596,78,45,0.3231289916474479
0815ac56f4b9fe6428e8e2d49788612fd765a02fbe5037944fbeb4009e3c306f,FCBK,24890864,14598742,24890672,14598463,368,281,32,73,1.380613601765722
55b4991df70cf15414137087226e0541d952b04239069cef6e23cfeba91754a1,Zigzag,24965429,14588632,24965208,14588623,339,551,30,73,0.02551212825003696
4989a96f7350894b8999a754071abaef5cb11a618b2c3cc6274e8c921e888ebd,Zigzag,25046519,14334367,25046783,14334096,823,288,45,89,1.433252578607792
eed4357b3fc90963bb14f4efd846305bb7f4b5a141b5d5f8043e985ca3318b79,Zigzag,24888068,14500350,24888132,14500294,624,504,87,41,0.4050331128132626
0b01e76881485cf554d48cfa86610c793136ebee376446178d731bb619d3d615,Zigzag,25020421,14569401,25020200,14569808,339,968,41,73,0.5423474296724566
86f6f713874f784df8b9980e9311e35dd98c1c0aded5fec66514000421a88a34,FCBK,24934671,14571426,24934697,14570991,586,124,35,80,1.427893100072062
b97b1710b03de774ebbf2913cb653f142cccc4dcd4f4bebcf608545e70871847,FCBK,24975682,14684389,24976087,14684930,965,1101,96,35,0.0027606749180168213
4bd7f646c5c2c62d5a726dc07768eb1c799625b14d0b1a7b314a5a6ec6b0d52a,Zigzag,25103375,14222481,25103009,14222907,193,986,38,71,0.3670308693222679
47a24f77d8a17ebb03a20cfc136afe19845f992ca6c2aea0ac048427fcd4da8e,FCBK,24987799,14656233,24987403,14655690,164,17,31,74,1.5676941435991179
4fcf7b2469bf7eba76ca6b2053b322a4af5fa78f386a574cb5751d97df452253,Zigzag,25036267,14629030,25036077,14629230,370,760,82,44,0.5767368954076771
3a5bc43e97274d7245e702bcaeb184b24ce9b7fcc9365a77c4b4187e77be1de7,Zigzag,24975682,14339523,24975193,14340000,71,1037,87,44,0.1811300745622636
a26443e917e3f5ae793841fcf218af4ad4d69dfdb1e2370cc1e2bd5f210e6d68,FCBK,24820959,14541011,24820922,14541115,523,664,36,72,1.4780248439058774
06d50822cc91fbee93dc82a70dd7c255f82bd7b4b4961e91fba66e0cca5f0b42,FCBK,24959837,14492203,24959863,14492736,586,1093,71,30,0.3687090269936677
8ea8950e7e6d6eea334e4533577c3c64f272aa18dc75e3f906eb79ecd82bd73c,Zigzag,25029742,14556227,25029804,14556514,622,846,67,36,0.152604323625666
2e76aedd3b4e5daddb7d2cb2dd184aaec4057bb4fb02f3c71b09318ebb5eeb4f,Zigzag,25053976,14347767,25053576,14347783,160,576,33,72,0.05123217031861424
801d980e51804ac1d9306485ccad77c4cd795ceef563cb0f80f46e13a0ddebc7,FCBK,25002712,14484051,25002249,14484524,97,1032,31,69,0.10636855144004145
2243bcbcf1f0143e1673e171fa6faa912e4e461d2f23d4e42e43f6b7799c259c,Zigzag,25022286,14474874,25022688,14475159,962,845,53,75,1.3563901542806338
737d2b339b8bb9150b3bf24d7a7802f35af3bf8d4f6bd9b2e2af513a07f84740,FCBK,24971954,14686398,24972124,14686147,730,309,36,75,0.2150410534733809
ff02032475af52eff45b6fcbb8145c9accf9569b3751881d0bf1da5a96840571,Zigzag,24975682,14557241,24975602,14557643,479,962,84,44,1.5702340003307265
f8ef8c48d9642b4e507496b1aba5bb0c9ea934f9c73d1d3f6ec56412b07de5ae,Zigzag,24939332,14564336,24939082,14564283,310,508,35,74,0.19401852588148613
3b3a93dd24c40ea01d1aa664bfbf1a7e7ec8680038f377fc775d97b233b7f31b,FCBK,24938400,14477934,24938471,14477633,632,260,69,33,0.3083050047822262
3b3a93dd24c40ea01d1aa664bfbf1a7e7ec8680038f377fc775d97b233b7f31b,FCBK,24938400,14477934,24938145,14477519,305,146,68,33,0.19335534883578598
3b3a93dd24c40ea01d1aa664bfbf1a7e7ec8680038f377fc775d97b233b7f31b,FCBK,24938400,14477934,24938594,14477621,755,247,71,32,1.5396236267613554
7c9e25470e31be63bccdbb8d29a6ca39026bb5c53b6cdc45257b7847dca0cd08,FCBK,25050248,14624996,25050711,14624947,1023,511,44,88,1.5674256969612377
dd421e551a1a618bad49fb93476f92f73ecea2370c6febf75c0b6c50ba97c187,Zigzag,25036267,14521713,25036780,14521760,1073,608,36,75,1.5075541072307304
e73d18f9f40012f5bbb1a5b9abb316f5284744e9fc1e509fa8c6e33896af5114,Zigzag,24985935,14648179,24986110,14648535,735,916,80,43,1.5627739534851963
93af99c31f0a1d38549a476b780769d520d40a5765a0805e58f48454fc255bf1,Zigzag,25129473,14238082,25129792,14237784,879,262,85,43,0.006739243571148601
fc5968b2b1384138c4ce11a22dc1307ab9b4f7f3112a8746de3b114613baa7e9,FCBK,24877815,14583574,24878125,14583274,870,260,66,37,0.6892820164953986
cfe9a0806c9c3cf9ccb535e6b890873c7909d41789f30c7727af38195b26de24,Zigzag,25129473,14233924,25129687,14234297,773,933,47,78,0.33939125194888053
cfe9a0806c9c3cf9ccb535e6b890873c7909d41789f30c7727af38195b26de24,Zigzag,25129473,14233924,25129376,14234083,463,719,50,81,0.006888465896571706
022ec732b616597278b4f5e28fcfd46b54cab701f7855381af81919b35ad5750,Zigzag,25026014,14506457,25026314,14506053,860,156,37,80,0.6554766485662596
1626d8b0f3f496aab55adaf48dfa83ce9bf3fef98dff9ee4d3137419be5966ef,Zigzag,25001780,14498314,25001660,14498552,440,798,83,43,0.14588105694046327
62cbcb6236ad19cbe28deedc3d5f049215987e6e731b71b03aedd713cb6b54e4,FCBK,24892728,14543041,24892590,14542623,422,142,76,36,0.6569105610761856
ae9be009cc44b107f7be4c1d2bd4c09c5276572d01b7333bd442109b0395adb1,Zigzag,24998052,14439124,24997750,14439319,259,755,55,32,0.42652222622813923
aeb7124845e3e2f7dd801832f59136eebfa305a59e21d58b766f29ae751171e1,Zigzag,24981275,14321986,24981804,14322046,1089,621,86,44,1.5340553563961634
9d61361e540e236dd5a38899f2b1d2fabed1a415319a7c14c1786bb77052bab7,Zigzag,24993392,14307525,24993649,14308002,817,1038,45,89,0.268898809343569
f7f50bbb1a33cdf99fd9f4aebb75dddecedd00eaa7744e2f98026f7f50dcfd52,Zigzag,24988731,14424796,24989091,14424710,920,474,73,35,1.139866768699758
482f59047c59808ec1f31e1a6e86c6c860f78c150e819574b5ec737faf38264b,Zigzag,25082870,14227683,25083079,14228098,769,975,78,34,1.5535008265695405
9a857aabbb73373bb789ac85238982b0eae1752c5e262d2ae3ddbf46f076c44f,Zigzag,25014829,14506457,25014690,14506100,421,203,78,38,0.1391524805778372
9a857aabbb73373bb789ac85238982b0eae1752c5e262d2ae3ddbf46f076c44f,Zigzag,25014829,14506457,25015211,14506801,941,904,73,38,0.16816454137424008
a97a19abf36cb8e6a72b3ddab6a6944ed3cfcf034fedaeac25622c982ce75aaf,Zigzag,25035335,14647172,25035160,14647268,385,656,38,84,0.0068528872087352775
b40bed5475354f13c2ec031dfd343889b198e551563f9d448db372192689f0c5,FCBK,24972886,14318888,24972567,14318680,241,351,106,50,0.2414977612695823
8663f7a035fe2eba825c920a8d6e7a8f53886e1d9ab24388b9a17004ec286529,FCBK,25003644,14497296,25003287,14496974,203,239,33,66,0.1759760921941469
8663f7a035fe2eba825c920a8d6e7a8f53886e1d9ab24388b9a17004ec286529,Zigzag,25003644,14497296,25003284,14497101,200,365,76,40,0.23224915208071195
7896226956d77e9231cdcf998bcc5175f8d2c556c500e5f01d91043d78faa854,Zigzag,24985003,14298219,24984528,14298100,85,440,49,86,0.338617204178049
a37af2f198d2c0bc9216f551dee66c4fddc2e9400f19b205e6d26ade9c72b8b4,Zigzag,25125745,14233924,25125495,14234280,310,916,39,79,0.19288383616478744
a37af2f198d2c0bc9216f551dee66c4fddc2e9400f19b205e6d26ade9c72b8b4,Zigzag,25125745,14233924,25125976,14234000,791,637,47,85,0.4136288647056569
a37af2f198d2c0bc9216f551dee66c4fddc2e9400f19b205e6d26ade9c72b8b4,Zigzag,25125745,14233924,25125930,14234311,745,948,39,79,0.09394100175934916
a37af2f198d2c0bc9216f551dee66c4fddc2e9400f19b205e6d26ade9c72b8b4,Zigzag,25125745,14233924,25125734,14234102,549,739,43,76,0.22236431370742168
a37af2f198d2c0bc9216f551dee66c4fddc2e9400f19b205e6d26ade9c72b8b4,Zigzag,25125745,14233924,25125593,14233870,407,507,77,41,1.5669117068708525
a37af2f198d2c0bc9216f551dee66c4fddc2e9400f19b205e6d26ade9c72b8b4,Zigzag,25125745,14233924,25125741,14233777,556,414,35,63,0.04699555956105655
cce0c43a894a8358aad2642acd1117878888eec09c3aa576cbb75c655670d3d8,Zigzag,25001780,14445259,25001510,14445543,290,844,37,72,1.4746872372697355
9f50c3489e4231270181ba0195f81edeaa11e43606f22793cf563d48d1c8215b,Zigzag,25057704,14603795,25057387,14603361,243,126,105,53,0.6104489861196359
f03350cada86c334c2e738e3c340cab754b00238fff0ef50ebae68376e4c8d2d,FCBK,24972886,14314757,24972523,14314526,197,329,95,42,0.09405494344211252
bf5a8da1ff8f48561e183c1a8f303ffd5f3e8fb487dc338f095ccc3ec39ae32b,Zigzag,25008305,14567375,25008679,14567627,934,812,31,67,0.23615808999445984
addb2a5cd6e8ba87627d5c6d5c6872b05bded73b675e0e77255a7c19043e6a10,Zigzag,24875951,14494240,24876255,14493722,864,41,37,77,0.6912297859376552
bd8c4651cda58509faf978c85214e5218b1acac721e1c73dd46524a8c46fbf6e,Zigzag,25056772,14593688,25056749,14593685,536,557,45,95,1.0316585388682034
bd8c4651cda58509faf978c85214e5218b1acac721e1c73dd46524a8c46fbf6e,FCBK,25056772,14593688,25056533,14593622,321,494,107,51,0.4981743423301258
1f61b30e9331617ac9a6ad56a54198bb607debd899eda8b2c47e182044ff572d,Zigzag,25024150,14650193,25023720,14650254,130,622,43,85,0.31546681087518097
b9b4632cbccc8e8445b930064bee05c5aff59583ef51453bd3611053bfd0b374,Zigzag,25021354,14598742,25020972,14598300,178,118,35,76,0.5091522252385686
b9b4632cbccc8e8445b930064bee05c5aff59583ef51453bd3611053bfd0b374,Zigzag,25021354,14598742,25021650,14598937,856,755,43,79,0.14502468420243467
026d1d3fdf0db8c87671b0f0cd64c88832e750f8217472d16dd83dc4fe603153,FCBK,25054908,14599753,25054435,14600098,87,905,52,101,0.04651243301099175
7c6c03f6ee78ece7322bb82f418f28a3d5b8a7a331f2813e1221c045cc178ae6,Zigzag,25003644,14475894,25003394,14476041,310,707,78,50,1.5329922224890038
8141b9a722002dc4b26c17ccc67664fba120248e2849687ee3ac2cbb58479b17,Zigzag,25021354,14487109,25021563,14486952,769,403,74,38,1.1846484882197128
21f71474390865c41fa71954da12950ad6fd0aaec1e1adc0c98d34b3082003ea,Zigzag,25081938,14192260,25081481,14192015,103,315,80,43,1.4958499137139956
21f71474390865c41fa71954da12950ad6fd0aaec1e1adc0c98d34b3082003ea,Zigzag,25081938,14192260,25081597,14191739,219,39,96,48,0.36209323550320655
3bbda8a8f9c1bd480a0963210fa94f189a5451484e6340bc1f3e8f0f1be020e3,Zigzag,24972886,14644150,24973146,14643858,820,268,79,27,1.1181576115998135
2acee00d612f6051415c3b41acde035399634a38e3c82d1131b440726ab43b75,Zigzag,24991527,14435032,24991847,14434579,879,107,38,80,0.24688493668064912
34c9c59b2ef1fd6130708f036a572d3e34c017e084af88f2068a51a26cd5029f,FCBK,24894592,14501368,24894232,14501207,200,399,35,87,0.5823563650448261
34c9c59b2ef1fd6130708f036a572d3e34c017e084af88f2068a51a26cd5029f,FCBK,24894592,14501368,24894364,14501103,331,295,78,31,0.4201065380040838
c857a921caba47b2827ef9373fc9a56085adb15a6835de759ef86c5da02089a4,Zigzag,25000848,14666295,25000587,14666102,299,367,40,93,0.12127892459312259
c857a921caba47b2827ef9373fc9a56085adb15a6835de759ef86c5da02089a4,Zigzag,25000848,14666295,25000469,14666551,181,816,41,85,0.031778373605641466
225de196893d5d0ab49990a982f7198fe6e310b77491280dc033d64c0857b1f6,FCBK,25054908,14602785,25055047,14602584,699,359,98,53,0.24130729531737125
225de196893d5d0ab49990a982f7198fe6e310b77491280dc033d64c0857b1f6,FCBK,25054908,14602785,25054628,14602924,280,700,70,37,0.18348805403617657
ff07180161664aa3113555d9d3d1d12232285d7741353480f96e2c84f7042880,Zigzag,25052112,14611875,25051910,14611818,358,502,54,126,0.20511724972439138
ff07180161664aa3113555d9d3d1d12232285d7741353480f96e2c84f7042880,FCBK,25052112,14611875,25052250,14612123,698,808,111,49,1.3927178020781865
cbd2d09d7f4fd27c8608442c1c10873113e73b6f83646abf0f760d6a3f5e5c44,FCBK,24903913,14496277,24903911,14496308,558,590,82,44,0.16826244583381414
87ac5b514912d2b20c0985846aa0399edca2ff3fe506d11ff28a6658f47de450,FCBK,24980343,14324050,24980583,14324443,801,953,41,91,0.1081775452223698
f2063d5e60b71f6b821fdd0445971b48f9497fc8ce8a6bb20c822e94736fd7ea,Zigzag,24996188,14349827,24996105,14349773,477,506,39,75,0.30133957353015123
7f265fe79b860f3586c71b906d0b94c22305d4758310613d6bb7774e5074d502,Zigzag,25042791,14613895,25042393,14613427,162,92,72,46,0.3805351599988145
08fc74452a28adb2dc8110245a4b8c581cc01f93a9b483d9b394557bdcdd3823,Zigzag,24871291,14497296,24871238,14497390,507,654,36,78,0.1517775619100077
7815b7ef3ed8e10182ee98123a99e96fac104b0460cc0e066a96ef2520721954,FCBK,25053976,14600764,25054461,14601033,1046,830,83,44,1.0662374885149828
839d04dcaa27af2e2de0fb89500bbf5441c4ca51332d510826e395430fb1af73,Zigzag,24964497,14696438,24964365,14696587,427,709,71,38,0.06591728997774511
170c4b4dbf7189aafb0f7a9813552d3d7bd0bca49714652e8928b000b51e511a,Zigzag,25008305,14512561,25008233,14512314,488,313,75,32,1.5627744861174144
37800478b7881346c19d1a5577bfe0562abe2729794f2bbb8d27bf95ba6470c7,FCBK,24943992,14513579,24943966,14513332,534,314,34,79,0.0454999990330845
d4ac7dfce408cbe5ed3005af52bf803ddfafc67c5e1f05ba94a67a524fb5fff4,Zigzag,24982207,14599753,24981832,14599613,186,419,65,31,0.5284536516864861
6c3b709ac1a842708fb02dd3b1c2c0d0a6b2e3a73e217ebcc21c99aa58db1511,Zigzag,24923486,14634072,24922990,14633567,64,55,84,40,0.2891826093385894
9b1a51c4bc8a6475dfce9b1a4e28395429fff2d2f0b1404d36b94f0ce8ee84ff,FCBK,25023218,14645157,25023292,14645198,634,602,45,74,0.32935043555949567
c9757a647316513cc467ff8a0fc316d31a4d018e68e528914040f2ff6e782633,Zigzag,24946788,14504422,24947059,14503931,831,69,74,38,0.3380316083438542
2f0f338ea12d91e14832f194de86e9651a6982933b4818b0a7eb5d16b0200543,FCBK,25007373,14444237,25007646,14443755,833,78,33,70,0.18895086322220164
0ea784deed003e1090835d731d232a6e3ca06f759419654f041b4076e8be8077,Zigzag,25025082,14451392,25024822,14451874,300,1042,34,76,0.019986089794068553
a35ebf57484ca06c335547f77ede5bcf192a8b2a5d22d78f1570a2862f78495f,Zigzag,24994324,14505440,24994259,14505276,495,397,34,68,0.30899646126975167
edce0bd462060e28e4c2cc0b48015b88b64829f1316b381dfb21d9dcf7a055ce,Zigzag,25039063,14474874,25038772,14475218,269,904,78,35,0.3515231824261956
ca3d0abac0e7ebfdd1a8885648828c497e4fc7759d905dcef9cb568636a4f59e,Zigzag,25000848,14475894,25000752,14475613,464,279,42,84,0.06698726904114408
ca3d0abac0e7ebfdd1a8885648828c497e4fc7759d905dcef9cb568636a4f59e,Zigzag,25000848,14475894,25001000,14475531,712,197,42,81,0.24553358216451568
ac56e0e15a48e7d9b65ce90b629d5aa141acb786363bc8a3b2e584fc4c2c8b0a,Zigzag,25046519,14606826,25046816,14606844,856,578,45,88,0.25090552762309853
a319a8681682d84c81c6ce9a956c4d0ea49b018fc6d1ae480b4002fb5cae6342,Zigzag,25029742,14317856,25030221,14317376,1039,81,91,52,0.12454477568264358
75b78472f49a789baf94c75c2ca56820dda0ac7c25972c8e9b8bd0fff97fa422,Zigzag,24965429,14617932,24965237,14618395,367,1022,28,63,0.07372215792779149
400b48435b01d2029c7c167e9d4caf53adaa3ced4071fbb6985e6fceee8207f6,Zigzag,24895524,14508492,24895399,14508858,434,926,39,80,0.857839940052157
ee031b4bfeca38d9c34e11dfd0943144bae67b39e2177828d69280bdbc89ab4f,Zigzag,24829348,14516629,24829485,14516197,698,127,78,41,1.5677067936142957
a30c7dfe2f859ff4197d2a1aea2eb87d4ee2f81dd0b371420271d3651fe812ce,FCBK,24892728,14501368,24892743,14501710,575,902,40,81,0.5363895388397859
a30c7dfe2f859ff4197d2a1aea2eb87d4ee2f81dd0b371420271d3651fe812ce,FCBK,24892728,14501368,24892226,14501385,58,576,101,34,1.56788815488453
dfcaee1348f255420fda0215601bc09729a882e902295af048b1f896836b6c43,Zigzag,24943060,14697442,24943256,14697525,756,643,42,87,0.12544339281346356
77fb37eb2d74880321333e3da6e8ee1b48ebe058645d17af0bf679426eca743e,FCBK,24932807,14557241,24933007,14557437,760,756,30,80,0.161981846456053
c57e4fc17f055837ddfa2abefcafe70f3cff6a59c89dade65b33803fc3f5194c,Zigzag,24983139,14412503,24983118,14412649,539,706,44,77,1.5640116576018108
f00aa2575c57a584aeb4643cb00696ccfee663f4dd676c69c7cb6f38c88d86cf,Zigzag,24971022,14317856,24971385,14318249,923,954,40,89,0.6978439462419487
a3b8b13d3a2e26f31e55f7f2f875d2efcc80b26964fad10a73d885e92e4e5338,Zigzag,24989663,14646164,24989582,14645733,479,129,47,74,0.7486585245792602
e6c286343b2f54bf719dd491e83eef4242ece4c522864af0e22a4db629d1ca6c,Zigzag,25021354,14462628,25021740,14462935,946,867,35,72,0.09625057828044994
19b31fae694c111e1c5d359ebdb6e17857c33119f47c7b8708246993c33be0fa,Zigzag,25045587,14472834,25045344,14472891,317,618,39,75,0.20339483364462582
5dee045b053ab4b74dd2bdfa7bb69298f892db3fcb6679b0bd4993f5c2828fc2,Zigzag,24980343,14344676,24980253,14344592,470,476,74,42,0.0974463043203819
52952abed955952d9fa442e49d7814bec4d8e4e5c017e712ba8b498468e0a0ed,FCBK,24950516,14495259,24950693,14495377,737,678,66,31,1.3099086721949358
a33ebaf20527361fef6ec0b897a5baa89511212366eacd3c2522085c14820ea5,Zigzag,25123881,14217276,25123586,14216893,265,178,79,44,0.07813852789774033
bef3b95ced8cf8d54d811d3c29b809d5eebb9384156ec1aef651053416243a8e,Zigzag,25013897,14525778,25013764,14525358,427,140,51,90,1.553568337703174
055fa437a9240f734be182e35bd6f082393b37560df701902479d32f60375def,FCBK,24969158,14331273,24968910,14331680,312,967,85,41,0.0162006393311163
2af33d68a61b5d2b857a2569ad88de6f1e528d77e68c927cac158ef05648146d,Zigzag,25027878,14453436,25027498,14453643,180,767,44,78,0.2061695978291362
2af33d68a61b5d2b857a2569ad88de6f1e528d77e68c927cac158ef05648146d,Zigzag,25027878,14453436,25027357,14453548,39,672,48,86,0.25468129083758567
e9ceea81976e705ccc6395b79861d2e36d30fae5d8627c9c7ae264dd84cc1da7,Zigzag,25012033,14511544,25011984,14511570,511,585,75,39,0.4084116655511644
ec8b125d30e29cf876d7c98978473f47f071c1ba5e0b1f62a9eac860988120e1,Zigzag,24971022,14318888,24971313,14318469,851,141,35,91,1.568101340929791
b823203d7025f7aa3d9d7e64f888f69ffc7d6a4aed21ce0cd3f375e7322392fb,FCBK,24955177,14551157,24955020,14551375,403,778,73,41,0.5504184389615645
b823203d7025f7aa3d9d7e64f888f69ffc7d6a4aed21ce0cd3f375e7322392fb,FCBK,24955177,14551157,24954810,14551578,194,980,36,73,0.23756027759790016
cbf88de161d19773bf4251f4a6e8c226e9a86b731c311f9148afd35d28dafd10,FCBK,24998052,14597732,24998303,14597389,811,217,77,37,0.1592603122038306
ed0246f58edb3ab22ca8d4f4a464c8901d02613be54b91e0b7994b6dd9937684,Zigzag,24984071,14566362,24983731,14566779,220,977,71,37,0.03530279683106313
7557aa316f93ed652948bfd3cd7083509225e2c543b47a94f925cbb2d1d2ee1d,Zigzag,25004576,14442192,25004618,14442731,602,1099,39,79,0.8185550516011528
f299b05589c0e8954960ead48c9d7285f854544fd4d1bf591ad13dc37b613ac4,Zigzag,24998984,14507475,24998892,14507126,468,211,32,73,0.033128993671880554
efab336a0e9d7d3625f08fd26e00360c6bdcf78ae390de98bd737945528f92c6,Zigzag,24982207,14417626,24981986,14417180,340,114,79,34,1.5643147253338616
98a864d28ba1c6209e6a5bffc2f070fec4f36a132d407865ed5288451817f9d5,Zigzag,24956109,14580538,24956643,14580596,1094,618,34,51,0.3420206241826294
cdd230eeed56b4df36d09041feb7058cdf642263b20c552fc0a9dc22ce836e43,FCBK,24887136,14607836,24887368,14607977,792,701,86,36,0.48584207555980946
cdd230eeed56b4df36d09041feb7058cdf642263b20c552fc0a9dc22ce836e43,FCBK,24887136,14607836,24887196,14608262,620,986,92,39,0.4575093039337017
c7f47422b2e055aa75d3ddeed84947aec071ab1cfa2447ed1897a3f30e0beb0a,Zigzag,24948652,14473854,24948682,14473628,589,334,37,82,0.28707115535783373
b11aef18eebc01107a1b7a16be0a888b9270e2dd938066dfab7441b19eb6dcbd,FCBK,24876883,14546085,24877391,14545811,1068,286,33,79,0.6333369914761039
edfeb1c72d3a3bdb772ebd86c1a353049f1620ea505f201ba91fb0186860930b,FCBK,24916030,14635080,24916496,14635148,1026,628,67,31,1.5274188921177405
b7101244bce4be5d77af0ff917c669c23e8ab11470960f478a4272908ed5ea8c,Zigzag,25033470,14612885,25033551,14612424,641,99,85,45,0.3743505342888371
b7101244bce4be5d77af0ff917c669c23e8ab11470960f478a4272908ed5ea8c,FCBK,25033470,14612885,25033655,14613325,745,1000,67,38,0.6109350130185754
b7101244bce4be5d77af0ff917c669c23e8ab11470960f478a4272908ed5ea8c,FCBK,25033470,14612885,25033726,14612500,815,175,38,76,0.26961609849366824
b7101244bce4be5d77af0ff917c669c23e8ab11470960f478a4272908ed5ea8c,Zigzag,25033470,14612885,25033952,14613013,1042,688,82,45,0.59359031089208
b7101244bce4be5d77af0ff917c669c23e8ab11470960f478a4272908ed5ea8c,Zigzag,25033470,14612885,25033799,14612494,889,169,78,41,0.3330476022323118
b7101244bce4be5d77af0ff917c669c23e8ab11470960f478a4272908ed5ea8c,Zigzag,25033470,14612885,25033841,14612796,931,471,38,72,0.7382257241669292
b7101244bce4be5d77af0ff917c669c23e8ab11470960f478a4272908ed5ea8c,Zigzag,25033470,14612885,25033093,14612597,182,272,76,32,0.5411679156256606
2d74991d39daa74eef106fa3d5299386b373bd3a5cbc4bf662e376c309ee3f02,Zigzag,24995256,14666295,24995101,14666558,405,822,41,87,0.7921686512577294
53084a7db37723d31b3d4ae7d50870383824f47d1af9dec086610ed5a70782bf,Zigzag,25019489,14506457,25019207,14506119,277,222,73,36,0.1749596634746045
8143edf6f096713f034eafa5b181198a6031da858f7cbcd85ee225fe50676b61,Zigzag,25015761,14595710,25016259,14595655,1058,505,76,41,0.0800026241474981
2b69553fc439e9212f8e4ab345a80116f0ed27035fc0d518b0eeb6ce5cbe4399,Zigzag,25013897,14450370,25013542,14450420,205,610,41,82,0.25152985580639714
b892e5435c75a5c9e09d9d4ec0a14dbb446e104e650fbe2efa75d46e940450a2,Zigzag,24974750,14406352,24975241,14406745,1051,954,44,83,0.34175247715037205
b892e5435c75a5c9e09d9d4ec0a14dbb446e104e650fbe2efa75d46e940450a2,Zigzag,24974750,14406352,24975133,14406164,943,373,41,82,0.37447420483195765
06235313dfe02b3d264ee615550c04a652171148282b26bdca46a38f9436201b,Zigzag,25011101,14312691,25010697,14312703,157,572,40,84,0.3447168084702256
9131d128564d2b97046553b0bf2faa79f74955045f140e84efc91e5e9ff716d8,Zigzag,25005508,14502386,25005812,14502302,863,476,32,70,0.2531653696108421
9131d128564d2b97046553b0bf2faa79f74955045f140e84efc91e5e9ff716d8,Zigzag,25005508,14502386,25005718,14502488,770,662,86,42,1.5699455799846709
9131d128564d2b97046553b0bf2faa79f74955045f140e84efc91e5e9ff716d8,FCBK,25005508,14502386,25005816,14502119,867,292,34,67,0.06971988870140394
e93e0571c6b1ddc0119db61d9e0961da6d488aefdd51319ed1744a147556f463,Zigzag,25029742,14442192,25029264,14442728,82,1096,40,83,1.3713575190810425
09f8a1891db099b51242ef729856fe626c51279fa8dbf5d7d15211317ae63d19,Zigzag,25038131,14611875,25038600,14611834,1029,519,75,49,0.10840798355806733
81a076c88414502b0958a1651e23e775ccd1bcc583e1c2c94a040f6f6a2631b4,Zigzag,24997120,14426844,24997271,14426912,711,628,34,70,0.21312832124421555
adbb75a282c31e8118f0c0d3f8e0db4b3aaab2b569ada1c52371c7ab2727a55d,FCBK,24831212,14569401,24831188,14569473,536,632,39,87,0.102775464431577
9d32d6f496c78162c9255e9f67db280531d42d9326e32abda8d279a14a05a0ee,FCBK,25035335,14652207,25035124,14652094,350,448,34,77,0.0011387450556515895
04356e7b5c6dd026564357f9376470105cebb93bbbedc47d7abc3b8a6dfc3cd6,FCBK,24911370,14495259,24911576,14495208,766,509,41,95,1.2524038337251817
04356e7b5c6dd026564357f9376470105cebb93bbbedc47d7abc3b8a6dfc3cd6,FCBK,24911370,14495259,24911421,14495094,611,395,41,95,1.4145804904149741
fcfa9528bb5b14b7cb5270a340479a2fab0b01cedc737c75d2e4148001a6a4ac,Zigzag,25018557,14456500,25018694,14456307,696,367,40,77,0.18811989038306964
a51249f324b3567d3a36246fd2c3a0e872f2b24a8d1f9fadd667271bdbb5e9b0,Zigzag,25002712,14516629,25002492,14516945,340,875,35,79,1.5681596641576636
a51249f324b3567d3a36246fd2c3a0e872f2b24a8d1f9fadd667271bdbb5e9b0,Zigzag,25002712,14516629,25002614,14516400,462,331,79,34,1.5678544658967406
5aed17e360f42ade7bc9c7f40b6400bf852202a0857a6bb2a8e58911add509fe,Zigzag,24962633,14657240,24962632,14657090,559,411,39,76,1.4410837369512246
5aed17e360f42ade7bc9c7f40b6400bf852202a0857a6bb2a8e58911add509fe,Zigzag,24962633,14657240,24963041,14656711,967,31,56,71,0.1793390654396717
435b06ae5a2c3625b9dcd0f54da118f433e2574afa41c6657cf34dc1e60e0c33,Zigzag,25022286,14480993,25022099,14481275,373,842,79,38,1.5576887805417445
dd253ea5dc14ef42dd9dd75271bd6cfdad2597c558f215d20ece1dfaa7de2c36,Zigzag,25006440,14500350,25006752,14500432,872,642,38,72,0.27729805323702905
7dffe9a81da99c9469d1e184bb6375ec4594412e137e69e017b597dd3d200421,FCBK,24915098,14559268,24915313,14559360,775,652,36,75,0.4892576129473497
51c5b98740731f4c3b00d375a7f89ce432cd3c621a96bf7e42a546207d5da4f1,Zigzag,24910437,14680370,24910535,14680923,657,1113,65,24,0.15162547876700738
4be21a9bbe2ff5637ff5ff7f50e81f017e33b7d9fdef38b4b400b9a2812f243e,FCBK,24914166,14495259,24914312,14495245,707,546,36,82,0.2215380846239814
25c7fa30739064aaf1f62319c3318f2787fb77c40e6ce830df08291de3dcb270,Zigzag,25006440,14491184,25006016,14490918,136,294,65,34,1.5249828986686451
214cf5053f02375b1cb3f8f6cc6cefe5ef3f480170c728b3d9c3609a00b7d230,Zigzag,24962633,14488128,24962909,14488100,835,533,37,78,0.22101252642761107
2606362e9bbacb2cd2eb32ea7ac8e4531f2bb9272bce5a88b35e288352612980,FCBK,24896456,14496277,24896345,14496051,448,334,88,40,0.09576753079298
54c47d8a5c84acbc6ad2e4f6c284ba407ca61bb840a9a10ec91beb75c4091ec4,Zigzag,24966362,14336430,24966313,14336240,511,370,86,36,1.0796471703938044
97b815680396756b28e83672bd7055fa1c4de7a54fc32596091ac4be07035460,FCBK,24897389,14547100,24896990,14547024,162,484,89,37,0.2533292538864228
9062795edcbaa646cc9a1993aa9eba87c4d84c23f14969048c8004a7e3f799ee,Zigzag,25023218,14475894,25023206,14476199,549,865,69,34,0.6137066979230754
035fc09b8a89c98bf8e771a431513486c4a79d003903f8d861b85d14b24ad8ee,Zigzag,25026946,14456500,25026773,14456296,387,355,38,87,0.41507073340933937
0c78bda285f609c845343087f472aa8b5482e16bcfd1a1eb383d59f7c20ef0ba,Zigzag,24895524,14506457,24894991,14506411,27,514,70,31,0.4720878139254454
5bb6d74d4f3163078ace0e59bd0062a76d7d0b30100fd4afd231694e3949d0d0,Zigzag,24989663,14645157,24989319,14645498,215,901,79,38,0.10218254490438447
33c9ecefb14648ad5cf664d0e9c00805b51e551a77936af94817f2de4942f245,FCBK,24963565,14489147,24963063,14489120,57,533,75,35,1.535419693822611
33c9ecefb14648ad5cf664d0e9c00805b51e551a77936af94817f2de4942f245,Zigzag,24963565,14489147,24963362,14489420,357,834,33,72,0.191224070949666
f00602190ddd969408b67f0ab336be27abe823b88cfeae0c63ec7c2f4f3f8135,Zigzag,24972886,14331273,24972867,14330971,541,258,43,91,0.15544465150726275
fc18cf5eeb42e5d282642489bfca1fbe978c413cb3c34d411f996937ccca4783,Zigzag,25009237,14515613,25009016,14515611,339,559,77,42,0.8702036654128498
16b7dc0ffafc8a79ad0b19d4cddcf3548d71731b7b48d1dac834399b8d0b64df,Zigzag,25002712,14457522,25002354,14457707,202,745,45,87,0.15203151096470358
82c19263141993d3d36790c77886419ac5928221917b7b65421d9163eb498110,FCBK,24888068,14503404,24888252,14503131,744,287,45,94,0.20545287460076864
de268c6aaddd11130e239e4561aa1b48204cd0cd0fb8f2279f08261b88d11477,Zigzag,24969158,14339523,24968970,14339079,372,116,75,44,0.4479248201971019
480589c656b6d12a78cab2806e4556d2341d2b7b4493f5e43662aa6b6ddcfbdb,Zigzag,24985003,14639112,24985233,14639638,790,1086,36,75,0.8716260597510611
b161d169f29ef528fa923490ceb8c2b2f84a08cf23a9089bc365af5d5e1d2cbe,Zigzag,25023218,14490166,25023209,14489679,551,73,79,41,1.5494328480044444
16c6432943cdbf6cdba035a6f48ad7b5dfa683531cc8a9c04bb66b9909bf5174,FCBK,24979410,14325082,24979031,14325368,181,846,100,43,0.2903495732387485
8e759be54212b9c211436a2bc1d144f40ed804345dc34fe8efdad061c54c5086,Zigzag,25031606,14462628,25031337,14462401,291,333,80,38,0.38491442880582716
40c9ca9dc7659d6f1d38f503574d239304cecf7aad6fda22eff11abd61620ea1,FCBK,24952381,14700453,24952855,14700869,1034,976,37,76,0.06188453171806537
ad22c463ecd247aaea37262e947d6e65998426b9463a7d0ee49b07f9bb7b4397,FCBK,24908573,14499332,24908264,14499452,251,680,92,44,0.31962373902068564
df615720d806267a41d50160cf51f6daa708fb8ba516d085dcd0c378472e582c,Zigzag,25016693,14446282,25016859,14446211,726,489,44,70,0.2894278531854721
fa9167ac7e42c4df38e972b49a32df5ad961cc810dc790f235c52cd571deeade,Zigzag,24959837,14551157,24959478,14550883,201,286,37,71,0.3446781260553922
ee550228ab1045cab0e44c5ccdc79c37a1911909d6414998fe0d3823f507c803,Zigzag,25087530,14243278,25087481,14243051,510,333,38,71,1.4434900361541658
10000698f59974904fac0383547bda40167952669ae887b140f5abfdb827da3a,FCBK,24946788,14531873,24946961,14531406,732,93,84,41,0.5985596363281135
f7d7e6e587386f01652437177abdb4f321b50e5edebf66f2b3f2a647285798fb,FCBK,25068889,14622978,25069360,14623490,1031,1072,105,47,1.4445607600704322
b17a0962dd0c142316cb28952bdf93e6a928cd828d6f49894548f2fdef8a738f,Zigzag,24905777,14634072,24906079,14634037,862,525,35,61,0.18777073331940344
95f2ac5d4a799fa1a0edde87b667ef58b2d891723e060c553ea7a1fd0ae7203d,Zigzag,25039063,14446282,25038759,14446243,256,521,40,82,0.5905597001505971
88be009c347b4d6e2b52dfdef43d2a762a93317ead6b311f921c5a979da6c583,FCBK,24965429,14657240,24965455,14657579,586,899,91,47,0.2504539220812484
376da2a5e45ad301fa3d1749c69e97c0597ffb8933def86ff093c9291de1e7ed,Zigzag,25046519,14449348,25046669,14449486,710,698,40,86,0.6103768144540948
c67799c3b546cb1909f70efe532c3719c87f58415e2a355e403c81321729b7d1,Zigzag,24984071,14641127,24983922,14640810,411,243,38,73,0.04439913146222981
c67799c3b546cb1909f70efe532c3719c87f58415e2a355e403c81321729b7d1,Zigzag,24984071,14641127,24984271,14640663,760,96,78,40,1.531489667001981
6fb8220a20918a9adc88ada7d74aa2c8dfcf30ecf17813624697d92a92bf6893,FCBK,24954245,14551157,24954629,14551474,944,877,77,36,0.0009546432522153664
da0c1d434295eece968f8d3c6f8c68434dcad826b692baf21c5ee7c49a2dac95,Zigzag,24977546,14408402,24977703,14408454,717,611,71,35,0.32352716751992844
da0c1d434295eece968f8d3c6f8c68434dcad826b692baf21c5ee7c49a2dac95,Zigzag,24977546,14408402,24977814,14408364,828,522,75,37,0.3436508116648942
7892d9444dd8715eedad4cb02a2fc9a25082c1f9a7e3a2345a17e39f0bb03f43,FCBK,24961701,14685393,24961405,14685452,264,618,79,35,0.02666453839095769
ffd9c8cfbd7de3fb1db598adff77888decd36807095e8a7904d8eee9926ec103,Zigzag,24961701,14652207,24961942,14651800,800,153,46,104,1.1303733983619526
0297abe5ce6162c231534dc5fa41c82fa4dc1240e2c9c30f02881669f961fd8d,FCBK,25025082,14663277,25025459,14663110,937,393,86,43,0.13835788485472003
3aa9b3e41c453b288b6f531a2ee05ade10ae7a22f2ab3280e8a0b13b0f602bee,Zigzag,25012033,14448326,25011932,14448251,459,484,35,78,1.177311612574599
4ba4e75fecfd9fdfb99af2721cfe99fb5a0918748525e2d67f2a80f5ce09cbbf,Zigzag,24976614,14647172,24976690,14647048,636,437,79,46,0.653049576706816
4ba4e75fecfd9fdfb99af2721cfe99fb5a0918748525e2d67f2a80f5ce09cbbf,Zigzag,24976614,14647172,24977089,14647445,1034,833,77,43,0.6647688836627369
4ba4e75fecfd9fdfb99af2721cfe99fb5a0918748525e2d67f2a80f5ce09cbbf,Zigzag,24976614,14647172,24976521,14646922,467,310,58,34,1.107720683287793
acf9786a08fcdfdf4d4063ae40c21faf21ab9e3404998608d3566bb0d3ffc80c,Zigzag,25063297,14627013,25063356,14626687,619,234,58,105,0.2534438863265939
63686ab9d97bce3c5603aa939b79a5298221db47c9170979d522f56364814a32,Zigzag,25047451,14622978,25047132,14622719,240,301,103,54,0.6432204483345788
a2b15f6317535d0068d2e624f53ef9b6477dc7dd0ac2788fd6b402a811998dc8,Zigzag,25053044,14347767,25053388,14347743,904,537,34,65,0.09380159359866191
ffee9b761b31899dec6ffdee57361613dbf6ec84d5b36fa0741f2ebe356f4fda,Zigzag,25028810,14479973,25028555,14479969,305,556,71,37,0.34720523290328204
ffee9b761b31899dec6ffdee57361613dbf6ec84d5b36fa0741f2ebe356f4fda,Zigzag,25028810,14479973,25028388,14479960,138,547,73,38,0.496215454190318
9cae2352121c35eccf48b7662c9eec3689e25c8fd1bd690a65a632fa154cccd8,Zigzag,25036267,14463649,25036061,14463710,354,621,40,74,1.1677504647870511
4601807c36e0ebeb5954287f65aeb064344949893bded5cdd4946f1a795e4e69,FCBK,24912302,14497296,24911925,14497478,183,742,89,43,0.9225272574028273
0e0b07a00a8a29a05797114d669e3b076ec15290d42d5850a0c0b2424e8e6c84,FCBK,24927215,14475894,24926989,14475687,334,353,68,35,0.28170348760175173
0e0b07a00a8a29a05797114d669e3b076ec15290d42d5850a0c0b2424e8e6c84,FCBK,24927215,14475894,24927605,14475433,950,100,66,33,0.2956258279904135
3aa31dabad3088b5d778803657899d490144024b2730ecf3085ea087339ee834,Zigzag,24995256,14364239,24995408,14364369,713,690,73,39,0.12061070418610809
624bc64c545235cf85d8775954fd757ee75530222e92a2a093a10c0bf45970f1,Zigzag,25051180,14620960,25051583,14620843,963,443,94,47,1.5289621939694413
5a687af02f5d673ddb3f8f12a2eee4604e43e2d1bd7707f2e612dab74418b240,FCBK,24855446,14563322,24855298,14562846,412,84,78,33,1.2922690915567414
8eac7dad3b8734950d8b2754b5bd586a1551abb9854901140a0a791521f03422,FCBK,24912302,14639112,24912630,14638568,889,16,47,42,0.01227805999886288
17a190b06896ddc23e0a2ab72a6ebbe260ebb291e4a1e1184049d1404728b48e,FCBK,24857310,14520696,24857462,14520257,713,120,68,36,0.6595010178685057
30715dab4d1037328f65b55490f3f4020e1a2c5063353e6b15a965aa55e52f45,Zigzag,24963565,14657240,24963446,14657150,440,470,57,103,0.6296152238527182
30715dab4d1037328f65b55490f3f4020e1a2c5063353e6b15a965aa55e52f45,FCBK,24963565,14657240,24963192,14657338,186,659,37,89,0.1934367084070879
3cf3a55cedd4cad440a4c7bcd5d85a3bc15e1f33adf281f85e769daab93950b6,FCBK,25065161,14607836,25064779,14607657,178,382,111,52,1.23305490314132
3cf3a55cedd4cad440a4c7bcd5d85a3bc15e1f33adf281f85e769daab93950b6,FCBK,25065161,14607836,25065208,14608244,607,968,46,97,1.1565329639595283
3cf3a55cedd4cad440a4c7bcd5d85a3bc15e1f33adf281f85e769daab93950b6,FCBK,25065161,14607836,25064948,14607707,347,431,79,36,1.1029856494486594
3cf3a55cedd4cad440a4c7bcd5d85a3bc15e1f33adf281f85e769daab93950b6,FCBK,25065161,14607836,25064946,14608053,345,777,90,39,1.2927065157657869
3cf3a55cedd4cad440a4c7bcd5d85a3bc15e1f33adf281f85e769daab93950b6,FCBK,25065161,14607836,25064700,14607889,100,613,99,47,0.8766219502189679
3cf3a55cedd4cad440a4c7bcd5d85a3bc15e1f33adf281f85e769daab93950b6,FCBK,25065161,14607836,25064725,14607469,125,193,115,50,1.055780653073814
8e1da4d280c5086d65d9f73a94966a2a8c52254031076fb674b81b23f3662846,FCBK,24944924,14697442,24945370,14697502,1006,620,80,38,0.41729071120451583
959717194de7cc2b4061ab96ba83c38ff6dc06b473949dbfc74992911c56e6bb,Zigzag,24998984,14427868,24998712,14427547,288,239,71,36,1.3885736571059142
12894d84c82669af15c7c6fbc9a55b31a594879b5578e133521c6ac6821cad7d,Zigzag,25008305,14516629,25008644,14516229,900,160,78,41,0.19827295901240138
cc4c2c23305ddb77d3043917ca8a5152139a325be2428953e3a55a478d0fa1dc,Zigzag,24970090,14462628,24970340,14462751,811,683,77,35,1.5636818251008044
863e958bf858e5520f3087682c980d3eff23460807f4485a4428edbe5ace031a,FCBK,24945856,14702460,24946206,14702798,910,899,39,80,0.16592172697271623
dc0d72fc2fe390ef1fb28bfd56ba8c1d4322dd6b8d1f9468ca9f0c29da207429,FCBK,24877815,14601774,24877931,14602019,676,805,81,40,0.4660912739674548
dc0d72fc2fe390ef1fb28bfd56ba8c1d4322dd6b8d1f9468ca9f0c29da207429,FCBK,24877815,14601774,24877816,14601819,560,605,83,48,0.8512837035015727
4ab2cdc1f6803d1dbeb5a8ffd72ab6a7d8f099693f725cb0feeffe3e370adbe5,Zigzag,25037199,14514596,25037278,14514235,639,199,73,34,0.10243046023473562
1dfbacbf384d1091709b16aa84c56c43a473f8596d4e0307f8a26ce5aa950bf3,Zigzag,24978478,14340553,24978893,14340786,974,792,36,73,0.15798730455801593
1dfbacbf384d1091709b16aa84c56c43a473f8596d4e0307f8a26ce5aa950bf3,Zigzag,24978478,14340553,24978491,14340193,572,199,38,78,0.1186629597109866
a9ccdb3fb1a37c15b06eb924c902ac02679e5a2b54aa88da24aad8f6fe48c1c9,FCBK,24947720,14683384,24947633,14683281,473,457,40,71,0.2905044693456502
3459c13d8bd36d0840981f04b19fa548047b0e021b39eb38a0cfbb4d7304d043,Zigzag,25024150,14445259,25023999,14445013,410,313,79,38,0.07038615751068213
94c3758cb6033083b8ccd9de07db00befb10385c1ba95ba6c03402e9624fc05c,Zigzag,24978478,14653213,24978010,14652933,92,280,45,80,0.34038917169884686
94c3758cb6033083b8ccd9de07db00befb10385c1ba95ba6c03402e9624fc05c,Zigzag,24978478,14653213,24978948,14653426,1029,773,34,64,0.11446750727583825
7dcb37fbec174e95ac54ffb0460afd3282dd0638612726a559b9507fd53e5ad0,Zigzag,24895524,14498314,24895554,14498643,590,889,43,84,0.030246954029710425
84137345b6677febf97eab1d1d1e4da87227c376a6af1a68fe02bdec4b52f2c8,Zigzag,25012965,14534920,25013062,14534547,657,187,36,67,0.3974274909246462
a40c5fcc53f3a52e27d8ab44b16d4735f731c9eda75b9c6d1dd136abe6f52e77,Zigzag,25056772,14611875,25056924,14611646,711,331,46,96,1.1419078153591946
9fb61c5adcb081642cb6d8002d49da9b5f913b4912df2584fd836e2a2e64cd18,Zigzag,25033470,14462628,25033655,14462383,745,315,33,75,0.250678875969576
d51cf3826fa0661962505a90e2cd497d9cd875a1b94dde5ebfe6f24aaff474a7,Zigzag,25033470,14553185,25032984,14553204,74,578,70,43,0.2209965807505842
cea6baad1b181281167955dbb1af9f848fec08b4bb6111b387e50aa2f442762f,Zigzag,24997120,14457522,24997001,14457976,442,1014,39,78,0.3734747537643645
64c28ce7325ad4afc57caa0099823b528cd37e839986953b9eb05e847edb1800,Zigzag,24984071,14297185,24983989,14296829,478,204,46,93,0.3924771738008933
c52a54a1bd8499801d2c43d513106cacede02361356141810a2daea519b75146,Zigzag,24996188,14569401,24996403,14569886,775,1045,33,69,1.5609619386795064
1f5514ed24fd2b72a6f4769fd92a4b15ddedf13f31e7aef556c82c324e1bc644,Zigzag,25040927,14479973,25041189,14479739,822,326,79,43,1.56228033657715
a6e15538cccf6f3e0ead5e66dd928f933b0011ecd4eafa48a94c2bbcd36ed73d,Zigzag,25023218,14462628,25022675,14463158,18,1090,40,60,0.07513355840412782
93711defa7e060b7135728c4a7ea03ef83ee7930974743423070ed8926ca404b,Zigzag,25002712,14512561,25002179,14512635,27,633,62,42,0.15052942153087165
d90416920173c3f406b00b54613ff105ce011c58e6b009343042154d3aa57a36,Zigzag,25024150,14607836,25023994,14607867,405,591,35,69,0.16747792851094723
b68d0c456ec1c1a70019fc53af30559d9c5a3bd02bbd7d90d00647dadbbf186d,FCBK,24903913,14668307,24904042,14668502,689,755,36,64,0.9170464718794442
35431c1c67c3b24c7dcb2a7b18e4855f96ab68a3003ab54e95a049c6bfd386b4,Zigzag,25023218,14564336,25023474,14564606,816,831,65,32,1.4040783146562466
54b5d7d25bef3e47ab970629b071487cc8fab0fedb640f525150f04d0e40dbca,Zigzag,25018557,14443215,25018812,14442982,814,327,34,67,0.0197808328948345
1f7a01224dac3cf287737ccf8a7a0cc4ad3cb5b7a14661bd4a832443ba240532,Zigzag,25009237,14460586,25009720,14460188,1043,163,34,71,0.3615236186355522
de1fe09dda4fe28c4dbadbb5b4e2ce21a23461e855f2c93ae911dc2b561dcc34,Zigzag,25021354,14514596,25021421,14514691,628,655,82,41,0.04208726212587804
0bae74c20e0aa5e795d828c9bb2259cef0fe7b476d8a42bc5313767a26f9f477,FCBK,24957041,14581550,24956730,14581787,249,797,68,35,1.5324565276357343
9b89d5d311bacd9835b3347b5ef382181e41c13ba482701e0b70d2d729fa6838,Zigzag,25050248,14622978,25050298,14622944,610,526,93,46,0.2996998985365031
5bf21edc5ce6512c1c95eac7187ca03797241213d5c9d2a5226bf508e7ffe175,Zigzag,24947720,14700453,24948044,14700313,884,420,82,39,0.8868391011620297
fe9f7e8b394a37f98eb02e630484fc603ff888ecbe46dfc4f92a5d5c1d852e2a,FCBK,24937467,14512561,24937328,14512802,420,800,71,38,0.3813780171943109
a09e1dfcbe60ab39e3fea09ef66639100407eef1722bd1351aedd76b0e90022f,Zigzag,25034402,14661265,25034494,14661094,652,389,40,82,1.5611579473357362
bdd6438b9abe655cee29d64cded51376ef3831d5644134955d8bf71979b53c1b,Zigzag,25034402,14642135,25034755,14641746,913,172,39,86,0.20629148738327777
048fd0cac0e49a6d5a560c946adc58cc8441aa7c1b7c36575f43cd90f5ba9b72,FCBK,24902049,14508492,24902348,14508687,859,755,42,94,1.3093297009739526
ea81e98a0d2c764de41c86361eda9abb14a2234d4052b599b340b49a03907ef1,Zigzag,24974750,14332304,24974395,14331819,205,75,40,76,0.050902275399769874
484a256b554f0366888bf666a63bbfcec47353226b37aee406637c0eb9666cca,FCBK,25066093,14616923,25066609,14616568,1076,205,95,44,1.196787975416621
484a256b554f0366888bf666a63bbfcec47353226b37aee406637c0eb9666cca,FCBK,25066093,14616923,25065795,14616747,262,384,91,46,0.18155573092824234
484a256b554f0366888bf666a63bbfcec47353226b37aee406637c0eb9666cca,FCBK,25066093,14616923,25065823,14616971,290,608,51,100,1.311875549818014
6d80da3938ecee73082fd731923a6236d602f5ae3d956ee37f052af946af3235,Zigzag,24971022,14497296,24971305,14497478,843,743,36,72,0.1371350611506965
72b5f50e7f28c805ed70750cf924305e7b541a4667fcc9d2bcebaa1923feb364,Zigzag,25039063,14611875,25038824,14611555,321,240,36,75,0.19084506983703411
72b5f50e7f28c805ed70750cf924305e7b541a4667fcc9d2bcebaa1923feb364,FCBK,25039063,14611875,25039079,14611612,576,297,82,35,0.2990431963012032
72b5f50e7f28c805ed70750cf924305e7b541a4667fcc9d2bcebaa1923feb364,Zigzag,25039063,14611875,25038641,14611526,138,211,51,94,1.5652152732564721
b0e81e1b5289ae97e98823ae7baa8516bbca69266a1e2b01241cae63f5f32146,Zigzag,25052112,14343645,25052301,14343241,750,156,83,42,0.045843659165813205
5f9b92e5af89aaa76e469b2aabcfeb30a512eb0d26a46611caf375f48abd7309,Zigzag,24980343,14318888,24979916,14319213,133,885,37,79,0.2889151613861182
d81bd9eab88cca1b599dd3b522fbbfb35f41e830bc056d1fc6f8bc4e8ca0cd67,Zigzag,24975682,14329210,24975895,14328812,773,163,80,35,0.14297957622233556
5683f4e6dfc6a81f902ed52202c801d54cd6224f683d576c20b4b506788f5fa9,FCBK,25058636,14602785,25058454,14602828,377,604,103,49,0.07594385845529805
5683f4e6dfc6a81f902ed52202c801d54cd6224f683d576c20b4b506788f5fa9,FCBK,25058636,14602785,25058264,14602787,188,562,95,60,1.5041102404670945
5683f4e6dfc6a81f902ed52202c801d54cd6224f683d576c20b4b506788f5fa9,FCBK,25058636,14602785,25058363,14602637,287,413,105,49,1.554629740555625
c79f09ea278c6896572a039ce348e3271292f7685fc4d4a3ecd52c6680acbd03,Zigzag,25013897,14442192,25013547,14442505,210,873,41,81,0.7725588640450946
3af8302e299bf1d1213994bf4f28aba3c65ff7c96c00c11847e54bf5f32f5008,Zigzag,24965429,14587620,24965209,14587770,340,710,39,78,0.15476699352313528
1d43b4b2d272c0a0ca7b3be7bb5ace97293ff4c51d6cea3ef3775a2391ca7921,Zigzag,25029742,14453436,25029622,14453697,440,821,72,37,1.3186773964001306
285899e534393e9cc414d1b6307c8b6951f390ce4e9598149a3f56d234c7757d,Zigzag,25000848,14664283,25000334,14664362,46,639,43,85,1.3620918490164389
8d1d00a8a71e7a51c384922b009e9859880c880e9ddf893a30472d3bacd06f0c,Zigzag,25018557,14442192,25018828,14442476,831,844,83,40,0.22139585517701438
3a151232fef85add92dee790a7249fe877cce47e8582ad828cd7bb72318bce09,Zigzag,25030674,14522729,25030523,14522973,409,804,37,77,0.6225936664806697
d3afb8dc2baa8a1bc8e700541d146a70ae9873095a6ec6518e89164b8200aa2f,FCBK,25062365,14606826,25062457,14606943,653,677,47,99,0.9306970366788634
d3afb8dc2baa8a1bc8e700541d146a70ae9873095a6ec6518e89164b8200aa2f,Zigzag,25062365,14606826,25061993,14606610,188,345,110,52,1.2111804968957363
681b38229a88c37d8c3230067bc28579d324397bbf05d6a8274d6da017f17a73,Zigzag,25000848,14461607,25001080,14461873,792,826,70,38,0.4198878258995611
899073bfe887da88a97ec2aeb0ce447808e9c1aa833c80b7abe6cf26fce924ce,Zigzag,24907641,14634072,24908181,14633526,1100,14,64,38,0.7120119632411703
a48041ffd3467855120a40ef405e16048bc158d903647a66373dba0cc51f3783,Zigzag,25030674,14656233,25030300,14656525,185,852,41,94,0.12413867690592012
a48041ffd3467855120a40ef405e16048bc158d903647a66373dba0cc51f3783,Zigzag,25030674,14656233,25031198,14656213,1084,540,52,92,0.07569250598266503
8fb77210860e2715a71e5d4f4997c98fcbbf7394046d4d34b236ec0f0dde45d5,Zigzag,24993392,14562309,24992956,14562346,124,597,39,77,0.3685426127150514
a02b5b2ce2a266fcced9707d32992f33d2f859e3fe238a1bfc98ac3a50306d92,FCBK,25061432,14606826,25061831,14606698,959,432,113,52,1.1099918936444397
a02b5b2ce2a266fcced9707d32992f33d2f859e3fe238a1bfc98ac3a50306d92,FCBK,25061432,14606826,25061685,14606906,813,641,57,121,1.1361920058696122
637d8a6308a6028e30cf9f781008438b11c2a6a0371a636d3e10425ef8d0d5c8,FCBK,25063297,14606826,25063381,14606422,644,156,50,95,1.2180939299275273
637d8a6308a6028e30cf9f781008438b11c2a6a0371a636d3e10425ef8d0d5c8,FCBK,25063297,14606826,25063566,14606828,830,562,89,48,0.6800578251647729
637d8a6308a6028e30cf9f781008438b11c2a6a0371a636d3e10425ef8d0d5c8,FCBK,25063297,14606826,25062886,14606753,150,487,92,48,0.49709023602938174
637d8a6308a6028e30cf9f781008438b11c2a6a0371a636d3e10425ef8d0d5c8,FCBK,25063297,14606826,25063531,14607114,794,848,89,36,1.1991262308537105
637d8a6308a6028e30cf9f781008438b11c2a6a0371a636d3e10425ef8d0d5c8,FCBK,25063297,14606826,25063357,14606570,620,304,86,39,1.2362894454432758
637d8a6308a6028e30cf9f781008438b11c2a6a0371a636d3e10425ef8d0d5c8,FCBK,25063297,14606826,25063175,14606689,438,423,53,98,0.9208531943416036
637d8a6308a6028e30cf9f781008438b11c2a6a0371a636d3e10425ef8d0d5c8,FCBK,25063297,14606826,25062762,14606815,26,549,59,40,0.26874621021310746
637d8a6308a6028e30cf9f781008438b11c2a6a0371a636d3e10425ef8d0d5c8,FCBK,25063297,14606826,25063842,14606960,1106,694,99,30,1.542948450224265
f54689003988bd8a02e727aa29dfc056e2acdbcb3d2955cfdd77a6f01a7d6b65,FCBK,24878747,14583574,24878325,14583395,138,382,32,71,0.3884163191917132
a770eae73e046c7d57a040d54b8ab9dded874a8608baebf3594136ce2a250a43,Zigzag,25012033,14544056,25012038,14544408,565,912,47,80,0.4689658234690591
fc420cce40fe987a557525e6c8c7f9547887bfa1a6f88a2f46f0b96c9050678f,Zigzag,25007373,14501368,25007076,14500919,263,111,73,39,0.20111934558547806
c46444f1b65bee40d46931e73c94bb4076fdd7c3b58a57201e1eae135ef07dcd,Zigzag,24970090,14321986,24970613,14322177,1084,751,35,70,0.2372507017659353
b5cc18793e52373e745807fbebc5b54ffe9c00504c9582881e64014379d86125,Zigzag,24987799,14643142,24987673,14642795,434,213,84,43,0.10835043431138638
b5cc18793e52373e745807fbebc5b54ffe9c00504c9582881e64014379d86125,Zigzag,24987799,14643142,24987640,14643004,401,422,39,80,0.11306332230158032
0cc753f1c3b943d2768ed5541e428cf41ea2c9db75c68452ce0a2a2638af2ee9,Zigzag,24979410,14409428,24979601,14409905,751,1037,69,38,0.07746200175707614
7a900be9e8aa3754ccf0e087e56afeb190086fbebbdeaa25ca5c761a916d1aa6,Zigzag,24892728,14511544,24892801,14511216,633,232,31,70,0.035156722445272286
56153dcda83cf33702c00c13fcf5bcecb8a2582f896650c17ccb7dd7d2076c00,Zigzag,25023218,14598742,25023036,14598760,378,578,68,32,1.4315651997411178
56153dcda83cf33702c00c13fcf5bcecb8a2582f896650c17ccb7dd7d2076c00,Zigzag,25023218,14598742,25023330,14598758,672,575,60,29,0.09985768849652935
37558050d78e412d37956d7271bf9a58632c8da7944d801d1a55239b4e5481f6,Zigzag,25015761,14493222,25015841,14492994,640,332,67,24,0.01385791789771434
40715f77d437cb5995bf2faa85b61d2150e3047de65a5837340e7358698c117c,Zigzag,25024150,14477934,25024148,14478177,558,804,80,38,0.21334703334873828
ec879a4ec66575a16a0bc800a78ca7931545f2df75fbe7253e16295f63577634,Zigzag,25012033,14549129,25012241,14549271,768,702,75,42,0.8379268853703892
ec879a4ec66575a16a0bc800a78ca7931545f2df75fbe7253e16295f63577634,Zigzag,25012033,14549129,25012076,14548972,603,403,40,62,0.3183499157817871
ec879a4ec66575a16a0bc800a78ca7931545f2df75fbe7253e16295f63577634,Zigzag,25012033,14549129,25012062,14549067,590,499,43,69,0.036049905062992826
28202def4510f742515907585c2339ec5de260e8d14cb1dee049bc2c77ba151b,FCBK,24950516,14662271,24950152,14662155,195,444,47,87,0.7975433098116729
8fe7f7d56f170a29c7f3342d7881001d33e612697403652a20501831a5f659df,Zigzag,25122949,14231844,25122985,14232216,596,932,40,71,0.2200739618804399
8fe7f7d56f170a29c7f3342d7881001d33e612697403652a20501831a5f659df,Zigzag,25122949,14231844,25123000,14232354,611,1070,45,83,0.24533659146763387
1e772e5ea31b3c2079c91fe4f69508a131e9d50d4661c1addfa373fa680840a2,FCBK,25057704,14623987,25057843,14623584,698,157,42,94,0.37001717172111465
f24fca9a685b7ab7ee5cabef1f4007677f4b1ca8f4cb3a90017b320929eae052,FCBK,24875951,14581550,24876194,14581840,803,851,79,33,0.0202753631839108
6bbe25a523bd0af41ec53a811c5b86bacd460f9f9ade6ddf60b29f9a0b9a0fb5,Zigzag,25062365,14605815,25062684,14606220,879,965,115,54,1.1719594577318668
0d6bdd2b742d23803120337346e2388f7db960036febef83456b92f43c9fef37,Zigzag,24947720,14532889,24947877,14533402,717,1073,37,72,0.17043067508005896
03c13736711e371a80c5e7b24cd0a345439252563d439e39e7da323867ff6d6c,Zigzag,24951448,14661265,24951035,14661055,146,349,43,90,1.2072490053365068
86a6e3d5cda096ea6099002db390a96a55017852c6c689dc339ec4dd02b53fc0,Zigzag,24967294,14659253,24967644,14658924,910,232,45,101,0.39979171218236403
f61d83a98ab78fbe6792bd8a49f324ce98d80b18724430128d33efe4b2acabda,FCBK,24884340,14498314,24884673,14498024,894,270,33,87,1.5694739341556176
0c7c47c70aeb082e260e7921269f4e91881271e9aecc8987b84bd6abff6b5309,Zigzag,25027878,14443215,25027758,14443333,440,678,89,41,1.3168418126187935
4ee428c0ddffb973a6dd7aba2514d4da65687cf9fceb3dd9f153eb33d6b69279,Zigzag,24972886,14642135,24972932,14642426,606,851,75,36,0.22931564685047606
4ee428c0ddffb973a6dd7aba2514d4da65687cf9fceb3dd9f153eb33d6b69279,Zigzag,24972886,14642135,24972869,14642623,543,1049,37,78,0.18749289903868094
4ee428c0ddffb973a6dd7aba2514d4da65687cf9fceb3dd9f153eb33d6b69279,Zigzag,24972886,14642135,24973108,14641771,782,196,26,79,0.565673857923379
fe5b48590d849800dfb8628b3ee93d80bcd98b20919e5f2ad1ed13df3da3dfb3,Zigzag,25064229,14608846,25064693,14609122,1024,836,88,46,0.7567261716274917
fe5b48590d849800dfb8628b3ee93d80bcd98b20919e5f2ad1ed13df3da3dfb3,Zigzag,25064229,14608846,25064448,14608799,779,513,92,41,0.0390029595601056
b503c21682aadd2552de364701e6d303cde84bc80b01e72f03cf8cbffc59c73c,Zigzag,25014829,14457522,25014687,14457476,418,514,79,38,0.35983840358726366
c2ce7d4f4401575c4cfb7575dadd2892aebda375e1069cd1d09fb8ee0186d0d8,Zigzag,25030674,14574464,25030667,14574418,553,514,77,39,0.42862059743003994
39dd5859cee330144491c848550926bf4766f4da4d23a1c910bacb89ff7429b3,Zigzag,25020421,14559268,25020757,14559607,896,899,33,73,0.4848424580446482
c06731275b39c14bb857c4dd86c35378c77470bb5e68bffea6253914f277101a,Zigzag,25010169,14586609,25010430,14586641,822,592,40,74,0.45676448435583383
9ef871d33245cef31b04ce2718f3d22dcdcfbaa23a671a4e490a7f2a719bce33,FCBK,24922554,14491184,24922699,14491667,704,1043,35,74,0.24579853340346489
091b31265c0223df3d17983560d436b9a71c5aaeeaa3ef9dbf61b5ad7c925153,FCBK,24936535,14475894,24936338,14476436,363,1102,68,37,0.13838458304464807
e7885dfdcc4baef16b038b6ea15866cfd8ab4676191c4eea339f438c60edf741,Zigzag,24956109,14551157,24956585,14551437,1036,839,35,70,0.09343608306142695
ed8c04165da20d22ba5b6f0eaba0cf005942070bbd2df6725b7f442db31e369e,FCBK,24971022,14502386,24971089,14502420,627,593,24,61,0.03740261196561734
811b8547ccfd7b44cbef4e8fa4924f4186e694566fa20bd714e37113e5b61698,Zigzag,25043723,14628022,25043706,14628503,543,1041,44,101,0.1438438052855799
ae2daa54fd8c86978e5e8c8e8b9b76c3e5147f90b75f127d8c632660029e6bc8,FCBK,24964497,14463649,24964640,14463148,703,59,39,81,0.15840067709346664
11f6934426321b83634bee3d58021eabe1cdb248ae4d6f45717145725f9f9f2b,Zigzag,24992459,14317856,24992641,14317440,742,145,40,90,0.1519257168904002
55ec4139b99ab62d51b9f60a18f9c63b2372ce4c70bc6487cc7a5fedc44d81d0,Zigzag,25019489,14494240,25019677,14494562,748,882,41,81,0.0637954621523057
62bcdd1df54e2e138375ca0f8b60be6958fc5f72d2b16ac83cfc49eb0ff98f0d,Zigzag,24983139,14641127,24983183,14641611,604,1044,76,43,1.5429733507804573
3dbab41e1dda2d8187c5bde5d2b9a35f171f7579b8d2255e64c2c252e265340f,Zigzag,25016693,14466711,25016582,14466532,449,381,43,83,0.2689555513195445
d995055fc53032d44d6ffe970b6ad76f7bbc536c9c47e00770888e9895c30e34,Zigzag,25007373,14455479,25007425,14454999,613,80,33,73,0.10599105667790111
68cb104ddbdc14e0a188809cf3824c58587cc68101ba7b42e2851eb550efbd2d,Zigzag,24916030,14536951,24915989,14536887,519,496,40,82,0.4322345736083047
95d454ca874ee53b5b9883b91276f9da52988423c9731164b5497fc6054b6ec3,FCBK,24991527,14513579,24992013,14513262,1045,243,31,68,0.04303007108603652
abfea03ca716e944d9e6b24ad9a532b9b68a89b10c205fbafaa625d669b9545f,FCBK,24870359,14510527,24870746,14510879,947,912,82,38,1.4358448996128752
ba2bf90960c77844d76122918ec94899ca36ed30decc14695f98112c39723af9,FCBK,24961701,14493222,24961166,14493499,24,838,40,78,0.48315191667417956
5218497d15ff07cac0aa8c222b7f5ead1ecdaf8a9eb8747e6c84dbc96eb5fa34,Zigzag,25011101,14302356,25010584,14302156,43,360,80,61,0.13025276213652404
9d8ddcf5c65b36bb3e16cd87849b84b97ba4beab556cbf975e0e01ac4cad3d66,FCBK,24961701,14326114,24961434,14326416,293,862,100,45,0.07809550952375714
4d0f460b7bc031a6c511fa959c04bdc7f045ef28adf48c78126d89e4aff83bc1,FCBK,24896456,14500350,24896180,14500781,283,990,37,93,0.09324068193882079
658b27c2233e4517b626cb6b0f57acf5501180ceb2d80200020412032abb011c,FCBK,24876883,14602785,24876666,14602586,343,362,74,37,0.39561514322381997
e3a358535ce2333f879dda5633f514248b6fb664ee08919eb7d961c66895fd3d,FCBK,24899253,14487109,24899628,14486825,935,276,41,80,0.4350066579869682
e007b117612ca9354cdc5ab5488ac0a042f6dcee2d083109a5b2c9770fa1deae,Zigzag,24980343,14411478,24980766,14410996,984,78,39,73,0.864202964265656
e5e493036aaba703c75fe87e4fbfe3991bbc5659a4695d5db48fcf399494c1f9,FCBK,24970090,14648179,24970156,14648386,626,768,72,37,1.5668754878800273
2d0612e5e651a17633cff50723e9847ed671608f199bba7ff6db44743c41b18f,Zigzag,24969158,14337461,24969519,14337918,921,1018,79,39,0.19232690260182464
580835f582e8f03210734fce7d283d7e3429828d93c01be1f7e5ed0e1ec1e551,FCBK,24903913,14503404,24903902,14503487,549,643,40,86,0.25735993155150094
f826e883f8a224d1c3ef270a9037d9fff9d1eb39f38447190510d659abea93ee,FCBK,24968226,14659253,24968029,14659547,363,854,88,53,0.16096791445003258
f826e883f8a224d1c3ef270a9037d9fff9d1eb39f38447190510d659abea93ee,Zigzag,24968226,14659253,24967731,14659405,66,712,38,74,0.09238452558263076
e17820c1a0c1f13072eff37491a4858a2147b8a9e7c76d435cb2ed63f3c85381,FCBK,24911370,14496277,24911071,14496509,261,792,93,40,0.14208999719446502
476d650349fb3ca80ea84c627574d9ec6da3551d47f5f046db94125ff5739020,FCBK,25034402,14658246,25034942,14658290,1099,604,74,46,0.6410284670203618
18e9119def697fa68d52fcbdd054e2a607556d9aaff7919b41ff43e1e028e639,Zigzag,25005508,14516629,25005379,14516347,430,278,80,44,0.7733964947869517
178d1e85b4490e4cf189e87663813860fb7b426100047d38d07298f99a253d77,Zigzag,25018557,14494240,25018099,14494113,102,433,87,43,0.09253183168042577
0f11dfc91d96c4d8b9f35e7ff92f2c93be7587395af1682b987b112ba8dc68a3,Zigzag,24979410,14336430,24979349,14335947,498,77,35,69,0.3223693582360164
cff3221d348ce31a7d6b0121a1a92903a7cb99d57e96de5b14505a634c3f952c,FCBK,25026946,14642135,25027450,14642301,1064,726,91,42,1.4038540764924619
cff3221d348ce31a7d6b0121a1a92903a7cb99d57e96de5b14505a634c3f952c,FCBK,25026946,14642135,25026907,14642559,521,985,34,70,0.22985986381923373
c6964363222700f35029ad7e018a8bb2fc4b3e56845fa0ea2e38c92163343bbd,Zigzag,24977546,14316823,24977705,14316790,718,527,91,42,0.089902317966244
2325f7a90e66bf90b5646567de74b0bb79e87d90fd35d6389b72bb97c96f8470,FCBK,25053976,14637096,25054314,14636728,898,192,43,93,0.22377565592710916
c5b776d5372dbbc25b028640ffd975c5338e37af4d4616179b801f7cd5d2be18,FCBK,25059568,14638104,25059776,14637973,767,429,114,64,0.39431825035197865
c5b776d5372dbbc25b028640ffd975c5338e37af4d4616179b801f7cd5d2be18,FCBK,25059568,14638104,25059268,14637745,260,201,102,55,0.30252001968332887
c5b776d5372dbbc25b028640ffd975c5338e37af4d4616179b801f7cd5d2be18,FCBK,25059568,14638104,25059986,14638068,977,524,59,100,1.54901526434552
3751f2875e4ce760e30f984ed8e171ecb8152bf0aee60cc0b6089ca9a95b14d6,FCBK,25003644,14507475,25003949,14507737,865,822,35,66,0.3857006605386458
af57cfe756c2b5f12f82a3b98409b6e0562067524e792c8984cec9c09a2e555c,Zigzag,25029742,14476914,25029475,14476556,293,202,43,79,1.2446034348923396
451aa889640f05a28db242f06d5e59e61c153d4bb18423716c098b8dbd652203,Zigzag,25081006,14222481,25080643,14222525,198,605,68,38,0.13487573515041418
95842d72554da63eb50f35546600d9f7f9701b8b2e67bce92d3e52fbdb8c305e,Zigzag,25012033,14468752,25011874,14469166,401,974,45,83,0.38389473771394944
95842d72554da63eb50f35546600d9f7f9701b8b2e67bce92d3e52fbdb8c305e,Zigzag,25012033,14468752,25012052,14468761,579,568,73,40,0.5052239294726473
6bbfa5c8cde971dfafeaea7fef90bee9beb0676e3ae013d624f3d1f9b1cee146,Zigzag,24959837,14588632,24960007,14588208,730,136,44,68,0.38993941430864315
bfac1ed6258f26f4884ede845bc9b478bbcec877149137ab3fc68b1436aaf380,FCBK,25002712,14453436,25002200,14453977,48,1101,72,36,0.24332024562730764
3f5cc50dfbd82ac74a7da5ddffee532bcd4a0b1f4d6166e6bf55434f7689c27f,Zigzag,24981275,14338492,24981344,14338780,630,848,30,78,0.23839586103466934
e22df897464f135102d4c090551d311497c7d4867e3814eab1b97a79ba076394,FCBK,24895524,14501368,24895392,14501357,427,549,40,88,0.4041248417234911
54b32fced8a4739700816b257aca128c08d1562e6dbbac853849de9092d15551,FCBK,24942128,14553185,24942664,14553314,1096,688,33,68,0.13920752478861778
359b8784ab4321cf38048b104814eebd4dc38806f9cfcebc9b051433f7bf8806,Zigzag,24978478,14339523,24978595,14339549,677,586,41,96,0.03917947720610741
0811fd421542d39aa3837a76922d8462b1c3eb5ef352b8e401cf655858374e4b,Zigzag,25011101,14507475,25010912,14507861,371,946,40,76,0.2692844850036829
6784a3f76e08219f154762d33c48e8533b7dafb4168c94b64a4fe60973f6b355,FCBK,24967294,14323018,24967122,14323361,388,904,81,41,0.35952648084458816
d5e0397a8c5f0d8f3e13f9d33726259bb53d9a1a83e876db764c1c34cea49b4d,Zigzag,24995256,14556227,24995262,14555904,566,237,87,45,0.28974670014698184
243effb1f7d32e950cf048cb0e037c116570a04bd28cad36417bb193c8a6ed7c,Zigzag,24982207,14642135,24982589,14641724,943,149,36,75,1.0222631062794856
243effb1f7d32e950cf048cb0e037c116570a04bd28cad36417bb193c8a6ed7c,Zigzag,24982207,14642135,24982187,14642445,541,871,47,74,1.5647099384396295
243effb1f7d32e950cf048cb0e037c116570a04bd28cad36417bb193c8a6ed7c,Zigzag,24982207,14642135,24982196,14642331,549,756,42,81,1.43981793648511
0a2794c11c2384d5224afc0276649019531cec7dfe2799a11d19ddaee07adea1,Zigzag,25026014,14610865,25026254,14610936,800,631,73,42,0.32742437088012316
061d454fecb72553d956355540c44ad02cc22493a29329e9e66ee37683f88829,Zigzag,25125745,14217276,25125204,14216870,19,154,45,81,0.15557053580303945
0d953585906340d027a8e513b96089f60ea0c19aa1572e8788a2552f34b25a06,Zigzag,24990595,14653213,24990272,14653219,236,565,34,68,0.8750864381134555
ad3e2b4454a531b326eb9abf8d7bb567e5dfea0264dc69a74a11809ef43cd15a,FCBK,24943992,14504422,24944213,14504270,781,408,37,83,0.09967408850650361
e3f858c56e7e11259a53ed32eb2722ad770850cf3d8905aacf2127b42cd91379,Zigzag,25030674,14494240,25030757,14494726,642,1045,39,77,0.4134032616718135
66170e8cc56568632e71a7648159b2582a3862231d93aec4f4cd6e164271885e,Zigzag,25053044,14615914,25053324,14615643,841,289,66,33,1.540948283087561
abe636ac77c808b7e8c2e911e773e7ca4ef7d773782ea012d9cb8c46ca7217a9,Zigzag,24998984,14597732,24999025,14597470,601,299,39,70,0.007982962166607573
ad942ea3d38ae7fd5a36781a7eed0ce626c6baf32412e1e77b5fb2a98cd95467,Zigzag,25008305,14587620,25008764,14587195,1020,135,65,31,0.22860058809778977
d2ab8ef1081cdc2172a5fcf05e7a6d5f8152627d4e1f1ccce23bfc465a5a7fc0,Zigzag,25023218,14599753,25023223,14599824,565,631,78,38,0.18867401098213107
d2ab8ef1081cdc2172a5fcf05e7a6d5f8152627d4e1f1ccce23bfc465a5a7fc0,Zigzag,25023218,14599753,25023241,14599267,584,74,30,57,0.083507377431556
d2ab8ef1081cdc2172a5fcf05e7a6d5f8152627d4e1f1ccce23bfc465a5a7fc0,Zigzag,25023218,14599753,25022788,14599306,130,113,37,69,1.567434751708944
2fb6e5c77979c3623b17047a55b7c535d645e4bc84a009f91b9da3f3a32175e6,Zigzag,24961701,14549129,24961905,14548901,764,333,71,36,1.5539759345080106
63f200cfb09dc96709e3e51d10d87798a83c2b4c02d5bb83e516c0b3e3e28cb1,FCBK,25004576,14501368,25004789,14501813,773,1005,72,41,0.12300572656630838
7f99e2696aadfad0733afd67f0a00bd6d11edda07bbf9ad6b8fd1ed8a268c9eb,Zigzag,25030674,14564336,25031046,14564307,932,531,77,39,0.23578005427772308
83beff4329d288869eaaf82cc874ef2ff11ba8b933b1344bcc2247113e305aec,Zigzag,24975682,14406352,24975589,14406251,466,460,40,78,0.26750770714816613
46d3a41b5a13a6a0dbf8eaf5de33d382466b0c4aa5c027e367faae691d69cbf9,FCBK,25060500,14638104,25060117,14638032,176,488,104,60,0.1985444183512645
c57d8bb444318ba8dbdec2cee50802b0a4061195e92a14964a896ca72a82790b,FCBK,25034402,14602785,25034777,14602418,935,193,61,38,0.5857822554711041
6a29db701d087a7a19d1857146689492a695a7c090a8df3d04bab9875545e823,FCBK,24950516,14703463,24950222,14703870,265,967,38,87,0.44472589767472603
2abf5801c4069d19d14edb8ea7b6f1ebf5b54d0bc851139a65bc6223b1fc9879,Zigzag,25014829,14464670,25015056,14464363,787,254,76,37,0.18095425599604795
2abf5801c4069d19d14edb8ea7b6f1ebf5b54d0bc851139a65bc6223b1fc9879,Zigzag,25014829,14464670,25014485,14464486,216,377,38,72,0.25174743606745664
5cf0be2e3f6dac4f418bc7e13a3970c4f39f0c26356ec6f87cc81dfbe1a152a9,FCBK,25006440,14488128,25006848,14488114,968,546,70,34,0.05507525741322069
636241da5a11fb447d410e8deb0401a3cdd9b99d340dc38e59ad2d26b1d02124,Zigzag,24999916,14477934,24999541,14477873,185,499,75,32,1.474252209905671
d9e37c66b6a3a857191142f5ecf5c9340c07fad076c6e93f49d19c903a2e9a9e,Zigzag,24994324,14366297,24994711,14366436,947,700,87,49,0.18236729598093038
7d107b713f90d97ed19cbd355cfe4ab4d04c06d65e73a425896964d2e738cb1e,Zigzag,25014829,14452414,25014397,14452188,128,334,38,77,0.16444250743474537
7977cedc3c74f000dee043e3b76508b2ed7bb51add165341d29ccdef3c519599,Zigzag,24979410,14410453,24979586,14410533,736,641,36,76,0.21092874992089183
7977cedc3c74f000dee043e3b76508b2ed7bb51add165341d29ccdef3c519599,Zigzag,24979410,14410453,24979669,14410639,818,746,73,38,0.39214204826722043
f43f1f9a64a78c66e806a03b7b703a8efe3057fec9b4ebf8b801b240eea37d30,Zigzag,25025082,14509510,25024854,14509788,332,838,72,36,1.519524084224255
8849e9f79e226038d93e9e8ac4c2bc9c3bc86ba5e9dbe59ffaa72c15c63110c5,FCBK,24967294,14657240,24967588,14657113,854,433,79,34,0.11159578738289218
9f150ebf6fc719856c0c257fb4e054bf2de34f45a99f985815aaf09841a3965f,Zigzag,25081938,14198519,25081673,14198356,295,397,80,36,0.0001255202404853347
7beff34063c9db8edca369208d6a04462e558d2c420373862421bd2013a5d905,Zigzag,25021354,14512561,25020993,14512933,199,932,77,36,0.2171198504412695
cfdf0aa4eb7e79520a977536dfdf3fdec9538862b85fd359e4508c412b077475,Zigzag,25009237,14516629,25008965,14516226,288,157,42,72,1.4141734262423555
bd0e6e1105a31e384044480ead02f407baf2d1c01373031348de2f7652294dcd,Zigzag,25001780,14482012,25001888,14481827,668,374,43,84,0.041346670316240626
59b8cb1bf9004236a95ce4be37c853c263b6f623c79ac99855632d322d73683d,Zigzag,24973818,14453436,24973424,14453142,166,266,80,36,0.09168680234416521
b4e18041e57841f2d81716d49a7c733bb7079523b56e68399a7bacbe17bc24ad,Zigzag,25033470,14469773,25033473,14469532,562,319,38,77,0.7838482036430221
893ba6f0833d0f47615c295ded416fcf3b59a316cedaeedfe2505c5a1616033a,Zigzag,25032538,14614904,25032593,14614898,615,554,42,80,0.28645866159662914
893ba6f0833d0f47615c295ded416fcf3b59a316cedaeedfe2505c5a1616033a,Zigzag,25032538,14614904,25032738,14614465,759,121,37,67,0.3769296060674971
b0357c520b25f6e91ef9a802e6c4fd9412a2079c67bc873a5da89b3fa6be025f,Zigzag,24995256,14687402,24995305,14687205,609,362,88,40,0.7957422139664523
b0357c520b25f6e91ef9a802e6c4fd9412a2079c67bc873a5da89b3fa6be025f,Zigzag,24995256,14687402,24995414,14687361,718,518,70,34,0.9325671749753444
121c98608ef1a6b42b5bc38f890ebf7b004e3a6ff57a5ba5e323c934dff8cf27,Zigzag,24971022,14331273,24970594,14330932,132,219,33,76,1.5525165222306472
26f2908889f4306cd05422a06606290461ee951d57ec6c17314e63c574b746f6,FCBK,24895524,14499332,24895276,14499300,311,528,77,44,0.5252914807871533
39b55c74cbfccc5d54a2e2b7ba22f18f2fa827b21ede8b451ad9d42ad5c57b76,Zigzag,25027878,14656233,25028012,14656074,694,401,38,65,1.5693082855358147
48ea1eae67511a9774e02bc2c9eba4db26e902d6eb5af42e8732e39a8cd14b85,FCBK,24818163,14555213,24817631,14555331,29,677,83,36,1.5631522555180422
16e98d22ad349d12dbbeb7ab880a56e211a0f28c2449eef7a5cdfbb836904fbf,FCBK,25034402,14611875,25034589,14612215,746,900,40,79,0.3806382909120278
16e98d22ad349d12dbbeb7ab880a56e211a0f28c2449eef7a5cdfbb836904fbf,Zigzag,25034402,14611875,25034210,14612253,368,938,69,37,0.13419057038096405
16e98d22ad349d12dbbeb7ab880a56e211a0f28c2449eef7a5cdfbb836904fbf,Zigzag,25034402,14611875,25034543,14612319,701,1003,34,73,0.5504154761948518
16e98d22ad349d12dbbeb7ab880a56e211a0f28c2449eef7a5cdfbb836904fbf,Zigzag,25034402,14611875,25034869,14611770,1027,455,82,45,0.25214644417777776
ba1718fcda11e8f727da713aa5579dd365cc40a8429182dc4a8fe57b111441f4,Zigzag,25001780,14576489,25002059,14576243,839,314,72,37,0.1828616286135195
c758969d526c15acff09d8a8af5bfd939564065d82fc5cda31780839edf12697,FCBK,24905777,14492203,24905637,14492061,420,418,96,50,0.6363657380048238
ad065e6eb8c4c4408916bca199fea992c15eb33732849618e7dbec40d3dddfec,FCBK,24918826,14499332,24918722,14499054,456,282,87,37,1.570177674473671
d99c2d5f742165526a9c212373b7b5031e3375c56d8866f0125245863c05d913,FCBK,25062365,14617932,25062098,14618301,293,929,38,79,0.6213076925692977
d99c2d5f742165526a9c212373b7b5031e3375c56d8866f0125245863c05d913,FCBK,25062365,14617932,25062278,14618162,474,790,48,95,0.20362646208043544
d99c2d5f742165526a9c212373b7b5031e3375c56d8866f0125245863c05d913,FCBK,25062365,14617932,25062054,14618172,250,800,50,102,0.5292359552566969
d99c2d5f742165526a9c212373b7b5031e3375c56d8866f0125245863c05d913,FCBK,25062365,14617932,25062663,14617531,859,159,51,89,0.8212526340483214
45d0e329210ab5e4807a3a2aafb1b9fa569e4fcfe63a6e90c5ec5caecf48bf3b,FCBK,24963565,14334367,24963871,14334492,866,685,76,38,1.5689148034847555
2189edc2683553c65ff32a2687006f252e660e647e500331904410c921c712b4,Zigzag,24966362,14554199,24966512,14554080,710,440,37,83,1.224798704287911
0b8a8dd12ffb1bd5ba4cee684ef702c2478215d68ccc5dcf005dcf52b00b0e41,FCBK,24830280,14572439,24830565,14571959,845,80,76,46,0.5654763845285496
5955e6e9c7983c1540b1f5b451201018cb6ea4682eb7d44f1e63fb7f7df1fcbb,FCBK,25052112,14609856,25051723,14610154,171,859,38,101,1.2013414482484386
53ed4aa2c92ea617d700b5c6987f494bd463bbca2dfad20778bb54d6c2386561,Zigzag,25012965,14461607,25012974,14461303,569,256,84,47,0.36676119097238374
dc7de0f2918ee12dc9b2be17f12516a14f56522f3b28cc0151eb1831bc129061,Zigzag,24969158,14554199,24968982,14553760,384,121,33,74,0.20501343637614872
95334a2b9a6c4447245bd0397ece765da588aca3312bc43589e964ac7e257a88,Zigzag,25003644,14521713,25003373,14521639,289,486,32,67,0.1274316922385599
ba9f6a383c8cbf472457080a49b9f63ef137f955f6a027ad779a6f998c11df44,Zigzag,25000848,14455479,25001130,14455707,842,788,30,80,1.5564746454007774
589fefdada438ab04d694f2a4b21937b8de14a8eeae73c4ac25666d3def25bdd,Zigzag,25028810,14442192,25029173,14442032,923,400,43,81,0.18204420460643334
983f904c53bc0424210e8554d8727dd6e506d15c53521302a304459e7bb64133,Zigzag,25000848,14667301,25000466,14666856,178,115,38,82,0.2045157914369538
06064458cc95ecd82f6baf13eead7d1c493e938af857a66c7e399c20b4034753,Zigzag,25032538,14471813,25032650,14471335,672,81,80,43,1.3054047341593937
0cf02e2508cd506def50d39d27d01397383096304abdd2bf4785c271503b3249,Zigzag,24970090,14629030,24969931,14628752,401,281,28,76,0.026363586623616524
168ecb28996256d637c1059477ed045f6a908a6abac20cee7bce97937d3593dd,Zigzag,24977546,14649186,24977751,14648915,764,289,49,93,0.7518821479207466
168ecb28996256d637c1059477ed045f6a908a6abac20cee7bce97937d3593dd,Zigzag,24977546,14649186,24977823,14649090,837,464,42,81,0.6738109147748013
168ecb28996256d637c1059477ed045f6a908a6abac20cee7bce97937d3593dd,Zigzag,24977546,14649186,24977577,14648755,590,129,53,87,0.5694633364174799
950aac5044ac032faded23ca65e8e7d54948598b1a80847d11877df31639afe5,Zigzag,24941196,14564336,24940935,14564338,299,562,36,74,0.2644130473824668
d6eba8d12477df539e7dfc3174fd9388eaf3c988edc981f2ffbb368b4e78ed30,FCBK,25060500,14619951,25060192,14619720,251,329,51,115,0.04568848009804565
d8a04f61f59709cd9c1c3506e6363caa8ed39495cf32d36e160b5d0d841a0e9c,Zigzag,25053976,14601774,25054502,14602013,1086,799,44,90,0.03358065747037958
d8a04f61f59709cd9c1c3506e6363caa8ed39495cf32d36e160b5d0d841a0e9c,FCBK,25053976,14601774,25054498,14601902,1082,688,49,103,0.16328231795060916
233e3a347a74e9dd4f667b355b86ab2807e655bf2425fb45c8e7a7577ba954eb,FCBK,25007373,14465690,25007416,14465570,604,439,74,39,0.352484250684578
b6759cbd5aba968fe84b7dd2f333b93fe423acf8de1776f5fdfda04357606754,FCBK,25032538,14446282,25032536,14446401,557,679,68,33,1.3513887377534648
15317ef8ba9f301bd7d4d7414e6a1821cc076e1e6867b4fc385d76a3ab4900ae,FCBK,24976614,14663277,24976725,14663111,671,393,96,53,0.1970551786696922
15317ef8ba9f301bd7d4d7414e6a1821cc076e1e6867b4fc385d76a3ab4900ae,Zigzag,24976614,14663277,24976457,14663539,403,822,61,119,1.1692024202133622
15317ef8ba9f301bd7d4d7414e6a1821cc076e1e6867b4fc385d76a3ab4900ae,Zigzag,24976614,14663277,24976739,14663424,685,707,54,88,1.0695930714884827
15317ef8ba9f301bd7d4d7414e6a1821cc076e1e6867b4fc385d76a3ab4900ae,Zigzag,24976614,14663277,24976277,14663150,222,433,43,86,0.5032169379856499
15317ef8ba9f301bd7d4d7414e6a1821cc076e1e6867b4fc385d76a3ab4900ae,Zigzag,24976614,14663277,24976161,14663636,107,919,45,85,1.161915611996742
15317ef8ba9f301bd7d4d7414e6a1821cc076e1e6867b4fc385d76a3ab4900ae,Zigzag,24976614,14663277,24977111,14663120,1056,403,90,61,0.3928476527980369
2894d3d7a475320efba28286ccda9603cab183c0f95cad1f4c39016cc82851c6,Zigzag,24887136,14495259,24887153,14495065,578,366,35,76,0.7659435718973377
985f36605d3524b3cb0016a83f3b46df1625b71c97c7bdf1d7ddf179d61ce357,Zigzag,25012965,14466711,25012721,14467038,316,886,43,84,0.42933815289624816
985f36605d3524b3cb0016a83f3b46df1625b71c97c7bdf1d7ddf179d61ce357,Zigzag,25012965,14466711,25013122,14467019,717,868,45,76,0.523923548093234
e504c25d95afda7081e7ccc56aea57025f0a123cbfc665ddcd005b91e92f9ac6,Zigzag,25021354,14556227,25020966,14555732,172,65,43,80,0.8277346349835197
cebcbf5b0fa6b1408a3a3f31ba496fe9b0741776cf3c3e10d89b26529ac10856,Zigzag,24974750,14557241,24974979,14557462,789,781,37,78,0.17283171453984714
f08ae9ba9fc55d209656b5f1019b1e307c336fd9e9c775f167373a82e95e4af4,Zigzag,24985935,14623987,24986158,14623706,783,279,71,40,0.2537481524811355
e8523f0b1ec4c459b1efe2242e7f12c8c7015052ca6b827e9624ddb1dbcb4b51,Zigzag,25081006,14194347,25080950,14193883,505,96,83,47,0.23733577311800647
1c3b01eac660403505123e43867c93c1484922d9cf53244afec5dce9d9e802f7,Zigzag,25118289,14214152,25117860,14214494,131,903,45,83,0.11113106577267333
c259081a4d52ce495636ef5bafed105598f04b1ec6c96bc90410d2a4ac734154,Zigzag,24887136,14516629,24887541,14516557,965,487,73,34,1.0216766116284228
b016c53cbfcb94026d5948b4a5950dd6c6dd408822a9c69a9c1aaf2e5782ed98,Zigzag,24948652,14474874,24948248,14474729,156,415,73,38,0.20941902054368275
a24885e720fb6a94a829a2a07f57b68e72c07ff17123f44894130d9462a8487a,Zigzag,25035335,14599753,25034930,14600106,156,913,46,72,0.2388462847987858
7d3cf819ec961704865b7a9f60c91118f769b1ce7353c4504daef97c1ad98ff2,Zigzag,25030674,14546085,25030666,14545615,552,90,75,40,1.2758959771749343
a03803f4d92d701a6ba16093face876926d6845fe742524c9051703264f7e91f,Zigzag,24985935,14324050,24985924,14323555,549,65,45,84,0.12026858785457378
ff12b6674f26e24b2b219ce90cc2069da53ea6644890c8118e3d46bb97591be8,Zigzag,25028810,14515613,25028323,14515558,73,506,31,73,0.15097120666620217
3a3e47531f5e577965805af5d0e2518b461c16acd5a08fa770cc2e81894863a9,FCBK,24862902,14578514,24863142,14578393,800,439,88,41,0.23487236575444
3a3e47531f5e577965805af5d0e2518b461c16acd5a08fa770cc2e81894863a9,FCBK,24862902,14578514,24863015,14578459,673,505,38,73,0.7190129476937979
32ca2953d949be08aa18008db73b8bfd3c617c58d8fc1ce74af8d1a52517ed34,Zigzag,25036267,14643142,25035896,14642687,189,105,41,86,0.1405899717104779
2d86b9740f45dc2a63ed3b059d371a734c5c1a3ac7f1c488d54854627cab708a,FCBK,24900185,14505440,24900485,14505117,860,238,41,90,1.0551221199152647
2d86b9740f45dc2a63ed3b059d371a734c5c1a3ac7f1c488d54854627cab708a,FCBK,24900185,14505440,24900047,14505307,422,427,96,39,0.018409165533605384
2d86b9740f45dc2a63ed3b059d371a734c5c1a3ac7f1c488d54854627cab708a,FCBK,24900185,14505440,24900509,14504901,884,21,85,41,0.31744913483258147
73390bb81fa0bd6b18f0e26985d1abd6a8c2b7942cc3641dd779056477f4afa4,Zigzag,25019489,14570414,25019465,14570546,536,692,71,33,0.5105097716042366
ec0f7dab7ebb2dfcba3c9762b5472332e1b0dee0f642bf0536672042d9df27a2,FCBK,24915098,14503404,24915465,14503865,928,1021,42,84,0.08091545590063638
b1e92f72cbf4308c164ddbf9b0c85d662b74c80e5dadcbd9212120d353e50ff8,FCBK,24889932,14505440,24890297,14504959,925,80,84,33,0.5865248113620454
2e8c6641b7a9f2d2ea12f29566975338d95b8c306d7a50c3524cb87d8484344e,FCBK,24970090,14442192,24970479,14442708,949,1076,69,33,0.9874641129476381
1c1cb81d88040ca9bfcfe50435e1e012a7be79de33482bd8fe323d38c9dda712,Zigzag,25004576,14465690,25004702,14465225,686,95,78,42,0.392336658763878
8bf2d947e528341221493d6b6410bd5b8e274dd3ec2e9eab3f5561007d4e8963,FCBK,25034402,14652207,25034871,14651990,1029,343,95,49,0.4934479970540485
8bf2d947e528341221493d6b6410bd5b8e274dd3ec2e9eab3f5561007d4e8963,FCBK,25034402,14652207,25034056,14652590,213,944,79,38,1.2377243566386105
8bf2d947e528341221493d6b6410bd5b8e274dd3ec2e9eab3f5561007d4e8963,FCBK,25034402,14652207,25034466,14652263,624,617,85,35,1.5687700606795096
9a2dd1b33a2b3f1d3b2701f0eedcb12dcb781353a684f2148563165784963bf4,FCBK,24874087,14566362,24873725,14566041,198,239,39,79,0.4350376838136676
96ea37c84fe34978e89e058cfb5291ffd67aba4b651826dc8b1b71ea10ded97a,FCBK,24854513,14516629,24855040,14517057,1087,987,30,62,1.5598371525931116
6b784bffbfd1bf55a8a496960046f91b05d60a730cd3f1a82ed267f76bfe45ba,FCBK,25060500,14604805,25060160,14604614,219,369,47,94,0.1678096418694734
6b784bffbfd1bf55a8a496960046f91b05d60a730cd3f1a82ed267f76bfe45ba,FCBK,25060500,14604805,25060205,14604740,265,495,46,102,0.002122190239011568
208109b8f0913a23ffcbe91ac8bf79c0d9b9fb252133696a76566f6cef0701d3,FCBK,24953313,14657240,24953404,14656959,652,279,42,87,1.5221162720712835
af435a795b0e2bf2c735b696532df378a4198d184043ba87247fc3ee0d3409c7,Zigzag,24975682,14638104,24975498,14638622,376,1078,65,37,1.5655578889307107
af435a795b0e2bf2c735b696532df378a4198d184043ba87247fc3ee0d3409c7,Zigzag,24975682,14638104,24975445,14638199,323,655,72,36,1.5465935188082565
93a14f296b75a3610b278c2e6890601ace5f28b07c3656384ea6109c22b54497,FCBK,24971022,14316823,24971458,14317081,996,818,42,89,0.10411353643177368
da5aa12901a09150c357a9dc8252cfc1306042e2885a64e23d0d81638a4a0caf,FCBK,25033470,14611875,25033272,14612261,362,946,79,42,0.4797587165502823
da5aa12901a09150c357a9dc8252cfc1306042e2885a64e23d0d81638a4a0caf,Zigzag,25033470,14611875,25033452,14612414,541,1098,72,39,0.30955329496417366
ee04f95a6a52b5eb07147d8850c3d5903c4f21efe8143d7706682ed7ae72a884,FCBK,24993392,14505440,24993322,14505005,490,125,74,33,0.42446460139091674
d87fd1180a363f80c45cd04ee8b93b249f34ae0f2a7e252417de26f439e46991,Zigzag,25028810,14661265,25028904,14660836,654,131,52,91,0.10081699241068953
d550f0c090493a435b27d193e33693ca16594e6545f87d5eba047f9ced553abf,Zigzag,24887136,14579526,24887330,14579612,754,646,78,41,0.5703607551258094
d550f0c090493a435b27d193e33693ca16594e6545f87d5eba047f9ced553abf,Zigzag,24887136,14579526,24887599,14579148,1023,182,40,79,0.2924080636033253
ae6a6d2b37a5c0714afd4e3cb31a3ee658ce4026b1ef28e3f575df0a19700b3f,FCBK,24870359,14608846,24870800,14608839,1001,554,79,34,0.49272591421398715
ab7383d8ab6adcacd8b2457b5501d79977d282e4f9156e0f4165b8a1f50aa5d3,Zigzag,25039063,14653213,25038974,14653619,471,966,37,84,0.19986731033324773
f287dbd336459c49b97a82a16a02b2c2f3e6bbe34a1e046cc8dd42236dce35e9,Zigzag,25024150,14454457,25024360,14454660,770,763,78,44,0.1691397909654271
2e5e35f9b25e87270b020bfb1e61833ef407c09d5497f95c4905ace2ffd7d07d,FCBK,25053044,14623987,25053215,14623794,732,368,48,91,0.4056039281034075
2e5e35f9b25e87270b020bfb1e61833ef407c09d5497f95c4905ace2ffd7d07d,FCBK,25053044,14623987,25052886,14623722,402,295,38,80,0.00012678445365282406
2e5e35f9b25e87270b020bfb1e61833ef407c09d5497f95c4905ace2ffd7d07d,Zigzag,25053044,14623987,25052774,14623437,290,10,122,54,0.3607789655052524
7f8846a9e8ddf61c7953dc678aa12b0295b4eaaac7845dc3ddb8c9796e2792aa,Zigzag,25026014,14516629,25025481,14516310,27,240,36,68,1.2782190525938104
ef8b7fcb271338a4fef0031d9398a40ae4fd34ecf59492c85c7470565776c544,Zigzag,25023218,14488128,25023750,14488371,1093,803,41,75,0.9524848236099923
ef8b7fcb271338a4fef0031d9398a40ae4fd34ecf59492c85c7470565776c544,Zigzag,25023218,14488128,25023544,14487731,886,163,36,72,0.10848475749886727
ef8b7fcb271338a4fef0031d9398a40ae4fd34ecf59492c85c7470565776c544,Zigzag,25023218,14488128,25023417,14488241,759,673,36,76,1.5642622610603871
b126c8e952ebea433ca75e860301128b5b6aae2962e386570c59dad8f14b9572,Zigzag,25005508,14464670,25005382,14464138,434,29,79,37,0.4497477206737476
36ddc6eecad8fbf56679a5e5a251911033ffe7a44bf2527f508cfd3a9b124088,Zigzag,24904845,14631047,24904701,14631271,416,784,28,60,0.06575648082098555
6eff01da17e27e57abb6c68cdbaf812b72bd9a2a3fb7849ac91a48a28d349839,Zigzag,24999916,14491184,24999870,14490966,514,342,72,37,0.3073715668201535
19f8ea0639c1937a33c37b847dbb8fe6def1fa185c1098e7a11539c5eb705d8f,Zigzag,25045587,14599753,25045886,14600073,859,880,34,70,0.39026125732637923
8f4a9dd7dc933a86ac1c41916a90a8ded10617473761f556e362c772fd0c5e1f,FCBK,24969158,14662271,24969559,14662546,961,834,73,46,0.17033942852321013
6148250ca62e3a7221868e83161ef043dbf12ae22ba2dc48cb1a25c2043caad3,Zigzag,25047451,14570414,25047755,14570961,864,1108,73,28,0.0626921436410103
5002c07ee13c7a2103b176bde9f0be76a69272fc1281f1819e2507e744e22879,FCBK,24891796,14500350,24891284,14500359,47,569,43,84,0.3576662961126814
a522dc46b34f89613d90db45c07b641927e342d02f8f385fde27400677e383e1,Zigzag,25039995,14465690,25040519,14465299,1084,168,73,36,0.2717095095580387
165c49dd39cb8e7f406cec8bce13d74621bcc6fe571f86d147a45b52667c28e0,Zigzag,24897389,14508492,24897148,14507968,319,36,36,77,1.045707978619889
676239d764f9b6e541a2b1e25dd4d8ccd0f72c8d19dd81b23f40bdc7acca7433,FCBK,24955177,14490166,24955162,14490132,546,526,29,69,0.30677588426333
0e004e01a3cfa3604f774d558f0f4de272ac3157e9328e177651e89154f110d8,Zigzag,24945856,14568388,24945404,14568499,108,671,31,71,0.08468604259575463
6d080a867d903bb8e3a1356201a3ef6c6882eaf336ce1d57bc53e2167a7294ea,Zigzag,25027878,14528826,25028424,14528786,1106,520,45,80,0.5601786247510823
2fdb63e48a48f28aa992cfccb700bf6cb8dc43f03f6af0743166a099db3d8373,FCBK,24969158,14334367,24969389,14334670,791,863,39,93,1.5691253263689264
bdac58d7188329fe18ba55062ec18161666fd3863920f03279e0498186add146,Zigzag,24975682,14637096,24975319,14637421,196,885,66,31,1.5685884330931663
4ed03ae09338de7782e5c0f333840714e99dc20883b7ae9427c5de9433de0924,FCBK,25052112,14620960,25052024,14621218,473,818,47,93,0.35384149744462323
c36cc8c972eafce549b233b755aae71d027d5f7fff61cca9ed0019bf2b65ee87,Zigzag,24972886,14334367,24973263,14334545,937,738,39,91,0.21391826475780348
c36cc8c972eafce549b233b755aae71d027d5f7fff61cca9ed0019bf2b65ee87,Zigzag,24972886,14334367,24973009,14334841,683,1034,39,72,0.021006814941463274
c36cc8c972eafce549b233b755aae71d027d5f7fff61cca9ed0019bf2b65ee87,Zigzag,24972886,14334367,24973182,14334826,856,1019,40,87,0.017391277276949977
8f62d7d7379d8e0da4a94b545cd60a32277a5ec8a43a88951df595973d4b6df0,Zigzag,24985003,14412503,24984643,14413017,200,1075,82,37,0.4532615619950254
8f62d7d7379d8e0da4a94b545cd60a32277a5ec8a43a88951df595973d4b6df0,Zigzag,24985003,14412503,24985361,14413007,918,1064,66,32,0.5866737486460081
54371f4a68c212df70792de770592372f7237e59c711b1a5156df2ba47b06e6a,Zigzag,25028810,14490166,25028743,14489725,493,119,36,75,0.43600384536763476
acc4ba118ee02951d8785bde459bc7fa1ae5afa2ebee99780b9b8b2f34fe7cde,FCBK,24820959,14542026,24820708,14541756,309,290,36,81,0.18633660442763894
da749130ad3a49aa2ece5a563c68694a3b2c430ba29919aac47b77b23d4dbce0,Zigzag,25026014,14479973,25026052,14479909,598,496,44,89,0.8135666179842982
24273ecd30e6c7d9f8c95cb2d645ea569a87e7283f881cb59227d2dbbd683ab3,Zigzag,24967294,14337461,24967544,14337373,810,473,45,93,0.056245953900095104
24273ecd30e6c7d9f8c95cb2d645ea569a87e7283f881cb59227d2dbbd683ab3,Zigzag,24967294,14337461,24967240,14337114,507,213,84,45,0.09893225666248363
24273ecd30e6c7d9f8c95cb2d645ea569a87e7283f881cb59227d2dbbd683ab3,FCBK,24967294,14337461,24967351,14337223,617,322,40,78,0.25650870204332754
24273ecd30e6c7d9f8c95cb2d645ea569a87e7283f881cb59227d2dbbd683ab3,FCBK,24967294,14337461,24967299,14337366,566,465,40,85,0.14735195410002766
24273ecd30e6c7d9f8c95cb2d645ea569a87e7283f881cb59227d2dbbd683ab3,FCBK,24967294,14337461,24967122,14337271,389,370,40,86,0.11539980507206932
24273ecd30e6c7d9f8c95cb2d645ea569a87e7283f881cb59227d2dbbd683ab3,FCBK,24967294,14337461,24966988,14337245,254,344,98,40,1.5607547447466983
fb8db5d01fd09910e6c3d1437c96cca3f0473f8fd79c36e5dfa0c1cbc9751cb8,Zigzag,24971022,14320953,24970940,14321346,478,953,73,38,0.10426439618514825
fb8db5d01fd09910e6c3d1437c96cca3f0473f8fd79c36e5dfa0c1cbc9751cb8,FCBK,24971022,14320953,24970987,14321141,526,748,39,80,0.09480617125135343
156abf434fa5229c20b08044dd4b855feaddaf9ec8c000b900d654bf0bf8a607,Zigzag,25017625,14498314,25017541,14498685,476,931,71,35,0.2962462446558611
14e37d694c108f0730c1c6cbc31d64d06b5d020ef7dc7f99f5e8d1706048fe1d,FCBK,24996188,14560282,24996657,14560368,1029,646,60,29,0.14576599173661503
784171782b800ddcb93fed9fe46b3e5c8f61ee19e94e78eb0cde319b6f354b2f,Zigzag,25025082,14469773,25024928,14469898,406,685,74,41,0.46963900401360387
bd68e1d93cdad9f3bcd334fe4ba954ba57d570bf6d5c5d18cacd02d481aaad28,Zigzag,25029742,14497296,25029745,14497190,563,454,80,42,0.0900405277044407
bd68e1d93cdad9f3bcd334fe4ba954ba57d570bf6d5c5d18cacd02d481aaad28,Zigzag,25029742,14497296,25029685,14497294,503,558,68,40,1.5585292741817736
605ec124c186bcce751f98b0d5963b07c4dc79f3e4c6c5f3e44a4132ef35a3cd,Zigzag,25004576,14444237,25004429,14444112,413,435,37,69,1.5642799710816362
946c0315c160f2b2c24f729e00ccabb237c5bb4e07a9b7a081c1e2c642e40a19,Zigzag,25049316,14613895,25049502,14614130,746,796,37,75,0.608161863375476
946c0315c160f2b2c24f729e00ccabb237c5bb4e07a9b7a081c1e2c642e40a19,FCBK,25049316,14613895,25049207,14614090,452,756,53,111,0.0012162252282816191
eea5b1676c15950dd9be100dc2af69acb74ce8e2de7f8099700e5dcd155661e9,Zigzag,25009237,14508492,25009191,14508463,514,530,36,75,1.3260824489691505
39988fc344e15fdd98ea3cba945b2514d8c3a552393c5110d23014fd65c0cdf7,Zigzag,25142522,14234963,25142111,14235483,149,1079,41,87,0.8618344819501941
39988fc344e15fdd98ea3cba945b2514d8c3a552393c5110d23014fd65c0cdf7,Zigzag,25142522,14234963,25143007,14234749,1045,345,76,44,1.2255222851560854
39988fc344e15fdd98ea3cba945b2514d8c3a552393c5110d23014fd65c0cdf7,Zigzag,25142522,14234963,25142734,14234575,772,172,93,43,1.4959373985558047
03c40c533e964dbac42b820e366916e7f7bdd1d54c4edae1c83c5ae1a58d5310,Zigzag,25088462,14230804,25087937,14230486,34,242,39,71,0.0033091389005050795
8727341a409dacff22cb54861947d5f8536328855b3748cbea2250dceab17459,Zigzag,25001780,14524762,25001998,14525031,778,829,30,70,0.0584115782418987
29c1711ce5b04d6ef0f4aa1155cc3d0c1de3814aa2026cb5622af5fb911ed53a,Zigzag,24998052,14596721,24997818,14596499,326,338,70,32,0.12251567163622015
184432a3ef3e816cec6f338d7708410d11a458b401647cc5627e6ed4fa8bcb62,FCBK,24954245,14489147,24953721,14489536,37,950,76,35,1.5157077743821714
2cb4b6ebdd7cdf7a2cf622f63bc3aa9bad277854d42b61e9586203106f50eb96,FCBK,25056772,14602785,25056894,14603226,682,1001,91,48,0.38468423181910344
0375c67e0a6ea1a4dcccc59ba155f67c73372404804775d181bf6fbe6894df46,Zigzag,25036267,14604805,25036024,14604703,317,458,68,37,0.1253211204299153
0375c67e0a6ea1a4dcccc59ba155f67c73372404804775d181bf6fbe6894df46,Zigzag,25036267,14604805,25036282,14604478,575,233,33,76,0.27625877126638243
0375c67e0a6ea1a4dcccc59ba155f67c73372404804775d181bf6fbe6894df46,Zigzag,25036267,14604805,25036103,14604366,397,121,84,42,1.5541957784559968
0375c67e0a6ea1a4dcccc59ba155f67c73372404804775d181bf6fbe6894df46,Zigzag,25036267,14604805,25036220,14604626,513,380,43,89,0.3217386551108585
0375c67e0a6ea1a4dcccc59ba155f67c73372404804775d181bf6fbe6894df46,FCBK,25036267,14604805,25036210,14604949,504,704,36,80,0.6255356605368803
66ebb5f9d46d88d1311072d9ad81fd13b3e534ffafd049ea61e8e4b5012edc4e,Zigzag,25019489,14443215,25019380,14442971,451,316,77,41,0.15087305253527591
4452c032baaa998abc8288375147ea7b645da72e612d47f0771444793b248258,Zigzag,24919758,14500350,24920074,14499816,876,26,39,78,0.5680919416141437
5dbeff6907831f539489999e00406f50e1a2f0da395b52e8f49e68015025b5bd,Zigzag,24979410,14320953,24979533,14321133,683,740,36,81,0.3132836512820749
b7de80050685858e50a290d65a0454338c05cb3a52e07f1b3c0f3de60e02b751,Zigzag,25015761,14521713,25015914,14522217,713,1065,80,43,1.0438449642793242
cc52d87e3e6270940236d1ebb3245b1f0863bf51ef3351f431b535016b7d77b9,Zigzag,25060500,14606826,25060050,14606459,109,193,47,94,1.3199527842461696
cc52d87e3e6270940236d1ebb3245b1f0863bf51ef3351f431b535016b7d77b9,Zigzag,25060500,14606826,25060019,14607019,79,753,123,54,0.11004002693071671
a435845b4307eef57f3b5968c5cf18a9064edf25becf6f2abe08df5fb3c0e089,FCBK,24999916,14663277,25000105,14663708,749,990,77,35,1.0135809348097182
1e24cb225d155ae6a3f4ec78317aa3d43468e1a6ff4f2f98937d8e59140048ce,Zigzag,24991527,14362181,24991546,14362092,578,471,36,64,0.7937523665789724
1e24cb225d155ae6a3f4ec78317aa3d43468e1a6ff4f2f98937d8e59140048ce,Zigzag,24991527,14362181,24991444,14361716,476,95,63,38,0.22470693007079623
1e24cb225d155ae6a3f4ec78317aa3d43468e1a6ff4f2f98937d8e59140048ce,Zigzag,24991527,14362181,24991555,14361759,587,138,72,36,1.5545658246894631
1e24cb225d155ae6a3f4ec78317aa3d43468e1a6ff4f2f98937d8e59140048ce,Zigzag,24991527,14362181,24992023,14362258,1055,636,41,79,0.04952112676894115
d6c335e939a262f05ef2de57af9a4e8d1cd23de06fe5320f89bf2d1cd397cea9,Zigzag,25035335,14604805,25035456,14604672,681,427,34,71,1.2957611615361078
f00ee62bba7001f8589adda29930b328f7f380bec604d66b609b9e2c3514f4ce,Zigzag,24977546,14252625,24977410,14253094,423,1029,51,95,0.2457949048464797
0147e907ee88583e2469fc302117895a4e5d8550fa10b795bdd018dfc66f7872,FCBK,24817231,14543041,24817454,14542588,784,107,32,64,0.11465838102459125
04737b96d2f02fb5ed6ec7f80111630dc77ee5eb0ffe16dbbd20533a55d06b13,Zigzag,24978478,14666295,24978470,14665963,552,227,76,37,1.2431948889917968
ba3ea09c43a499d5fb8d5d0fbaf84aeefcf02801f2d9ff6f36cacd49d47d0062,Zigzag,24994324,14364239,24994252,14363771,488,92,80,38,1.5361443399552217
ddbb3f1b52d3348bf769b318cfe2e17da7740b4b344b5cb2fee6305612955f6f,Zigzag,25009237,14300288,25009303,14300339,627,611,87,42,1.528392410654219
3c40a1e193edb1a77e1011870392c376fff265e8e4f57b08ef903903fc9709bb,Zigzag,25039995,14610865,25040340,14611139,905,833,82,41,1.3520200400898683
025560dcb96137d499431af179b929e45324f1a74a5d3a7bb18a4f13e52a383d,FCBK,24960769,14513579,24960389,14513993,180,974,75,33,0.33832152671802296
9538c8ae4d33ed946ae3457f64d7f5814c9a337e300e02aac8c497dcdb63856a,FCBK,24925351,14499332,24925484,14498927,693,155,78,43,0.35938356896259177
1d5c193040078da64a076554c4275ab3b3501904edfa60809a551a94f666f4fc,Zigzag,24904845,14495259,24904461,14495625,176,926,44,92,0.3886884942551193
1003841325531348d60610ea8b8336d6f3c6725c54f7315c9d4ead9f8c29c34d,Zigzag,25026946,14503404,25026967,14503699,581,855,74,40,0.9184721951690182
bd145717c8b6a1c56642b00044ed65f128282c0a8e3f0309ab2c4a6a2d8acc23,Zigzag,24914166,14636088,24914386,14635594,780,66,58,31,0.015483660189612723
886bbbf80e3bcac5a8ed7afcbf05407175bf6e68cdf64dcd835f8b7e1a42b78b,Zigzag,25006440,14452414,25006884,14452525,1004,671,32,74,0.048698792558595126
4f0b82d9c3375c73539f997e7c335d2ba3185c7c1f87ef5bb2f34aaa20f0ef34,Zigzag,24940264,14475894,24940355,14475551,651,217,39,89,0.23625998919566896
8f5e953749624d925bf1d1c74ae109b718229918a7b07028d762defca72ae3b4,FCBK,24971022,14686398,24970770,14686055,308,217,78,32,1.5537695395235296
2e676b5d5e6b57815e79b507fea506ce4fba02da5862016e18797e5f80b1d94e,Zigzag,25022286,14569401,25022258,14568953,533,112,64,33,0.14317245566428455
5c06353affaa31887fcf477e463216cf9a457a862c246fd97cec6dbede19a5b9,Zigzag,24995256,14427868,24995294,14428332,598,1024,73,35,1.4659942799975534
54f971475c705114e2c2cafe6d9155d618bd90fe5b96f747af303114755a09c1,Zigzag,25017625,14556227,25017659,14556281,594,613,28,71,0.37728753491800376
1b298288c3a8f55bd47525fdd9f65b770d806f8db7240221fe28bca930d6b8a0,Zigzag,25029742,14455479,25029885,14455882,703,964,39,82,0.06397138890944067
cf68b9a78c91a1007eb358ecf856f9670bca12dbaccc5a844437c877e9e9a008,Zigzag,25084734,14229764,25084244,14230028,70,824,72,43,1.5636216376601686
09121becc8bf1e507dd8199f6ccf88f4becefd180e6fb7fd3799be1304768bb8,Zigzag,25040927,14476914,25041401,14477299,1034,945,77,46,1.2403808598259645
b1dad7aaf26b9fd8ae70ce35f9e2348c236ee374448e7072561f3b7471019ad6,FCBK,25057704,14602785,25057809,14602455,665,230,55,104,1.3268497056792024
b1dad7aaf26b9fd8ae70ce35f9e2348c236ee374448e7072561f3b7471019ad6,FCBK,25057704,14602785,25057551,14602544,407,319,49,104,1.0201805808860709
b1dad7aaf26b9fd8ae70ce35f9e2348c236ee374448e7072561f3b7471019ad6,FCBK,25057704,14602785,25057518,14602332,374,108,58,113,1.2160401000948584
b1dad7aaf26b9fd8ae70ce35f9e2348c236ee374448e7072561f3b7471019ad6,FCBK,25057704,14602785,25057381,14602643,237,418,96,45,1.5006330841898325
6dddd1543e974c8436017e21050f966d2bc2431ac824c61cc421afef0321e44b,FCBK,25001780,14485070,25001471,14484818,251,308,79,40,0.34813467612371973
1cad42b3eae05def7eaa817b42d65aa98d35884aff7cb1a6196bcfb4fa67422d,FCBK,24963565,14692423,24963887,14692135,882,271,77,39,0.17249214485610523
5e9b8fa0a1d02f89f68b546cb5a6a00b15d3d45361134cb8861729e66e6a8358,FCBK,24969158,14327146,24969274,14326718,676,132,41,88,0.1765801470636473
53fdfd16054a204721bcf8190731f9db61a0fea0c31b450adf26292f9f7d6b81,Zigzag,24968226,14336430,24968214,14336889,548,1019,33,83,0.0986306952809242
1c52fc70080d25dd82d8ea1c60f26547d9139f91845ce6d8d767cc3486471936,Zigzag,24974750,14636088,24974964,14636099,774,571,39,72,1.4096612324074342
1c52fc70080d25dd82d8ea1c60f26547d9139f91845ce6d8d767cc3486471936,Zigzag,24974750,14636088,24974865,14635894,675,366,36,64,1.5633602483991773
d601f504720b7e31673f7de6b226f9424159b8affcea91730c60e18b77158aed,FCBK,25055840,14602785,25055847,14602519,567,294,104,47,0.49684006533448244
d601f504720b7e31673f7de6b226f9424159b8affcea91730c60e18b77158aed,FCBK,25055840,14602785,25055651,14602496,371,271,48,104,0.3640062839827513
d601f504720b7e31673f7de6b226f9424159b8affcea91730c60e18b77158aed,FCBK,25055840,14602785,25055318,14602556,38,331,84,49,0.22967212760713995
1ea67278f6378dd069331d822bca74ca8b1f2a308a7cfe7cf08d5b6319b1fb2c,Zigzag,25020421,14601774,25020764,14602259,902,1044,82,41,0.1722083850419573
bfd31fd346a28ee460db9946d77631698db6255b29606243edbc4c0c7061777f,Zigzag,24968226,14503404,24968018,14503383,352,539,34,79,1.4431832399965887
0c884d90320d110cb7caa46ff14a7b4e338397f4e3a1110edba16264b9757002,Zigzag,24984071,14580538,24984030,14580921,519,943,33,66,1.5599322274440273
5af94b2d1822857b78c3b600892935b3205ede50c1382d59bc302a83fbb16f99,FCBK,25081006,14193304,25081042,14193649,596,905,43,92,0.2777862273095974
15d8440347f50e6fd963fda8d71aca7d9f96a91fbe5049d8b2bf36dd578787eb,Zigzag,25025082,14336430,25025560,14336000,1038,131,53,99,0.3819784934410965
75086e1f0096a48007f6b8d4b724361b050713baecfa8539d5f2ad140fe10025,Zigzag,25015761,14458543,25015396,14458624,195,641,44,83,0.25602517185791007
7b4abe3e5b79e407817bfba433ae8e50e54ab7cf439f38d90702728bccac74f6,Zigzag,24952381,14509510,24952042,14509585,221,635,84,42,0.20018439295053528
7506ce6024de71dec300b424ec3ad9abdd45c93adb9f7507709ce78b23c28314,Zigzag,25020421,14321986,25020659,14322341,798,915,76,39,0.06560944936167797
7d310aebc46305206c4f910ce0c2fa7ca6c26e4f8ce81d2223527b1c164b5f27,Zigzag,24985003,14320953,24984490,14321205,47,812,88,35,0.09038937684010585
a36a6fbe251bc13b061b34a95e9bf74d23c38c70a77ee5e0f7b1a8e268d67157,Zigzag,25004576,14445259,25004613,14445233,597,533,33,73,0.09559220324709032
79c0aa518035b7895dc82274ed43ce352e706b11226f0a476f38b4f56e74575e,Zigzag,25029742,14446282,25029314,14446084,132,363,45,87,1.4806824123576674
9325db22e9cd96c63e12b0bca294d84b619e554b1fa12d5b5b26f90bfbabfa0b,Zigzag,25036267,14470793,25036335,14471090,628,856,34,72,0.1347478035495495
753be43c1051e1d957ccf7a8f495dca9f7ac6f54255086e31e102f8f743ba77f,FCBK,24965429,14328178,24965437,14328608,568,990,53,111,1.2135645587035753
69fffa66e52cc662057fb8ff7ded7b551f3aa486a455af5e2793774a646ef4aa,Zigzag,25050248,14613895,25049709,14614321,21,986,47,99,0.2073999782527528
73ac954a776b6d39e92054e1b8dc3dbeb67add60c4150f02688127932dd07d0c,Zigzag,25005508,14435032,25005183,14434808,235,336,69,31,1.551675229642291
2398ab8c5996b1baf7356609a0d6d84722f97f01ce0bee299229d7a927954253,Zigzag,25028810,14501368,25028565,14501540,315,732,36,78,0.08609412244310678
2398ab8c5996b1baf7356609a0d6d84722f97f01ce0bee299229d7a927954253,Zigzag,25028810,14501368,25028667,14501374,417,566,38,85,0.001855534342897766
2398ab8c5996b1baf7356609a0d6d84722f97f01ce0bee299229d7a927954253,Zigzag,25028810,14501368,25028718,14501534,468,726,34,68,1.5540682130397818
4db9f2df1a9978b2fecefeda132d003308ae7a32279c7feb45cb2d767bddad69,FCBK,24958905,14515613,24958597,14516006,252,954,69,32,0.35125243881187546
0ec0266d2d1ef3fb7a3a0e12b2d7451698996740c47cac2b6acfbfbf0d9cca75,FCBK,25033470,14667301,25033259,14667269,349,528,82,34,1.48747999788204
97ed55eee2073fcd5af0547041cef3a496da156e6864a533af423fe8aefba61b,FCBK,24893660,14499332,24893940,14499013,840,241,37,88,0.6044069393965187
a2b1d08718692671b61406b2f6943f3d52afdb8104c922be94eb01304ba9da77,Zigzag,24957973,14513579,24958237,14513211,824,193,75,41,0.8813107782131887
3d4accd18811e53f2ef9251acf99211c910a629007ec6146edd6198efd403bbb,FCBK,24915098,14498314,24914824,14498525,286,771,46,91,0.5984166911566035
3d4accd18811e53f2ef9251acf99211c910a629007ec6146edd6198efd403bbb,FCBK,24915098,14498314,24914989,14498033,452,279,84,44,0.5629982465552037
8dce3ea615ba106bc754fd239749f686026096b90fa5b3ea0a313ab4ce385626,Zigzag,25038131,14461607,25038177,14461140,606,94,78,38,1.296436272872443
0fc1c2af6fb3ee1bdb073e020f7a1acc933a9f44ee7ff3e48dfe3b061e39f4df,Zigzag,24990595,14367325,24990158,14367542,122,776,37,80,0.3294925152036514
fc1e48a84e3c2b622a0de4a72ba80eb496770425c88cb11c4880ed2e3ee1eef8,FCBK,24970090,14331273,24970082,14331024,553,311,90,49,0.2982078625357862
fc1e48a84e3c2b622a0de4a72ba80eb496770425c88cb11c4880ed2e3ee1eef8,FCBK,24970090,14331273,24970265,14330888,735,175,96,49,0.2039554456988443
ba11b8d2080959e0a67016ce503fd475614e8790e0c994b4059423ff74206de0,Zigzag,25025082,14477934,25024855,14478204,333,830,38,83,0.0016852168688087925
1d8c613fc0f84f87595c052f5562000cc322d7890d056aab724a6e1f7e0f9e39,Zigzag,24960769,14586609,24961161,14587031,952,982,33,73,0.20443210159969807
4e6107a767a77e7119cd362d72577e2d4d1c83a8e8bf2a3b6979785f83a3900f,Zigzag,24979410,14253663,24979235,14253672,384,568,44,103,0.26639901654160936
460860cb72037e68d0cc0e0cd5b78090d56d66eb3b8519c4743af369cdd84e79,Zigzag,25125745,14236003,25125211,14235615,26,172,79,46,1.564055866075906
e36b01395b923afeb3781ae8bd18f579212b67d0956464df529e960214eb6a9a,FCBK,24925351,14509510,24925311,14509779,521,829,78,37,0.4005118642306351
e36b01395b923afeb3781ae8bd18f579212b67d0956464df529e960214eb6a9a,FCBK,24925351,14509510,24925325,14509513,534,563,32,69,0.46730620805674894
f8cb0bc4fa8524002df6f07120cf977d0ac19dc3552fae4649b6222891872fd1,Zigzag,25037199,14609856,25037433,14609363,795,67,82,38,0.35038634553586806
52a25e5e5c2051b1c0d070cfce8238a5b36b4d933662fa1371dc0e22e3b34134,Zigzag,25006440,14592677,25006061,14592466,180,350,71,29,0.31557190586969824
ed031927e6ed10a98b7b950bdb016b97c3b3d0ffa9c625e81275b7b8b838ecbc,Zigzag,24986867,14507475,24986385,14507843,78,929,72,36,0.0846605261835603
5b21ade60438a75886571758a392efe0762bad0ee88393ca70cc20a6edecd282,Zigzag,24988731,14303390,24988642,14303705,471,875,53,89,0.25756804094593383
0846f29c4d28f1df5c468b83efaff7b2dcefd990bc2cc9043b727fb9bb83a350,Zigzag,24974750,14451392,24974388,14451335,198,503,78,39,0.2368737479583914
3b2bfa2116338ca9a011d4c5213484ba31c0024b21e7a3be815342be9229253e,Zigzag,25012965,14530857,25012547,14531202,142,904,67,29,0.8480277893318691
281a53d8bb3c4c26aa301905d6cda3b4f46fffc610d3791da0f2f96e90f0f47d,Zigzag,24921622,14500350,24922137,14500677,1075,887,39,86,0.21263898203867032
6f019b819c9779efe73c22d45eb216fbd4c4aaba74a08a8f71e2e2c7ee12276c,Zigzag,25012033,14545070,25011677,14544982,204,471,40,81,0.06125809797302989
5b93738ea180042fce6814494bbacf4fac04f893493f704bd6510176ba115ebb,Zigzag,24975682,14645157,24975678,14644971,556,374,82,41,0.12172218278943106
5b93738ea180042fce6814494bbacf4fac04f893493f704bd6510176ba115ebb,Zigzag,24975682,14645157,24975623,14645580,501,983,65,36,0.16880409951002262
5b93738ea180042fce6814494bbacf4fac04f893493f704bd6510176ba115ebb,Zigzag,24975682,14645157,24975647,14645343,525,746,37,74,1.5659871904984315
0eaccfba42f3d9923b8ccd64195c239104dfed48e243351e0cacd2c405d9f1a3,FCBK,24926283,14492203,24926500,14492001,777,358,39,86,0.2928840703586633
30a7bbd7f874cba4fc70b0f86b565e7bb0ab08c0c01e350d17232d1fc503227a,Zigzag,25013897,14549129,25013353,14549262,16,693,77,38,1.3475267546986867
374d56af81823ba418da1ad5623dadbfddbb8a0da7a31e2767af63a0cc3a6c19,Zigzag,24967294,14336430,24967621,14336692,887,822,83,33,0.0036686994573280527
c2fa7062526c54db0b712a54ff92d51db5034daa02ba1b43448075dad4daee3d,FCBK,24948652,14495259,24948974,14495195,881,496,85,39,0.4727169191539493
43219564a0daf0322c0c06d090ec0b33d6803fd103ee41eb400ef32ab0b88298,FCBK,24891796,14504422,24891957,14504145,721,283,36,84,1.5614096160587487
1d57e1997840e681050f07d438903cc3ffb3b254fe8ebe1f77c86637bf06a511,Zigzag,25026946,14448326,25026868,14448419,482,653,39,96,0.2106554929482929
d710be310dba044e2c81df92f3074b4dc24dcd9490a523afefdb1f133a3fbf21,Zigzag,25004576,14301322,25004345,14301156,328,394,45,83,0.08973613671422305
d710be310dba044e2c81df92f3074b4dc24dcd9490a523afefdb1f133a3fbf21,Zigzag,25004576,14301322,25004524,14301357,508,595,44,88,0.15077856025084854
da08c2522e80eed376b4547aecdc317c457a86ce8aabfed3bde8dda8d6580f5d,Zigzag,25025082,14450370,25025432,14450880,910,1070,41,79,0.5950688313502649
f87a23a2693bfc82415f091c6bc27b619b59ef508293a7cc43c3a9749cd4b2f5,FCBK,24959837,14495259,24960191,14494780,914,81,32,63,0.1513917530918393
f765a3dde0ca93d2f6f8f3ca50777a7b10ed83278ae2bd5344e095bc359f8c71,Zigzag,24969158,14338492,24969141,14338714,543,782,76,41,0.3438199223941142
f765a3dde0ca93d2f6f8f3ca50777a7b10ed83278ae2bd5344e095bc359f8c71,FCBK,24969158,14338492,24969469,14338325,871,393,86,43,0.33866963516200993
f765a3dde0ca93d2f6f8f3ca50777a7b10ed83278ae2bd5344e095bc359f8c71,Zigzag,24969158,14338492,24969314,14338648,716,716,78,47,0.31129653363471227
c85511ecbf6e2e9889778e5f6eb8f1ba37ba218c6e65ddb60b708f974a6db8d0,Zigzag,24971022,14323018,24970508,14322955,46,497,43,82,1.2030842208657864
259207fd429e2813684d916eb5943448b32e1b13a82f4a38bb10f28637fd06a0,Zigzag,25018557,14499332,25018831,14499173,834,401,81,41,0.39359017539946467
d004d243ca0940eaca0e72a81f19deba6fb9a5d3d147119d7161b56d3b588c3f,Zigzag,25022286,14471813,25022044,14471885,318,631,80,40,1.517119649234077
4b020d3224479eee2e9ea3386995ea61a78637c76d5566d78e1681a3d32cfad2,Zigzag,24981275,14414552,24981249,14414801,534,809,76,36,0.39735968018539003
cb9791ba3ab3d1990ad099001230d153b85572de95f7036fc52b1f4cc5913d5f,FCBK,24958905,14489147,24958654,14489283,309,696,79,45,0.12642157188184966
8902f49199e6c2cc7ee49a26ea7b41eac340d2df83675aae17cc0fb7a828863c,Zigzag,24981275,14630039,24981515,14630048,801,570,28,64,0.24921268927618967
c4d758942d475cd870cbe2c0770c27181aed500c5809715fe489673ae209f129,FCBK,24894592,14507475,24894380,14506943,348,28,76,37,0.31397424224224607
f0113787038c0835c66ba653917da9982d59c897ce876d0466d76d60b172f6f7,Zigzag,25020421,14462628,25020131,14462488,270,420,34,82,0.0049163306109353795
8eb500de4dd71e21b47bdc98fd8c44c63193485d48d00a920612ddab5ea57df0,FCBK,24958905,14488128,24959220,14488637,875,1070,37,78,1.5656281963834888
4fbf436e99afba645c2f57eb6d5daa73c7d8d20a35f6b683dd3e1aa7cc31e7b2,Zigzag,24794861,14516629,24794677,14516441,376,371,25,53,0.06191160025383251
25706697bee57f10b28b9471fdfc87282b15163bce10d79953cd68451250ac29,Zigzag,24986867,14645157,24986692,14645612,385,1015,36,73,0.399240138231095
25706697bee57f10b28b9471fdfc87282b15163bce10d79953cd68451250ac29,Zigzag,24986867,14645157,24986909,14644702,602,105,43,80,0.542553991104506
25706697bee57f10b28b9471fdfc87282b15163bce10d79953cd68451250ac29,Zigzag,24986867,14645157,24986835,14645236,528,639,76,38,0.4561750269380584
81bc5eddb75bc0679c828e86e1ead30ff672545f4b9ab9136f24720c6d938c1c,Zigzag,24970090,14660259,24969799,14660789,269,1090,82,46,0.37891362779009247
d522953b82fc419d1b59a41fdc4f698f16d56cc4d3d9bdbdf8966b9339377d9d,Zigzag,25003644,14480993,25004190,14480986,1106,553,34,73,0.21004895801002738
c0a427df8902927d9fd24d8345e465ebb981e71b4c76f6f618a7d17e783bc22f,FCBK,24878747,14497296,24878404,14497266,217,530,100,37,1.5290625951425374
79de160b327768372f1c4d8e9f441810e9ddc7e52fa40e12e083b7e16f140c01,FCBK,24920690,14502386,24920821,14502527,691,701,39,85,0.26533157164243515
ca561a14238da9b348a4278d65362be6f38f00ad030ff96ba076b04ca36beb55,Zigzag,24993392,14315790,24992996,14315956,165,726,49,99,0.21526835427241917
ec0e97483798510a1cc042b307b2ccb6c86fcfebbfa267743ec6afe51ce18eee,Zigzag,24983139,14575477,24982677,14575515,98,598,40,76,0.35535813439590974
4e9868fb33c1ea9ae7d14717dc6da037c0765e54153a9ac7fb185fcec4ff1e8f,Zigzag,25046519,14601774,25046272,14601551,312,337,72,42,0.2460699261633008
4e9868fb33c1ea9ae7d14717dc6da037c0765e54153a9ac7fb185fcec4ff1e8f,Zigzag,25046519,14601774,25046547,14601318,588,104,46,76,0.7696929032380058
d1181092d15770c4f9748fc94dfc8a01fe9050d26b943e330b0722ef25cf52be,FCBK,25020421,14468752,25020440,14468972,579,779,65,36,0.9498261898937664
f006c52eb8d3dcb6d4d274fb47b84dccf86e46b04b32ff6563cf2f8b6a79c1ee,Zigzag,25033470,14446282,25033167,14445863,257,142,39,86,0.33650312032571683
a27faef5917510a5f595742b12ea8e038b88dbed40a2571b3e0e40b01d9b194e,Zigzag,24971954,14314757,24971837,14315239,443,1042,46,90,0.1898586849035392
52139b8fc0470d9e5031e10a911ffecb16eca72d148450ca1b537e6473bb56d3,FCBK,24994324,14654220,24993990,14654305,227,645,41,74,1.512095995311806
393e8edc3909b858de8f994fd4802bd3272faff9890499c30b58790c67b8c86b,Zigzag,24996188,14562309,24996389,14562633,761,884,73,38,0.3894426016072889
593a3cbecac99cbf6ac5b85f8d821293b3e1c3ea9a5fed1c1ddf8cb59cd2a763,Zigzag,25059568,14627013,25059257,14627129,248,676,47,89,1.5447839008475475
593a3cbecac99cbf6ac5b85f8d821293b3e1c3ea9a5fed1c1ddf8cb59cd2a763,Zigzag,25059568,14627013,25059236,14626772,228,319,51,104,1.3952022650591214
593a3cbecac99cbf6ac5b85f8d821293b3e1c3ea9a5fed1c1ddf8cb59cd2a763,Zigzag,25059568,14627013,25059224,14626997,216,543,119,54,1.3336551475287908
593a3cbecac99cbf6ac5b85f8d821293b3e1c3ea9a5fed1c1ddf8cb59cd2a763,FCBK,25059568,14627013,25059062,14626795,54,341,45,95,1.4537390784512811
b774c2e50c731ffe5ef9c2d3c1a4d6e7afeea1b5e65dc3b8e57c618956d3106e,Zigzag,24986867,14548114,24986972,14547731,665,177,27,63,0.12994530851105277
f7ff5340c94d566b7dee3b7e021149c5cb0f15398de4cb9f82a51e89118c3f24,Zigzag,24951448,14703463,24951723,14703649,835,746,92,39,1.4653539229134438
8ba8f26732d5831352751f3f3f33c006b12f7fef42a07b6d90629f5052636547,Zigzag,24992459,14363210,24992215,14363149,316,499,36,76,0.24910917553356965
8ba8f26732d5831352751f3f3f33c006b12f7fef42a07b6d90629f5052636547,Zigzag,24992459,14363210,24992156,14362821,256,171,87,45,0.6038689808563227
73b8b10cf982e785edac0ac25626cc1992c995644ab0b8aeae3d263be1c5f55a,Zigzag,25026946,14515613,25027007,14515162,621,110,69,38,0.920371095605272
73b8b10cf982e785edac0ac25626cc1992c995644ab0b8aeae3d263be1c5f55a,Zigzag,25026946,14515613,25026535,14516079,149,1027,77,32,1.4069749018158713
d6849d836d65a777cea2077484d0406327197a41e5a3fd2144d2650709136ddd,Zigzag,24976614,14331273,24976495,14331554,440,841,78,42,0.2628965102997212
8a41a533c6880c72faf02e7743a6acc0d3402d4321a777ab057bb04c307a6e73,Zigzag,24985935,14435032,24985468,14434532,93,60,28,64,0.11336433440616495
33f0de0c9cb1fb0b09cc12ce2687c0d028d7b3fc0d176885ab1268cef5b5dea6,Zigzag,25006440,14492203,25005971,14491839,91,196,39,82,0.04245896451264744
79863e926c914991a18a06844aa39769cdc5731143e115daa9cc50b54b89363a,FCBK,24966362,14504422,24966250,14504640,449,778,75,35,0.1878969671550732
79863e926c914991a18a06844aa39769cdc5731143e115daa9cc50b54b89363a,FCBK,24966362,14504422,24966020,14504705,219,843,35,75,0.04641064616189108
a3631009d1167d71a2ea89470f60740192561a9801beb0a7ee9b5342d758bfdd,Zigzag,25057704,14599753,25057620,14599791,476,598,42,85,0.1191335236308468
a3631009d1167d71a2ea89470f60740192561a9801beb0a7ee9b5342d758bfdd,FCBK,25057704,14599753,25057526,14599453,382,260,97,47,1.0186585843230906
a3631009d1167d71a2ea89470f60740192561a9801beb0a7ee9b5342d758bfdd,Zigzag,25057704,14599753,25057700,14599847,555,654,40,79,1.5117254164461214
a3631009d1167d71a2ea89470f60740192561a9801beb0a7ee9b5342d758bfdd,Zigzag,25057704,14599753,25057502,14599213,358,20,94,48,0.513230223947266
4582a0fe2c1fa7313331a977b5a0ded6d4150f78c802fb782b4f07dacfe15235,Zigzag,24894592,14624996,24894063,14624746,31,310,68,33,0.362933063352963
63c4e3a5103504cd17b3ae141aed72000166c2edb9ef6ec0b87917e1385f4d97,FCBK,24889932,14498314,24889670,14498245,298,492,69,32,0.182866389013968
338975a227a084b9c7a953f16106ba0c8cea7abf2f8b7ec7fa0c6809d18f3a2e,Zigzag,24994324,14362181,24994718,14361914,954,292,33,73,0.3520129044611476
1b7a1bd688a177ea69f98b66b088faab0f1b12b0474698f2f07c7df218338c77,FCBK,25051180,14637096,25051045,14636748,426,212,40,89,0.030214315742194745
2176b8f3832520627499b12868d8dce3a3c882b4f8bfc3110a07c908885e8da4,Zigzag,25035335,14460586,25035857,14460791,1082,765,42,86,0.6657125082159792
62808aab15bd3bec21dc53e86729abf935bb41bf747ed5c8bf03f1b966108ed7,FCBK,24956109,14631047,24956461,14630819,912,332,28,66,1.5407757102489237
a86ab6bf8773608b7c3ec61c51fabce27c3d23335414622f0ea10fc2deeac9c9,Zigzag,25026014,14477934,25026420,14478304,967,930,81,38,1.5302715371193787
203f723c1de035577ce26e45717eb10a52c9b3ec9b9f52aef2c6d82844f3c385,Zigzag,24981275,14334367,24981380,14333951,665,144,37,78,0.13190005210641415
203f723c1de035577ce26e45717eb10a52c9b3ec9b9f52aef2c6d82844f3c385,Zigzag,24981275,14334367,24981655,14333913,941,105,32,74,0.014982610357352233
0e25205aaac35c39f6b6ee6c3b28d1b57681535f505c3191a41e2acf90579dd5,Zigzag,24977546,14648179,24977963,14648108,977,489,39,75,0.4378509140311728
0e25205aaac35c39f6b6ee6c3b28d1b57681535f505c3191a41e2acf90579dd5,Zigzag,24977546,14648179,24977330,14647842,344,224,42,85,0.48884086152626594
0e25205aaac35c39f6b6ee6c3b28d1b57681535f505c3191a41e2acf90579dd5,Zigzag,24977546,14648179,24977573,14647898,587,280,48,78,0.5347958033749417
0e25205aaac35c39f6b6ee6c3b28d1b57681535f505c3191a41e2acf90579dd5,Zigzag,24977546,14648179,24977834,14648040,848,421,39,75,0.08552296593544725
3b6783e08e7f56168cf7cac2876b10a3e2ca0643e0571364078b9da351b1422f,FCBK,24849853,14587620,24849844,14587772,551,711,101,47,0.32635431275412924
b5324c131d84f865b345452c66ef0dfb35cd4608736384c827ca05ff65a9dde2,Zigzag,24989663,14638104,24989179,14638466,75,922,34,76,0.23852344309564094
51a93b6ca3a6a8d61347746c4b59e6a90116a7396bea928d64018f9af557bc00,Zigzag,25052112,14624996,25051635,14625014,83,578,46,82,0.15896869606446692
51a93b6ca3a6a8d61347746c4b59e6a90116a7396bea928d64018f9af557bc00,Zigzag,25052112,14624996,25051844,14625064,293,629,110,48,1.3665140280065156
51a93b6ca3a6a8d61347746c4b59e6a90116a7396bea928d64018f9af557bc00,FCBK,25052112,14624996,25052446,14625370,894,934,52,98,1.0677242647725471
51a93b6ca3a6a8d61347746c4b59e6a90116a7396bea928d64018f9af557bc00,Zigzag,25052112,14624996,25051859,14624637,307,201,46,102,0.14364242037289948
51a93b6ca3a6a8d61347746c4b59e6a90116a7396bea928d64018f9af557bc00,FCBK,25052112,14624996,25052006,14625052,454,616,93,38,1.5680257071548325
51a93b6ca3a6a8d61347746c4b59e6a90116a7396bea928d64018f9af557bc00,Zigzag,25052112,14624996,25052027,14625325,475,889,96,50,1.5692355812380556
51a93b6ca3a6a8d61347746c4b59e6a90116a7396bea928d64018f9af557bc00,FCBK,25052112,14624996,25052119,14625198,567,762,86,39,1.5610956293662284
51a93b6ca3a6a8d61347746c4b59e6a90116a7396bea928d64018f9af557bc00,FCBK,25052112,14624996,25052247,14625397,695,961,62,93,0.4387582530145628
8425b9274d9513867b580fa2b42bf0cc8ee7ad9638b02696f0f53e13b513e07c,Zigzag,25006440,14453436,25006326,14453936,445,1061,33,72,0.18812197097767128
366773dfd8a3b414915f55aa2c56fbc9473634c45848c86d35c7e3810cf43824,Zigzag,25018557,14574464,25018005,14574020,8,116,42,71,0.5732717899343478
16a74f642f3daab072fd1e572cb85f861dedbd427777377408e66251b564c0fb,Zigzag,24982207,14643142,24982444,14643153,797,571,41,70,0.8393479481280555
92d06fd0b36dd466fc49cedb8fb1209afde6afcc9ef7b1a26eb3bc40a021ec1b,Zigzag,25037199,14595710,25036968,14595945,329,795,33,81,0.026775977118415294
92d06fd0b36dd466fc49cedb8fb1209afde6afcc9ef7b1a26eb3bc40a021ec1b,Zigzag,25037199,14595710,25037116,14596010,478,860,70,33,1.567060577575788
f9b1b822adce043e803715b8b9bc6117413da709fcc7c238c264460cbd34c6cb,Zigzag,25023218,14581550,25023699,14582061,1042,1072,42,75,0.32661643438442034
1f7388f56dd8775f2d2566d67ac33bcfbafdca2be8554b8cf7e5b53b2dce4fc6,FCBK,24895524,14500350,24895600,14500509,635,719,83,44,0.5607110572320163
4aae43a9ab23f30f0d768f4c18fab0c49dd3262cdd9af14eda09539f11d9ea06,Zigzag,24987799,14485070,24987576,14484959,337,449,39,78,0.09514088898848436
928eb0e5457a0c9aebdea252cb7afcbe1a68b4e50505b8fc18ba31a663dbbf02,Zigzag,24985935,14414552,24985919,14414058,544,65,36,78,1.3842906282827943
1df9a44e119e0910302c5f23e98d02bb1e2609356bbb82a75c349642b1c7b7cd,Zigzag,25048383,14622978,25048710,14622785,887,367,47,102,1.3374020820244776
820105cb2999d51aebaca0007bb59b4f98d433974ef17008e4197416ebd3a19d,Zigzag,24983139,14642135,24982699,14642218,120,644,87,54,1.0234586658718494
7ff37104f9e610c35fe962cfabf3875114de60071870fcf2f12b8e3090d9aeb8,Zigzag,25053044,14621969,25052622,14621586,138,177,40,82,0.2802889162992426
7ff37104f9e610c35fe962cfabf3875114de60071870fcf2f12b8e3090d9aeb8,FCBK,25053044,14621969,25052600,14621875,116,466,44,89,0.39869002901842554
9424994ed7cdae9bce8d370bbabbb0e69014f88b9177fa6d8f03d2a5000a5c01,FCBK,24906709,14499332,24907234,14498938,1085,166,100,40,1.5644638623549063
33fa6fd2a8958143830349a60240e1dea13ec3780dd549b75d9f823979c948db,Zigzag,25029742,14496277,25029500,14496440,317,723,33,71,0.28353104861030504
33fa6fd2a8958143830349a60240e1dea13ec3780dd549b75d9f823979c948db,Zigzag,25029742,14496277,25029556,14496046,374,329,30,77,0.2340176242025791
f12f494c4373232abbd3a457de5f86e65424dcd1a2eae8b2653324939e661a80,FCBK,24957973,14475894,24957731,14475998,318,664,36,80,0.058134588682584434
262e24dff6eeb4dd4a55213e902a5040f9a70aaac8ffc220561968d7a4ea935e,Zigzag,25007373,14486090,25007457,14486313,644,784,33,69,0.011230602331729189
5424422393a0535f46f6e9508a3fcaa142b556f85e4c3830b410037863ab2de9,Zigzag,24970090,14334367,24970613,14334313,1083,506,41,75,0.12703706169928058
d84dd4d104d2ee6180cc1efd8df22636e93a8c3b31c5a8565bb7a682ed9a7471,Zigzag,24883408,14499332,24883243,14499399,395,627,35,79,0.11954765350273251
baeb1a27edc9524670273a79356de876c3099ded866fd9511e1bfcc85e37df5b,Zigzag,24875951,14499332,24876192,14499008,801,236,40,87,0.34312620221966217
bf886a50e34ac102689bc013a1589451edf17badcd07cf931aeedf8ad830310e,Zigzag,24981275,14337461,24981017,14337664,303,764,111,44,1.5533877753812666
15f774d3fe238bf5292b6cba5534d58c3f69a7c679140e46a2bef89d52655ab4,FCBK,25059568,14629030,25059231,14629118,223,648,104,43,1.5268074303314583
eedad0a2332fa10772de5944f71b424b11dba89425db9409d73b11d274d26fdf,Zigzag,25029742,14610865,25030216,14611017,1034,711,69,38,0.7429818635577017
eedad0a2332fa10772de5944f71b424b11dba89425db9409d73b11d274d26fdf,Zigzag,25029742,14610865,25029659,14611233,477,927,35,69,0.1304671466042754
eedad0a2332fa10772de5944f71b424b11dba89425db9409d73b11d274d26fdf,Zigzag,25029742,14610865,25029823,14610841,641,536,40,73,1.242142274570943
eedad0a2332fa10772de5944f71b424b11dba89425db9409d73b11d274d26fdf,Zigzag,25029742,14610865,25029271,14610341,89,36,40,78,0.3334407180987211
eedad0a2332fa10772de5944f71b424b11dba89425db9409d73b11d274d26fdf,Zigzag,25029742,14610865,25029920,14611138,738,833,73,36,1.4995429191976084
eedad0a2332fa10772de5944f71b424b11dba89425db9409d73b11d274d26fdf,Zigzag,25029742,14610865,25029655,14611019,473,714,74,37,1.4965473956034874
eedad0a2332fa10772de5944f71b424b11dba89425db9409d73b11d274d26fdf,Zigzag,25029742,14610865,25029716,14610639,534,334,72,34,1.548160522793659
e65b52adebc8fad6c4989bae4eb630169ed77a0ad8b37b8aa6680c390ee379ed,FCBK,24902049,14505440,24902305,14505357,816,478,80,41,0.17098011850245592
6b56791e23043d9032ed64c8d2d498ba0a9f980f48db2521cab9488caddcb0d9,Zigzag,24993392,14595710,24993314,14595565,482,415,44,82,1.5484882247657934
c018a33f0e699b3d267c22785590fd956653f715ac86a9b06b595a45a28787d3,Zigzag,25029742,14563322,25030016,14563860,834,1098,37,74,1.2783423569522812
956f2f8de7cbdfa35c7855bab482042be31109d42abd37cb496088d68cae16dd,Zigzag,24969158,14661265,24969006,14661268,409,563,48,88,0.38361254250694193
91d1268a69f35909de5f0274a13587e1a9454c4b6db035c299dfa2c4b8de325b,Zigzag,24983139,14586609,24983307,14586401,728,352,36,62,1.568649952114347
d63433f8d506b72b5d95daf3fac92a359678a594d34d45c807ac718ee69eac94,FCBK,25006440,14510527,25006345,14510403,464,436,76,38,0.27741936022468217
89b7ea3b2187ad1581749e3dfcfb3c8dee48ed6416e606ac6e89a1c738d5372e,Zigzag,25036267,14473854,25035887,14474003,180,709,79,42,0.2792927608934984
9f9db03353eac2cf1b736f32dfe53779b363dfb18de99dda2c9759fa9f95d909,FCBK,24894592,14503404,24894167,14502936,134,92,42,95,0.9035329267181097
beb5544a57abcc0ce4b315573bff1f1e812ad83a74121a682b7ed2940e5526d2,FCBK,25067025,14615914,25066503,14615905,38,551,93,42,1.2020501154145085
4cf7804f52742771c346cd22a2753f459c5fd8c1c6b21aa42d10c041960b9aec,Zigzag,25017625,14463649,25017988,14463933,923,844,43,79,0.018943410212437492
601c2c88e7690bb237df882d1a64df04c8a98fa919787a2d6727eb8150b43466,Zigzag,24981275,14331273,24981787,14331539,1072,826,39,79,0.2030142679248535
f2c477bb6133e12e04f0417a7793bfaf9ff47eda36a6a38710437b18bd5c8849,Zigzag,24980343,14566362,24980825,14566133,1042,331,79,40,0.6345533903039976
f31b0f4a1532f6db396f593a0e5e634770445f4629eecf42f2b8fbb1d0e833a3,Zigzag,25032538,14660259,25032634,14660281,656,582,41,90,0.00033431871809748496
88db220ce7c05644ba7030229e5940f09260ca4964bf3202e37f00bd70e69a26,Zigzag,25029742,14477934,25029212,14478227,30,853,63,42,0.16722168247981117
e1996feacf54bf066ab155d217f1dbf0faf9edb6d8b55b19ea7f29c490813257,Zigzag,25026946,14601774,25027351,14602170,965,956,45,84,0.20561506111115443
e1996feacf54bf066ab155d217f1dbf0faf9edb6d8b55b19ea7f29c490813257,Zigzag,25026946,14601774,25027321,14602272,936,1058,33,63,0.04146772347135234
c542748fe714a7c3266b5decff4de08813612493a249af0fd0406475ce944ead,Zigzag,25012965,14505440,25013002,14505782,597,902,76,36,0.11846691776524314
e1f109ce6046761cf961608df698fbc4527318d08b0ba698b6ab28338b9cb4ea,FCBK,24921622,14487109,24921114,14486586,51,37,69,38,0.6178202165428118
65677a4689152192ba82012e141c4cee936931b554ececf255a3f23caeae0fdf,Zigzag,25031606,14662271,25031946,14662732,900,1021,41,80,1.5628053787860594
38271ad12b92657bf4ab0434b231277ff9b7ccdf9ab4581bb5a4bbfbc87884bf,FCBK,24916962,14476914,24917261,14476768,859,414,36,86,1.56474336111131
5336c1595fc9eb9bdc37a825b8df6eb071e1afda4d3af78a39779f2711bd5293,Zigzag,25025082,14522729,25025023,14522621,502,452,37,76,1.2388499416733325
f2b8891ca73a1185ad1db15a8645ab1f0dffe92180185876f58ce712cb024583,Zigzag,24969158,14680370,24969476,14680410,878,600,39,76,0.29035346811184276
fbe7be50ecdcec3c063766beab53f4e34681c2dd5fda786eba5fc6ff6701891c,FCBK,24888068,14602785,24887672,14603084,164,860,68,33,0.5722310265803447
b71ade2b4f15085312ed18f5663a0902e56417e5bd4bde933069b1c6ad45fc6b,Zigzag,25008305,14564336,25007935,14564112,191,336,72,31,1.1812927720881585
416e0aedcb3fe12142b8dfdea52d11b88930c9548794e150005374f3426e9967,Zigzag,25037199,14605815,25036661,14606126,22,871,38,77,0.2565490988681127
1ff3100f1b4d370bc48d4d5a992b74911bbf5c758827662f7bfe5006edb93da3,Zigzag,24920690,14635080,24920808,14634650,678,130,38,75,0.3531054662983526
f711179d9abbd790c80c80802b7aa4e1aad3ba7c37456dc51d93e2267300f0f2,Zigzag,25029742,14463649,25029408,14463185,226,96,69,38,0.2721943546792444
a9fa03975287e8d24829fbc6d4d4c2da338be0bff5bce63ae0a6b482585abb77,Zigzag,24973818,14486090,24973764,14486450,506,920,88,44,0.41310019393976255
1b0140b2f0395976884f53dcd00e92b0360c45837545ecf45e8a8b03ef2cf7ca,Zigzag,25128541,14232884,25128416,14233065,434,741,38,74,0.1555251289064536
2f86de18060b94e6af6a2e762f6d16d1d2d36e4ebe7a8f9a64eab838f25395d9,Zigzag,24934671,14511544,24934501,14511890,390,906,94,42,0.1471188942151321
eafe8d0d64021d9b0bacbc89af6df3ae68356eb8afbceb51409861a72f3b1d38,Zigzag,24935603,14545070,24935456,14545461,412,951,91,45,0.9264255926064854
65c5e0756f25c93473031955d357e3f7d06dcbafd687170e84131cab1e74f355,Zigzag,25058636,14628022,25058975,14628067,899,605,57,123,0.12535183832861369
2e3411f5383139843f0a58467db78cfdf27cd1d819adf9d47c2b18bcf7fc8c1d,Zigzag,24959837,14587620,24959544,14587301,267,241,38,71,0.2249119268957051
6d739d09fbd68340578438e9668709218e6db98c140e30f83ede379ad2b02780,FCBK,24930943,14539996,24930653,14539722,270,286,36,77,0.6763244727906452
946a96c3846da44fed68e7da9b9bbed02f7e1fd3ac8ab08faed69b99396f7bb7,FCBK,24922554,14504422,24922643,14504333,649,471,41,93,0.6020517728865071
946a96c3846da44fed68e7da9b9bbed02f7e1fd3ac8ab08faed69b99396f7bb7,FCBK,24922554,14504422,24922335,14504437,341,576,44,89,0.8404726676354232
792e27877480a76b03c486fda58a4f607e454625525caa1887a6705e1604f6d7,Zigzag,24994324,14546085,24994070,14546155,306,630,79,36,0.007443393766338561
2e4f4d1530a79292a15ac6d1e4ce3dc143f0bcaef82d1e4b269a70c462724e2b,Zigzag,25147183,14222481,25147463,14222180,840,260,82,42,0.04006775378175732
2e4f4d1530a79292a15ac6d1e4ce3dc143f0bcaef82d1e4b269a70c462724e2b,Zigzag,25147183,14222481,25147674,14222554,1052,634,50,80,1.226614713835236
8b2766c3ebc3cc1a11ea848e2b429ea087956d7f68ed1a61df9d70f167934394,Zigzag,24977546,14336430,24977236,14336108,249,238,37,78,0.16442719425847738
c63d7dbd12bcf497120b7f1592366e4d7f0969c79a7cc3ac13b23357cc75354f,FCBK,25061432,14618942,25061311,14619247,439,865,54,120,0.042438383270848166
c2d02f53b0bf68a56ce9bf42c0d1b2c80b2cba58e4e40756e440fd2b0b61222f,Zigzag,24928147,14476914,24928019,14477229,433,875,61,29,1.556713397792503
4a1245cec3908cddbb6840ecc8decd31db27a1351fcdfa2dbe25514362f76e74,FCBK,24928147,14494240,24928519,14493766,933,85,44,90,0.08041992484555671
debd51bd7c0b54d1a3673f1cd67b8638d873f1d1c5397607933e58187c2ee881,Zigzag,25034402,14614904,25034671,14614944,829,600,37,78,1.0845307420427373
debd51bd7c0b54d1a3673f1cd67b8638d873f1d1c5397607933e58187c2ee881,Zigzag,25034402,14614904,25034592,14614649,749,305,35,70,0.23743436001260984
debd51bd7c0b54d1a3673f1cd67b8638d873f1d1c5397607933e58187c2ee881,Zigzag,25034402,14614904,25034739,14614741,897,396,73,36,1.4690824815976093
cc69178cd05486fbb8dd9b9e1ace07f5b0557c0bcff66607199a62fdfb8ac4b1,Zigzag,24975682,14646164,24976014,14646515,892,910,73,38,0.7483319544505892
e4727d4a7c1a82edd1658fdbd4c2902888abe0480ffa1321a0960c63b5d8762a,Zigzag,24969158,14660259,24969557,14660528,959,829,96,56,0.5103727186766384
e4727d4a7c1a82edd1658fdbd4c2902888abe0480ffa1321a0960c63b5d8762a,Zigzag,24969158,14660259,24968636,14660373,38,674,75,44,0.8128950353364073
e4727d4a7c1a82edd1658fdbd4c2902888abe0480ffa1321a0960c63b5d8762a,FCBK,24969158,14660259,24969491,14659964,893,265,40,86,0.13745539781794103
006dcd963d3df0cb21981fc8b8c45167917e9f97e9479a8edb4f490e0d86bd1a,Zigzag,24972886,14647172,24972821,14647176,495,564,74,31,1.2495618413679037
4458f775d21541377e43f0772395b85972a372fc9093efe4ddeaf32de79b113b,Zigzag,24998984,14441169,24998812,14441109,388,499,41,68,0.2567326572462464
8b1e961b707c69b11efcf6b34e256516d5b0b5a417947896a86cc2d0f99ae7ed,Zigzag,24987799,14428891,24988090,14428834,851,503,33,77,1.5649592103176608
9d37d398c6ec02cbf427e4caafc4786df8974e6337128f58f9040153429daadc,Zigzag,24957041,14657240,24957149,14657641,668,961,53,94,0.05495592699043913
5585ed90fa253db68375ac1f747c6802973b4891b4abde447167913e62ae15ce,FCBK,24874087,14607836,24874142,14607558,615,282,80,42,0.374439017816055
4ad4ae126807c1e02e6ab70479fdb3f0a883f80afe3ada06b48bcc5f7198fd91,Zigzag,24921622,14528826,24921940,14528989,878,723,81,41,0.35110589837289385
3bf85dbf15c79a66fb243667d3ff882c3895198a4de158f15cb4a12bd29cbce3,Zigzag,24965429,14454457,24965748,14454417,878,520,82,39,0.6647176843907802
990d8adcc5ba95a06199b56fa5911799e6b42da642ba414bf077066ab1415001,Zigzag,25002712,14436055,25002697,14436389,545,894,72,38,0.25566249925171175
c435cf284084268ea252af10dab415a958e133bdb0631b338863258f1cbd0e87,Zigzag,24958905,14550143,24959151,14550433,806,851,87,37,1.3946125080357235
870f676e31610c0d7c0c1e4ec6b4b51b7951d378f20737aef417acaa90d74d36,Zigzag,25056772,14588632,25056672,14588212,459,140,109,36,1.5637569262435447
64982418d558bb2d5702579a3d5e7a2b65c8a00106456f32ca99167eb62e09fe,FCBK,24965429,14329210,24964931,14328834,62,185,47,94,0.0543249533879829
3ec3ffcdb98c688b00d2a2b64ae08b2bbb4f850b6ee71db0937ebdae8fd9aa8b,Zigzag,24988731,14638104,24989182,14638554,1010,1010,78,40,0.27878454653372725
7a8feecedc8bf7b8c402428138473857091ea6e2ec2336fe9346812c513a0b6b,Zigzag,24998984,14473854,24999388,14474364,964,1070,38,71,0.5910107730602293
01ffdf85fdd44e7ae613087193cd0ad765731bdd9d5d263135edea53ccb2f210,Zigzag,25041859,14568388,25041999,14568454,700,626,37,69,0.08237409419680801
f85bcbedba7285ef1fef6b6c275843c1879054145f1b3d88f98b87fc4405dfd6,FCBK,24935603,14487109,24935996,14487226,953,677,72,36,0.19661557399750418
ce04ab81c1ed3c5406d493a7d514eb4b77be482c98267adb3f7f553a90b91c55,FCBK,24983139,14568388,24983564,14568159,985,331,68,30,0.41746761167992436
84f6c479d668373e49140ae2afe456ac6ed24498fa403a051282379864e0b320,Zigzag,25032538,14654220,25033024,14654508,1046,848,84,44,0.2920511334382274
d2f6ae887c31017d459ef63688e729190e9b31a960f4b86e7f897aca79b69c6a,FCBK,24908573,14496277,24908276,14496278,263,561,42,91,0.5116239716252984
c0c3fa77fd3eaa5ae08223e5262990682c5745707e22359611fa71ae4bbc7208,Zigzag,25021354,14448326,25021555,14448279,761,513,39,76,0.10451188707420069
fa0ea615e44817b4cad4454e0d15d441988b155e1465941d2c36cdbe2f3e0dd0,Zigzag,25010169,14497296,25010069,14497621,460,886,41,81,1.5639599922766632
63fe4a3a22e3035dd0f635a492cd8c851acfac6f946237f6e608bb4f88d08f0e,Zigzag,25036267,14523745,25036204,14523227,498,42,39,77,0.8643251367806634
da0cc29f687ce2c895dee129978aa15fd9c12678173459d17a6c2709450bac5c,Zigzag,25029742,14611875,25029339,14611684,157,369,67,42,0.33736085793380416
061b72004ae95a0373903bd88d08a8e9b1081fa349ecc42947acbd64139cfa2c,Zigzag,25069821,14624996,25070180,14624860,919,425,39,79,0.14736219062546765
061b72004ae95a0373903bd88d08a8e9b1081fa349ecc42947acbd64139cfa2c,Zigzag,25069821,14624996,25069955,14624517,694,82,87,39,1.4843514493914696
9790eda0d6a9d15f9d7add2c1b837177f5ada1812f1936c523636c525a4039d4,Zigzag,25017625,14456500,25017259,14456217,194,277,77,40,1.4856770378240565
8b6273e3030fc25e9996bc974cc90d0059b6529a27e32fdf055f394913abc664,Zigzag,25019489,14442192,25019463,14442629,534,997,29,69,0.05447726123520021
a53c136d57d574c55abdb062fb5971e3da91551fbbf0d0c8fb25f86a0e96f8c8,Zigzag,24916030,14480993,24915830,14481458,360,1026,34,73,0.23941626785109
01ec1624d48a913f5ebe4745b3050042cbe656ed3515bffa068b2317fe9fe03e,Zigzag,24989663,14642135,24989142,14641953,39,378,70,39,0.18302900828803098
83a0a04cd3a748b4f9112e4f95389995d82e12aafbdcf89f0f71c8d7b1715a16,Zigzag,24992459,14597732,24992852,14598268,952,1096,73,32,0.5260430581362872
c97bee3e19349c6578d90f8e76f3f8b751dd9c1502d07215f767a8b703770246,Zigzag,25036267,14635080,25036397,14635514,691,994,76,37,0.3290576875766687
fe8993af4dd8f21ad57436937ce2b3914911606748a944426be0fbc676f0d03d,Zigzag,24974750,14325082,24974897,14325514,707,992,39,80,0.2071841290464019
fe8993af4dd8f21ad57436937ce2b3914911606748a944426be0fbc676f0d03d,Zigzag,24974750,14325082,24974596,14325565,405,1043,82,44,0.15789732300268486
fe8993af4dd8f21ad57436937ce2b3914911606748a944426be0fbc676f0d03d,FCBK,24974750,14325082,24974794,14325009,603,487,78,44,0.182877873896169
fe8993af4dd8f21ad57436937ce2b3914911606748a944426be0fbc676f0d03d,Zigzag,24974750,14325082,24974817,14325386,626,864,38,72,0.33755903040841967
f890e1ff54ba9f29ca0223be4bf8b077a3eb70198d5bc0f04220275a0f9e8c37,Zigzag,25125745,14212068,25125925,14212448,740,939,80,46,1.545823998411278
9f457dbf5718fafe0d18da3ca7c5445329491796ba720c9301143fae483d7e22,Zigzag,24998052,14426844,24997825,14427117,333,833,73,32,0.07159575695541773
966726e494a7b65b36f8f73875560098dadf568b4d480e7ac1a0204146a5a5bf,Zigzag,24977546,14558255,24977143,14558626,156,932,80,36,0.09110856349248175
71330887b1952aedeb021a0d171584257766934fcf7a3907753a11957f61f3a9,FCBK,24980343,14556227,24980421,14556622,638,954,69,39,0.6260563751090181
0f741c173cf5b29402540d1e69e0a145ea36783212acfce600772b53d03b3cf0,FCBK,24986867,14482012,24986503,14481960,196,508,40,80,0.1870204709060577
9981b58811049554511de5e9bfe9dd20246c6f0d75394974e35591a320eca65f,Zigzag,25026946,14453436,25027005,14453086,619,210,80,39,0.29803855206948443
9981b58811049554511de5e9bfe9dd20246c6f0d75394974e35591a320eca65f,Zigzag,25026946,14453436,25027199,14453328,813,452,44,79,0.46487647303621515
83c6f7641adebb7843e06b8aafd7636cf3593ba9f21a89e7d69b634c28f9f279,Zigzag,25036267,14653213,25036204,14652919,498,265,52,88,0.3053669721781372
beab72c53b44cdb313d4d9ea61c9adf8438f7a88db814b249644711cab53bc05,Zigzag,24984071,14345706,24984374,14345670,863,524,39,81,0.8222649681576877
40a9ee52365ea091d21015439f1f8b2364a63e097639362ca4270d19b06e826a,FCBK,24970090,14337461,24969731,14337433,201,533,88,44,0.29683190706908313
aa3b51ed39908a0426528787003fa874d5cf841fe1b05d52bf0a7bfcc7506b63,Zigzag,24988731,14639112,24989011,14639237,840,685,65,46,0.12617306566263164
b16beedc710ace6a9cc0b32b37485c0bc9d94d37539e5623c504702bae6f4820,Zigzag,24950516,14699449,24950676,14699531,720,642,80,39,1.5690343794177002
d12d1534d372386144be0063baa8648ef3770f6cd2bbc4612c34ecfa8ce669ab,Zigzag,25124813,14234963,25125103,14235023,850,620,41,79,0.17551792861811238
d12d1534d372386144be0063baa8648ef3770f6cd2bbc4612c34ecfa8ce669ab,Zigzag,25124813,14234963,25125022,14234852,769,449,76,50,1.5370460863003224
100f65cc21e62b1bc559ad3efaf32d9f81d5f730dfcd48ecfb7bd036201e5cde,Zigzag,24994324,14659253,24993905,14659016,141,323,44,89,0.9571928263640618
100f65cc21e62b1bc559ad3efaf32d9f81d5f730dfcd48ecfb7bd036201e5cde,Zigzag,24994324,14659253,24993808,14658887,44,195,93,48,1.049850991748698
100f65cc21e62b1bc559ad3efaf32d9f81d5f730dfcd48ecfb7bd036201e5cde,Zigzag,24994324,14659253,24994083,14659272,320,579,40,80,1.0479809866102718
dc5d6323f30680d4930544296271ef3fba9a2190a947f65f0efd124172c69d51,Zigzag,24983139,14349827,24983575,14349794,996,527,75,41,0.18239339495961313
dc9f53ad4c6e495479353cd727a4421bd4698af26b6ebae85bc5eac46beb241b,Zigzag,25016693,14465690,25016870,14466101,737,971,74,45,0.10482318563849571
4a7e1921d190e659fe881aa4428fce1e8ee4bcdf16c02c4aa9a2424e7d087711,Zigzag,24978478,14649186,24978179,14649512,260,886,44,75,0.6503920082550259
978a22a3cb7d0bd8bd44133841648bde253aca80cd43cddf0a2365c91df5a858,FCBK,25034402,14656233,25034732,14656633,889,960,36,75,0.3787300694119588
c50dc9aae414c33dc83631e981041999be5cac6420cee2736973f76cb312ae16,Zigzag,25007373,14526794,25007196,14526851,383,617,39,76,1.273787952014082
6f9cc8b604b78822953df1341136fb6c2c15a050618fbc48ea70ef56e710586b,FCBK,24932807,14551157,24932859,14551276,612,679,34,74,0.217361548954951
af62c8bf29f939b42ac9d057bd477cbbffd110a2ea86840886c510f09fb71404,Zigzag,24980343,14642135,24980647,14642177,864,602,28,52,0.1905544357383224
fb69ab723c5460b6acd19afae820829f72e0090904f90ed0270a0604584e6c9b,Zigzag,25004576,14592677,25004106,14592152,90,35,37,68,0.16388830361189988
80e19b518782879c5b0459f61e98f056c2780920d13d32808ee6fdfbcb401fb3,Zigzag,25008305,14453436,25008394,14453733,650,857,33,73,0.060054270097719215
12781f21ef2877c2a24e3950c4b17aebde46531196d60f4d49d4385fb0954e7f,FCBK,25064229,14616923,25063967,14617220,298,857,48,88,1.5607183925978187
3e317e34acc7c28ff7358985a99aa1d9247a9d6730adcb97c4025d24a563d88f,FCBK,24966362,14337461,24966642,14337625,841,724,38,79,0.5088518206676077
3e317e34acc7c28ff7358985a99aa1d9247a9d6730adcb97c4025d24a563d88f,Zigzag,24966362,14337461,24966840,14337243,1038,342,44,83,0.022242220001042805
f97444d58f2ca2345d2e520b2f8e62406c3aef3f2a51347a9e71a60f5c3a4c41,Zigzag,24999916,14442192,25000190,14441676,834,44,83,47,1.555135474846631
b1d07987945daf9100d42890cfe4599fc0f32222192ad9b585c02c9d47384e26,Zigzag,25014829,14586609,25015005,14586652,736,603,33,61,0.7251895506309913
0093d7220bcca4c3e1d133d9b36cca8b9856c0e3b9fb110e1158fbee417368f5,FCBK,24889932,14501368,24890050,14500922,678,113,89,45,0.3394741095482956
0093d7220bcca4c3e1d133d9b36cca8b9856c0e3b9fb110e1158fbee417368f5,FCBK,24889932,14501368,24889720,14501903,348,1094,95,45,0.21338130490301627
ad33098a323686981b41b6ff055919172d39e091da65e80bff1c8735a713c5c7,Zigzag,25013897,14458543,25013926,14458732,589,749,33,75,0.20729741326127113
ad33098a323686981b41b6ff055919172d39e091da65e80bff1c8735a713c5c7,Zigzag,25013897,14458543,25014092,14458121,755,137,35,76,0.1451449758599222
98ddaeae655fd3f10dcb599bd3491d31728f422e35eb2e09addf6803d450c953,FCBK,25066093,14611875,25066073,14611679,541,364,45,81,0.27668659145074687
98ddaeae655fd3f10dcb599bd3491d31728f422e35eb2e09addf6803d450c953,Zigzag,25066093,14611875,25066035,14611446,503,131,35,62,0.37684694820516373
7b6dccb06f025f2579b93b381c7ee51288c43d334ecfe13d51b5f9fb8cafc07d,Zigzag,25026946,14454457,25026963,14454757,577,859,43,84,0.020469634543648276
7b6dccb06f025f2579b93b381c7ee51288c43d334ecfe13d51b5f9fb8cafc07d,Zigzag,25026946,14454457,25026406,14454482,20,585,76,43,1.5437774922716065
65632e9a32dc14c4139b3acacecb8f5d74ae87281d2ddbc4cad8cde6f9ca9e47,Zigzag,25026946,14457522,25026750,14457416,364,454,36,74,0.3031914691731651
b40fa758935353a61622d3a084632bafdb03869756a41367f03e18df52264d74,Zigzag,24976614,14557241,24976394,14557291,340,610,38,88,0.25373245647546083
d643bbb3fcdb810a23d6acfa1ab0c4c5135a7436383178f8df3b99356a5bb4f6,FCBK,24999916,14504422,24999509,14504794,153,932,33,65,0.14225827568584443
9e28c3fa34b878203465ab328392bd922a151e68ccbe1bab12d9283327377ca0,FCBK,24990595,14568388,24990136,14568043,101,215,28,63,1.5098224546892054
614f192b2544ef541dc4e06545223c242e8fab889c16ee87fb5550092f1f6e4b,Zigzag,24973818,14285801,24973655,14285508,397,267,93,48,0.4291255993517462
614f192b2544ef541dc4e06545223c242e8fab889c16ee87fb5550092f1f6e4b,Zigzag,24973818,14285801,24974107,14285277,849,36,38,82,0.38746470515520065
614f192b2544ef541dc4e06545223c242e8fab889c16ee87fb5550092f1f6e4b,Zigzag,24973818,14285801,24973641,14285559,382,318,98,48,0.340205979505363
f576a436a0e61454f359b59bf888e06e21d93766c4753a30309a59f5b2d5854d,Zigzag,25005508,14469773,25005193,14469425,244,213,34,75,0.26796790138453186
93a971b320174a0fc8e67b2348fb25be9249b31ea11822c4f93cc7d9b579345e,FCBK,24954245,14657240,24954142,14656776,457,96,41,86,1.563537748085831
eac8bbcaf7b1775759fde52d4be8d07c25d152cf2a436ac49a1d3e3412b24956,Zigzag,24887136,14650193,24887219,14649908,643,276,70,39,0.03692950555915397
eac8bbcaf7b1775759fde52d4be8d07c25d152cf2a436ac49a1d3e3412b24956,Zigzag,24887136,14650193,24886810,14649650,234,17,74,33,0.4838778278083079
d28d16a146c3b78d8f467d0f99c334a967624996744605ebeee3d141b5daa14b,Zigzag,24973818,14284766,24973935,14284882,677,676,46,97,0.21894181881153357
d28d16a146c3b78d8f467d0f99c334a967624996744605ebeee3d141b5daa14b,Zigzag,24973818,14284766,24973815,14284883,557,677,100,53,0.18336068835704356
d6f8af4fca74766ffb8a53e31215328d1f31541184ff1ce0b20c0ab77035fd08,FCBK,25118289,14255739,25118474,14255464,745,285,34,74,0.002015059382676626
d01910a9b63d3b8cb3476f03fda63d6f7c0596c182f3170cff622850c9b1b6d4,Zigzag,25048383,14335398,25048268,14334983,445,144,34,67,0.20254453624283394
ff45f3af70c8d0cca4a422a9636919d65fe95d2792c6222ecae5fcb52563b1e5,Zigzag,25001780,14350857,25002050,14350960,830,662,37,75,0.13895925991837355
f0483d3f5f6dca6d0af5461c07647b75bc97804af40b85573c1c1fe81c39d61b,Zigzag,25028810,14611875,25028737,14611463,486,147,38,71,0.305720972866036
f0483d3f5f6dca6d0af5461c07647b75bc97804af40b85573c1c1fe81c39d61b,Zigzag,25028810,14611875,25029050,14611536,800,220,75,41,0.11721667182437022
f0483d3f5f6dca6d0af5461c07647b75bc97804af40b85573c1c1fe81c39d61b,Zigzag,25028810,14611875,25028315,14611477,65,161,74,34,0.593803230621232
f0483d3f5f6dca6d0af5461c07647b75bc97804af40b85573c1c1fe81c39d61b,Zigzag,25028810,14611875,25029196,14611516,946,200,40,72,1.4092063644932487
f0483d3f5f6dca6d0af5461c07647b75bc97804af40b85573c1c1fe81c39d61b,Zigzag,25028810,14611875,25029075,14611728,825,412,60,33,0.43259157035242984
23b56ff1da05f84101e327fc416a8dcd4b5c9cccec2fe625cf5db4241c74457b,Zigzag,24998984,14454457,24998642,14454279,218,382,39,82,1.0634436993734353
1e583b8e27783e9608e8e1614006d26a8185e49bab2c897b601ab0a4a4e891d4,Zigzag,25037199,14610865,25037095,14610849,456,543,78,39,0.02040671320170595
880eeb48de8b1f9c1d9bdf6c604526df10d6e143f639101aad772b817d3f429e,FCBK,24979410,14472834,24979226,14473020,375,746,72,34,0.15959387313036302
c9c9d61d5c4403016bcc32eded22200ed3b9c041707b7734357a0e9df3283ac1,Zigzag,25018557,14559268,25018264,14559744,266,1035,38,81,0.09159997497025023
5400d895ff0a1146fa90d82a82f40049d338d6839619623c6c67bda3d9628fac,Zigzag,24939332,14556227,24939809,14555850,1037,182,67,36,0.2138893528152193
de0c7624441669638ad9d44df2f7d3504617a252b6c867d8e8e715a4661d9dde,Zigzag,25037199,14523745,25036680,14524009,41,823,39,79,0.3089549492462601
eac3e11ad9b467349f6ae6be32e3d40d0773e36234f8e1853a105560d62519b5,FCBK,25009237,14500350,25009522,14499883,845,93,30,64,0.11875889176687829
004bdf95e1a3e1b55dfeb8b56511bfe6cc8dc3411feb04edbdc171e0370ead57,Zigzag,24985003,14354976,24985218,14354812,775,395,32,80,0.09360734096427586
8ca42e02f048c32bea7c3c15d86f903a57425dca70f2ce4606322cf209e3ad50,Zigzag,25012965,14514596,25012982,14514535,577,499,38,75,0.9629001803171834
0dd7e7af0028e08a7e220e4bc6dee2c90e208b71100853ca9880f6a78ae6cdad,Zigzag,24986867,14644150,24987336,14644228,1029,639,44,78,0.6853207641109874
0dd7e7af0028e08a7e220e4bc6dee2c90e208b71100853ca9880f6a78ae6cdad,Zigzag,24986867,14644150,24987169,14644443,862,854,48,75,0.6653788807104195
b31433a321a86dd3445229668faac545ce9115b4d651dc84298934463cf95362,Zigzag,25041859,14607836,25041758,14608154,459,878,38,81,1.1951991335102798
a0d90d6c10e1e1dadc4b78a7f475594db5a1ca74159e550397ef9aa3559e1430,Zigzag,24998984,14476914,24998611,14477047,187,693,64,32,1.4531457261604115
0c8c60621ba69da9bed0cc7b6ea5dae6717e6af18cb771076eaaa9bd91cb0718,Zigzag,25035335,14658246,25035252,14658503,478,816,51,88,1.0462089857999604
ab04492f4aa7f6922dbda6438aae9f8d9ec987a108d7521a428e2b5f203729e9,Zigzag,25003644,14219358,25003390,14219437,306,639,45,95,0.11387774193006178
7d50802607279be5d4b0e4ef64af13ca7b98c08d14081e46e4fc29d20c47dc44,Zigzag,24906709,14634072,24906665,14633893,516,381,35,74,0.22081448711105003
7d50802607279be5d4b0e4ef64af13ca7b98c08d14081e46e4fc29d20c47dc44,Zigzag,24906709,14634072,24906890,14633940,741,428,71,37,1.5094801053310756
7d50802607279be5d4b0e4ef64af13ca7b98c08d14081e46e4fc29d20c47dc44,Zigzag,24906709,14634072,24906740,14633876,591,364,42,67,1.541265865047553
5f21f9e9de01eb93f7faa5e155a0d75f4b843deadb313f7c532127f741f3de39,FCBK,24972886,14664283,24973246,14664676,920,952,72,40,1.4434672661268457
79bd30ce16d0761bfff1997f9f59ef89e8def0bc4df1015f46133e30ab55641a,Zigzag,25034402,14600764,25034705,14600866,862,662,38,77,0.36684111909459977
79bd30ce16d0761bfff1997f9f59ef89e8def0bc4df1015f46133e30ab55641a,Zigzag,25034402,14600764,25034480,14601179,637,976,36,75,0.9078318013497156
c2127e98b0e74b75674a59a2757ab3ccdad42d44ce326dc249478f40a6bede65,Zigzag,25062365,14583574,25062649,14583916,844,902,68,37,0.9414792438262126
0f849e6b96491f4b220efc2ed0aa53121f28dc9e1968a7e5eec0ee1646f4d67a,Zigzag,25042791,14628022,25042479,14627670,248,208,85,40,1.5554236288765777
58f1afb625373cecd0230bee8fd9a10ab765025d9050f9b2e2a406250c96ac84,Zigzag,24999916,14662271,24999558,14661916,202,205,82,45,0.8878618881786746
58f1afb625373cecd0230bee8fd9a10ab765025d9050f9b2e2a406250c96ac84,Zigzag,24999916,14662271,24999783,14662264,427,552,87,42,1.4915130890368562
58f1afb625373cecd0230bee8fd9a10ab765025d9050f9b2e2a406250c96ac84,Zigzag,24999916,14662271,24999857,14662713,501,1001,86,39,1.5575393772045911
af8bdcdb1c30bb8a55d79d9ce2a063e879a8ce4453f8ba2f611a6f0a8d0ddc67,Zigzag,25026014,14648179,25026312,14647744,859,125,88,46,0.24302736448642615
64c59df36eb211e725a2f8c9c81d6bea6701e2b531ef83a24eaf70135e44efbc,FCBK,24814435,14556227,24814243,14555759,368,92,71,34,0.5244325447565754
da7f8a28a10e308e78470588859603a1ce22f3b6fb157adbdba717755b4f5719,FCBK,24884340,14497296,24884540,14497474,761,739,73,43,0.22262014361963742
1696063b341bdfadd614aad265305b15195e742bc902531c92c6f61089ce227e,Zigzag,25001780,14480993,25001699,14481417,479,984,39,73,0.10653731262936841
2a605008b2356b7d7ba6d8754043b470abf5e64cca87c4fa60ac8d7749f19ed8,Zigzag,24943060,14556227,24942785,14556314,285,647,33,74,0.19861525843626063
5571fcefffd06dc797cbfd672fa43ccfc5a2dfe7ec0f17f326567f3a3a299e31,Zigzag,24968226,14627013,24968267,14627234,602,781,36,74,0.46234004512451005
5571fcefffd06dc797cbfd672fa43ccfc5a2dfe7ec0f17f326567f3a3a299e31,Zigzag,24968226,14627013,24968558,14626754,893,301,37,73,0.613868018906107
64a55a09fca107749a69271786b95cbb01817bcf146984aa4caa9feb6127e7ea,Zigzag,24976614,14660259,24976351,14660076,296,377,41,93,0.3415587654705824
c9dbf38fa7999d64aec80433279075935ff1719edb6ce57b9896844f64835895,Zigzag,25010169,14506457,25009922,14506731,313,834,71,35,0.011595896487125588
351104831550953dc3dfdc2f795078cf93558baf50d05edd576b8b6a0aca5cbf,FCBK,24897389,14551157,24897300,14551673,471,1076,81,34,0.6971638414785697
cb3a27bfd44d03b4e870068982c8a9d482ff8dbd8673af91fe61451636164fc2,Zigzag,24985935,14415577,24986005,14415329,630,311,34,75,0.189919937608611
cb3a27bfd44d03b4e870068982c8a9d482ff8dbd8673af91fe61451636164fc2,Zigzag,24985935,14415577,24985470,14415678,95,660,73,36,0.9266513620878968
3664a033d22b93b5566bcd9a4f811fffd211287a0a2227207c25a8536033ba2d,Zigzag,25026014,14485070,25026335,14485470,881,960,73,39,0.5171915429107045
3664a033d22b93b5566bcd9a4f811fffd211287a0a2227207c25a8536033ba2d,Zigzag,25026014,14485070,25025845,14485560,391,1050,28,61,0.21620235815622357
966f2c834e3487772c3223f7bd0e198149d9ba477c9420d384ca309404790042,Zigzag,24969158,14333336,24969092,14332947,494,171,89,47,0.2413180311855156
6faf078d13448467e40e4fe326f1ca1878f5c68b32d79ca15242d28080f7489f,Zigzag,24997120,14428891,24996827,14428712,268,380,77,42,1.23064301130009
6faf078d13448467e40e4fe326f1ca1878f5c68b32d79ca15242d28080f7489f,Zigzag,24997120,14428891,24996659,14429213,99,882,70,38,1.2879469142655975
d06dd1d441faeebda08336ed4a74e8e07fa33c92e1630f0d25f7789d56a0d328,Zigzag,24882475,14498314,24882883,14498539,968,785,40,103,0.19409359373471277
9d0a12a3fd512cb8827c7040157d37ed43993f7d24bbbc182c9bf79d13107552,Zigzag,24964497,14514596,24964534,14515046,597,1010,29,70,0.18822553465456174
41989a7420e5f547e5d8102756345e0b27fd88ba7d04afd95d656494c9fbee20,FCBK,24953313,14478953,24953838,14478544,1085,150,37,74,0.45061284855385975
815d997009677153180e572130b45be40cbe40e281e256c92ed4d32262ecfc1e,Zigzag,24971954,14340553,24971796,14340379,402,385,84,38,1.5559690442678258
09454017fb39356c97d62cab81576342953664cc1353292b16ce0b696db8e41f,Zigzag,24909505,14494240,24909697,14493698,751,17,36,73,1.4146617168282214
09454017fb39356c97d62cab81576342953664cc1353292b16ce0b696db8e41f,FCBK,24909505,14494240,24909400,14493776,455,96,33,78,0.2278874934264074
c8d80eab43740ab14d6f7e0c0cbba66c404b29981591769730e81d6fff1fbaa9,Zigzag,24959837,14536951,24959605,14536857,328,467,71,38,0.29076026596835236
e211d1292990120d7806bb99d8338589753a6a1d3f6ba0c315819add56303f4f,Zigzag,25015761,14647172,25015652,14647700,451,1088,33,67,0.1293476618729254
6fe68a91b6eb3b56c4371dbdb64700f299a52e3749f5c67a40ccc961f2bfcef2,Zigzag,25034402,14461607,25034383,14461158,541,111,45,79,0.7164063121978556
ac35f92b0f4e22386d75f4f32f87f121fcba951d4265bf59107ac4321713fe96,Zigzag,25039995,14462628,25040351,14462480,916,412,69,34,1.3357020531426258
c22db2af35632aa1c72b2eb359b77368851a6afcf5e48d5b09361c608d5a6c4f,Zigzag,24975682,14664283,24975876,14663933,754,210,89,48,0.17459173112525325
bef98657d67937c1921a74c6ad1d9cb3e30bb245aa1fd87e8a905c0f52de0129,Zigzag,25038131,14596721,25038220,14597067,650,906,36,61,1.560575247689227
c2210b494a1b7e94c38bbe2a6675d9d98fcf6d138b31aa0752bb3a5f03705c00,Zigzag,25029742,14514596,25030093,14514341,911,306,71,39,0.24298517002790518
1c6f5224cb8b0a737dbd10f9075759cd637cabb095fb2d040d9c227bcacc4366,Zigzag,25010169,14584585,25010612,14584289,1004,264,64,34,0.25813056714718585
1c6f5224cb8b0a737dbd10f9075759cd637cabb095fb2d040d9c227bcacc4366,Zigzag,25010169,14584585,25009936,14584519,327,494,56,28,0.9392635603782941
15df68e6306d7f4454d29a2824adbcddc7bb4c6154cc955ddca124b1607856be,Zigzag,25011101,14587620,25010873,14587575,332,515,27,62,0.24174806512253616
33c61f5dbcdf1c7ae26876cdfe19dee4aff9125f849250da1c86bf8058f051d5,FCBK,24951448,14495259,24951028,14495595,140,896,70,33,1.5236313444154297
ab11be27cad08d6386b70765850972b6ecd27151770f402343db502ba651c457,Zigzag,24985003,14417626,24984760,14417602,317,535,78,34,0.21663813453434458
24df43b54413a1cfea387e29457cb2e37299b1813a2e0b7ce447708032c639c2,Zigzag,24988731,14653213,24989200,14653209,1029,556,44,68,1.5382680777665052
2f4ff7875eeea5f7b99b8d4ac3cb0cab5e02e12549db928a737f9bee3374cd0f,Zigzag,25004576,14441169,25004048,14441011,32,402,37,68,1.2572186958179905
9e1ee7f82ac9a4404e5762564650e4894d3a9d6265cc852645cc998adb38b6c8,Zigzag,25026946,14655227,25026715,14655096,329,429,32,69,1.532646677337566
6d90c8d12d3bf291b148bfa069449b7c26f6073c664a357ec0d7ac30dffa1303,FCBK,24892728,14502386,24892691,14501836,523,10,91,42,0.30877728311203817
7d4e3ca5552fa129a89dd5bbd2ad20263a5144f22f3a594a833dcf5fc4824fd7,Zigzag,25051180,14624996,25051472,14625010,853,574,103,56,0.3771713212259354
f04a15a611d2728f3236f2f33f67b48ecc392e99df5d335ae707c941dc50ae3e,Zigzag,24972886,14638104,24973226,14638493,900,949,92,31,1.5304539636540493
306d83071ea62628b94496bf7446148ab5402ba47c90998bd061769e54c46a2d,Zigzag,25022286,14654220,25022650,14653769,925,109,41,66,0.09317795617277101
36ad17d5afd3800c9d214c9791b957a472c24ab333e539c0494741c87ed93c1a,Zigzag,25013897,14461607,25013776,14462017,439,970,36,79,0.30958139131367396
5737987e2b6bbf73779e784d1560d006e1d0b41cce40abc1d66f0c1a97b444ca,Zigzag,25031606,14514596,25031212,14514439,166,403,71,41,0.16420189083025669
fc3a3214acf68407caf1db8546d709ae91842a8e8ec35e56b11e5eb182ee8ad8,FCBK,25064229,14620960,25063981,14621172,312,772,47,94,0.0018185006692489898
d204d7c5ef9e1be72965f0f66138b335ba8dca67af49c5369de75859125965df,Zigzag,25042791,14462628,25042692,14462451,461,383,82,43,0.6439543489519773
d204d7c5ef9e1be72965f0f66138b335ba8dca67af49c5369de75859125965df,Zigzag,25042791,14462628,25042331,14462391,99,324,79,40,0.6875738649722216
02c57eb258e5039eaa4ad8bff60ab50933c42051e9ad5e7639072862cde1af3d,Zigzag,24972886,14639112,24973218,14638692,892,140,79,37,1.4560745375692261
9cd4ab63cfcf6136d34d6d8c568056b8cd64a632844d3b7a98fca60556e4c4fb,Zigzag,24976614,14339523,24976244,14339457,190,495,42,81,0.10931354155247834
4cee7158d1ccc3b364b1d7f76b61b20fd7271856ea27fc66ccb5ba2ae8fa843b,FCBK,24952381,14501368,24952297,14501018,476,210,79,43,0.2576627662569566
da731df1e2431fb9f834c452e136d14a9fae126a4c5acee7ba114f1c63c29eaa,Zigzag,24966362,14326114,24966579,14325617,778,63,38,81,0.22695234105438292
8cc21dc7688152065693ba7723a3a232dae6e67bbed066b0fbb36ddbd636d8e6,Zigzag,25096851,14246395,25096977,14246345,686,510,83,41,1.56648826425753
88e7e4e127573c2277b753fc77729784ab33deb091b2574e010a33ec02fb774d,FCBK,24940264,14494240,24940515,14494139,811,459,32,66,0.2517899634211138
b8424436ebb36994ad33e8b210c9edc1df91aa32248cc87028ff2c2a8ec69d3a,Zigzag,25010169,14514596,25010442,14514560,834,524,76,36,0.5313025016835711
f40db658dbc0e10dc3339d0b9314e2c29719d5a7882a6e6a696594f0ada404bc,FCBK,24902981,14505440,24902536,14504904,115,24,93,41,0.06839195751929558
4feaf02fe16f9d9392e9dad6ada63618682ef677420edcc90ec3be8ff6fd50ce,FCBK,24972886,14640119,24973113,14640147,787,587,76,36,0.08563515159636685
82f58c26c0135ac0bda3cdbdf5f5011d9ceb13a061d1a9536a137bf332e91116,Zigzag,24988731,14369382,24989085,14368986,913,164,75,39,0.04131335583547941
82f58c26c0135ac0bda3cdbdf5f5011d9ceb13a061d1a9536a137bf332e91116,Zigzag,24988731,14369382,24989156,14368899,985,77,45,77,0.15625172247561128
8d6e764707389da28093c7de93969f011782806083c4a12b7f72ee0657d0df6d,FCBK,25081006,14191217,25080815,14191717,369,1060,37,90,0.15940269145360897
1b3318fa822e1dfd804a0fcbfa23ba3c851626003fc01d0b4a8ecb5e49a41d1d,Zigzag,25092191,14233924,25092075,14234434,444,1070,40,77,0.10971115150322716
41fb747e9ed1b2146cad6a25fd160b34644bd2c67b9a4d15245dbd819f290112,Zigzag,25025082,14453436,25025271,14453115,749,239,79,35,1.3967604806129268
deb5c8d4fee74a6b9653f4a8d34f70beae39a858225f1de4235e5ef964df2a10,Zigzag,24985935,14645157,24986302,14645570,927,973,42,79,0.527297806483878
deb5c8d4fee74a6b9653f4a8d34f70beae39a858225f1de4235e5ef964df2a10,Zigzag,24985935,14645157,24985440,14644771,65,174,37,66,0.07720377499987932
deb5c8d4fee74a6b9653f4a8d34f70beae39a858225f1de4235e5ef964df2a10,Zigzag,24985935,14645157,24986279,14645342,904,745,39,86,0.2506832701853746
deb5c8d4fee74a6b9653f4a8d34f70beae39a858225f1de4235e5ef964df2a10,Zigzag,24985935,14645157,24985751,14645604,376,1007,43,79,0.46866115784035406
deb5c8d4fee74a6b9653f4a8d34f70beae39a858225f1de4235e5ef964df2a10,Zigzag,24985935,14645157,24985509,14645166,134,569,81,41,0.5292474401388978
deb5c8d4fee74a6b9653f4a8d34f70beae39a858225f1de4235e5ef964df2a10,Zigzag,24985935,14645157,24985654,14644709,279,112,41,70,0.1922443446080322
d3017dfef367b05902aaee2a9e36c2051bc14f76713b61be3a621d60ec921d0a,Zigzag,25023218,14489147,25023012,14488696,355,109,94,51,0.511100294286448
ba2a2b7c414e6adfae38c2f15fc2848931953cb521d4e106afd0d002ed3ba760,FCBK,25056772,14599753,25056960,14599762,748,569,99,56,0.25923749340952046
ba2a2b7c414e6adfae38c2f15fc2848931953cb521d4e106afd0d002ed3ba760,Zigzag,25056772,14599753,25056459,14599595,247,402,93,46,0.43565460508018444
ba2a2b7c414e6adfae38c2f15fc2848931953cb521d4e106afd0d002ed3ba760,Zigzag,25056772,14599753,25056743,14599233,531,40,49,105,1.0331796699038294
ba2a2b7c414e6adfae38c2f15fc2848931953cb521d4e106afd0d002ed3ba760,FCBK,25056772,14599753,25057144,14599763,932,570,108,49,1.5578877186751736
f4678e8b760dd663559e03a7f7f9566cd1086231bd89f9adf2f45e9805e0c540,Zigzag,25005508,14479973,25005963,14479809,1014,396,39,75,0.022806391952624676
1f6a4814153fc804ffd9ced0034799e6403bf5c9dab45d40aed50c6c7a77c5a4,Zigzag,25019489,14493222,25019170,14492907,241,245,67,38,0.23991239811741497
a7f642a41e2a81879c3765ab1071d588f8eef3881ccedced638ca193dcd6acb8,Zigzag,24887136,14498314,24887382,14497875,806,121,83,38,1.5685628667467015
7c989aca19cc79956932c17f5a8683b0aecfc09f85017d68e10fa83bdc2a32dd,Zigzag,25006440,14518663,25006637,14518938,757,836,32,66,0.010005365137967796
35046edf95282d42f7ed4431536b772e637b178480759398961d1eb88076f0b7,FCBK,24953313,14656233,24953643,14656716,890,1043,41,87,0.17195025815330134
a5ae6e41dcb867df2d2debd4c7e10278081993a5555d3874692133df73217970,FCBK,24875951,14601774,24876357,14601843,966,629,86,43,0.510437633228209
3e23297fb3285873a06537124eb6f3d6b079a150a4b7f2bb96dc444fc6724992,FCBK,24882475,14537966,24882236,14537679,320,273,68,31,0.16043446663893293
5e2a218a99625de4bfb2209c68969651ca98ffcd8232e30bc5ec4f1efbd576f4,FCBK,24960769,14489147,24961199,14488715,990,129,37,81,0.12240646538677011
0f0a0bb505040a4cf6b8b53647bc1e73d1d3bf086ce422dd45d44a7d59b6115a,Zigzag,24983139,14643142,24983191,14643290,612,707,62,40,0.7827304083544886
0f0a0bb505040a4cf6b8b53647bc1e73d1d3bf086ce422dd45d44a7d59b6115a,Zigzag,24983139,14643142,24982690,14643472,111,890,84,37,1.2824498834595648
18b74f924a9951f331bc22744af67169c18b6ea3839cc112275e396c007e6396,FCBK,24846125,14581550,24846511,14581919,946,930,92,50,0.5771396319435245
22b719fefd26fc04ea47fc2616d278b66f10e1b3758c48bd483b0592ddbe9851,Zigzag,25025082,14519680,25025464,14519476,942,356,35,66,0.9008531874502448
2fce998932f1b2d9f07d513ae5d6cd4bae54a4aff0c3a6aeacb35a7ff63be81d,FCBK,24920690,14497296,24920550,14497285,420,549,85,40,0.34998610571354277
bc3c6ad858886b1b1fe938cdd74465403568edad4fa9488f87e63bc0e39fd5d4,Zigzag,24966362,14518663,24966528,14518966,726,863,35,75,0.11470768279427135
bc3c6ad858886b1b1fe938cdd74465403568edad4fa9488f87e63bc0e39fd5d4,Zigzag,24966362,14518663,24966443,14519133,642,1031,32,75,0.18536996017572427
bc3c6ad858886b1b1fe938cdd74465403568edad4fa9488f87e63bc0e39fd5d4,Zigzag,24966362,14518663,24966138,14519181,337,1078,37,75,0.013957944563782035
2f4505831c37a2a60411fac82bf626c8976b753c217eba3c7a40ec2e75bde832,FCBK,25031606,14652207,25031296,14652542,250,895,87,42,0.07556715431910635
9354bb886c95502075d3e882bb1a0508781590a6b6f0edc060da7b351e43f00c,Zigzag,25046519,14345706,25046208,14346073,248,927,38,79,0.08901600131070882
31b97881bfbbf3196c52bf3c01d2399382bc10c74ec060cb01d67828584495b1,FCBK,24966362,14505440,24966734,14504942,933,63,33,75,0.09813872620380248
0fc541806971f41a99fc1fb82c5ddc31b4bd9b2d0b5df0bc01d051d9bd69780f,FCBK,24969158,14516629,24969102,14516281,504,211,34,79,0.1279628430732194
4f9eace96a5814bddc6d9bd250589971345e9cf4dad957b3d991a4d41310444d,FCBK,25050248,14615914,25050153,14616365,466,1011,47,94,0.1762572387814752
c241d3ec3023c1676b411e0987458f63fa2772ebe2704f26caca61b05b38628b,Zigzag,25020421,14517646,25020622,14517697,761,611,73,42,0.22702710930198688
0908d4b5d3bfb16908f53c76acb698044793c15ce308204f4c1f7af086df8ff1,FCBK,24922554,14565349,24922211,14565020,217,231,35,77,0.11810742430759606
21e5fd2c109dbc2e144a86fcf48f845abb639b0fcd2bd8ff74862b4162130c57,Zigzag,24956109,14518663,24956020,14519081,471,978,73,37,0.32845301685116624
02701caa6946a3c00e5a1bd55adea4ffd7a54a44311f6dcd97b6debced36cbee,Zigzag,25013897,14443215,25014157,14443585,820,930,32,69,0.3179571328105141
02701caa6946a3c00e5a1bd55adea4ffd7a54a44311f6dcd97b6debced36cbee,Zigzag,25013897,14443215,25013565,14443022,228,368,65,39,0.3918131478725957
02701caa6946a3c00e5a1bd55adea4ffd7a54a44311f6dcd97b6debced36cbee,Zigzag,25013897,14443215,25013743,14442977,406,322,66,41,0.2691540400445395
5213259d887ec8eba3d6053285a843c89a731693cb8d2dbc2c6d937f50f1611b,Zigzag,25045587,14534920,25045775,14534895,748,535,37,77,0.20875804060588188
94b4f7fdd70255c8a971f8fe36127f0e30fb8b3439c0251fc79f13bbbd4544b6,Zigzag,24968226,14333336,24968132,14333127,466,351,30,71,0.08255960001148883
a6fdf951af24c8b2e0a7ab011628edbf7baffbaa815f51af48d7df3d2e159962,Zigzag,24984071,14572439,24983654,14571923,143,43,73,42,0.18895267750069422
43b5e6f46426fc275f4fcc4e84133542ca558aa104a20b937c08d17a9810bb52,Zigzag,25122949,14232884,25122816,14232642,427,318,39,84,0.13030092374036242
43b5e6f46426fc275f4fcc4e84133542ca558aa104a20b937c08d17a9810bb52,Zigzag,25122949,14232884,25122814,14232505,425,181,37,63,0.21497186121930928
fa4b0e3c5f28ac27ea4be069e47fed94211f7d7d7410b3b58f4a06e3c3f78256,Zigzag,25026014,14455479,25026085,14454999,632,80,84,45,1.4742215835531352
ee29fd06cdf0d72ad52a86c18900ea6088cea1021c44e825c77885401ef50a35,Zigzag,24990595,14570414,24990758,14570105,723,252,65,33,0.018788686794887693
bb49ebdfc7e3bb27a85714c842a6ee5c45d1813b8cc4e6966cbce73241db1009,Zigzag,25030674,14447304,25031079,14447074,964,330,80,35,0.09982160266375878
bb49ebdfc7e3bb27a85714c842a6ee5c45d1813b8cc4e6966cbce73241db1009,Zigzag,25030674,14447304,25030981,14447804,867,1060,38,77,0.002910609326942331
88b74b6b3cf4497a91b65b910582d7ab910c68a390ba2cc4b1f9163792947bf8,Zigzag,24982207,14631047,24981703,14630800,56,313,34,82,0.03704462901965105
99ad2e1dc51d5db74bbe0f7dba98d3c8cd9b547eb4e8b4c02ecef3b7b2870ed9,Zigzag,25039063,14457522,25038896,14457680,393,718,82,36,1.5606623330568725
d3cc790220653d06c45fa6985eb8696b7e8ab02e3a12edc27f5a394c770dadf0,FCBK,24915098,14495259,24915178,14495059,640,361,76,31,1.5520739048574759
f78ff956fc0c3edde7a4112e2ebdd450a345fe9cc606221e4edf925ccba12b10,Zigzag,25025082,14479973,25024605,14480179,83,766,46,79,0.8069697016480628
f78ff956fc0c3edde7a4112e2ebdd450a345fe9cc606221e4edf925ccba12b10,Zigzag,25025082,14479973,25024553,14479805,31,392,83,46,1.4419802901321999
4cbcad69e529c0d34b206903d9cf5fc89a71d9119810b906f9151b9c7a96e702,Zigzag,25013897,14577501,25013576,14577955,239,1014,68,36,0.15564583668286144
7ac1b01e4a7c8983ea923b7a5a3d634a65f4ffe1d9bded9a241f9f35f4c2639b,Zigzag,24978478,14327146,24978238,14327314,319,727,85,40,0.21617514397883433
90f1f9bff428511f9b7c6f85d64b59af82a02b22da1ca6936d3fe8cbe1f54f4f,FCBK,24933739,14557241,24933351,14557598,172,917,72,32,0.17839296081766423
14f8471500925aa54ab5cc2c8f93716a8f56840c70a773354c4224a199f54cc3,Zigzag,24889932,14497296,24890036,14497639,664,904,85,36,0.42372896971880963
55d1a2cf241c62daa87c96e11d721550ca53cc9af6948d129896e51fd15ac2d1,Zigzag,25027878,14507475,25028191,14507650,873,735,76,39,0.19925736321983553
e66928d8131177199c01d3034e2ba7d16727d67dd2e55ac163691105782edc43,Zigzag,25008305,14459564,25008288,14459303,543,298,37,79,0.003374382966245793
da062ec8e43015d2450ebeed82abc3255fafea85a015535d576807ab13061d89,Zigzag,25010169,14594699,25010701,14594715,1092,576,33,77,0.7051326852503593
24b87b47e14e0c7ec8519f37fa433110d4adf99e25e4c34e3b1f1b9c63128a39,Zigzag,25026946,14452414,25027022,14452169,636,315,78,40,0.20598206135412417
24b87b47e14e0c7ec8519f37fa433110d4adf99e25e4c34e3b1f1b9c63128a39,Zigzag,25026946,14452414,25026896,14452820,510,966,78,41,0.3095367167863879
73ad8ff82d0c18fb42f67f5494becd40213fe64f7738e6f86745366b17c086f8,FCBK,24851717,14517646,24851336,14517503,179,416,39,76,1.4719721445383998
84ec999e176b89fcbba35646a669497aa12a3f6108bd08668f28c5ee9fde2c5b,FCBK,24903913,14504422,24903830,14503976,477,114,44,91,0.7839571935106336
8a7c0509f91a4be68b99dd9a30dfb5b77bf9371e7feabd32b56187c58aada86a,FCBK,24971022,14504422,24971086,14503955,624,93,37,88,1.567516643912464
dcb361bfee93710b782eb52239c12f159b3d36fd8791173c14d65f4fff57c0bb,FCBK,24963565,14447304,24963325,14447266,319,522,78,39,0.1767246568422977
6bf122cfe9aeb32d6847e53ab1c0e46b098bee6c96859d70dda7af6dae54d559,FCBK,25049316,14600764,25049840,14600410,1085,206,44,89,0.005008243478205389
9f70c312a91df6c4a52f266de2daef5ea8cf89b95457044d36c3bf462046587c,Zigzag,24975682,14340553,24975972,14340911,850,917,77,40,0.1251314201365176
6a5db0b72d2c9e1403e941599cb47ba2185306f6c26accbe404090dcf2afce68,Zigzag,24985003,14645157,24984717,14644733,274,136,83,42,0.5021544698687629
6a5db0b72d2c9e1403e941599cb47ba2185306f6c26accbe404090dcf2afce68,Zigzag,24985003,14645157,24985353,14645361,911,764,37,77,0.33202108679014075
6a5db0b72d2c9e1403e941599cb47ba2185306f6c26accbe404090dcf2afce68,Zigzag,24985003,14645157,24984861,14644760,418,163,76,46,0.46642570042134146
6a5db0b72d2c9e1403e941599cb47ba2185306f6c26accbe404090dcf2afce68,Zigzag,24985003,14645157,24984715,14644999,272,402,74,45,0.5427839217751207
6a5db0b72d2c9e1403e941599cb47ba2185306f6c26accbe404090dcf2afce68,Zigzag,24985003,14645157,24984525,14644765,82,168,70,40,0.5854251255689243
4e803ff48c657da1aa69f8cda1e86c52dac77e71d92bee90721970b1940e402a,Zigzag,25051180,14618942,25050896,14619193,277,811,104,53,1.564646422047631
72e44a164ae5e8f69c84c2c51360c7ed94e474a15e3c0ed834b007fda5e2d232,FCBK,24837736,14583574,24837484,14583297,307,284,39,80,0.3917304567207487
93c362fecdee3dfaa3b2d5d54c1dbd5620da220b57a4ffa0e77acc3316ed3a58,Zigzag,25034402,14597732,25034121,14597907,278,736,84,39,0.3616128678215835
1d9cbb9345af76acce2e12a6e47765b115a6bc4eb8a2eb1f0e4cd53180e17bee,Zigzag,25009237,14494240,25009418,14493899,742,218,39,82,0.03695825521535921
e6c16e76697fb67c67be3bac0786c4704b927fdf4642df0360e86394fcdd3f95,Zigzag,25021354,14482012,25021786,14481689,993,236,35,68,0.28650197125385657
3156243c64bf33516160e9905d9f9f29b33c02b8bb99ea1f2c29dba111ea6f0f,Zigzag,25012965,14580538,25012923,14580236,518,258,36,78,0.1307878827456834
2d004a46e5f3e600ba27a9eba2872abb4f46ded44cce18fc18d7d601262e2c16,Zigzag,25005508,14489147,25005551,14489421,603,834,84,35,1.5442498038909322
df48c5b0cad136a1db7e84bd094e1c1d9ff351623e44a82b4e24b0c53b96bab5,Zigzag,24975682,14325082,24975409,14325316,287,794,48,91,0.26626381118201736
5a5f073860e5d73418346c44e9f4705154f25efee77061be2681ad48a865b7ba,Zigzag,25036267,14459564,25036263,14459396,556,392,40,77,0.46128010701065847
a389d902078b3b862dda8b95a001eb12f340a325d09bf0bca2fbf667a3b3d224,FCBK,24925351,14533904,24925683,14533481,893,137,80,35,0.7723842272566126
b44d01e3bea9543d3f28fed3d2654a1d2b75b07d739e88d0cdbe28b90645b555,Zigzag,25060500,14584585,25060828,14584722,888,697,41,84,1.2593980936960567
50c499b162a4ea8fc412fdca4143747ef5105d3642876222799f58b761e6b413,FCBK,24962633,14653213,24962213,14653509,140,856,39,74,1.3532506868295937
50c499b162a4ea8fc412fdca4143747ef5105d3642876222799f58b761e6b413,Zigzag,24962633,14653213,24962275,14652765,201,112,58,114,0.0009741063044534244
c8b567f9714d0974a4c15f8b4e289c9d459314af02084d8dc11de42f834b775d,Zigzag,24907641,14501368,24907338,14501373,256,565,88,40,0.19964367138070832
c8c44885970c9af5db6f553251f15b38e65afa691a38b95574259bdc6bd0bda3,Zigzag,25024150,14323018,25024367,14322461,777,3,51,67,0.7946344721110339
26fb4f046bc21c00836ec1ac92ec56fa313ddff68b6eb125bc261d0b10ed753a,Zigzag,24999916,14563322,24999451,14563124,95,362,35,75,0.6278253132840759
abc411c635a208efa0a7d6335c7c6bff9a48e3e830bc74af6b6593c66167749b,Zigzag,24998984,14453436,24999145,14453390,721,515,81,42,0.5613126653222652
abc411c635a208efa0a7d6335c7c6bff9a48e3e830bc74af6b6593c66167749b,Zigzag,24998984,14453436,24999321,14453650,897,774,38,86,0.44919747830302353
5c2b259e2839ee9ab56e927ee9c3f35ddaa1fbd1c82fe00b35073f741f654a2d,Zigzag,24968226,14516629,24968760,14516220,1094,151,35,70,1.1134443491025914
a33f13b6d1df5ec412b2f7c384e20077bcf1842f27ebc0615c52f907ac70885b,Zigzag,24948652,14489147,24948482,14489163,390,577,80,43,0.21493379466047793
d72cfcf9c780edc26aba9f8ee6ca53321186ac25525ffdbb86b4b56fe207d562,FCBK,24957973,14497296,24957931,14497398,518,663,32,78,0.05685999562368332
91c8c1b69d8ad90de22c9256fee09f210b567501a75b12600c1278cbbc16a35c,FCBK,24952381,14660259,24951833,14660143,13,444,35,96,0.0912579751520136
c6ab52b6388497ec0ce2098ebca71c842f8efc76943e9cb59f4abefc877d0a92,Zigzag,25024150,14490166,25024261,14490112,671,507,80,42,0.3771577723938896
c6ab52b6388497ec0ce2098ebca71c842f8efc76943e9cb59f4abefc877d0a92,Zigzag,25024150,14490166,25024221,14490313,632,707,40,82,0.3562180691118963
c7795d3ee74c09ef82bd9b3ad27a6c9bd96797167f577f0d263089fcac74e68b,FCBK,24945856,14533904,24946219,14534064,923,720,78,34,0.17532281877875047
70e648355299a3dda546fd7fd501e6b4267bb5f5d2110b79b0e0c3e7942d4134,Zigzag,25019489,14572439,25019996,14572637,1067,758,74,37,0.07423390097600703
f4d67cde32df6fd50b4d13229342610a730a8dd1cd934e5e986ac55a231d66d8,Zigzag,25045587,14601774,25045764,14601916,737,702,75,45,0.23573980725574928
fd6851d2a2044fa5269d1b9f60d5307f2f0baeb46b9bac7a75268050de1ec340,Zigzag,25012965,14459564,25012675,14459751,270,747,40,77,0.2150756412780383
9f0ff8aefeb13eb29dead176def747e7ebc907412072550d7ae7eac6bd93f5b0,Zigzag,25039063,14459564,25038673,14459524,170,519,80,45,0.23910780721783156
9f0ff8aefeb13eb29dead176def747e7ebc907412072550d7ae7eac6bd93f5b0,Zigzag,25039063,14459564,25038850,14459713,347,708,37,73,0.04938351208080051
9f0ff8aefeb13eb29dead176def747e7ebc907412072550d7ae7eac6bd93f5b0,Zigzag,25039063,14459564,25038738,14459673,235,668,73,39,0.1579552800459077
9f0ff8aefeb13eb29dead176def747e7ebc907412072550d7ae7eac6bd93f5b0,Zigzag,25039063,14459564,25039088,14459497,585,493,47,78,0.3379047752969392
cb3b09e0ea9b990c9c1f16b2069a15bdfb309e005e38aab1a2675e0bf3a102fc,Zigzag,25007373,14500350,25007027,14500631,215,840,37,76,0.21279783959769355
8e6e27ffd3f0e36ab3818bf241df4fb0284bd98b5e7f0aa8d38b35c6b6323cc6,Zigzag,25023218,14473854,25023594,14474217,937,923,38,83,0.019982303111893595
76f1bede1fd3ecfce1f325311983db7d056a0422c0af3de9d7244583be4eb1ed,Zigzag,25009237,14453436,25009261,14453545,585,669,39,78,0.19513718669737393
eaf0f523375f10f326edbed514ebade74d7194bf509f76fbaad136c3309bfdd4,Zigzag,24992459,14306491,24992683,14306571,783,640,43,82,0.5604372842719562
eaf0f523375f10f326edbed514ebade74d7194bf509f76fbaad136c3309bfdd4,Zigzag,24992459,14306491,24992401,14306589,502,658,35,72,0.16998709231099263
6fbc103d6e5d4eac75aa6a70d4a7fe4954cffd4abc66edb81d1337ab1413d6d1,Zigzag,25028810,14478953,25029050,14478504,800,110,43,73,1.4321299230502693
dae605294f3e5934bd8f36947fe167a02bc4639be9e14df8bc09255421cc2eb0,FCBK,25053044,14620960,25052717,14621401,233,1001,37,78,0.25853892961083585
e48ea6660178aa2c63462030742d0e17692e158c6785fb4d765ea038f82f35ab,FCBK,24858242,14520696,24858746,14520523,1065,387,70,27,0.04401609815725996
e48ea6660178aa2c63462030742d0e17692e158c6785fb4d765ea038f82f35ab,FCBK,24858242,14520696,24858596,14521154,915,1017,34,74,0.6757643434343743
e2f8f0b3ecc92b1c985dd2bf0ba9560dadd0189f76b7bec0bd70100ccb8434bd,FCBK,24928147,14560282,24928363,14559809,776,87,26,54,0.36314035715431203
07aaaf14cb94a4f271bfa594d6bc65e8bc6ed737f01262e41994963bb9dc48de,FCBK,24920690,14565349,24920711,14565689,581,900,73,38,0.728401855537845
f81df814097f9578cc08b117c7997ae3f638a9eb6f6d06fff4be196657ac9f51,Zigzag,25020421,14596721,25020093,14596247,232,86,34,74,0.18927057571106565
7d5519a53388a2a32ef278b3fe42ef59c97f9e4e8c2b1b7c9267520c83d8ced1,Zigzag,24987799,14301322,24987656,14301101,417,339,54,99,0.2534123944467037
1a03d3ba026af863deea1ed5010571b115bbb23278e4d9e4bc9c127bd40e3964,Zigzag,25017625,14446282,25017299,14446289,234,568,32,63,0.3435104963649606
6c558ac905faab0d4c3a0b0b1019185bf10f612a9cac48d194bf379531e88c3c,Zigzag,25032538,14462628,25032538,14462367,559,299,67,33,0.4535421593053788
6de2d8266c09397482d1ce5447483c39faa0069828b13ec39d8da4ec01898403,Zigzag,25051180,14564336,25051244,14564264,624,488,64,37,0.0359310074038884
8709ef006f32aecd33e3c8071087f79927c695cd5c5980b6c4a0f0dbf349e566,Zigzag,25023218,14560282,25023018,14560741,360,1019,38,72,0.722113133518759
ece646a9a45daf44f84489bd5ca98c8f8fcdd966ab2c293bc033494c2e45deb7,Zigzag,24984071,14344676,24984283,14344639,772,523,77,37,1.1584224767529396
c4e8c4d1e9d801e6de69ab4cfff4e465f99e9a6eb421f77215be82a7671551d9,Zigzag,25026014,14546085,25026309,14546353,855,828,38,72,0.160024223317763
8ab2cc22ddc3c34c1bec8b0583fae812124ebd4a63ff6b7c9d3c1f86c7f59265,Zigzag,25025082,14470793,25025041,14470760,519,527,77,40,1.5612118763478104
74d49e768fb7d797042e90ee8992bf31fd7e54a74cb0db45b34d3343e6efbe1e,FCBK,25053976,14599753,25054359,14600191,943,998,48,99,0.517951342769704
7d101e7b4bb022efc2cdf5bd56bf6b499b7e2125844e876f52f153a47472a520,Zigzag,24843329,14522729,24843337,14522977,569,808,37,83,0.6679524930088448
4751bb8aa098b447d4f5c8017221d85811c49548aa5e577879e38cf39faa2ec3,FCBK,24890864,14508492,24890695,14508616,391,684,38,89,0.4563003619568603
c5ee3e251073f87d6b6f0b5c08e7f6984bdb05d005902bfd95f7b783176b2d9e,Zigzag,25055840,14566362,25056159,14566030,879,228,88,31,1.5411046106435486
422c9ed631f37dd091b1e5a9e8c9f8dc28ebaf95a0fe45a5383d0c6e9caed769,Zigzag,25024150,14666295,25024230,14666298,640,563,72,31,0.00035707483144126407
03af00a3d9b13cfd67a488c6a8ccdc317bb277358ca1e1eb18d3299291c7199f,Zigzag,25013897,14537966,25013567,14538342,230,936,37,74,0.3309107483526595
3a4cd36c834dd507382d92d35d836d20f3dfa9495c0c48c3bdd3d0269adefc54,Zigzag,25027878,14466711,25027606,14467175,288,1024,82,36,1.5707421314667134
42a43d25012667fca44b8a8149bdb8baaf7e3fc717dd7c0c1b974e6e0a69ad30,Zigzag,25039063,14460586,25039384,14460325,881,299,73,35,1.1329077956133264
925a7b351632bfb7ce68d3c13854c43276ccd4b7b21b35c1d17b9f101b41683b,Zigzag,24998052,14453436,24998069,14453067,577,192,34,88,0.0013039817177233966
0354ce84fa0400f7517ec0bf42b0186397d1c6098f5ecca695c63c714c3aa81d,Zigzag,24979410,14567375,24978995,14567221,144,406,37,69,0.6325321176156548
3d518cdcace62b4ec1aaef5b58464c97ab13f37a9d752d29e4a2df7f4cd4fc5d,Zigzag,25036267,14603795,25036070,14603690,363,455,44,76,0.20072659590371864
3d518cdcace62b4ec1aaef5b58464c97ab13f37a9d752d29e4a2df7f4cd4fc5d,Zigzag,25036267,14603795,25036173,14604241,467,1006,78,36,1.482802954375643
3d518cdcace62b4ec1aaef5b58464c97ab13f37a9d752d29e4a2df7f4cd4fc5d,Zigzag,25036267,14603795,25036038,14603317,331,82,37,72,1.5704056410629819
3d518cdcace62b4ec1aaef5b58464c97ab13f37a9d752d29e4a2df7f4cd4fc5d,Zigzag,25036267,14603795,25036252,14603527,545,292,82,41,1.5688749892264588
91199556cfd4cafda2e7c5a7779e3aa4bfeb3fa7f174584e96f72e92641af041,Zigzag,25019489,14512561,25019157,14512110,228,109,73,35,0.5423153052918076
41caa608647557ccf19d6b46fd92285e1017d8cb922b96b8a03a404d2fde8aa4,Zigzag,25013897,14550143,25013966,14550236,629,654,81,41,0.6560552203130794
053232f8ada1de2075eecfdf3b2ba4fcdbc1849cb3cc50f3d7bb1ebb4359799c,Zigzag,24973818,14325082,24974167,14325097,909,575,39,87,0.20511378761497429
34e88d4356566943073b41ab6ff077d048c62fb177163da29735d0109374b346,Zigzag,25005508,14370411,25005874,14370426,926,575,39,77,0.2243090371591816
1ff35550c53cfb8ff63b5a29c63dccd9832112736d4af7f78cb4646fd846e985,Zigzag,25020421,14323018,25020196,14322910,335,453,79,39,0.38601248341278044
6d1a791aa4a70da527ce4c834320c724c169413b45cb4ab1a69f66eec92ee9de,Zigzag,25021354,14662271,25021266,14662454,473,743,84,48,1.5028239336605862
993b5e9bf4cf2757f84e4e796ee84736e9d6a8b1693be5cab01fab0f96a06747,Zigzag,25032538,14464670,25032562,14464398,584,289,39,86,1.564268785805058
51378464dfb561e2ce88779a0bb13b59f973f6e382cf0c21f96267a2dad8aefb,FCBK,24977546,14652207,24977642,14652704,655,1057,40,72,0.2167764857529742
f9554999c2fa84873a17b0f7bce26dc1aa35c248989c8091fbaf6f5167c1e23d,Zigzag,24967294,14658246,24967128,14658706,395,1020,91,49,0.6714395695611673
f9554999c2fa84873a17b0f7bce26dc1aa35c248989c8091fbaf6f5167c1e23d,Zigzag,24967294,14658246,24966978,14658383,245,696,74,40,0.6968964601051258
1a42c0cffccea627444a5189aa1a29647713fbf1f7d6babf85c5d4acbb0361c8,Zigzag,25065161,14608846,25064798,14608851,197,565,37,85,0.47577306295238336
1a42c0cffccea627444a5189aa1a29647713fbf1f7d6babf85c5d4acbb0361c8,Zigzag,25065161,14608846,25065302,14608510,701,224,112,50,1.2881663587394199
1a42c0cffccea627444a5189aa1a29647713fbf1f7d6babf85c5d4acbb0361c8,FCBK,25065161,14608846,25065240,14608560,639,274,42,83,1.2583386882144234
1a42c0cffccea627444a5189aa1a29647713fbf1f7d6babf85c5d4acbb0361c8,FCBK,25065161,14608846,25065128,14608623,527,338,51,94,1.2263458677231927
1a42c0cffccea627444a5189aa1a29647713fbf1f7d6babf85c5d4acbb0361c8,Zigzag,25065161,14608846,25064805,14609193,204,908,111,52,0.47354782541405405
1a42c0cffccea627444a5189aa1a29647713fbf1f7d6babf85c5d4acbb0361c8,Zigzag,25065161,14608846,25065577,14609183,976,897,34,84,0.1427023245081015
1a42c0cffccea627444a5189aa1a29647713fbf1f7d6babf85c5d4acbb0361c8,FCBK,25065161,14608846,25065378,14608665,777,379,49,90,1.236828469247908
1a42c0cffccea627444a5189aa1a29647713fbf1f7d6babf85c5d4acbb0361c8,FCBK,25065161,14608846,25065151,14609115,550,830,45,82,0.7328699074776981
1a42c0cffccea627444a5189aa1a29647713fbf1f7d6babf85c5d4acbb0361c8,Zigzag,25065161,14608846,25064979,14609322,378,1037,48,94,0.6080413553361499
1a42c0cffccea627444a5189aa1a29647713fbf1f7d6babf85c5d4acbb0361c8,Zigzag,25065161,14608846,25065490,14609108,889,822,89,41,1.542658831455719
1a42c0cffccea627444a5189aa1a29647713fbf1f7d6babf85c5d4acbb0361c8,Zigzag,25065161,14608846,25064791,14608643,191,357,96,38,1.5614831193048349
e85f9ecc0b80e78da79c853aa7fe0ea6bce4d6029bb278c7575753ec322e896a,FCBK,24956109,14657240,24956300,14657442,751,762,58,105,0.23408756547070728
6b32edc701ccb2b5c18fc4728c71154413e1ae3cb6bd4539015bd682201be9d0,Zigzag,24978478,14331273,24978373,14331025,455,312,40,101,0.13961437257939782
6b32edc701ccb2b5c18fc4728c71154413e1ae3cb6bd4539015bd682201be9d0,Zigzag,24978478,14331273,24978166,14330970,247,257,43,81,0.20009750731997145
aefa2b7961fc17ef75b6d114146edb8625172ffa44d0d9248f869ad7ea29b909,FCBK,24969158,14659253,24969464,14659538,866,846,76,50,8.907012485837817e-05
4f1215eab334649219956dafad7a94e403d381a3f4ac02fd5fa35bd34de96043,FCBK,24910437,14688407,24910087,14688395,210,548,66,36,0.3663666103673749
4f1215eab334649219956dafad7a94e403d381a3f4ac02fd5fa35bd34de96043,Zigzag,24910437,14688407,24910191,14688257,314,411,59,30,0.3605554930002811
f6f4260c3d7676604d6cd172794190668a6a850111f11f8d54cc0de797c1944e,Zigzag,24962633,14656233,24962731,14655889,657,216,84,63,1.5612566174541238
e21d0378d4a012ccc5b70758a48cd08ead1b846941400f0b370db1ba73a7bbf3,FCBK,25002712,14525778,25002352,14525453,200,235,75,38,1.5681281056987462
6d69c350338404b6231618490bff94c910f3d736a3acb2f0b03d1d5d07acf180,FCBK,24905777,14499332,24905697,14498982,480,210,102,47,0.16430698582477393
6d69c350338404b6231618490bff94c910f3d736a3acb2f0b03d1d5d07acf180,FCBK,24905777,14499332,24906077,14499543,860,770,95,50,0.7601543923197235
6d69c350338404b6231618490bff94c910f3d736a3acb2f0b03d1d5d07acf180,FCBK,24905777,14499332,24906003,14499037,786,265,92,44,0.07764973796916991
6d69c350338404b6231618490bff94c910f3d736a3acb2f0b03d1d5d07acf180,FCBK,24905777,14499332,24905608,14499261,391,489,44,89,1.5689507561594715
2bc85a7da9dd088828f22fba0c103c63a5c1e75c605e19234d4ad3e9497c02aa,Zigzag,25007373,14588632,25007463,14588987,650,915,24,52,0.7734994925421105
0b939e16ec4bdc2acb1b9a643238b7aa24a07504c8191e276be4e95d3da0808a,Zigzag,24966362,14600764,24966538,14601074,737,870,70,38,0.5530532040965207
4271a8d37a758657acf48f87d771023293407944f2a82451866844aa2044ec6c,Zigzag,25033470,14660259,25033605,14660066,695,367,32,74,0.09813621284552373
6a575dcbac383defa78cfdf9deda9dd8c18e1e8aab918edd436dcdfc8049d540,FCBK,24850785,14589643,24850787,14590030,562,947,40,76,0.446443736446368
b1997861927e28eda787ff62fb057c04c9bef0c1a8dde93f9d41ecd4a4c77a2c,Zigzag,25049316,14620960,25049438,14620986,683,586,41,85,0.4272680777809295
b1997861927e28eda787ff62fb057c04c9bef0c1a8dde93f9d41ecd4a4c77a2c,FCBK,25049316,14620960,25049336,14621128,581,728,45,105,0.10368455111443234
767a32fe9721392f1c322d5e0fd82a3478f92f8dde53d6884ebe5b83b65afb98,FCBK,25058636,14629030,25058966,14628544,890,74,106,47,1.468085527243538
cbc20ad568ff999e226db430a3e9af68b6875094380ad4284820f940a3739a68,Zigzag,25056772,14598742,25056816,14598925,603,742,52,109,0.9965284480338319
372b55a25ac3a4a36837f74b257809e25e102cd964b00280edaa1450a803fd79,Zigzag,24969158,14336430,24969299,14336077,701,207,86,41,1.5460857871464329
372b55a25ac3a4a36837f74b257809e25e102cd964b00280edaa1450a803fd79,Zigzag,24969158,14336430,24969516,14336583,918,714,38,83,0.14399322526749017
65b04056621e777f640174a7aadd530b74d0c5bbce66fa3b234180f2e75adb0f,FCBK,24907641,14564336,24907404,14564862,323,1086,40,78,0.2658707286051217
7cbd77149b19eec119145e02e46991a694ef07c6f8900c83fbe7173acbea7aff,Zigzag,25012033,14507475,25011813,14507179,340,265,36,71,0.298406634221647
3a55f4ef77193090464b96ccd1adc121be9d5df54815bc8ecbbbcb1034e24629,Zigzag,25109900,14254701,25109811,14254537,471,395,79,38,1.4660733758819287
3a55f4ef77193090464b96ccd1adc121be9d5df54815bc8ecbbbcb1034e24629,Zigzag,25109900,14254701,25109734,14254580,394,439,44,82,0.029970507505587198
c8bc8e9ab97441103d4f4d2a5e8ac5837244d09afc2eb75323f63a99ef629294,Zigzag,25052112,14342615,25052554,14342826,1002,771,34,76,0.18049890538391483
c8bc8e9ab97441103d4f4d2a5e8ac5837244d09afc2eb75323f63a99ef629294,Zigzag,25052112,14342615,25052419,14342802,867,747,32,76,0.07252157994124854
90b38c03c0540615b9743ddb4e6b90b341e4d37946a5846e78a5e7ecbb2d4ee5,FCBK,24913234,14496277,24912717,14495957,44,240,45,99,0.27558600684075796
3aa0d860ed922ddea0299e0bc6619ae08bfe17f7d91aef4a07bb5ad39fc719f3,Zigzag,24987799,14587620,24987434,14587916,195,856,70,33,0.15348190178387436
b6012ce210eabc4663a606d0535dab3d2e8fbdb18b7717112d8a8dd1a9003020,FCBK,24956109,14463649,24955617,14463459,68,370,36,66,0.48641934901559775
b6012ce210eabc4663a606d0535dab3d2e8fbdb18b7717112d8a8dd1a9003020,FCBK,24956109,14463649,24955950,14463628,401,539,48,34,1.3574283876316011
4a2a9373028767006160fc5bda448cdceba4066802a7c3f9d51d4a4a6177073b,FCBK,24962633,14693427,24962937,14693468,864,601,38,80,0.0014755439075327921
6bd1c62ed9d011fdba12a610ad00858e9a779f91180f8663e934328bf0037f50,FCBK,24945856,14512561,24945814,14512889,518,888,55,27,0.3743150476673118
9a1ddfdc035d7860f5196232957f2eceb4f9b5954c80cb58a2cd9ee6896efd52,Zigzag,24998984,14440147,24998679,14440299,255,712,71,40,0.3429308593537049
19154fae916f2d054ffad2525d83377f05e7b485b8ac0d32b390fd642116bc2a,Zigzag,25002712,14489147,25003049,14489210,896,624,40,85,1.4215877998751907
19154fae916f2d054ffad2525d83377f05e7b485b8ac0d32b390fd642116bc2a,Zigzag,25002712,14489147,25002895,14489047,743,460,39,79,1.5589324767708115
8078b89acfc2429eff6d430cc51f7718333f32baca99723cc6cc968438bad4f7,Zigzag,24998984,14515613,24999406,14516030,982,977,70,33,0.07256995792692551
e28ad0ee20e4fd83f9c8c6d65692d2971c953d144d4b729f6083f4a6d45e4add,FCBK,25002712,14485070,25002850,14485276,698,766,35,71,0.185743102333958
e28ad0ee20e4fd83f9c8c6d65692d2971c953d144d4b729f6083f4a6d45e4add,FCBK,25002712,14485070,25002429,14484827,277,316,71,38,0.9663321294349412
248b4e56d559c965cac619d3b208f4b3209477caf6eaac97e5a905ac4dda7874,Zigzag,24984071,14354976,24983927,14354639,416,223,42,79,0.2932944301931309
614ea6962b368a6303b6c3ae78e9f30dac41799b01b5c53f34c2b224127c0ddc,FCBK,24919758,14499332,24920278,14499850,1080,1078,80,41,0.6018076941726013
614ea6962b368a6303b6c3ae78e9f30dac41799b01b5c53f34c2b224127c0ddc,FCBK,24919758,14499332,24919230,14499182,32,410,35,78,0.4270588198982766
7c9800bde4347caed04ef48b8060923d73507cc9850d399e5c8fbb417ebd5cb6,Zigzag,25001780,14512561,25001827,14512434,607,432,38,73,1.302299621486416
7c9800bde4347caed04ef48b8060923d73507cc9850d399e5c8fbb417ebd5cb6,Zigzag,25001780,14512561,25001774,14512583,554,581,84,40,1.3324993356156964
f7fc14a2b9a5a432a07bd15697b47eaef4f43bbfb9387f4a56652a816b29fd6b,FCBK,25033470,14652207,25033710,14652434,799,787,41,97,0.284481197908218
50fbcc37ec9e01ab335fbaefbf7828e10e6e4f5395be157b25581bda8e16b12b,Zigzag,25026014,14663277,25025735,14663772,282,1055,74,35,1.5680535371882238
689d65203083a866ab52d15312149779dd446c53360cd7e08e9f519a0bc15966,Zigzag,25009237,14378635,25008816,14378254,139,179,78,39,0.38834897450564787
8f087cf8ad93002d276c8c335e22ee2bc9f321a8d2b91b8b4f936616de110869,Zigzag,24871291,14594699,24871000,14594742,269,603,96,43,0.5864574999654937
9e7f2d7eff89a9c42af209d25a9d9fd298ca141a08e1071ebcbfc3fe7faecf78,Zigzag,25005508,14629030,25005261,14629303,313,833,72,37,0.015256944037657517
64ab51173d0a04d7e17c12a8815970fba88162bf6fe232fe113e64179868f836,Zigzag,25027878,14451392,25028391,14451340,1073,508,79,33,1.3528633300490418
5cffd7123065e0808405404423a0e29aeb5f5c5aea7480639afd9f261c9bcadf,Zigzag,25026946,14528826,25026968,14529204,582,938,42,76,0.5269972354653489
ab175dc095ccb7322c7cb09e021d3ee6a9bbcedd196a6c75dd45de40a02cbdd6,FCBK,24911370,14497296,24910892,14496890,83,155,92,46,0.3550733426068394
ab175dc095ccb7322c7cb09e021d3ee6a9bbcedd196a6c75dd45de40a02cbdd6,FCBK,24911370,14497296,24910894,14497055,85,319,43,88,0.24519244787363328
5466b3d210b4a4e11785064107054607372733bf757c93a720faee549ebc008f,Zigzag,24892728,14582562,24893141,14582260,972,258,39,76,0.3322449254797619
0f01cf9addda0d03232055adfba6193ca45ecf9722f21cb8a7d5096ddc806cef,FCBK,24952381,14551157,24952688,14550713,867,116,74,37,0.0035994333421480737
0e16d79b48c3516e3df44d6c00af81e93764c90b9a1067799559487e49823de6,Zigzag,25028810,14454457,25028570,14453971,320,74,41,76,0.005735174623837183
6d21e2d0adf6b9f5122f334e4fe63ba9633549b77787a285e91318ba472021af,Zigzag,24969158,14629030,24969073,14628951,475,481,84,36,1.442442215423274
b185efdb5d11e0d0136da8cd6971e0e9bbb65725b50e8078a69f089229265e48,Zigzag,24985935,14346737,24985790,14346805,415,629,86,44,0.34185697293364403
2dc49f69b90f49c96962cd12d3616dc7dcc89109293c98a0ea6efe28e37d72bf,Zigzag,24979410,14295116,24979078,14295208,227,652,43,83,0.1540482229896797
5675e63c2352a54cc37ca45ae2e5a09e26ef5d28a61e4baf89f0a0450f1e673e,FCBK,24865698,14515613,24865929,14515870,791,817,31,69,0.20979381053284096
dbadaf60f759b33cc2b77bf37928e9e514a78caed012dbc1eb021a1c20b3c581,FCBK,24897389,14500350,24897632,14500655,804,865,40,88,0.35767801402147775
b7e2474681476b8e790527f4a4d078cacda62a726076b408ebfdde5e9c95b4b9,FCBK,24947720,14521713,24947607,14521327,447,174,27,67,0.03503298948431368
295b1e3bc535aa8c769599e3f509a19734ddd120d065a4e41a89684836215bcc,FCBK,24914166,14488128,24913966,14488501,360,933,34,75,0.30781744656565996
b8b7d262049c81682983b7ca10c65b717381739b6349dd9ebe688db10d1ea030,Zigzag,24975682,14640119,24975815,14640147,693,587,35,74,1.497288153860693
1ddc6bc391ccea1b8844533363b03e8e5dba64d1030dd813b2120e46aaefa27d,Zigzag,24991527,14627013,24991334,14627182,367,729,37,72,0.6173664804720895
239f221a8299254e089917cfc0f2e2252e215e6af315ba783be50cba7e3e2711,Zigzag,24999916,14478953,25000137,14478797,781,403,78,32,0.021846547083868087
71656719ceefdae7fd9a1034817cefbf1974416d94c1e5f1792ca43cc22fc837,FCBK,24954245,14490166,24954734,14490551,1049,945,37,83,0.44164495318864055
e8c03c8816413b05a821fc6a651604252ce18b9e347209c014237889d720d003,FCBK,24879679,14590654,24879796,14590911,677,816,86,41,0.4792378688200901
25d074897d862a93e965350378d1f7f39221a9b87f3fb35aad9787c55cadf1db,Zigzag,25025082,14493222,25025562,14493491,1041,829,79,42,0.6727445850743334
0dc539a26ce2762d573e860b6c1719a2d23f27afd7a5ee375b95b5b065e9d8f1,FCBK,25027878,14643142,25028270,14642884,952,302,84,45,0.12638965556066076
887dc197f4311cda9b63fa2ce4354150a5cbcc1c2aaacebc743d75b3a0cb5652,Zigzag,25091259,14230804,25091446,14230518,747,274,40,91,0.054116382101548455
88f38520d5710ce71cabb5efa59e9dceeb556a032062513007264312f68745e1,Zigzag,25029742,14462628,25029835,14462131,653,64,41,88,0.4345447659854076
7f9b21206641b5412fc748b7a0082446fd2dca26904c7b9f8ffafb9866af2a5f,Zigzag,25020421,14570414,25020104,14569948,243,95,74,44,0.5357366316090394
7f9b21206641b5412fc748b7a0082446fd2dca26904c7b9f8ffafb9866af2a5f,Zigzag,25020421,14570414,25020349,14570058,487,204,71,46,0.43499420770887204
7cf4d9ae6d6840045a50308161461ebad2d5d61ba0b6c66289cd901cd0148e41,Zigzag,25027878,14488128,25027907,14488157,589,589,60,36,0.9584759373772619
81bd1f05327790bb8590b0c595d3c042d67340fadf847c4d06b8f5b0ee9e11af,Zigzag,24958905,14552171,24958615,14551649,270,38,80,34,0.03467270332012339
0dc80107bfe19761116e6f09b4dd3a3bbad0fd905df5ce00c33ecdfd4ffac8c0,Zigzag,25052112,14612885,25052319,14612414,767,89,51,106,0.2486226659366826
0dc80107bfe19761116e6f09b4dd3a3bbad0fd905df5ce00c33ecdfd4ffac8c0,Zigzag,25052112,14612885,25052414,14612812,862,487,95,45,1.246043805567909
cc7a53a1810091a58a8e6a398c37b55a621e7bc8d7464124ad1262b1056ec233,FCBK,24876883,14497296,24877336,14496899,1013,163,75,34,0.2336269218259076
e74b87488af050071806e6edd8d7e8b6c095685df38c6a55dcff296863cc0c62,FCBK,25055840,14598742,25055461,14598406,181,223,81,48,0.8318349043768329
7e486b809ccbd9eb64fbba3112b1afbe6a61127256f1353cd2477e7a8ab083fc,Zigzag,25038131,14478953,25037935,14479008,364,614,42,74,0.6086253865632042
f392a9d6f235d2a2cbd875ef925116945d7ef035c1fcc4dbe5f3f30ed5f03dad,Zigzag,25126677,14212068,25126138,14211959,21,450,59,45,0.29509369511510203
6307e763d41246b7d5c4680fb33aacbc5af153ac83f09e4f7ef784dc548432df,Zigzag,24999916,14493222,24999812,14493097,456,435,33,73,0.2897819870314254
b3ad072b0c27ff1346ef8ae83f6844bec3c0a9e424c37b361589eb8ab55d20c0,FCBK,25033470,14636088,25033142,14636295,231,767,71,40,0.8647813362753939
c47445c3b5cc5ba9762a1010485fc852b90e04f3d4fd1e81a39fc66b674f31ec,FCBK,24904845,14504422,24904862,14504379,577,517,44,102,1.2545085299346714
830717cc2f4cf2b56498481ada25f33ea04f5d5b438f8487b64aec6542246278,Zigzag,25053044,14343645,25052895,14343343,412,257,35,78,0.3011008211384257
830717cc2f4cf2b56498481ada25f33ea04f5d5b438f8487b64aec6542246278,Zigzag,25053044,14343645,25052919,14343843,435,757,36,79,0.01404039748754711
b9515209c21eb424a2e4dda07280037611bbe80bdfd1631b1b19c3236eae5338,Zigzag,25026014,14451392,25026239,14451764,785,932,69,39,0.5442196319187824
8a1b435884b1e3fa03d58a1b4f6ec0a667847f03022c33404c6c9a514a11604a,FCBK,24902049,14494240,24901685,14493857,196,176,39,92,0.30570605916393156
70b94aaa461ba72563cfeb015153ea00499f005758714d2ccaee0a5f432f61f4,FCBK,24962633,14690415,24962516,14690802,443,947,76,40,0.2637097065385769
6d7342656d9fb9e60571f2ed8df080afdd9212f16e3d3a526e3eca1071fc8203,Zigzag,25119221,14215193,25119011,14215317,350,684,32,76,0.27369406391285206
c1ea70818074f8e8ccca5590ac59c89c8daf268f44754c23670c53c9b7f82378,Zigzag,24979410,14318888,24979724,14318803,873,475,40,77,0.5387385800792903
be411952325ff39a4492b867986e38e97e47befa0a3bc8c2bcdeb11222922a34,Zigzag,25039995,14444237,25040036,14444549,602,872,39,70,0.009265704394414612
a7158e204811d9e404e0b717a0e37fab9f91729cb54a92716e0309cf21e79fe0,Zigzag,24961701,14587620,24961345,14587216,203,155,33,73,0.38742462458079496
3385ed8e17e658bdf279b5278584075f6352109fecb7a2e8564112647c20528d,FCBK,24960769,14692423,24960908,14692567,699,704,31,68,0.07566100578039642
cb9a1c3da17e706ea79012cf37a8c3651799aab1a62f2277b486c90acaab6db0,Zigzag,25038131,14646164,25038404,14646218,833,614,80,35,1.5260327167703542
a1db4825a2d245e3680c3f1f315649f66b53c6848d82832957311b90b859dc81,Zigzag,25001780,14487109,25001933,14486979,713,430,39,75,0.10470598158339703
a1db4825a2d245e3680c3f1f315649f66b53c6848d82832957311b90b859dc81,Zigzag,25001780,14487109,25001693,14487175,473,626,87,36,1.53064970599417
bc5379f77162a080f561ce60901de2e8e80006c95b05dd4f1580e34d99d577de,FCBK,24948652,14551157,24948553,14551245,461,648,35,77,0.13201944494703374
757de877109d29ebc7692447a8a6c7c9bcaba0e483fa7015ae7baf40901075e1,FCBK,25051180,14619951,25050916,14620112,296,722,44,91,0.19221047252791773
757de877109d29ebc7692447a8a6c7c9bcaba0e483fa7015ae7baf40901075e1,FCBK,25051180,14619951,25050935,14619543,315,153,46,98,0.19882533191199744
c2ca0cc0eae61f53703338e164f32cb7860bfb7491fac15d08f2aabf68cd46a6,Zigzag,25020421,14479973,25020506,14480002,644,589,34,70,1.496029677087576
b7851ed2190bd8a63c3a42a9c766f4c36bceead4996fcd454eeea01236961f01,Zigzag,25124813,14267151,25124279,14267531,26,940,81,47,1.559251789785512
b9e4b403193c5c8871e98d7f2be6017bed96278ece237a29969040213b40827d,Zigzag,25030674,14324050,25030449,14323709,335,219,45,100,0.1301338852833656
b9e4b403193c5c8871e98d7f2be6017bed96278ece237a29969040213b40827d,Zigzag,25030674,14324050,25030950,14324522,836,1032,48,95,0.12821665896986076
b9e4b403193c5c8871e98d7f2be6017bed96278ece237a29969040213b40827d,Zigzag,25030674,14324050,25030472,14323908,358,418,82,38,0.09278642988063733
04b9a5a6b71ef23a523c11f836b838bf257f0382f90a73ed050ded6497b1ac95,FCBK,24890864,14500350,24891329,14500575,1025,785,73,39,0.3195072257229947
04b9a5a6b71ef23a523c11f836b838bf257f0382f90a73ed050ded6497b1ac95,FCBK,24890864,14500350,24890622,14499965,317,175,88,44,0.5641918753557772
44a051615f401b983fd4c630d2792e1e45e55d483c3189a74df4d5011c8dfa5c,Zigzag,25020421,14595710,25019961,14595971,100,821,47,72,0.05501075481938113
a1288c8b15b1daa241f6a93211c0f095c10ed191622a8fbb33e4c39f682a0b65,Zigzag,24974750,14331273,24974418,14331658,227,945,35,78,0.08490511256254887
a0c858f4b92084cc05cb0bc76287b2bc96c197e15b23b7ecb1556e6c429aeab9,FCBK,24973818,14687402,24973277,14687040,19,198,33,65,0.007531094469837582
7edb2730ec452c92c8fbb91d55d7a5f65d5beb9cde9393d77d8bb6da3b3b1f99,Zigzag,25051180,14347767,25050998,14347704,378,497,36,84,0.10306144632075946
992a4f05c29a526c6f2bedac7d4d5e54b137032820934a895cc95597d84f8491,Zigzag,25023218,14644150,25023046,14644140,388,550,69,41,0.3746911858817718
f20adef49ac7746a130bb70cdc60e749c0b2dd2d55b21452ac726e85583ca96f,Zigzag,25041859,14612885,25042111,14612533,811,208,69,38,1.5682877622060964
646939759aa4f208c0cdb90ab139ca20023857d85c59891358b0ab50286f8e27,Zigzag,25025082,14482012,25025490,14481648,968,195,42,83,0.3851858049209062
6996faac303c727898219a056831db70a2e28bb109c6b25ff24db2fa28d4e3fc,Zigzag,24974750,14326114,24974746,14325631,556,77,80,39,0.34133246335695294
a1bf9e7032984c53624a119a8df3d6b49407e8c279189f0eee0e8649eb61a898,Zigzag,24998984,14458543,24999011,14458694,587,710,66,37,0.2825800004955241
e1359e77dd65268a05b9e321c8c8fb3b428014321ddfeefce726603218bb16d6,FCBK,24914166,14496277,24913962,14496689,356,972,89,42,0.4637766873745533
4e5e4ca88da2fbe1466905a3d391e21fed560889d2bdec660a592bd0fa9a1300,FCBK,24877815,14582562,24878160,14582742,904,740,74,35,0.6116311633275221
06f0e5ce788c8fb07cc3af9dbbadfbf719b0ae0a9ad566121125b8aabb0769ee,Zigzag,25001780,14466711,25001383,14466822,162,671,72,38,0.23010698852363629
a1caf74a000834041421660e14b3bd0d2135d3474b41af5bf810f4451e28c139,FCBK,25050248,14607836,25050285,14607855,598,580,97,44,1.463148559214749
befbed7b0abbbf0020c862eff287775949f913d0c67a9dbf3e11744a61f8e0c2,FCBK,25060500,14620960,25060019,14621354,78,954,81,38,1.2892730353304023
4e9167fb8c5e8bcda66848ca8d77c101fc2aa9ae91d85e2c26d8f36b72132596,Zigzag,24972886,14637096,24972935,14636918,609,382,91,40,1.5691579500922797
aaa35c79ab6fe9d6f7a1753b9818074c76370d853465ce4ff4532f9fad6f444b,Zigzag,24971022,14339523,24971154,14339986,692,1023,38,77,0.00013176438934110271
7a862b64dd19aa5d05af270b0d20d32f181f6bf891be6d4995849c22143e1e45,Zigzag,24976614,14666295,24976429,14666160,375,425,37,67,0.0008671407903707309
0161a0812d029740630fe42f242ddad2ecea6e2d7425b428da67f95bd6effe65,Zigzag,25011101,14506457,25011126,14506429,585,532,75,40,0.2125180412356671
eacc0c1928fa1734ce8439e3cf7138634f7fde3fa278f1bf956c3d9f94f0f2fe,Zigzag,24973818,14337461,24974177,14337758,919,857,36,74,1.5322332215783312
eacc0c1928fa1734ce8439e3cf7138634f7fde3fa278f1bf956c3d9f94f0f2fe,Zigzag,24973818,14337461,24973983,14337876,725,975,43,79,0.019150849655408645
21c9e6cdaf2ca675dbc685cd826c420cd9af4981468b5a2b5f1705877b3c5913,Zigzag,25035335,14461607,25035083,14461615,309,568,42,78,0.8975992706513586
21c9e6cdaf2ca675dbc685cd826c420cd9af4981468b5a2b5f1705877b3c5913,Zigzag,25035335,14461607,25035256,14461901,481,854,74,42,0.6339746853991235
21c9e6cdaf2ca675dbc685cd826c420cd9af4981468b5a2b5f1705877b3c5913,Zigzag,25035335,14461607,25034808,14461586,33,540,38,67,0.819665390038634
02b06ca60a3de10f62c6f6298253ecbd3be05bcd7c1e992557c0dcc99d433e85,FCBK,24878747,14589643,24878365,14589347,178,264,84,32,0.34665938474835667
22a2b51dbf0cfa958ff5caa49a03d99b00ce31d91e944d61f5d9770a5f70cfb0,Zigzag,24998052,14434009,24998332,14434217,840,768,63,32,0.5458400322840411
22a2b51dbf0cfa958ff5caa49a03d99b00ce31d91e944d61f5d9770a5f70cfb0,Zigzag,24998052,14434009,24998427,14434107,935,658,72,33,0.44809875790579773
0f133fa969c44c1f893bbad0504d7981d6ab48cbc2c1296cc188a8479a1bb131,Zigzag,24991527,14633064,24991947,14632680,980,176,41,76,0.31893414674592324
df1816a702292a8648cd5814b0b96cf3638635d50be1758b771782c7c1147a8a,Zigzag,24972886,14512561,24973233,14512272,907,271,74,37,1.5152708828053438
c1de8f42a9939182b1bf9c62d5518b5fdcf7b06801f7ecf0dde4189e5cb782fe,Zigzag,24992459,14510527,24992056,14510851,157,884,32,72,0.1170561581120441
eb19bb5ebf800408f829740c2fb414f777f56449642024cb62343bb6826b24b5,FCBK,25000848,14489147,25000677,14488950,389,363,66,32,0.44046577203698073
68e816ef31cec933874b7671dfb3b9a607cf2614d4af9119d80fa5d5d51a7d39,Zigzag,25014829,14551157,25014886,14551544,617,947,71,39,0.44057066729441624
68e816ef31cec933874b7671dfb3b9a607cf2614d4af9119d80fa5d5d51a7d39,Zigzag,25014829,14551157,25014441,14551206,172,609,40,78,0.4503078500300185
40b78b2f47e0f04a691bb5badec4af875b9cc765c2774b4e0918c870272e7202,Zigzag,24981275,14411478,24981064,14411274,350,356,78,46,1.0950492962421687
40b78b2f47e0f04a691bb5badec4af875b9cc765c2774b4e0918c870272e7202,Zigzag,24981275,14411478,24980910,14411457,195,540,77,46,0.14251092644950888
f559e14a3983fb2e9b853443cc704e1b0e09f6ee6b8080ec71473c588565417a,Zigzag,24985003,14586609,24984956,14586426,513,377,32,73,0.1330220085841509
e4043f0ec91caaeff7a52603d907950b7fae13bf5b47dab215306964dd8f2652,Zigzag,24971022,14336430,24970787,14336381,325,511,44,75,0.28729256391296015
e4bacc87a7855beff78e734205bea197f4424fd67ac003cb45e0104e23a75797,Zigzag,25042791,14564336,25042993,14563951,762,176,34,78,0.10375123833260361
a20235b32bec98e089fd4193f5d3ee199a03d5b5ef11827f3c51bb36ea167bce,Zigzag,25023218,14483032,25023013,14482713,355,241,41,81,0.9640534622272421
03ae95a91b497eead06a1ff41b0eedd3d16a697cceee532b5e6d8c6c4a7c0d72,FCBK,25017625,14587620,25017902,14587766,837,706,76,35,1.5559956758787266
6a0dcffe853a3ee33b0f3ebcbe2b9a7533abef88f0f2e873108ca1f320f45ca5,FCBK,25071685,14629030,25071405,14629061,280,590,42,96,0.3970780841896278
6a0dcffe853a3ee33b0f3ebcbe2b9a7533abef88f0f2e873108ca1f320f45ca5,Zigzag,25071685,14629030,25071331,14629218,206,748,37,91,0.06770755840865884
6a0dcffe853a3ee33b0f3ebcbe2b9a7533abef88f0f2e873108ca1f320f45ca5,Zigzag,25071685,14629030,25071308,14629357,183,887,95,40,1.461429488731103
094a755d9eb802dbb8255fbddcdfc444e44f0736a577e20ed3b5b2b39a67866c,Zigzag,25011101,14490166,25010675,14490100,134,494,44,83,1.569853434610954
f15b2410eff63896ad67148e7aa39374e25e1814b34a87f5e2e41804cd4d54d8,FCBK,24945856,14504422,24945533,14504359,237,497,85,40,0.40286107191770765
f15b2410eff63896ad67148e7aa39374e25e1814b34a87f5e2e41804cd4d54d8,FCBK,24945856,14504422,24945313,14504392,17,531,35,77,0.045238177008416085
b9ea579b3c43f123b7d5cdc69ccad8af61ae7d67d9c8d81cd060ef4806be0221,Zigzag,24989663,14370411,24989193,14370160,90,310,79,41,1.4736733718427422
dfb4d9c33484cb0829dcbe7fc89608dee11a23db01535d3058bd42f171359804,Zigzag,24948652,14547100,24949023,14546684,931,144,67,42,0.4421932314780606
8049d0ef69e8fd2e8a9486594d743072961f1f313cc088f47072e47454c993c7,FCBK,24907641,14496277,24907751,14496331,669,614,86,41,0.0526541069260132
8049d0ef69e8fd2e8a9486594d743072961f1f313cc088f47072e47454c993c7,FCBK,24907641,14496277,24907148,14496341,67,623,39,89,0.17622338334611756
7ee5bef50c79ab3cb9e10d2a6b09689053a30c9c8ab4494a40caf830352ef2f2,Zigzag,24971954,14321986,24971608,14321683,214,258,86,38,1.5571384383024798
60b711b6bb1af7b02c951459322e89bc0d156a74c7b1eb6794514cd82058896c,Zigzag,25031606,14658246,25031353,14658527,306,841,47,94,0.19816982809918804
28cc4d0ff63e382aef8db4963108061d6a3bb2f03b524c50a7da0f555552dd62,FCBK,24894592,14502386,24894437,14502496,405,670,35,82,0.3080937162392421
441d966b1c4c7741aae7ccf6950033172a004d2c92d4e62ea51e260d3573b1bb,Zigzag,24884340,14499332,24884087,14499695,308,923,88,28,1.5604829691574555
1da658a4b49979586d07f9363bbcac9eeafff4e655af1427bb6146620e18fceb,Zigzag,25055840,14626004,25055486,14626463,206,1019,108,50,1.2630630028301695
1d52ae908fd2d815a076115375d84c12ba436cdd87bbfacd71aa828016acb3ed,Zigzag,25040927,14459564,25040479,14459904,112,899,74,42,1.1501566905196061
a34d47e75105e0168c9218aaf51f7b0ba6451eb4788c8811f58f16f56e750f68,Zigzag,25059568,14606826,25060071,14606750,1062,484,47,64,0.06785154803865887
a34d47e75105e0168c9218aaf51f7b0ba6451eb4788c8811f58f16f56e750f68,Zigzag,25059568,14606826,25060120,14606883,1112,617,31,86,0.18514788583032527
e6f1a2c7686671a3822527c2b688ad2ba8a52c38116ae69d81100118685abac4,FCBK,24959837,14692423,24960085,14692176,808,313,63,55,1.1024737233081188
128619824c912171531750188603566b5f53eacf86a642c81e310d631d4d69b2,Zigzag,25036267,14611875,25035918,14611340,211,24,35,68,0.842304456412207
128619824c912171531750188603566b5f53eacf86a642c81e310d631d4d69b2,Zigzag,25036267,14611875,25035802,14611453,96,138,41,80,1.1323465344135921
128619824c912171531750188603566b5f53eacf86a642c81e310d631d4d69b2,Zigzag,25036267,14611875,25035718,14611525,12,210,68,35,1.1452695236032018
774eca3c6d3e4d0b2d2fae137ba1510d71b0da99024422079f63d7e14219e5e1,FCBK,24953313,14501368,24952773,14500917,21,109,43,86,0.16665710897347116
7ef89a74c054c3b77490e4fe2711c2ce0ef85b789e241f97ca07dce3865bb7ce,Zigzag,24908573,14676350,24908661,14676193,648,403,59,33,0.12696207706983806
6a8207bcdb4714cf09936e09067efd97a0a856f908e25ee1e24a64a8a87a4f4b,Zigzag,24993392,14633064,24993063,14633126,232,622,38,63,0.1793458565004514
32c1231bf483b8c3a0d8dd5caf6e713b2b740e32e6cdcd6bc6d832c38fd306b8,Zigzag,25039063,14456500,25039568,14456831,1065,890,84,41,1.1106192678182352
4b33d1bb738c7aa18a6cce2c1ce401fa2f23b9b7318ceb05df5c47e58f893962,Zigzag,24981275,14327146,24981643,14326943,928,357,90,47,0.20992543726971813
ac5d3926008ad173172aef044b1696086397bfe04a90a1b090162e5661e5a0a2,FCBK,25058636,14593688,25058210,14593962,134,834,44,97,0.1338544295171256
925f8b12941e034aaf402778d44e517767b161cebee5e2a8a48a2d4ad0d94559,FCBK,24943060,14527810,24942753,14528331,253,1081,76,38,0.3925447182240404
6929fe836adbbf6a8e79acba13cd73d6a887ce76aebd38718ecbb3b6b76f627b,Zigzag,25132270,14234963,25132449,14234587,739,183,43,90,0.027119048442871743
40f17fa019d2cd8fd175a41d60180f1aa99450e6519d0837884ea055f1e2985e,FCBK,24923486,14561296,24923006,14560907,80,172,37,77,0.11631680633678926
524efbebc5dfa6f021fcdfd76f74deed24dddec5746ca228e84e3d2e3d07b0c8,Zigzag,25001780,14523745,25001971,14523922,751,736,76,35,0.10978543705288356
524efbebc5dfa6f021fcdfd76f74deed24dddec5746ca228e84e3d2e3d07b0c8,Zigzag,25001780,14523745,25002206,14524109,986,924,29,75,0.03407808394714135
5859f1655797b0278a678e03b2630c69cc6545dae13072df1f2616e0fe11379b,Zigzag,24998052,14440147,24997949,14439914,457,327,73,35,0.5725374232637584
5859f1655797b0278a678e03b2630c69cc6545dae13072df1f2616e0fe11379b,Zigzag,24998052,14440147,24998078,14440021,586,435,46,76,0.4687949816851305
650d248adbf73fcb4805544bd95011944d626bb567ef93fe257ba4484484bb5c,FCBK,24923486,14505440,24923835,14505126,909,246,84,43,0.3748858962469703
83fef6613bf9bb9672e84e4c1fc24ee1c141886fddcea52c42942d1213df7d97,Zigzag,25030674,14464670,25030680,14464404,565,295,71,29,1.4937749117506605
83fef6613bf9bb9672e84e4c1fc24ee1c141886fddcea52c42942d1213df7d97,Zigzag,25030674,14464670,25031190,14464332,1076,222,79,32,1.4671365097890883
83fef6613bf9bb9672e84e4c1fc24ee1c141886fddcea52c42942d1213df7d97,Zigzag,25030674,14464670,25031044,14464615,930,505,69,34,0.0011249080612534866
650c4a70d687e75148270926e869d55aeca7f782419ee102071ca86ab3150895,Zigzag,25124813,14217276,25125030,14216853,777,137,37,80,0.23824922072714683
650c4a70d687e75148270926e869d55aeca7f782419ee102071ca86ab3150895,Zigzag,25124813,14217276,25124557,14216877,304,161,72,37,1.5496950362137627
5765edcb66bb7d7694896eb77fc5573899462b7e5fbc56a8da34858d23700db4,FCBK,24947720,14705469,24947439,14705076,279,167,36,80,0.5182332050815753
194cd206301149cba1131cff1b26b80a62e36804c0949908f71cf733864d99ec,FCBK,24944924,14504422,24945161,14504312,797,450,39,73,0.1918940723456595
194cd206301149cba1131cff1b26b80a62e36804c0949908f71cf733864d99ec,FCBK,24944924,14504422,24945179,14504033,815,171,74,34,1.3963825780542447
46e9209b7e60ba0d324d8ca6767f80c1d93f114aa7eaded60e1a17ce6cb48ee3,Zigzag,25026014,14480993,25026163,14481470,709,1037,41,80,1.2014544994367125
20135f00fb546c1f2161d2d2153994dccef7c645b2501f300e945b719d16e047,Zigzag,25018557,14357035,25018778,14356863,781,388,41,80,0.17056759484960266
f951fc30429cb9ccb9ef4ce00e07b77236c58e3ee0dfa0308d5456b8b03c32d1,Zigzag,24985935,14548114,24986462,14547755,1087,201,66,33,0.07417946429885013
06add7e1c4af286dd948e96ef0968dfb8dbd7dbb5a5fcc4c4245bd722a29145e,Zigzag,24972886,14337461,24973152,14337885,826,985,37,72,0.02613291942251283
8ac308ae334854ca2fb5345eeaab493e8761ec53f5f3440eec3ea85784bc31cc,Zigzag,25049316,14622978,25049839,14622736,1083,318,79,54,0.3399892314821442
8ac308ae334854ca2fb5345eeaab493e8761ec53f5f3440eec3ea85784bc31cc,Zigzag,25049316,14622978,25049249,14622647,493,229,86,48,0.07210190736534408
a1d0e77c4738b92965538bba495fc354a2a10febe125c17702d887cb581a1701,FCBK,25036267,14659253,25035843,14659705,136,1012,76,34,1.5654333861497496
c9b2498ad95786d979a5fce2a9ae3a34fd23180bf453ee455258504502a1fefb,Zigzag,25010169,14490166,25009877,14489868,268,262,110,45,0.16889546258016916
3b5df8e2824768cbb9f3d192b9d3fde92f06d39bd8c1dc2d9215ef38ce9dd591,Zigzag,25000848,14472834,25000980,14473206,692,933,80,49,0.5304131057480255
3b5df8e2824768cbb9f3d192b9d3fde92f06d39bd8c1dc2d9215ef38ce9dd591,Zigzag,25000848,14472834,25001196,14473015,908,741,40,82,0.3402200609696268
69937309971ed19e6c8505913b5aaf89b5e0a0254c47fce297abfd3b21443c83,Zigzag,25012965,14331273,25012788,14331272,383,559,38,73,0.34665429145277193
69937309971ed19e6c8505913b5aaf89b5e0a0254c47fce297abfd3b21443c83,Zigzag,25012965,14331273,25013000,14330821,595,108,53,90,0.055889901745919124
adb61cbe9735b8d5b9a06166f3556e8e05d71efa508e21cbbb2c691525baa1e9,Zigzag,25005508,14500350,25005874,14500603,925,813,36,77,0.5267627441313675
adb61cbe9735b8d5b9a06166f3556e8e05d71efa508e21cbbb2c691525baa1e9,Zigzag,25005508,14500350,25005692,14500845,743,1054,50,81,0.5346971998355815
adb61cbe9735b8d5b9a06166f3556e8e05d71efa508e21cbbb2c691525baa1e9,Zigzag,25005508,14500350,25006035,14500516,1086,725,83,42,0.3328041560191649
fa6c6d93533182b6900c41f5488a369b8efa2ec433325246089f692e77da6565,Zigzag,25026946,14561296,25027404,14561466,1018,730,77,45,0.604937041611499
1d2c1fe96768a0ab642a06d2623dabcd965cc71e156b5fb4c5ba610e3a7ffa19,FCBK,24952381,14657240,24952303,14657473,482,793,40,82,0.2943694817461686
1b1a07d8e47969ef04a3718f4dc5c33fde464cc69bde6d298c0d2cb6789d873a,Zigzag,25035335,14525778,25035723,14525809,948,591,37,92,1.5619937804438575
e9ac78d48ea418adb144d45f7e66692298a640334fb56c38d709759fa3244a34,FCBK,24984071,14654220,24984265,14654389,754,728,37,84,1.197778271867967
8c7af8d083eac1deae2e1542c8c98c3ee1aeceed9ea1d47eb6826782343e0f19,Zigzag,25005508,14592677,25005165,14592947,216,830,25,57,0.30892545473718747
8c7af8d083eac1deae2e1542c8c98c3ee1aeceed9ea1d47eb6826782343e0f19,Zigzag,25005508,14592677,25005313,14592862,364,745,60,33,0.34465235997184573
13476980e7197bf119884c536c215f2ba8cd8f5097cf7c9c00c29f299afcb71a,Zigzag,25017625,14323018,25017388,14322854,322,396,44,97,1.5007815554206043
c16f9aa3925732dcce43536b40e603a7c4e2fba9fdb3aa269d8375cf78394be4,Zigzag,25090327,14238082,25090221,14238479,455,957,62,34,1.565868413513814
4bad12427507ee9de148da54ee2c54d202130f16caab0e1d3262aaaf20f0aee1,Zigzag,25002712,14220399,25002883,14220035,731,196,47,98,0.26338253719866067
237172b82cd21fe475a8d7aa97d85f6644641cb572db906889517f9976fc4e90,Zigzag,25033470,14613895,25033420,14613586,510,252,40,74,0.7301648681794773
237172b82cd21fe475a8d7aa97d85f6644641cb572db906889517f9976fc4e90,Zigzag,25033470,14613895,25032960,14614068,49,733,75,40,0.5499989245108496
237172b82cd21fe475a8d7aa97d85f6644641cb572db906889517f9976fc4e90,Zigzag,25033470,14613895,25033183,14613517,273,182,67,45,0.615977042752368
237172b82cd21fe475a8d7aa97d85f6644641cb572db906889517f9976fc4e90,Zigzag,25033470,14613895,25033342,14613683,432,348,32,67,0.5646713775100459
237172b82cd21fe475a8d7aa97d85f6644641cb572db906889517f9976fc4e90,Zigzag,25033470,14613895,25033290,14614157,380,822,34,69,0.2773052770614859
237172b82cd21fe475a8d7aa97d85f6644641cb572db906889517f9976fc4e90,Zigzag,25033470,14613895,25032937,14614235,26,901,43,75,0.3365938009608341
dd38b8d0802d68de1fb13dc60f40322f5eb8061b5c91423076f3f3a8ae4ed18e,Zigzag,25035335,14614904,25035111,14614378,337,34,39,80,1.1191862575708567
8ccdbaa3b3159e8ed451933e5750a276c3711512d08b7ffe64fb07756f728cd8,Zigzag,24970090,14628022,24969998,14628282,468,820,37,70,0.08773239095480424
69bffd3693b56f850ef24afbb482d2a45af0608f59877a99efa23aa0404de0db,Zigzag,24913234,14497296,24913085,14497712,411,977,79,35,0.2170914378413897
f56948290cfd03f0f3cbc8d8d6e0caef4c2ef53e8c3504448b29f764c432a2ed,Zigzag,24972886,14645157,24973163,14644689,837,92,83,36,1.5674475348821764
c68be91a6dad3fb76a22a9129e255c27a662117bc364fd78e8e34932bf4b8c6f,Zigzag,25037199,14573452,25036886,14573346,248,454,41,77,0.31577364032227173
412d33f9db7f863ac70c5cc41911b108006b33e58606f92f6969c2bd4a04c4c1,Zigzag,25024150,14564336,25023692,14564163,102,388,64,32,0.3010008194394932
412d33f9db7f863ac70c5cc41911b108006b33e58606f92f6969c2bd4a04c4c1,Zigzag,25024150,14564336,25023772,14564441,182,666,39,80,1.0236661261207667
412d33f9db7f863ac70c5cc41911b108006b33e58606f92f6969c2bd4a04c4c1,Zigzag,25024150,14564336,25023730,14564109,140,333,65,43,0.42689263864625565
cbbdb199711206119cfab01469d3031105880973bcd25dc9338ebc7ee5087255,Zigzag,25025082,14483032,25025052,14482853,530,381,74,43,1.390747329187637
cbbdb199711206119cfab01469d3031105880973bcd25dc9338ebc7ee5087255,Zigzag,25025082,14483032,25025229,14482757,707,285,83,41,1.5667951935731614
9425264004c02b6047442d68baad7401d385143c93134137e82b91fd43397601,Zigzag,25000848,14514596,25001394,14514421,1106,385,33,68,0.46273362704411014
5561a839e6b960598df0bb5953cb44facb7b6b9806d2091a766f1c1a73a4845a,Zigzag,25056772,14587620,25056781,14588022,569,962,83,38,1.2283718675224702
dc72732c522d9de810d9ef16797162cefebca9e83317788b6aec15dbcf8842cf,FCBK,24957973,14689411,24957704,14688994,291,143,31,67,0.880081929107199
83f49daa60909e4138a7bb87c0e008ea9414bfe54d0eb03264541cca256939ee,Zigzag,25044655,14446282,25044859,14446244,764,522,36,76,1.0754957683075617
d53518e6b7a47956ec8e13b12677175145796e677febc9c050450f93f4352f29,Zigzag,24873155,14632055,24872926,14631530,331,35,74,39,0.5941756071206523
493d8691ebd9330bbf3dc9ef8c47bd492b9855f6456249f1460d6ff19b4c2365,FCBK,24907641,14498314,24907415,14498489,333,735,38,97,0.0022546046109826116
1ba57ef55186134b8a9df96d108c2d2a602f022f7ab12f61483f393c53e1fcf6,Zigzag,25026946,14507475,25026614,14506996,228,81,39,76,0.5730797760197531
68f92b475560841243f4cbee4bae1db249e767006a731ce9250e6dc0bac6d75e,Zigzag,25011101,14313724,25010746,14313645,205,481,83,47,0.18044499301659755
20c8f60ab5849d29ae1c100073896a8b2bfc1c5b213c0db817ea2899770c14e0,FCBK,24918826,14561296,24918634,14561086,367,350,37,86,0.25699679289211186
24bc65a58ba5ffff654e7bc45b787b3b009d5d46a8b532f095021f5204383409,Zigzag,25066093,14609856,25065795,14609498,262,202,93,45,0.049673030980805756
24bc65a58ba5ffff654e7bc45b787b3b009d5d46a8b532f095021f5204383409,Zigzag,25066093,14609856,25065916,14609598,384,303,51,95,1.3601537335331337
24bc65a58ba5ffff654e7bc45b787b3b009d5d46a8b532f095021f5204383409,Zigzag,25066093,14609856,25065900,14609786,367,490,89,47,0.0003010599257511591
24bc65a58ba5ffff654e7bc45b787b3b009d5d46a8b532f095021f5204383409,Zigzag,25066093,14609856,25065906,14610230,373,934,92,45,1.5511713595640482
24bc65a58ba5ffff654e7bc45b787b3b009d5d46a8b532f095021f5204383409,FCBK,25066093,14609856,25065650,14609697,117,401,35,78,0.18005077859623855
24bc65a58ba5ffff654e7bc45b787b3b009d5d46a8b532f095021f5204383409,FCBK,25066093,14609856,25065565,14609477,32,182,79,34,1.5698567635623166
24bc65a58ba5ffff654e7bc45b787b3b009d5d46a8b532f095021f5204383409,FCBK,25066093,14609856,25065907,14610071,375,775,106,41,1.560008527009258
24bc65a58ba5ffff654e7bc45b787b3b009d5d46a8b532f095021f5204383409,Zigzag,25066093,14609856,25065655,14609772,122,477,70,46,0.012517376231725523
24bc65a58ba5ffff654e7bc45b787b3b009d5d46a8b532f095021f5204383409,FCBK,25066093,14609856,25065887,14609934,354,639,41,89,0.08123153983251516
3d15c85c16d6332a1515af71c4d2674dbed5e6f8633a726b5a84a2e86ce77469,FCBK,24902049,14517646,24902185,14517835,696,749,38,83,0.3418288432946301
8e8239653a6bf8b26d6f8bc3386a9c3b928be7913af56c08abb5fcf8c39bac95,Zigzag,25012033,14513579,25011634,14513740,161,721,74,37,0.035556808303597046
b69c99e26be73d1bcb0b1fa1ebe4784055ae318dd97861760e69ff2748967f38,FCBK,25023218,14582562,25023707,14582423,1049,421,66,35,0.43283857854353464
47f700b541bb132aa9a61fea20f96c481c7e894d7f60f8dca210f54625839366,Zigzag,25010169,14547100,25010448,14547319,839,779,38,75,1.5396738273479036
363fb712fcf201551200d94433f13f1aeab9c3011ae661883aae13467e9629c3,Zigzag,25000848,14613895,25000502,14613805,214,470,29,55,0.20721675276975532
3d0cf6763ab98f85362094447aec3963b0f3eee6c2e306106ba8956a3a18b70e,FCBK,24960769,14488128,24960754,14488073,545,506,38,88,0.00015208738546276736
bff0e4b48a2a9ed318041ee06c8c07834b21105852d32dee6afd51319ec7e509,Zigzag,25026946,14334367,25026918,14334398,533,591,48,81,0.05602774113827673
e4cacd2adae9db70fc250da5e58a4554555852b1d5b4742fc91e4ea272030808,Zigzag,25032538,14553185,25032929,14553412,950,787,75,42,0.2537202059344465
d66c5aa3fe6ab116cf5abb403bb3151ae53bd159bca716cb924c1aac79d1bca5,FCBK,24969158,14324050,24969370,14324489,772,999,43,82,0.032266123236911075
033e69dd20b903ee4a8b1c07fed415cddee677ddf74f70f40c2f2b71324df977,Zigzag,24964497,14601774,24964784,14601286,847,71,72,38,0.15639110566916328
5aebfe70cf0a3fa967cd1618ef11d0dd1544f8835ab33ab3a9bd68506c888a8d,Zigzag,25035335,14475894,25035021,14475433,247,99,85,45,0.3319683562005572
8293b66d49b5437d898b674b2a50defb8e665658c0536aba7c8734c5af241202,FCBK,24819095,14544056,24819033,14543935,498,439,33,73,0.22219189067159584
2e5fed39ca42b6fb0f9a5457e6551da838b6125d57549f3abc66f68dc75c3b45,FCBK,25052112,14636088,25052398,14636272,846,744,38,75,0.01416328364650285
bc9ec96e79e84918849a3e8d3c3c2a57debde7cd46f439f58012f2379591e55b,FCBK,24945856,14491184,24946260,14491517,964,893,38,81,0.4925797399596555
2d94799f7c3b418b78a432fcf91b7972be6dc259d45cf888675a5482c8b62f9d,Zigzag,25005508,14228724,25004970,14228450,21,286,46,105,0.272676187099467
7d521a614d3de7f01b90137a365f3ceafbc41b698c9135b8833483a9e627f214,Zigzag,25003644,14469773,25003658,14470055,574,842,76,43,0.4032711987255798
0a8e908bac6c2fb529e003ad5a084aaa65255b8f9285dbea2d2006bb720a90ba,FCBK,24971022,14326114,24970922,14326482,460,928,80,44,0.13142680005832863
d3d5897f81bf0dd82a8247182e995ed7e6157e896ad1b17ed8abef549dafad56,FCBK,24970090,14323018,24969944,14323514,414,1056,35,73,0.11785840210091683
b8d44c0ecfdef9024056e2cb415aa30adb4c04b7cbd81ca2da88b904a142c264,Zigzag,24993392,14366297,24993241,14366750,410,1013,43,81,0.8110611160307517
b8d44c0ecfdef9024056e2cb415aa30adb4c04b7cbd81ca2da88b904a142c264,Zigzag,24993392,14366297,24993742,14366627,910,890,38,76,0.3873392036888307
b8d44c0ecfdef9024056e2cb415aa30adb4c04b7cbd81ca2da88b904a142c264,Zigzag,24993392,14366297,24993779,14366434,948,697,75,40,1.3936726784870346
81bbfbce5aa5a512e31e00b755bb6fb8e2371062b907ad004eaeaf85e11bf9dc,Zigzag,24996188,14498314,24996295,14498096,667,342,79,37,0.047643656457084134
927f7d37d2a52d3b8affe1523c264fafe2bf721f476d479e0ec30f648444ac79,Zigzag,24998052,14456500,24997953,14456201,461,261,37,81,0.16854568966050087
54b58461b413da61dd4f07abd0e80e82a49dbfe10d380371bd47f7c254d0e5e9,Zigzag,25122949,14217276,25123272,14216800,883,84,83,43,1.559758323024845
5eb8d2ae930241d89102b64e1bf8dfe72b67c4c0a038e23533d2217cde30eb1a,FCBK,24954245,14445259,24953723,14445269,39,570,68,31,0.357454142042343
b9a6429dcb24d72784b72a0da5442b1859d61d6d98f10dfd8a9c3ec35649b1ca,Zigzag,25026946,14525778,25027328,14525326,942,108,39,78,1.4903403660508399
af5da0867c157f650758ee4e64de449ec1d19dbd28227c66c94f9bb77c52258f,Zigzag,24998984,14457522,24998975,14457345,552,383,35,74,0.3140354283682906
af5da0867c157f650758ee4e64de449ec1d19dbd28227c66c94f9bb77c52258f,Zigzag,24998984,14457522,24998773,14457919,349,957,72,39,0.18794710116259394
0e0b8d43407569f03523f858a0600c894a492ede072b19931821ba6f8cfa69ee,FCBK,24918826,14501368,24919195,14501442,929,634,43,90,0.5592777439333356
0e0b8d43407569f03523f858a0600c894a492ede072b19931821ba6f8cfa69ee,FCBK,24918826,14501368,24919312,14501195,1046,387,36,87,0.2746323621439143
2c30833d631c825f506d184d2291d2dd05b30fa6d9c45546b7b7f37bdae84d60,Zigzag,24984071,14645157,24984257,14644619,746,22,95,36,0.6236314337784464
be568cf1cf51d38ff53115bfc42cf75ceeae6ec8e5be4445d6fd22e688b1a9de,Zigzag,24951448,14572439,24951711,14572045,822,166,76,37,0.15325696454030355
be568cf1cf51d38ff53115bfc42cf75ceeae6ec8e5be4445d6fd22e688b1a9de,Zigzag,24951448,14572439,24951263,14572014,375,135,46,76,0.4981217116090831
e4910842f3700961d0a73c05884307e549449df67fea456d758af33e94f5fe25,Zigzag,24943992,14475894,24944254,14475813,822,479,66,44,0.27563580795314246
9d289fc244a20af9c9d96880e880ec77846a945f9774670febd37c8965c2ef2a,Zigzag,25031606,14660259,25031755,14660339,709,640,81,39,0.04995217187493809
dbd3c8b7d0c2d7bfa1e2a70034ca1f5668d9b3c3393187dc23cad28eebabd0e4,FCBK,24956109,14465690,24955587,14466142,38,1012,85,37,1.515670090652747
5c9fd48e6fd1858572182da65f746ba72af27e9b6538b2714d80cf875b6adf5b,FCBK,24967294,14328178,24967582,14328644,849,1026,39,89,0.17465022080069412
2387267be6690acb11f06498c67f25eb3433473fcd5fd0dd178dd3c5910fa80d,FCBK,25054908,14601774,25055003,14602091,655,877,51,105,1.2020305411804966
2387267be6690acb11f06498c67f25eb3433473fcd5fd0dd178dd3c5910fa80d,FCBK,25054908,14601774,25054551,14601643,203,429,90,52,1.5691338484844146
2387267be6690acb11f06498c67f25eb3433473fcd5fd0dd178dd3c5910fa80d,FCBK,25054908,14601774,25054535,14602134,187,920,82,38,1.2863387644413529
46546c68317c966e429317ddb65dc690ac1ec145c1f8a91fc33e165115ba3b43,Zigzag,24985003,14638104,24985498,14638495,1055,951,89,49,0.7672138331582782
eff66ccd8c3f89a074dcce0d5ceb45a0b1e977b47b93cfce7ea22aa29be04dbf,FCBK,25066093,14610865,25066007,14611294,474,988,39,85,0.288811930604364
eff66ccd8c3f89a074dcce0d5ceb45a0b1e977b47b93cfce7ea22aa29be04dbf,FCBK,25066093,14610865,25065988,14610992,455,687,45,108,0.2352695429415117
eff66ccd8c3f89a074dcce0d5ceb45a0b1e977b47b93cfce7ea22aa29be04dbf,Zigzag,25066093,14610865,25065958,14610380,425,75,103,40,1.4591229249109854
eff66ccd8c3f89a074dcce0d5ceb45a0b1e977b47b93cfce7ea22aa29be04dbf,FCBK,25066093,14610865,25065799,14610621,267,315,68,39,0.12021808766240315
637eb2fc60874134815a697c31e0a3795d3bc9d0defcaf3dba2b288c2fa271ce,FCBK,24966362,14330241,24966758,14330377,957,696,43,89,1.5687381027464289
5802106792314afb0590e4c9bf9c6f7b9945b5148284cdcbcc009f44ddea9d0a,FCBK,24918826,14495259,24918698,14495220,432,521,73,44,0.5933140745080117
79b87e2b75e1138c7de2f7f0f3b94a0da7a36e8becac800f0d17bfc6fd5a12d6,FCBK,24993392,14658246,24993583,14658609,751,922,106,60,0.7799324913132514
79b87e2b75e1138c7de2f7f0f3b94a0da7a36e8becac800f0d17bfc6fd5a12d6,Zigzag,24993392,14658246,24993223,14658053,392,367,64,33,1.043090823637641
1eecbdfdbe0e548a940de71545e8830bb280e3ea03f3ec55e82573454a6a3efe,Zigzag,25008305,14465690,25007764,14465766,20,636,43,82,0.28137412115393623
9d200e1dc09781af2bc0805ba96211d930c1f9f35636e28d6ceddb601c6d42b4,Zigzag,25019489,14478953,25019909,14478906,979,513,82,41,1.5527089356194055
9a6d9a8c867e54312b2272b8d3afe607df70aeca042aa00edf743668f3e05fb7,Zigzag,24971022,14517646,24971472,14517757,1010,670,71,34,1.5480613200430535
8fe004e8af8e407858f8ffdcecdecfc4ef3457acbffef1f601bc82460947b0f0,Zigzag,25016693,14468752,25017038,14469076,905,884,79,44,0.42769265223771546
643b3b79570d33407062757c343ff7e109845ff074696d897dd6f2f593fc2624,Zigzag,24981275,14651200,24981140,14650842,425,202,78,47,0.7906844050032011
643b3b79570d33407062757c343ff7e109845ff074696d897dd6f2f593fc2624,Zigzag,24981275,14651200,24981307,14651001,592,361,62,36,1.211037751461308
643b3b79570d33407062757c343ff7e109845ff074696d897dd6f2f593fc2624,Zigzag,24981275,14651200,24981428,14651231,713,591,72,39,1.1666684224361519
bf3a90c5a0e8f0e87116bb57043132ee90836458159da26aaaf80fcbee156185,Zigzag,24999916,14668307,25000087,14668423,731,676,39,93,0.10721478752117095
bf3a90c5a0e8f0e87116bb57043132ee90836458159da26aaaf80fcbee156185,Zigzag,24999916,14668307,25000057,14668750,701,1003,95,56,1.5616607521495431
de6a6472a9b0ed5173469dad2e7d6b1a68c1c790fe13634c4f18384c096b140c,FCBK,24971022,14552171,24971409,14552079,947,468,39,85,0.3298510099758897
eb3549202b60ea065fc3c5e316f96d54854e44d84bbbaddc5aa5e44f3b075d7d,Zigzag,25065161,14609856,25065189,14609489,588,193,90,50,0.6693746210309471
eb3549202b60ea065fc3c5e316f96d54854e44d84bbbaddc5aa5e44f3b075d7d,Zigzag,25065161,14609856,25065447,14609326,846,31,43,82,1.288389132164605
eb3549202b60ea065fc3c5e316f96d54854e44d84bbbaddc5aa5e44f3b075d7d,Zigzag,25065161,14609856,25065076,14609454,475,159,95,52,0.6002155898939247
eb3549202b60ea065fc3c5e316f96d54854e44d84bbbaddc5aa5e44f3b075d7d,Zigzag,25065161,14609856,25065526,14610011,925,715,41,90,0.23186822017628977
eb3549202b60ea065fc3c5e316f96d54854e44d84bbbaddc5aa5e44f3b075d7d,Zigzag,25065161,14609856,25065450,14610207,849,911,84,38,1.4013967777546459
eb3549202b60ea065fc3c5e316f96d54854e44d84bbbaddc5aa5e44f3b075d7d,FCBK,25065161,14609856,25065389,14609565,788,269,91,49,0.37162039469734237
4d802db487e4eae6720c0003312420af59198643a4d842313296148bfb00843f,FCBK,24956109,14574464,24955791,14574414,242,510,27,68,0.1250776575720116
9947866f7dcaf8f46ccfd7422c26604873fe7e076b64bffb9b2f66009e90d321,FCBK,24834008,14559268,24834426,14559130,978,421,35,83,0.4717775223689375
b8e6c295a3f2ba1fc799ac812f6e69122f27cb051e931fa2b6895ccde547bc3d,Zigzag,25055840,14637096,25056153,14636882,873,346,98,53,0.564842885084247
5727ffefbfd1ebe789578c460b96c496a7a93f3b0bd8a2ef639fbd6db9ae7b11,FCBK,24942128,14489147,24941727,14489334,159,747,36,79,0.3275500055045476
9d35fa0776f7900f861cb473927aca28ee0d25d93b756fba2e7cf697a6d57013,FCBK,25054908,14600764,25054380,14600576,32,373,106,51,1.2465191798224882
9d35fa0776f7900f861cb473927aca28ee0d25d93b756fba2e7cf697a6d57013,FCBK,25054908,14600764,25054538,14601247,190,1043,80,44,1.2957019062018535
d3ebc59e179d18d0becabd5e03c8e19ad5e132e8411debbee6b254c49b375f5b,Zigzag,24972886,14662271,24973251,14662213,925,502,92,52,0.6864618620590591
1a2c62eabdc6e6d1fbcc9c3aab5c55ca0b25381c5466c5e86532978bfe6695c8,Zigzag,24996188,14427868,24996130,14427445,502,137,76,38,0.24284140926331138
c1ec823db44e407428212b597fff6ae05c5f4ae5fb80ec7c131efeb10f39d77d,Zigzag,24896456,14501368,24895984,14501189,88,381,38,78,0.8680981036760059
c1ec823db44e407428212b597fff6ae05c5f4ae5fb80ec7c131efeb10f39d77d,Zigzag,24896456,14501368,24895909,14500938,13,129,36,96,0.21599719488374658
4a1a90ae90696c314e4e851ebbf250142853bac31368e95a1392e23bb810ce67,Zigzag,24918826,14498314,24918902,14498837,636,1083,37,73,0.33392398196802964
cb29df05e480a9d9c3869df0cdc840103833e8f1bcb1619af4826ae6abc33e60,Zigzag,25022286,14462628,25021882,14462350,157,282,46,75,0.09701111050874932
8674321f565c3b0ddd3bab908ea44d7664e429121bc4ea3e64b6548216f9e1fc,FCBK,25034402,14662271,25034254,14662600,412,888,44,101,1.5693251966087367
8f365c16755119d6e6478706ed99e1657932321aa4c432ef4ee6b60252cc8be4,Zigzag,25018557,14506457,25018821,14506280,824,383,36,75,0.1495868123077949
7aa7fe8cf5db1bfc5976c4b880dd394d271ef16fdef31ace8ddf1a44f538303a,Zigzag,25033470,14654220,25033561,14653902,650,242,83,48,0.40770170009406287
394b2827466952273b207c46da10f87eec33f316a233367d1bb79e6b244109fb,Zigzag,25011101,14548114,25010775,14547999,234,445,77,37,1.3017707176939262
394b2827466952273b207c46da10f87eec33f316a233367d1bb79e6b244109fb,Zigzag,25011101,14548114,25011209,14548146,668,592,78,38,1.5478887472044165
2980b6e771980628be669af1a693218411a52035a76294433ea624cad0964b1a,FCBK,25043723,14621969,25043972,14621975,809,566,42,96,0.1822208387657328
ed6132ae6117d194d93f6c67c9f2236b43fec4eacd5bd47d635c24b4ceb961ef,FCBK,24998984,14467732,24998780,14467633,356,461,81,35,0.2309755285788952
7b76733c7656bc70044444ab7aa38acae5c0a376250f1c114fdfe9c66b70eabd,Zigzag,25149979,14221440,25149730,14221368,311,488,89,39,0.06632556921761107
9785faefaa070e7616d94b9613cdb2da8954defb0591486cd5a36779fa99e3bf,FCBK,25066093,14617932,25065702,14617797,169,424,39,90,0.49203605562311575
9785faefaa070e7616d94b9613cdb2da8954defb0591486cd5a36779fa99e3bf,FCBK,25066093,14617932,25066421,14618244,888,871,60,125,0.9771408350351367
33927ce3de3b1f4fed6522b2731cd7486601fc51eb33d8ade34f8b14db97f242,Zigzag,24981275,14650193,24981359,14650591,644,958,82,44,1.513371383157845
ac0399cb87f709c78be93a5b093f77c053bdafb2046300218acc6c67272985d6,Zigzag,24984071,14644150,24984059,14644353,549,763,76,49,0.924271561337802
ac0399cb87f709c78be93a5b093f77c053bdafb2046300218acc6c67272985d6,Zigzag,24984071,14644150,24984126,14644532,615,943,48,89,0.8211734050058914
de967dcf2a0e11d165ae208e6bebd1999b9a9bcf4a82292aed3f1d5aa36fc020,FCBK,24909505,14688407,24909815,14688738,869,892,32,66,0.21498690807946821
b91feccd22fa57a83a9ac2d3bbc908e0bcde68e1fc8c18b5d38c18d67d82c35d,FCBK,24964497,14691419,24964694,14691301,756,442,37,79,0.13880236644065425
4ed88ab39f22f635bc2e15a7b267ad604090407837bfd7c8d376d9ba68d2035b,Zigzag,24997120,14478953,24997593,14478791,1033,397,74,37,0.13200025354242836
4ed88ab39f22f635bc2e15a7b267ad604090407837bfd7c8d376d9ba68d2035b,Zigzag,24997120,14478953,24997484,14478905,924,511,40,81,1.5490256506737714
b09e7570cbd289e1082111bc6919f223fc267009a474333e14428727cbb779ed,Zigzag,24964497,14512561,24964846,14512831,909,829,35,76,0.24050027428329315
b5f666e3e863f2424a0372cae5776efc0deb810c504555076384c6ca9d65bc54,Zigzag,25000848,14665289,25000434,14665044,146,315,88,44,1.4934777029730075
b5f666e3e863f2424a0372cae5776efc0deb810c504555076384c6ca9d65bc54,Zigzag,25000848,14665289,25000556,14665177,268,447,89,47,1.5686335736736432
1ca1bd1d1aee1661a80cd32a79a738c4c2645142a651f0e682e67242c732c811,FCBK,24997120,14439124,24997443,14439596,883,1032,33,62,0.6576665659306318
4b5063dd0037bcce46b4b0c4a1e5176011f69c82ef7df1659f3198a9c8f9dd7c,Zigzag,25019489,14595710,25019829,14595958,900,808,35,68,0.2345995415455182
614254529302fd2598d6d1ff52d2fc269a341e71bc7c4ad7633805518c54e51c,FCBK,24936535,14477934,24936327,14477494,352,120,72,42,0.5779180073511273
614254529302fd2598d6d1ff52d2fc269a341e71bc7c4ad7633805518c54e51c,FCBK,24936535,14477934,24936944,14478284,968,911,71,35,0.0024989829305110075
614254529302fd2598d6d1ff52d2fc269a341e71bc7c4ad7633805518c54e51c,FCBK,24936535,14477934,24936767,14477853,792,479,68,30,0.3716952295239736
8992fbab93c94e3085673ff33429ce25fdbb80e93d07f7471e2172efffbb232f,Zigzag,24998984,14461607,24998584,14461842,160,795,79,43,0.7693249209543841
44bf40cad13aeb348d28550d5d30c9f83df0724975123a52f3ce747a8829a4d7,Zigzag,25026014,14456500,25026318,14456591,864,651,69,34,0.08639285421600802
9cc23f9cb3bd67ca6b01c7395c6f97238cc452a08cc18f4200037de9883df251,Zigzag,25010169,14354976,25010208,14354839,600,423,72,42,0.18935947535720385
9e551af1a8db9ae409070cc0084e4e9abd4e3bb376995a5402d522b913907329,Zigzag,25035335,14611875,25035123,14611884,349,569,41,84,0.8778619846015362
9e551af1a8db9ae409070cc0084e4e9abd4e3bb376995a5402d522b913907329,Zigzag,25035335,14611875,25035178,14611422,403,107,71,43,0.37715357791517273
9e551af1a8db9ae409070cc0084e4e9abd4e3bb376995a5402d522b913907329,FCBK,25035335,14611875,25035249,14611753,474,437,38,79,0.7963323038849865
9e551af1a8db9ae409070cc0084e4e9abd4e3bb376995a5402d522b913907329,Zigzag,25035335,14611875,25034884,14612021,109,706,40,80,0.8719909128204019
9e551af1a8db9ae409070cc0084e4e9abd4e3bb376995a5402d522b913907329,Zigzag,25035335,14611875,25035381,14611771,607,455,34,70,1.049390398038169
9e551af1a8db9ae409070cc0084e4e9abd4e3bb376995a5402d522b913907329,Zigzag,25035335,14611875,25035501,14611650,727,335,39,75,0.9878541994683075
9e551af1a8db9ae409070cc0084e4e9abd4e3bb376995a5402d522b913907329,Zigzag,25035335,14611875,25034824,14612096,49,781,32,75,0.9038986453148048
9e551af1a8db9ae409070cc0084e4e9abd4e3bb376995a5402d522b913907329,Zigzag,25035335,14611875,25035592,14611598,818,283,41,73,0.9403298234997345
602351f276dd8bf1d34b6ff7a4bda9786268b32dc6f0fe9edf14b68388a31c0c,Zigzag,24941196,14570414,24941488,14570379,853,526,35,76,0.18907837870414598
03a21a1c10f800a44d02ef50ae052fd991f370154877a3344a0d817fcc676d3f,FCBK,24963565,14328178,24963926,14328087,920,469,38,89,0.028465723701746146
dd3ead5402c476c81e5f093c7407a8d53471d9e84009450c2765ce6279db38a0,Zigzag,25054908,14614904,25054568,14614894,220,550,49,89,1.4729651041508358
5f2602ca4baa0e0ea5077e3f5cd7e46605258075260b85bd6c39a62494a8254e,Zigzag,25053044,14612885,25052665,14613018,181,693,47,110,1.0994945781547016
2bd88c6a4fcd1c74e41397bfe5035ac2895defd268b4c3b37eff86524e7c2a50,Zigzag,24959837,14682380,24960109,14682508,832,688,40,78,0.04227630911257083
0defc1aafa89933577343deb1c83be709e26802fb1acf37de0023c78ab8a1917,Zigzag,24978478,14650193,24979000,14649919,1081,286,65,40,0.764811728434054
0defc1aafa89933577343deb1c83be709e26802fb1acf37de0023c78ab8a1917,Zigzag,24978478,14650193,24978324,14649699,405,66,38,68,0.6516574092469771
421e6601d369f5ed14fa8e6d6422e109ee9e0a696548aa158f543c9e3d31a9dd,Zigzag,25031606,14444237,25031699,14444606,653,929,65,33,0.04688183842132096
0be3c17d2910971d8c41a492c07d7ae827618265887ef92d01cd85aef9e1627c,FCBK,24972886,14552171,24972341,14552454,15,843,36,75,0.7190672761800355
08c6ec1768e231dc0a6391940e2dc52f9424a6178762fbc13c70caec3dc52cc9,FCBK,24889000,14502386,24889263,14502434,823,608,40,80,0.24991013787616784
6b881e8ed6d7567ded8785eaf8ce908b1dbcee15068abac28a7cd899bc427c07,Zigzag,24968226,14451392,24968680,14451575,1014,743,80,38,0.2602719484006913
b2446c8178d199f378483cd1b9db51921cac7f57bfd88f58e1431b1c24a376a6,FCBK,24893660,14501368,24894008,14501145,908,336,98,46,0.5648904890887322
b2446c8178d199f378483cd1b9db51921cac7f57bfd88f58e1431b1c24a376a6,FCBK,24893660,14501368,24893695,14500975,595,167,88,40,0.4670183869219386
29f49b36fb7de3421a30b793caa7699e55ece274af63052140aba54121d25f03,Zigzag,25001780,14216234,25001872,14216639,652,965,100,49,0.17211950204057588
29f49b36fb7de3421a30b793caa7699e55ece274af63052140aba54121d25f03,Zigzag,25001780,14216234,25001875,14216383,655,708,94,46,0.028400832036716082
a26d6bb2341fcc8902c1d823b8e8b42db8d1f65ac29836ade960b76bfaffe695,Zigzag,25053976,14624996,25054120,14624931,704,495,46,89,1.0123183301369116
a26d6bb2341fcc8902c1d823b8e8b42db8d1f65ac29836ade960b76bfaffe695,Zigzag,25053976,14624996,25054013,14624557,597,122,89,51,1.3127803587983682
a26d6bb2341fcc8902c1d823b8e8b42db8d1f65ac29836ade960b76bfaffe695,Zigzag,25053976,14624996,25054047,14624700,631,264,49,88,0.03334493858558315
b8a80cc140853f61e00898e31b2f50675c38e7f545e00e5e7e38325945ce0073,Zigzag,25022286,14520696,25021881,14520537,155,401,33,75,0.1419076871730923
cf4758d0654b31b8536329284219aeee4fe00a13f9a3b6afba8fca2f6ba34d1d,Zigzag,25023218,14463649,25023087,14463660,430,572,83,44,0.03859590370986539
93283712dafdbf18e2fb79bd973fce2336f9821d7a33426cd2278fb8bb07c75f,Zigzag,25054908,14569401,25054862,14568952,515,111,33,74,0.11372784757258236
83428e59b695c9be1a9a90000a059c43b63f8964b22e3a192c2dc36cd2eb1d8d,FCBK,25067025,14617932,25066643,14618449,178,1077,92,46,0.23015958595516536
6ceea36d4483a5b74e354ee3c2b9d8f9d2b141687cbc18de68077b7a5d3757fb,Zigzag,24968226,14327146,24968229,14327427,563,841,41,78,0.1487341679952924
6ceea36d4483a5b74e354ee3c2b9d8f9d2b141687cbc18de68077b7a5d3757fb,Zigzag,24968226,14327146,24968198,14327674,532,1088,98,49,0.2235571102701545
16deba143ba5949809786a19ee52efc785749a831e78f45af33ecb76a6358d36,FCBK,24894592,14499332,24894266,14499460,233,688,91,45,0.38113533663997745
153b4165f3983b58969662d0c567932e49441dd2301a2cd278a93bc9837d3786,Zigzag,24875019,14512561,24874589,14512068,130,66,76,38,1.5619465093345088
045ef14dedd77202d0b2ebc5983a61e02fe48be71a95b4c6d15787d698f08ac6,FCBK,24974750,14664283,24975004,14664450,814,726,36,79,0.5197077307981249
a46bf2c29d97f7c37d3815602f87ed4103cc607b24df8b23cbda985b4ddd0361,FCBK,25003644,14556227,25004069,14556272,984,605,27,67,0.24310279852430264
4c245d65291a42d53a733452bff475a6405257b4130b4fecab556639ab320488,Zigzag,24919758,14634072,24919709,14634603,511,1091,37,60,0.07368469058020544
241696e5d4947cb340b6d8a757da1ac8a5b9126ef9bdd54ed0475d5494a6b12c,Zigzag,24920690,14547100,24920404,14547251,274,712,69,31,0.04821278646560168
b7e1fb9987ff0e4aa0c8ccb81a481ec95e8f1c66c5fcfed377630932e4b41afc,FCBK,24888068,14549129,24888151,14549249,643,680,38,86,0.09027997917595246
b7e1fb9987ff0e4aa0c8ccb81a481ec95e8f1c66c5fcfed377630932e4b41afc,FCBK,24888068,14549129,24888231,14549166,724,597,81,39,1.299227798327064
b0550d7a7399840d714408de650abdf2747454e1fd995fc660f39d79dfa95488,Zigzag,25066093,14615914,25066529,14616026,996,672,87,39,0.7421353778052201
c25caeb689ed59c08d53c57c9b310eb21cc81c5cd5d68b7ce3053f5e2f723956,Zigzag,25029742,14461607,25030208,14461432,1026,386,77,46,1.0444033625808866
c330029ad1b135f5490b04ac6813423b53b9e584a361122301dda5f6e84fcd6d,Zigzag,25028810,14646164,25029196,14646476,946,872,83,50,0.1919230342225141
91520af6d842a2fa697c36ce2611e03f733f3e3667a53c8b663092db3fc741fb,Zigzag,24898321,14554199,24898128,14554573,367,933,32,70,0.09823497451007364
e5083ad770494def7cfe7d962c3e25cdf3dc058be314fae2e918f9ca83b192da,Zigzag,24954245,14612885,24953837,14612480,153,155,70,33,1.4834100219461266
1ddc92539cf8fca979b01d7f0ec8951ec49c4d8ae9fb248492abd41fde8e6569,FCBK,24973818,14686398,24973499,14686596,240,758,78,41,1.5567315072879155
05857946c238b072bfee07d36e651616b6d08bde860cb611f5c15b678a974399,Zigzag,24974750,14555213,24974955,14555178,765,525,39,81,0.184802207520833
afec4e79a4d5745ceeba702262418f7857554306ab47cf572327cbba818fe08b,Zigzag,25026014,14457522,25026083,14457582,629,620,42,81,0.21089191507406468
afec4e79a4d5745ceeba702262418f7857554306ab47cf572327cbba818fe08b,Zigzag,25026014,14457522,25025782,14457421,328,460,71,43,0.2755807637423619
13a4f923ecd8be2e7b43e4b73bf51ff5f1b18b4cd8117baef4fa8d0b2e754a85,Zigzag,25056772,14592677,25056562,14592939,350,822,93,48,0.683031444258928
c42d7a91d6c985ff41c2370af58d004550935f8f4157bbc6070a4024b46a7a4d,Zigzag,25029742,14619951,25029417,14620260,235,869,35,75,0.5670674901218175
ea4bb53647f6644d646406cf01aa660c50dec7d997016dcce48619a8796156cb,Zigzag,24985003,14581550,24985253,14581385,810,395,75,33,1.5256020836220883
cfa5851cf25910c9f065dd600b5dcb7b6544717d7d175f54c61df1e2713ffd4d,Zigzag,25043723,14463649,25043764,14463240,601,151,42,64,1.534742451957404
26832abbe0278a041e26121919a3daff6ad95e542ccd5928b389085e16b88d86,FCBK,24944924,14503404,24945224,14503642,860,798,87,40,1.1354469865546624
9443914e2617073a3debea4358071bb5c795ff1c2722e9ce5a5a5a0771771e14,Zigzag,25006440,14466711,25006231,14466857,350,706,74,40,0.49553668100748405
9443914e2617073a3debea4358071bb5c795ff1c2722e9ce5a5a5a0771771e14,Zigzag,25006440,14466711,25006724,14466248,844,97,32,74,0.31852122361890645
83c17ba425f53b875d323802e2a16a0932b7524fa58d2927318d385f74c110bc,Zigzag,25027878,14641127,25027521,14640687,203,120,41,70,0.18952141219623747
6059660f348f2938a58b5a4ff91d41ea9dae0e9536f20142344398fe975fe097,Zigzag,24989663,14341584,24989556,14341401,453,377,46,102,0.16105842863758169
57b823aee16a74b2be233b4232c7e461952bc7bb14fc931983d4dc0dbfaabb1d,Zigzag,24943060,14557241,24943376,14557486,876,805,85,34,1.5266850580793692
97b9adc91c3ad23272b65defce59394c34a2acb5c2f9cd11435c78105bfce76c,Zigzag,24939332,14628022,24939476,14627613,704,151,70,39,0.08128643424048443
3421a7c2578cac3a42e1533f3d8c879f12bbc053e7efefac964ce21f69821cd8,FCBK,25023218,14652207,25023217,14651817,560,171,41,79,0.1412038802760116
258f86c6aa08d34c1a0b974bb4345e8dfdb4ffe3039e34a84ed9ff74e2b183bd,Zigzag,25122949,14233924,25123104,14233646,716,282,48,82,0.30919566571928964
a0ff475ebf16ee6f737f1cf226c27727ab39714b10ff88975c308689bb6a6d0e,Zigzag,25035335,14610865,25035812,14610995,1037,690,38,83,1.0194901563734677
bd9d3673b0f85a23f5ce8fa32851c97e6c0559d0c86ffd94e851367cd117cf44,Zigzag,24958905,14457522,24958784,14457855,439,893,35,87,0.05375156232172123
7c8a278857cebb4028ff4686cba9390954f3002a6023deb6355b722c0c5a904b,Zigzag,25012965,14541011,25012788,14541026,383,575,38,83,1.4235319074709485
d05b568dfbc94c3934b78f03e6c48fb6c23e279ea5cb65d0520b15e3fa855f87,Zigzag,25017625,14577501,25017848,14577405,782,464,71,36,1.4616689069131013
24743d3ebcaafbb587c5e54e601da2526a0d61c7a2af8a37b4a0360fce84a415,Zigzag,25137862,14229764,25137513,14229939,211,735,74,43,0.010055827879435594
915fa0b6251a537102b2c9e2c24658c9fc110642913bb733ff20af221465da69,Zigzag,25043723,14629030,25043383,14628904,220,434,93,53,0.04983313689658996
e7f30ce61b7c46fb1c1c8a9d6666b85ad1acc7ef864dd463113d33b93f72fa41,FCBK,24976614,14651200,24976860,14651508,805,868,91,43,1.441602787047681
1be8ead0c62754a0a59a636cc06562c770ab601d7a9d71e5844e5920293c841c,FCBK,24958905,14490166,24959000,14490079,655,474,26,57,0.021939416504506194
c4f75ecb4e9ee808fd4de7e6b5b4420f2e2887501273d53046ab9ff87b4615d8,Zigzag,25008305,14472834,25007925,14473093,181,820,80,36,0.027884060191348422
cc017e6845184f713a6da857181e93696470ed1f522321c84960fa46e0fcd95a,FCBK,24874087,14496277,24874449,14496152,922,434,85,34,0.3962869588983061
522f679ce70227413a932141e298fd9d5be8c771fa931b7019f3a3ea0470717c,Zigzag,24885272,14498314,24885102,14497895,390,141,40,83,0.15418545900960284
91dac0ccb7f66bca2cbd343f930a8547fe8c7c337867fc7ecb8d7549bee60566,Zigzag,25016693,14501368,25017144,14501523,1011,715,38,76,0.2597180275387116
21510dbceabcdd5db6310f342ab25519ad10979c5560deb053f826a15e8fc7f3,FCBK,24875951,14496277,24876343,14495884,952,167,79,38,0.557752751314129
656abc4ff0350904120e7b6943e9b2a5d6b93374fb1a8483ffda93518af885de,FCBK,25058636,14627013,25059118,14626529,1042,75,53,107,1.568946095627564
e6c928c3eb3f670ecf0b281ca6d77acb20512aa00eb4e5f33dd67bfacffdcc81,Zigzag,25019489,14516629,25019002,14516421,73,352,83,39,0.17244257677031613
3d3b248fef7399de393b97d19d3cef826be35466798a40727f3f3cb78481a42e,FCBK,24935603,14477934,24935683,14477574,640,201,79,39,0.10559476998531893
900bdca6ea219a2070bab996f3d84729776fc85126a6430fa95e0d7391b2e639,Zigzag,25004576,14593688,25004176,14593413,160,285,73,35,0.27148187586386413
10efdb5afb4e79c90ec2694d5abd4194c98b5410f70036b1334ce12bfaaeec71,Zigzag,24977546,14509510,24977218,14509952,232,1003,42,77,0.0008470997229449089
caea84abd880953d5ccbd7eb630635fdc14fcae6b4fa745e808b0ab17250cde2,Zigzag,25026014,14475894,25025807,14476012,353,678,45,79,1.1951372150149355
05f34e644cfa22408367aa6797f10cafed153fca320c4dd28eccf66225943ea6,FCBK,25059568,14619951,25059749,14619797,741,406,46,108,0.41191958133901674
0c8a8d41ea721b1ce5cbf84116431f19bfa432ed4263ee91c60a583c909d7670,FCBK,24919758,14502386,24920153,14502235,955,409,87,42,0.09116443161872459
0806201d36a90f975bf6dc2f7b376d911fa9e4f2ec95e22dbfb076c2d0fa11cb,Zigzag,25045587,14653213,25045222,14653004,195,351,36,72,0.8851853447041178
8d86131e071f37c583c520aa27171e83bb7100bb3a1a27a868fe6700bb2943bd,Zigzag,25004576,14591666,25004856,14591761,839,655,29,62,0.3910037133487797
3b2b1a6e89222f297926ec9faadb1a8a49290e60398f28fb80c59d69fd21cf35,Zigzag,25036267,14610865,25036529,14611071,822,765,38,77,1.3732955014062933
3b2b1a6e89222f297926ec9faadb1a8a49290e60398f28fb80c59d69fd21cf35,Zigzag,25036267,14610865,25036389,14611111,682,805,41,81,1.4616057899952661
3b2b1a6e89222f297926ec9faadb1a8a49290e60398f28fb80c59d69fd21cf35,Zigzag,25036267,14610865,25036027,14611261,321,955,39,73,1.0842974491312463
3b2b1a6e89222f297926ec9faadb1a8a49290e60398f28fb80c59d69fd21cf35,FCBK,25036267,14610865,25036782,14610961,1076,656,43,89,1.4586663259420913
801feebcae1d4decca3483a8ada492b3d0f20b02a7ff05fe7f44fafdb048aa85,FCBK,24967294,14329210,24967227,14329411,493,761,89,48,0.23788208732612262
68bd72e676f9904fb4c187602a6e601b0a16382218d7702131413e964ecf6765,FCBK,24919758,14501368,24919816,14501761,617,953,37,79,0.7116263375153269
1f658093ac20f5bf4f4c44a0008aabe3706d4a3f18cd1809f3a9c5f41cb9acd0,FCBK,24915098,14636088,24914853,14636071,315,543,28,66,0.13825189936571328
7aa557417490d6fcac1a50067bc246f72cfc20db6aee11d18d7b5d796abf8082,Zigzag,24884340,14496277,24884069,14496658,289,941,39,83,0.35427476046446554
def04c2732fba3305e9298e806d3231f83327682381c268df540ff2f143190da,Zigzag,25053044,14614904,25053527,14614969,1043,625,50,94,0.526766971899598
330cf3e861a6b4b31d5e7cf9e9f4151f60a08a50778f4cf6bd493418ce151124,FCBK,25022286,14645157,25021919,14645392,193,795,81,40,0.17132464832372812
a556c03341d7402276d621f5a2d6e5983210086de97f62b8e63a4eb503ccfbb1,Zigzag,25035335,14601774,25034817,14601695,43,481,79,36,1.561752364891042
6bf2d34523b67b2a2c102b88d93d6be937e495630af33f8d2516135e0c39d351,Zigzag,24972886,14516629,24973175,14516428,849,358,71,33,0.6038494732013379
922730e01f1ce499d45c0d5d3e5769d2f5358355171106cf16b124456812e4d4,Zigzag,24990595,14588632,24990944,14588758,909,687,61,35,0.08580324699542127
8b766b843b113c939a506b37a9a8d114c87d990fe2d859e0708ce77eac75505d,Zigzag,25019489,14456500,25019245,14456303,315,362,81,41,0.14501597899462149
8b766b843b113c939a506b37a9a8d114c87d990fe2d859e0708ce77eac75505d,Zigzag,25019489,14456500,25019617,14456345,688,404,44,78,0.04499899185301334
27c2c96a8b282070ea2edfb95a2571aa943390b65d39047ff488af74e7f22466,Zigzag,25031606,14495259,25031635,14495667,589,968,35,76,0.1985186689124748
0e21461468aa1d648041564c18af815421f464f4d10735fc246da82e228b0fee,Zigzag,25044655,14621969,25044341,14621769,245,360,101,44,0.14068750998540205
0adc3092d4a55d040e928fc488e54bbea1f264ca5f607e266eca993bb298bc28,FCBK,24975682,14686398,24975719,14685957,597,119,76,37,0.025424069164117807
9b3618c16bf84248815e4ce9f51f6457ece2d603d9397a87082d6714d528d88c,Zigzag,25032538,14611875,25032732,14611673,754,358,37,76,0.4174759007688172
9b3618c16bf84248815e4ce9f51f6457ece2d603d9397a87082d6714d528d88c,Zigzag,25032538,14611875,25032645,14611345,667,30,84,45,0.20837860672957284
9b3618c16bf84248815e4ce9f51f6457ece2d603d9397a87082d6714d528d88c,Zigzag,25032538,14611875,25032629,14611448,651,133,38,84,0.2955518919806502
9b3618c16bf84248815e4ce9f51f6457ece2d603d9397a87082d6714d528d88c,Zigzag,25032538,14611875,25032961,14611726,982,411,71,36,0.5115349221763489
9b3618c16bf84248815e4ce9f51f6457ece2d603d9397a87082d6714d528d88c,Zigzag,25032538,14611875,25033033,14612315,1054,999,41,78,1.4488168909665422
9b3618c16bf84248815e4ce9f51f6457ece2d603d9397a87082d6714d528d88c,Zigzag,25032538,14611875,25032549,14611621,571,306,72,38,0.14865944968195888
7e204271864a5f96bf513df651341666e5264fb260749887962594caeed5b4fb,Zigzag,24985935,14480993,24986276,14481220,901,787,35,80,0.026494451862869497
f1010924a953749255cb4a208bab523e80c1fba2491cb1e50334069cb50cf22d,FCBK,24930011,14562309,24930181,14562342,730,593,67,32,1.5677480726111919
e979005121955ac9d157e96a4f9783bed08363f4296b4fac8fd654b7b5f785bf,Zigzag,25082870,14201647,25082778,14201282,468,195,42,90,0.1766926989092168
c03c8060ceff59929a6313bad01573f2e2f6a92f84c48484509f33763ccbd9a7,FCBK,24876883,14608846,24876458,14609180,135,895,49,86,0.6597540847510904
bedf868ce12a8c998025f1bce8bde19bc03626ee36e2dee0f25ab19669a1bdfb,Zigzag,25026014,14560282,25026318,14559837,864,114,35,71,1.0830514892152527
617c21b1ad9e761273d03fe2726630926275ee939eaa398e256b7d42c2773321,Zigzag,25026946,14455479,25027239,14455698,853,780,38,71,0.31406355800730457
617c21b1ad9e761273d03fe2726630926275ee939eaa398e256b7d42c2773321,Zigzag,25026946,14455479,25026523,14455476,137,557,39,80,0.2680198829600588
617c21b1ad9e761273d03fe2726630926275ee939eaa398e256b7d42c2773321,Zigzag,25026946,14455479,25027096,14455889,710,970,42,82,0.21897404306072354
617c21b1ad9e761273d03fe2726630926275ee939eaa398e256b7d42c2773321,Zigzag,25026946,14455479,25026584,14455995,198,1076,39,78,0.2527746838789275
617c21b1ad9e761273d03fe2726630926275ee939eaa398e256b7d42c2773321,Zigzag,25026946,14455479,25026629,14455824,243,905,41,77,0.4237977791434746
c8c09f1a08e62c4e07f5ad76d792436fba95dfe4cef16b75e10cba1bc2838d74,Zigzag,24993392,14659253,24993733,14658726,901,33,49,83,0.38652327770985767
7ba03fd831b01e336df9d49642c75c7650cd8dadb1fdd4b87dbeebe72c3ee68a,Zigzag,24985003,14587620,24984868,14587324,425,264,71,37,0.09021567215800544
4f6e8614953c4c893451384c9feb9f4093a3780c6100dd2002aabd4dd2903244,Zigzag,25034402,14631047,25034510,14631099,668,612,75,41,0.01821837916982563
fe8ea986c9246101432e6584db003a31dffa872c4b757b017ac3fdef0c8f9e2b,FCBK,24914166,14560282,24913816,14560449,211,726,81,43,0.4863266377201494
fe8ea986c9246101432e6584db003a31dffa872c4b757b017ac3fdef0c8f9e2b,Zigzag,24914166,14560282,24914690,14559757,1084,35,78,39,0.25630472054858433
b8951d05e3595626bc9fa10e57036862eef98f8167e73857cc28b9bc1c9493f7,Zigzag,25012033,14494240,25012341,14493805,868,125,79,39,1.5611293183540178
7f40b4d1e1031b9d3e986c290939c0b89457c2f4a7709fbe6c25120bb94999ef,FCBK,25007373,14504422,25007227,14504054,414,192,69,38,0.24261084609193775
a4d30676450013607ce41e53fb1f448037e474c884b2b27944e9965ba9a7dbd3,FCBK,24906709,14498314,24907098,14498783,948,1029,94,48,0.2037657786949602
d29bcee182e4cc2ed09bbf9b6b982d59f79edada6b9b3505bde7d78ba5d38f75,FCBK,24932807,14561296,24932680,14561311,433,575,34,75,1.5484031367689652
88114343a9669bf251365f31e3fb864c0c0bf12595b799193c81bb8cd875bf67,Zigzag,25062365,14340553,25062162,14340289,357,296,38,80,0.005655593440771002
a7f9dc41f834e92d59a0e121e2901a5d65d7a6a0d8b58eae4ecceebd5ed12188,Zigzag,25058636,14586609,25058427,14586772,351,723,38,96,0.33226223602684746
a7f9dc41f834e92d59a0e121e2901a5d65d7a6a0d8b58eae4ecceebd5ed12188,Zigzag,25058636,14586609,25058355,14587023,278,974,89,40,0.3677243564701245
d9effb1e2200ee3d27ae0e7e458cd94b05fadc412f620be18c70b7525f4e99a1,Zigzag,24978478,14326114,24978508,14326099,590,545,39,75,0.2151230455454417
56847e3a66b1ac6839c1ab46fbfd6113ae9a8937f76f0d56a93908bdbdfd7990,Zigzag,25030674,14610865,25030282,14611153,168,847,36,72,0.5019776359723815
9fff79e9ee6af571650d1b786b579942314c23580f6121a2d2d4cfb8d482078a,Zigzag,24946788,14480993,24946674,14481050,446,617,31,73,0.06368399221592909
8e13cf66cbf39f68e9a7d45b8b300af89c0617e510b16a3b6796130ea19532ef,Zigzag,25018557,14570414,25018458,14570074,461,221,33,69,0.8321739913626273
8e13cf66cbf39f68e9a7d45b8b300af89c0617e510b16a3b6796130ea19532ef,Zigzag,25018557,14570414,25018346,14570790,348,936,63,32,0.22990408893808587
92a19db76962bb597cd390747220132e79d98e4f07c7a114aa4f05f578f5f135,Zigzag,24934671,14512561,24934528,14512961,417,959,44,92,0.5461427338314422
e97221cd68cb0910838395005646e492f2f63e2dcd1b1aa68845565e496af269,FCBK,24951448,14501368,24951116,14501416,227,608,35,78,0.056693835177608384
99da08259ff8b4136f768ef0e0e55c05eb9ae8e9fb199d914949ec8be9f0c481,Zigzag,24888068,14498314,24887973,14498306,466,552,39,82,0.4713948261202931
247a2a24b3ad513651e2ed515a20886cd7372739d2eae0c4496dd85f04741410,Zigzag,25087530,14194347,25087355,14194367,385,580,35,86,0.13641479258912778
3ab354be665e2d366e01660dbd62213f4550ab11782ffbe53fbe71055cb9ec68,Zigzag,24996188,14429915,24996076,14429833,448,478,76,36,1.2761327321958422
18e8f1adef69a8068304c78d06d48dbe98d9f4005099e0924c6b16ebf79233d7,FCBK,24971954,14517646,24971740,14517411,346,325,35,78,0.18742247507260515
18e8f1adef69a8068304c78d06d48dbe98d9f4005099e0924c6b16ebf79233d7,Zigzag,24971954,14517646,24972170,14517359,776,273,40,79,1.4542757054109323
9aa4013ae26f19b6ed9e00cb92a77ea5d1f591487f39ef6454eb7853faf5d5aa,Zigzag,24887136,14494240,24887162,14494352,586,671,82,39,0.7592646967785552
6bfe82653972ee3a76782c69600085e28b77b0a95c721c1a9c362d2575b74163,FCBK,24960769,14514596,24960528,14514055,319,19,83,31,0.01387412156847179
02465908c0499a6103ea6b26a10ac60a2da22fdc81fcfab09e0d66eec0195ecd,Zigzag,25024150,14512561,25023702,14512223,112,222,40,75,0.3810499490375268
d816ad67031f9f8a2bdc21486cb5d587d9918eb9498b7876dfc195bbc302a57c,Zigzag,25036267,14602785,25036262,14603245,556,1020,67,38,0.3196972422667718
d816ad67031f9f8a2bdc21486cb5d587d9918eb9498b7876dfc195bbc302a57c,Zigzag,25036267,14602785,25035808,14602997,101,773,76,38,0.27911824061831414
fb2cfd5a56ad5ba44fccd4af8e88cac76ad94da503e533017218385bc0e582e5,Zigzag,24930011,14485070,24930138,14484842,687,332,38,81,0.2990901678049295
58cf1266aaa12b7f578142f829767339d3fbe95fc1758702847e29e838657cbd,Zigzag,24983139,14329210,24983589,14328762,1010,112,45,88,0.31577354045373085
a9f285679991a4a5be0e271d54cebb4c4576ebf08017b1583f70183f0fab6490,FCBK,24832144,14546085,24831819,14545727,236,202,81,40,0.6520966310897583
58ad98e187daa98756ddbd272fadfacf94ab005c9ca2b59e474ed8ff4b324f29,Zigzag,25012965,14460586,25012816,14460225,411,199,38,89,0.18272069745758387
ce72049b04d8b5da56435914f93344a93fb99604eaf65d3d0e943facc3df1b57,FCBK,25064229,14607836,25064133,14608178,465,902,50,98,0.8065998551516781
ce72049b04d8b5da56435914f93344a93fb99604eaf65d3d0e943facc3df1b57,FCBK,25064229,14607836,25064639,14607297,970,21,54,42,1.2542740386006899
bd8009e0f33dda940578017f2972bbb1ae95e99e86f243fd41ed1235948302ad,Zigzag,25025082,14455479,25025097,14455317,575,398,39,77,0.08873148416012587
bd8009e0f33dda940578017f2972bbb1ae95e99e86f243fd41ed1235948302ad,Zigzag,25025082,14455479,25024693,14454993,171,74,82,41,1.4983700630535377
bd8009e0f33dda940578017f2972bbb1ae95e99e86f243fd41ed1235948302ad,Zigzag,25025082,14455479,25024920,14454996,398,77,34,74,1.5121821485730702
bd8009e0f33dda940578017f2972bbb1ae95e99e86f243fd41ed1235948302ad,Zigzag,25025082,14455479,25025198,14454954,676,36,67,37,1.533957751542212
bd8009e0f33dda940578017f2972bbb1ae95e99e86f243fd41ed1235948302ad,Zigzag,25025082,14455479,25025289,14455117,767,198,83,49,1.5611049504300438
fd2f6221d75c09b4bd570721b78439ea3c7659b3bd8631af5f4b683924af851b,Zigzag,24910437,14494240,24910779,14494683,902,1003,40,94,1.5693261287151183
7224c8ac43abc9bdce48b4b5ae77f237a009485b9b51c59bc79d07ad42b39d37,FCBK,24971954,14541011,24972120,14540649,726,198,77,39,1.5604321027806352
71ef052370b97cc807f320c0a512ad4d1f4e2cb2129dfd490953b01794c859d1,FCBK,24999916,14488128,24999770,14487814,414,247,63,36,1.0889279538975942
6cb6d070f136175842f89ca6a1ea156dca3ed20deb8c8d06786d2685797b0952,FCBK,24933739,14490166,24933784,14489977,605,371,35,72,0.5103423586402114
e6444c6abf6eac6432da1327e854598ab2acaadef82836d882bcad693d951d6c,Zigzag,25022286,14489147,25022716,14488937,991,350,73,40,0.6509526702435148
e6444c6abf6eac6432da1327e854598ab2acaadef82836d882bcad693d951d6c,Zigzag,25022286,14489147,25022771,14488868,1045,281,74,40,0.5216485760215475
09c66251bcb9ca264be10dba456af7bb977d61634218f6381b063047f83628ac,Zigzag,25038131,14610865,25037950,14610647,379,341,36,76,0.3068782162282163
a65acdd83eb9a33665a4d296b5a7a097579db06ff031d45166d2d4bbef7c6f02,Zigzag,25030674,14593688,25030441,14594084,327,956,32,70,0.26569176417986834
014292fc35ae0acceb308b940981f3bfe5fe01a14d035e3989cde9cc871e8625,Zigzag,25024150,14464670,25024477,14464702,888,592,77,40,1.4979161272457335
7065c7ccd266a01bd63839c51ccbd8334eb0db2a115ea8dde08e9b83de5c327c,FCBK,24889932,14490166,24889964,14489790,592,184,74,27,0.4517373350346321
de2d97deb10ec5a5cbc3843b716fb78eec25750b7dcfb6f35cd10c1ce0ec54a6,Zigzag,25012033,14307525,25011768,14307458,295,493,40,81,0.4941915849199123
de2d97deb10ec5a5cbc3843b716fb78eec25750b7dcfb6f35cd10c1ce0ec54a6,Zigzag,25012033,14307525,25011683,14307241,210,276,53,83,0.005165348656425398
325a9e80066df921e08a248e8269e6cab652fc21ab28c0621d7c4920659bf3d1,Zigzag,25026946,14613895,25027048,14614379,662,1045,38,70,0.38484002674287304
41840272866a5eb1e0791cf5afb05705e0e6fa69b62635c43a78ab92012a16ec,Zigzag,25029742,14451392,25030045,14451139,862,307,71,35,0.11589089197707993
5b03d6b9bdf94b5607694dc82f21f58c07f6c764ce16d3a9652c7bf9f8fd5b91,Zigzag,25002712,14429915,25002592,14429578,440,223,34,65,0.3863695467359328
97e9e2328e79e680f017372254d6cf0e3544a689e0010a1fa3eb40ae8a2a7fdf,Zigzag,24995256,14318888,24995493,14318750,797,422,46,82,0.14468955866876182
66c7cf9147f8e896474569e18127939291fc564e2e5d577f9242b18f64427c0a,FCBK,24955177,14514596,24954868,14514320,251,285,71,34,1.5203800241986065
3de7c1e6a655631cc7b6cd129297ad7ae83e9aa11b5060bf5dd48a27bb4c106b,Zigzag,24895524,14658246,24895146,14658616,182,929,33,75,0.3234185438369668
4f1cef053f78b3691380e8b6289577fbc120d840a1caed308188562024859986,Zigzag,25038131,14459564,25038478,14459477,908,472,40,74,0.30299339656709046
0af3336eaa0d11abf729380ad8c83b896b592bec60c6c6fc92e3ad744e6ca981,Zigzag,24975682,14341584,24975483,14341690,360,666,41,87,0.19629832493264848
0af3336eaa0d11abf729380ad8c83b896b592bec60c6c6fc92e3ad744e6ca981,Zigzag,24975682,14341584,24975803,14341486,681,462,77,48,0.17068647170276105
0af3336eaa0d11abf729380ad8c83b896b592bec60c6c6fc92e3ad744e6ca981,Zigzag,24975682,14341584,24975729,14341990,607,966,31,69,0.2716153168792339
0af3336eaa0d11abf729380ad8c83b896b592bec60c6c6fc92e3ad744e6ca981,Zigzag,24975682,14341584,24975791,14341291,669,267,86,45,0.23186241115616202
c5e266abb20c6b0c2d53ad3c2f566772309c76e8b9ba98c3a1e1a7e0aeb02907,FCBK,24953313,14490166,24953787,14489700,1034,95,39,81,0.1734161119515514
d31a1a0366b879cfa4bc94f13e7e8b1f7418f724353c53a7975e062ee019cd0b,Zigzag,24887136,14604805,24887534,14604253,958,7,81,32,0.41761691514853694
36ec01556e30c4c04a5e4b8e9c0c65748a9064e978ea13ea211c4182e4d4a2d5,FCBK,24910437,14685393,24910329,14685801,451,967,25,53,0.3008966232618438
a3390ad6eb5fe76e6589fc9fb6dec7002261cd312f12a7dd777db75c4c66e338,FCBK,25008305,14467732,25008153,14467409,408,237,76,38,1.137834377313864
cf2e7f616f7c145dee06b39f0f48413b88033ae07844ba579beb9efa1b8b4b04,Zigzag,25019489,14491184,25019317,14490765,387,140,33,75,0.16349883294723258
6770f0fb7845e9fe40c4bc88d903929a8faf012b57738b9ef76569a8c38e7e8e,Zigzag,25053976,14342615,25053760,14342720,344,666,30,75,0.20566050129725388
cec04b36fdcdeb590e37abe8b9779ef1c74656bed01f08220a9ac57021efab32,Zigzag,25018557,14441169,25018693,14441329,696,719,33,74,0.30599258200771046
76913dcc46fa16ad6fc0ede07f5916583df2c87354d11cfd2904c90f4bf7849e,Zigzag,24987799,14430939,24987846,14430704,607,325,40,79,0.17022792529731987
f54959451e99dbb2559c6e0b662a300ebcb9e88182483c2d38bcd9f1237e3f9a,Zigzag,24989663,14368354,24989305,14368817,202,1023,40,66,0.0700015970492747
c814234dcf3f408cb144817817e0775ba4823d9ef9d9442c5117c5833a483768,Zigzag,24999916,14453436,25000182,14453184,826,308,79,39,0.29165412269872387
008036b0e0745fbb9200937d3ae29ee1c33cdef20e84119d8512726d30c0492b,Zigzag,25003644,14496277,25003643,14496385,559,667,37,71,0.20719870985337005
008036b0e0745fbb9200937d3ae29ee1c33cdef20e84119d8512726d30c0492b,Zigzag,25003644,14496277,25003166,14496278,81,561,78,41,0.07465336549245132
40626dee8a446a1177931a3fa2a5be693167d3e668bfe297e262c7be9582d874,Zigzag,24954245,14491184,24954364,14491404,679,780,40,83,0.335343346960501
2cdf4075555ff208e839462158d5f8c9da9babe6054c8b28cf2828a24b7fed86,Zigzag,25019489,14490166,25019399,14490260,469,655,73,43,0.2258189329839588
dd58a48a32a6b688f16e3a35ea8fea8d58a767f6970002d02d85089875494963,FCBK,25058636,14621969,25059134,14622331,1057,922,56,109,0.627299272389758
0b35db672c03aea084aa419961856a87d006802548cf2465c32df204f0287f9a,Zigzag,25036267,14605815,25036415,14605996,708,740,38,81,0.44853341908521227
0b35db672c03aea084aa419961856a87d006802548cf2465c32df204f0287f9a,Zigzag,25036267,14605815,25036179,14605398,473,143,72,37,1.0251596934391103
0b35db672c03aea084aa419961856a87d006802548cf2465c32df204f0287f9a,Zigzag,25036267,14605815,25036601,14605868,894,613,75,44,0.20607017869669217
0b35db672c03aea084aa419961856a87d006802548cf2465c32df204f0287f9a,Zigzag,25036267,14605815,25036190,14606225,484,969,34,79,0.18568867397917949
0b35db672c03aea084aa419961856a87d006802548cf2465c32df204f0287f9a,Zigzag,25036267,14605815,25036538,14605680,832,424,81,44,1.31801453560481
0b35db672c03aea084aa419961856a87d006802548cf2465c32df204f0287f9a,Zigzag,25036267,14605815,25036424,14605477,717,221,75,36,1.5657893176294386
0b35db672c03aea084aa419961856a87d006802548cf2465c32df204f0287f9a,Zigzag,25036267,14605815,25036321,14605742,614,487,81,40,1.5663806725494906
0b35db672c03aea084aa419961856a87d006802548cf2465c32df204f0287f9a,FCBK,25036267,14605815,25036434,14606225,728,969,87,47,0.18061585144528294
58c2bdbb8f3cd95004b40004c3b48731a7dd9cea617adb007a7e7cf37face2f4,Zigzag,24995256,14468752,24994972,14468351,277,159,37,78,0.24471960362208978
4b43ed8b68ba8f97986d696be4f5434b24117f66fe8647f489ef5cad4895b889,FCBK,24929079,14475894,24929312,14475418,793,84,27,60,0.4013944025263737
4ab7302ac54f50ae55831aee40ede32dd7e430af8e0f0515903d9cfb205ad717,FCBK,25000848,14485070,25000942,14485362,654,851,41,83,0.44437595830748955
1a40b8ff5fd8b204d8ef85c6b9cace626251ebdb56f04ca7b696722bc290b392,Zigzag,25010169,14499332,25010123,14498820,514,48,75,38,0.08436087062665595
de8616c5c8534f1013b568c82b17f76e51ed858a8f138206a68e36f480078dfa,Zigzag,24973818,14331273,24974258,14331045,1000,332,33,72,0.21244773378288898
c508ae0a825cd7fc1c8125bf2c6b272a59efc5dcdd699a7cd41acd1a062331df,FCBK,25081006,14192260,25081067,14191756,621,56,43,87,0.2183367819013812
5f6562f4203310a6206db37d7dcca68bb25c83dbfd55bf53b2adabf840d038f7,FCBK,24924419,14541011,24924786,14541047,928,596,83,37,0.4725990742757133
77d07e64710f172fd45c89480fac2b9f919aa34e9180aa45d9524b811e79a653,Zigzag,24941196,14566362,24941478,14566869,843,1067,32,64,0.07798535452316874
d5de81bfc9d923f259f1b609f07f7b550009347666469c50833e42e9a4d2a210,FCBK,24902049,14504422,24902571,14504402,1082,540,42,92,1.2515288521490362
74e7ea47e4ab55b39f296e9e20fa72feb37faa015de81f0a462d4a6a8e2622f7,FCBK,24896456,14551157,24896673,14551554,777,957,44,88,0.5713633021181698
30d4f6bcb3235ff631e6de8b2d20e1639ca0651a8eca9037d3d38d2edbf2f8af,FCBK,25012965,14464670,25012914,14464284,509,174,74,35,0.16131081308513712
40e9931efc8eb523fae8c468713afb840da26b5949d7f65f01f617bd9e0b9960,Zigzag,25032538,14463649,25032860,14463834,882,745,39,85,0.13001199572922406
642cdc73d2966e8189bfbf8313d376aad97d37c15b647046c25e4c4b16a617cc,FCBK,24985935,14559268,24986457,14559388,1082,679,72,35,0.3365924028012618
a83487617a07dd3bd9c890a416f5a77ebd3b6c25f33dbadc34a3ffb348a56269,FCBK,24918826,14502386,24919109,14502114,843,288,38,89,0.43384205764227657
5e6b1a989913e06dca2f14a1c1280f7dd4d144e4c69063effc70974034ec05bb,FCBK,24960769,14694431,24960579,14694235,370,364,85,34,1.5449492831512415
5e6b1a989913e06dca2f14a1c1280f7dd4d144e4c69063effc70974034ec05bb,FCBK,24960769,14694431,24960238,14694362,29,491,34,55,1.5638512021461335
00cef82b1d620ba203297290b3b8f5b78dbbb36ef27b3b95bbbaec9fa61e0bd9,Zigzag,24946788,14532889,24946941,14533229,713,900,33,75,0.3456135946777962
982b16eb01792477173ba906278d67fd6aa1247c4254405f668b6f8b4153a9d5,FCBK,24910437,14504422,24910478,14504682,601,820,36,90,0.25034206931546504
d45d8bfb467b8fca536fde106afba805989649c203edc286359212c11fc20d0a,Zigzag,24975682,14328178,24975758,14327872,636,255,82,46,0.2614354834809469
fcf250d797a04a5a712459b1eb1f09e3591e7c3325f1e89d1cd31710410a6d77,Zigzag,24995256,14661265,24995473,14660970,777,265,99,46,1.0330833300513957
fcf250d797a04a5a712459b1eb1f09e3591e7c3325f1e89d1cd31710410a6d77,Zigzag,24995256,14661265,24995385,14660829,690,124,102,57,1.0485700112643699
bed8750557f783aa29cf85133a6a03a558c10e78370da814260602a9d1f5446a,Zigzag,25022286,14475894,25022737,14475997,1011,663,33,67,1.3532002199269368
bed8750557f783aa29cf85133a6a03a558c10e78370da814260602a9d1f5446a,Zigzag,25022286,14475894,25022224,14475756,498,423,78,38,1.5682653916529397
bed8750557f783aa29cf85133a6a03a558c10e78370da814260602a9d1f5446a,Zigzag,25022286,14475894,25022311,14475832,585,498,31,75,0.053617359808727255
bed8750557f783aa29cf85133a6a03a558c10e78370da814260602a9d1f5446a,Zigzag,25022286,14475894,25021747,14476285,22,951,36,77,0.06377039098735614
ea7cbaa113b4b44555e51e9a88fc417b9c669cc327d76530561a2a3dbbbd06c1,FCBK,24947720,14696438,24947959,14696510,799,631,38,77,0.14317596770797208
72c20821d3c1bdface742ecea283f26be24cb3288da284b6ce71736244337db5,FCBK,25053044,14611875,25053410,14612264,926,948,58,115,0.1369693126623527
67286ef6d35099c3b575f7aa86f70e765c84a265883daa547d8f6bf8509f181c,Zigzag,24930943,14538981,24931248,14539345,865,924,79,37,0.455886240407353
da841264390fcf38a943c0bf7ce2398c98fdec1235bd6c63b87fe32843365267,Zigzag,24977546,14665289,24978027,14665108,1040,379,47,94,0.8910166688059825
cd449c6fd30ef9ec52aa1ea473d60f5ef54a4f45945eb4ca76f6d76ae1ba1317,Zigzag,25032538,14558255,25032812,14557772,834,77,65,33,0.9894935082773058
15081ffca603ad035bc6fec4394286cc05fce9aa90ca7ef026249c679fbe135b,Zigzag,24976614,14565349,24976665,14565457,611,668,79,47,0.7072915102090048
743202ec9eaf67998cb73e3c223c9269d1ecdba6f4d2fef52de45e795d3dc355,Zigzag,24968226,14318888,24968580,14318813,914,485,44,83,1.3488001451739078
c379a7023b75faa0168dc720f69c941575288b4bc8cf177db06336a61f37b8b9,FCBK,25026014,14452414,25026504,14452750,1050,896,40,74,0.6525423110981832
18380cc6a53eb4e4e943d12fe6b865387d032b34ecd9f9aa8826e8ddb4fd13dc,Zigzag,25127609,14211027,25127529,14210558,480,91,79,43,0.21507394351284337
2f8654c8902cb4cc11307090f8f115bd6997b28730f24156bf9ae322d36d9ecb,FCBK,24952381,14658246,24952200,14658170,379,483,74,32,1.5677813621248178
de7b08e7d3eec298446e7cf8b3ab8837a173f1a7e50e16346451337d3958ce43,Zigzag,25081938,14191217,25081736,14190892,358,235,45,99,0.28647430766803333
de7b08e7d3eec298446e7cf8b3ab8837a173f1a7e50e16346451337d3958ce43,Zigzag,25081938,14191217,25081630,14191444,252,787,38,92,0.16165121500671967
5a7233ca5dfdf6bb6828292855212bf938d0e70a9406b1501c57eace6dce0de2,Zigzag,25026946,14610865,25026406,14611104,20,798,38,71,0.32432005715547224
0628ff9367a85d03f333036af37e201ee66561b8984176dbd71f51330d9009ca,Zigzag,24961701,14654220,24961780,14653781,639,121,69,43,1.3403455408192877
7a451645d29539621b47994a1399ed28524b3c6a8507a7adbace369aacfc60b9,Zigzag,25052112,14610865,25051667,14611006,115,700,51,105,0.1773772145331512
68a4d62fcbbe06502b3a55a10a58e587c6a962467f4b60aee5c93d3f7495f7f9,Zigzag,25019489,14475894,25019335,14475510,406,176,80,45,0.455801052541984
56409ab6d06640ec7a4d966211a5a04b8d5ba9ce84adec3116ac9b255556e164,Zigzag,25009237,14518663,25009141,14518554,464,451,75,31,1.5437021248127574
56409ab6d06640ec7a4d966211a5a04b8d5ba9ce84adec3116ac9b255556e164,Zigzag,25009237,14518663,25008864,14518575,187,472,67,30,1.5493087446976468
d4e125d9f1fe43ff271fa624f9f0d50ee89c792cd4bae0f77a8bd649fa11c1fa,Zigzag,25057704,14598742,25058007,14598915,863,732,52,111,1.4460722371471066
f4d6139c2fc4d66f5e4db4239475c29dea2af875678e38385107f2e896858973,Zigzag,24977546,14327146,24977883,14327018,897,432,38,87,0.21863989956770263
cdb8cefec21ad677aa25b975e72694cc37c3382132ef50ed1595bf6f50339b37,FCBK,25064229,14606826,25064183,14606538,514,273,94,43,0.8662952767760768
cdb8cefec21ad677aa25b975e72694cc37c3382132ef50ed1595bf6f50339b37,FCBK,25064229,14606826,25063924,14607143,255,878,46,103,1.4034464796876254
cdb8cefec21ad677aa25b975e72694cc37c3382132ef50ed1595bf6f50339b37,FCBK,25064229,14606826,25064450,14606967,781,702,86,42,1.113248207288307
cdb8cefec21ad677aa25b975e72694cc37c3382132ef50ed1595bf6f50339b37,FCBK,25064229,14606826,25064260,14606628,591,362,31,66,1.5675138475933195
c4600c96a448e9913ab23a76f860bec86821b16009f0f23d3f45a3bc390360e5,Zigzag,25050248,14605815,25050184,14605627,496,371,50,107,0.11544257377470031
5642cd5f4a603a7fc114dee5f07985c5e36b070fa7ad7fc55c741219325b40a6,FCBK,24923486,14554199,24923853,14554590,927,950,72,34,0.3194722384441738
4b7ffe67d77b69f3448920996951e2bcf42c44121abea346df600130e32c33c2,Zigzag,24982207,14415577,24982587,14415824,941,807,42,79,1.4408644256354566
f11114764aade3e582261e16f05f12e7546bdfff66d38aec7532891ef9eca13a,FCBK,25021354,14568388,25021184,14568357,390,529,80,39,0.3747815336217528
1b42666c185af0f202587a2ee1a90469934edafbd28dff75208fc53739c4137b,FCBK,24980343,14337461,24980845,14337713,1062,812,91,41,0.20771393165575952
1b42666c185af0f202587a2ee1a90469934edafbd28dff75208fc53739c4137b,Zigzag,24980343,14337461,24979983,14337924,200,1024,77,45,0.20730546932356864
1b42666c185af0f202587a2ee1a90469934edafbd28dff75208fc53739c4137b,FCBK,24980343,14337461,24980532,14337947,750,1046,46,95,0.187093607967494
fdc0a3075622ff912ac181a78546dcc655787dd7f22153cab9be5f00b79d0c93,Zigzag,25054908,14568388,25054804,14567896,457,68,40,89,0.0015428260457229597
8462fe1b9e22ce91b7404ff7ec518b0c99ffbabe30d75dfbe2af91d548769978,Zigzag,25028810,14604805,25028956,14605000,706,754,34,75,0.16277430332791973
485e1f9579698bbc8c32c4c1f739122fb762807176497061ad096f966c3409da,Zigzag,24998052,14579526,24998027,14579602,535,636,31,75,0.24501801082223312
3a714a8729b77724cf54069206c22d6d8e695c01d37f1c4586ab393e170c063d,Zigzag,24995256,14490166,24995146,14490254,451,649,37,75,0.008035093544945875
36a41e934402786cef65785127bf6e1b87a25eaf2b0f8509f24b6e36b3e871d0,Zigzag,24891796,14581550,24891481,14581424,245,434,36,64,0.2465611295816091
487088f25eed895a93638697d9fcca91df86ed88c9a04fee66fe62d459e6848a,FCBK,25087530,14195390,25087915,14195573,945,743,42,88,0.1356616755999886
9f549ae48789b40b1f99d4e271ffe32e4f139be0d85196560f97d348f607c7ca,Zigzag,24962633,14552171,24962811,14551983,737,371,31,78,0.046928735023641574
e76bb5ac39de03fbdb771723fb13dee987c8ac2469ec3e8943639534e92122c5,Zigzag,25013897,14578514,25013676,14578633,339,680,65,33,0.18590518897580294
e76bb5ac39de03fbdb771723fb13dee987c8ac2469ec3e8943639534e92122c5,Zigzag,25013897,14578514,25014102,14578174,765,220,33,63,0.18909768662204904
101190fdcd18a7639355f70e194a121b20c3a987d356c5263bdfd7fd97dd6081,Zigzag,24980343,14249510,24980221,14249453,438,503,45,93,0.22524648650764628
dbcaed7bbfd3889d5d96bcc1121daa953768c556dce379ce0b98b200c05665b3,Zigzag,24893660,14624996,24893610,14624678,510,242,71,38,0.6759388470648017
dbcaed7bbfd3889d5d96bcc1121daa953768c556dce379ce0b98b200c05665b3,Zigzag,24893660,14624996,24893173,14624560,73,124,33,65,0.24284059367022753
dbcaed7bbfd3889d5d96bcc1121daa953768c556dce379ce0b98b200c05665b3,Zigzag,24893660,14624996,24893984,14625372,883,936,33,66,0.3701272601426758
678570eca7a446af0832f6cf0ec84e3eb5f212a81a11cbeed5a838e6045e9a30,Zigzag,24994324,14363210,24994604,14363022,840,371,43,79,0.7037666167692032
5c4f11030c14532405bcc76b928a2be55b7451e531badfd8236adde3e97d2ae8,Zigzag,25005508,14491184,25005910,14491598,962,974,74,36,0.01756378041566796
14f6bbda847d1f453260adb5ef8c7c3a7dc253bc24538a524d28bc7f90a072a6,Zigzag,24960769,14523745,24960595,14523590,386,405,39,81,0.24633937148658958
df5ad600d22b5164ffb01df37e48d1a72f46781988d14d84856aee5d3fb3e213,Zigzag,25118289,14215193,25118488,14214840,759,207,45,79,0.33693734874145426
c4eedb327beb3a42fdbde7e6424b57a3ccd437df6c793c4ec82201c78baa4fa2,Zigzag,24998052,14462628,24997945,14462209,453,141,43,78,0.20181527951258618
c4eedb327beb3a42fdbde7e6424b57a3ccd437df6c793c4ec82201c78baa4fa2,Zigzag,24998052,14462628,24998257,14462886,765,818,84,47,0.30662734645353085
f5c3a20b095ad874c2e954e56c11dccbb5d5037b5ac473f44dd9946da8d21e98,Zigzag,24995256,14426844,24994837,14426645,142,361,82,39,0.3861127514278219
d890aeed931d83731e07727a47f164c105a0971941e32517b43c369c08cd62e5,Zigzag,25006440,14490166,25006397,14489931,516,325,67,39,0.03283962665528123
837bb828bb51f6fef3ca5cd153e9b8d2f923fa3246ea103752362f75f2e6c799,Zigzag,25028810,14457522,25028861,14457190,611,228,80,44,0.37854551234841627
837bb828bb51f6fef3ca5cd153e9b8d2f923fa3246ea103752362f75f2e6c799,Zigzag,25028810,14457522,25028437,14457052,187,90,37,77,0.40129266977273265
c63736fe24a1552f26fe7ae216f8db4d0052c9ed830398f30f639ee9d4bac674,Zigzag,24995256,14464670,24995058,14464330,362,220,78,34,0.5129741942979685
e93babf9e5074e8f65ae89365fd776bc87d08ffcfb4788320ee0fb8e6074e656,FCBK,24974750,14686398,24974596,14686864,406,1027,36,76,0.20030624921516324
2ce83b909c695e5188c517fdc9ab58927c780d6feb06d81b1573221918393836,Zigzag,24965429,14676350,24965400,14676601,530,811,39,80,0.2889790106732529
37429ef4e2418c4c1f5640a540b4458ae6dd321c14df83adfaada592182b1680,Zigzag,25009237,14490166,25009356,14489811,679,206,89,44,0.19892245406800124
e60cb3607b57a72b8ea334c02bb026e0c95bf2755ce4015db939445a35d24672,Zigzag,25067025,14612885,25066650,14612594,185,269,99,50,0.0421179592186304
e60cb3607b57a72b8ea334c02bb026e0c95bf2755ce4015db939445a35d24672,Zigzag,25067025,14612885,25066971,14612582,506,257,96,53,0.31992341122234685
e60cb3607b57a72b8ea334c02bb026e0c95bf2755ce4015db939445a35d24672,Zigzag,25067025,14612885,25067092,14612612,627,287,45,100,0.3164910626304254
e60cb3607b57a72b8ea334c02bb026e0c95bf2755ce4015db939445a35d24672,Zigzag,25067025,14612885,25066524,14612554,59,229,48,111,1.3713458011722461
e60cb3607b57a72b8ea334c02bb026e0c95bf2755ce4015db939445a35d24672,Zigzag,25067025,14612885,25066849,14612571,384,246,45,104,1.0610581062479696
cd4b61e52d10a726f7f1fc6074ebc5a1378306d6f96d50a167665bf46b097107,Zigzag,25051180,14610865,25051693,14610560,1074,254,98,52,0.11175987139555467
cd4b61e52d10a726f7f1fc6074ebc5a1378306d6f96d50a167665bf46b097107,Zigzag,25051180,14610865,25051700,14610842,1080,536,60,107,0.0003659020791315621
c65fad057e88e3be675cd7f5603da2d66182478aeabe0a4647a48a1c110abbf1,Zigzag,25052112,14623987,25051756,14624028,204,601,48,89,0.1884795003540144
1ae274880498cbceb370a97497a72620985ed15d6f05e0ccd532e79e15e28412,Zigzag,25038131,14609856,25037767,14610060,196,764,94,49,0.0034717914640816686
17ba6b171d89290cf03b680b6c2d49e671d87bc2cc15ce62053f7587c9a60e64,FCBK,24962633,14654220,24962770,14654368,697,707,34,82,1.3544922525297889
17ba6b171d89290cf03b680b6c2d49e671d87bc2cc15ce62053f7587c9a60e64,FCBK,24962633,14654220,24962392,14654040,319,379,68,31,1.5671371434571277
17ba6b171d89290cf03b680b6c2d49e671d87bc2cc15ce62053f7587c9a60e64,FCBK,24962633,14654220,24962707,14654662,634,1002,96,34,1.5702465171878497
d450de14c661ffc4e5d1f5a7fa075048f078ba83fe4d95658aa4d37bf202c9db,Zigzag,25000848,14432985,25001149,14432627,861,202,72,37,0.497561149489135
eb670a13ef7082c2c90873e4c6178a3cbe49e231197992e8e7f1890a0fbeb902,Zigzag,24991527,14361152,24991917,14361587,950,994,64,35,0.3978273645623216
eb670a13ef7082c2c90873e4c6178a3cbe49e231197992e8e7f1890a0fbeb902,Zigzag,24991527,14361152,24991467,14361352,499,760,78,41,0.20961140064292735
7b169fc8e78e9600152f6a29181f003c293d5fa50632b463e16c63948553f973,FCBK,24931875,14512561,24932061,14512682,746,681,40,85,0.09242875070148289
fbf2303fa7a5a5109f2b4cc328df1063e9f525d892f8bd79801a420d39cd7745,Zigzag,25028810,14510527,25028580,14510203,330,236,35,85,0.23009452160078334
c8ff2875c4dc53a262254bcb8b4b73af12961932d9b31e13905e360df5a04db8,FCBK,24971954,14323018,24972198,14322611,804,153,33,68,0.06804160619432804
8db9b305b829232ac613a46f03c4fdd007d7067c56c6caf91edc42c53047f312,FCBK,25035335,14649186,25035591,14649530,816,904,72,41,1.5695240015841112
791ddc94e3c9bdc691de2c9e61521205ee0e68ece55aac8d775910ef88e2c576,Zigzag,24989663,14653213,24989993,14653249,890,595,81,35,0.07548814165851506
791ddc94e3c9bdc691de2c9e61521205ee0e68ece55aac8d775910ef88e2c576,Zigzag,24989663,14653213,24989676,14653219,572,565,70,34,1.5627517160900943
c8684d5302ab465628128f52bb4c4bac81dcf2836d93f7c6c52f64547e8789c0,Zigzag,24995256,14570414,24995005,14569955,309,101,43,77,0.5244369389723741
c3181ba280a03b9409ea41795ea2d0a98906057070f41c6e70228177fadeb7ca,FCBK,24913234,14559268,24913714,14559316,1041,608,47,89,0.569150481568423
8f6fa13b176674e8db5819263371ad340311326534dcd7a95cda53fa74fbf05b,FCBK,24956109,14575477,24956275,14575634,726,717,28,67,0.07670044587623276
b632cdfef15ab517576f6547843a8b30995dea5211d32bb68f18e3df69dcf691,FCBK,25065161,14617932,25065543,14617701,942,329,93,47,0.7443836849764922
9b63703160cb8183c6394d7f1059eaefd5cfd85ec44bc1b6c5e40ce9bb907769,Zigzag,25005508,14511544,25005883,14511269,934,285,38,86,0.16598554297033727
44ff4b2f3fb7c1287d27a9d210087a9388c6852056a2a065eaa530f013bcd822,Zigzag,25007373,14453436,25007119,14453654,306,779,36,75,0.037889142368450396
0e2f2509637a2de510bc930f72a41de1220a14d05ad053f09285ef775f71e316,FCBK,24905777,14498314,24906097,14498238,880,485,34,80,0.24457214772148342
ea76ff708e336b7a9bb4d7265ade4c5c7a3658d7e99491ab253f9988718ad31b,Zigzag,24970090,14659253,24970033,14659443,503,750,89,56,0.5631807396689014
5b121e5e0f94e4360874351dd08c7bf1f17f320048b3b525bc47c431e9ca1643,Zigzag,25025082,14454457,25025019,14454453,497,555,78,35,1.4887517904606076
5b121e5e0f94e4360874351dd08c7bf1f17f320048b3b525bc47c431e9ca1643,Zigzag,25025082,14454457,25025049,14454735,527,838,80,37,1.568892699247708
ac04cf7f349d3d4eae1f82e77705b95af275af09ed629746eaa585982593a1f2,Zigzag,25004576,14521713,25004777,14521864,761,712,67,29,0.4591103298020301
2da0ac9daa894fe4c342a804c479bb26ef97ffe375a1c964b04d78d5549dfafe,Zigzag,24850785,14561296,24850621,14561086,396,350,37,76,0.2403943304061784
6b7b62bdc651a34ca5a7a8324cabe57d33a20f2ef98908da515c22e33919de4e,Zigzag,25028810,14553185,25028332,14553274,82,648,36,64,0.04348269611924151
008fafa4db6960aa021556a320d0bff38d9b3c3546e6c78a9c2330bf48ab7b87,Zigzag,25123881,14227683,25123343,14227895,22,772,79,46,1.569541445289251
2b85d862a6a40d0d40dfa49e1553f5fbc0d8503d2bb4593f64d85bcab2b3fd5d,Zigzag,25037199,14458543,25037226,14458398,587,415,67,29,0.06624796303897047
102ecec845ec0c1d4c4ece9d0c8c91ca9556d4081f55c1e83d57b68b23c5ca88,FCBK,24982207,14326114,24981880,14325837,233,283,102,46,0.37569845998506707
1f02598ffc7797fd30777b32ba596a94bb6aee6eb74799465780ac07adc55b74,FCBK,24947720,14503404,24947620,14503121,460,277,79,38,0.8481340494593632
b6f437eb978ebfb13b82d8a7f487d1b777ba92a732ff8812b86d103a4e91d5e4,Zigzag,25039995,14478953,25040199,14478616,764,222,49,81,0.7038794682203954
d7886aa1c331107974a892cfdda0486388ac76e5b9e3f7a434a0fd35c9823245,FCBK,24887136,14602785,24887504,14602510,928,285,91,46,0.3695885026541528
d7886aa1c331107974a892cfdda0486388ac76e5b9e3f7a434a0fd35c9823245,FCBK,24887136,14602785,24887365,14602931,789,706,29,71,0.40089069889569884
c18574adb205fe2a715f1deb4436e0ca8af2e10bb39696fe59db4be46d51a741,Zigzag,25058636,14594699,25058389,14595181,313,1042,103,51,0.525336088735412
c18574adb205fe2a715f1deb4436e0ca8af2e10bb39696fe59db4be46d51a741,Zigzag,25058636,14594699,25058681,14594340,605,201,103,54,0.467330409533155
b7e1965fa799fb4ea907cf77a1aee1c55718586e2778316c59f916e48b9debd0,Zigzag,25004576,14299254,25004473,14298704,457,10,96,42,0.3083582014250006
898fe73b745b051f1cc8d126fd9caf55c90cf3875629512fafa14eb6f7e1e6ca,FCBK,24894592,14506457,24894238,14506004,205,107,40,86,0.30908028426506196
2e13b1192e573a76fa4ea57f2a8114b554edefde706386003427630efedab1e6,FCBK,24952381,14690415,24952719,14690508,899,653,32,69,0.0051446821102474624
4ccea5a99fc5b3bf13720245e38b6dade5669dc7501dbdcbd95f1d53a2ad8331,Zigzag,24955177,14613895,24955550,14614244,933,909,26,60,0.08521365641959136
c9c065aa71cb0585cec12996bed121fb6a549c43a151145f59c873834cc88e76,FCBK,25030674,14621969,25030715,14621456,601,47,85,44,1.5126860186513131
4d1448da0b598c5424527c97a9e32a59512590cf14666df305c760a6376b26de,Zigzag,25059568,14621969,25059872,14622063,863,654,40,76,0.5422655374689368
1e601e57d4c3ce20718655e491adcca1fd14ec18105f02326b91ee872ac9090f,Zigzag,24991527,14360123,24991605,14360449,637,886,79,35,1.5650484262141784
95820a923286b784e40e5b3d7c4ed06a120e227006c741399d01af5bc4592951,FCBK,25040927,14460586,25041173,14460199,806,174,73,31,1.361233112722943
e3ec06ea44e924609a8a9ebcc309208e59cdd9e9cc91737400a59bbd799c5a5d,Zigzag,24971022,14587620,24970746,14587703,284,642,73,30,0.0698672488946586
dbbd6b8ccdafca6ab886d78b0f164dee3f0c57df2ee055ea54bfb12c1d5591b0,Zigzag,25010169,14455479,25009920,14454956,311,37,74,34,1.56648826425753
7517ba777cda9504b0e48ae804dc3b705719db49428078827a682371aed6f67d,Zigzag,24969158,14628022,24969329,14628487,731,1025,77,42,0.5719622470473286
54cb45793173794052b58f336ce10181fe96e50fc66b8ad569ef08d89c89e460,Zigzag,24980343,14650193,24980893,14650397,1110,764,72,47,0.7885616658773261
0d3cf50d8ba89357e7a4f35d2285015faef842b013e0027ae550279649b29204,Zigzag,24982207,14413528,24981965,14413401,318,434,67,31,0.03989126110289073
9fa49ea5af55de21e6dc9e74a5b2fc25dd668f4f0f7487e205415819a59db6a9,Zigzag,25001780,14486090,25001412,14486224,192,695,71,32,1.4710477613240331
9fa49ea5af55de21e6dc9e74a5b2fc25dd668f4f0f7487e205415819a59db6a9,Zigzag,25001780,14486090,25001573,14486504,353,974,75,37,0.21589965660882246
6c836d0c22cc811175728af542a31963d6207314663809368d4f5be921ee071a,Zigzag,24984071,14323018,24983728,14322618,217,160,75,44,0.08053445741718693
1d83d1f3fd483a72d1c2442355bda4e5f0d070c2217acf072be539250a5f58c4,Zigzag,25035335,14522729,25035470,14523089,695,920,80,40,0.2982768384080192
1b2d92a4bb63556d82bc9b2c5c1c1ecfad0d8fc78fbd892eeb23abd6d894c6f4,Zigzag,25031606,14464670,25031467,14464228,420,118,37,78,0.05387187478515476
fd9670c7bd1658fe3b97a24aa49295e5c3567399723150c2ac7879a9707aa884,Zigzag,25028810,14466711,25028565,14466863,315,712,78,34,1.4552954297923235
7a4b3829399ddefe8c07bfdd8ba30675888e2d6dae863c96af4ef912e1b903e5,Zigzag,25126677,14209985,25126918,14209780,801,355,88,41,0.10783291553255674
2710337b697000f74c84fee46920e2a24a06674971ad8f946e039f0334b3a4a0,FCBK,25007373,14681375,25007876,14681349,1063,535,33,70,0.46518366866795585
ce00f061e825d8cae893ebd67d6a546d6fead8a9fd7eea23a43889882a45d17f,Zigzag,25025082,14473854,25024667,14474310,145,1016,37,75,0.06645239394214769
856644282d9aecac7a58de75c4f7bdfb6b1a50980f73dbb77b20c1fb18ac9698,Zigzag,25027878,14491184,25027749,14490970,431,346,79,34,0.09168760129249225
f8e808ba5d63b1d4e7324c5c0523f1ff0a0127d127f56e7d799d0311577699a5,Zigzag,25006440,14591666,25006418,14591270,537,164,67,31,0.1814807462987998
4dcd9d4345c7a1dbc77a661b57cdf660d56520d752b2b9710ffcc7ed0eb2ef26,FCBK,24894592,14508492,24894840,14508196,808,264,84,49,0.5465852180465589
b6111df9b70c42c3be1e927a14be8ad842f732a70901dbc456687439e04720a2,Zigzag,25018557,14548114,25018375,14547875,377,321,33,65,0.6839128174216897
9c716bea49d9bcc67b70f344e3ac84a7e6adc1d2ade1626061ea3617e694ddac,Zigzag,25001780,14600764,25001524,14600696,304,492,57,32,0.027310053269084665
3dab9748bf7547b951c300db1436fba18825799f556c131c02dc9038a23a7edc,FCBK,25035335,14602785,25034875,14602973,100,748,79,41,0.24598785086745592
3dab9748bf7547b951c300db1436fba18825799f556c131c02dc9038a23a7edc,FCBK,25035335,14602785,25035226,14603117,451,893,34,78,0.37500430704693793
7a5870d894ed9e7a382661e3b26cb3087ba96429597d7c324096d361a92e638c,FCBK,24954245,14546085,24954120,14546471,435,946,33,68,0.29762642789079463
e62d6f410ccad7de1cd719748c11298ada1ac1a5b7aab64a6bbfa15a59b51df8,Zigzag,24973818,14663277,24973373,14662761,115,44,83,48,0.6488853914473408
b36ba6b74171ee4d9ebbd0dbe40c418644eef1fca65b5973f07b220e34789030,Zigzag,25001780,14455479,25001569,14455789,349,870,42,98,0.04277450332874059
61972580c85191f2601232391eed9c95387976a8d0c96ecfa03785e57fb935c3,Zigzag,24997120,14472834,24996742,14472694,182,421,35,72,0.021520636503685835
c8323f0f42796acee7b859c05f60a01a684775e86a389120f13eea41853fcc9c,Zigzag,24887136,14601774,24887315,14601303,739,89,88,53,0.4866706515539604
114da59e003160048d0a27e50aced315462be8d14aa773167a9e4a4b19dcda54,Zigzag,25035335,14648179,25034893,14648637,118,1019,93,50,1.5572968963873395
d1d568d6103ab02a8df9dcfbff18af1a4d24b0538d7953806ec05eed2e5d2dff,Zigzag,25123881,14233924,25123820,14233927,499,564,86,47,0.10707366495053196
c4c7a29f3b295a841badcdbf19d02ecd4971574c6d8d55bef008292e520edabb,Zigzag,25035335,14630039,25035500,14629508,725,29,43,59,0.10960211170134523
20d4bd3e635adb8ed01c982359d6e84a1d492a27db8f0e8686d9bbbb0470dfd5,Zigzag,25007373,14518663,25007635,14519052,823,949,38,68,0.9603067940476642
e6a76802de95e601b02db13bb13df1c8e2f210d219ce368020600e63fbb76fb2,Zigzag,25024150,14476914,25023700,14476699,110,345,79,37,1.2863074722985446
b3a78529f8ae8450f4539f10d2b1a3458d82ba5c99148ec26856eebaad053eb2,Zigzag,25006440,14365268,25006819,14365023,939,315,65,35,0.4312692775816919
56afd7e39222a440022033c83cc6234845396cafd6a73f7cdbdd8cea5fb4ca8d,Zigzag,25004576,14478953,25004480,14479250,463,857,73,43,0.26139095875647217
d33c7a1c0f1dc7ff75ca022004fc9dce36b7159525f75947437fbbbf3ba7239d,Zigzag,24986867,14300288,24986974,14300092,666,364,43,82,0.22763407700392957
65f58c342e3fb39dbf40faa136ce892b507a577df278712895f46ebaa70a25cb,Zigzag,25057704,14593688,25058037,14593936,893,808,44,76,0.16581656539917175
65f58c342e3fb39dbf40faa136ce892b507a577df278712895f46ebaa70a25cb,FCBK,25057704,14593688,25057661,14593964,517,836,43,80,0.2148186295880888
65f58c342e3fb39dbf40faa136ce892b507a577df278712895f46ebaa70a25cb,Zigzag,25057704,14593688,25057864,14593857,720,729,48,104,0.05384001672061469
471c462763685782546fb0265bddb920abe1b0dd902aea06a82a500b2af1143d,FCBK,24960769,14324050,24960353,14323505,143,15,93,30,0.04134047014432779
2b705e1bd7b37733c2725d05809cceb87c13b488f650908f893ab53af562e53c,Zigzag,24987799,14644150,24987434,14644068,195,479,88,41,0.4769850009854512
13d7b32e33fd12ef36531ff71d291e40ddff6802f2620e04701ec0a975e652e2,Zigzag,24984071,14582562,24983863,14582668,352,667,69,31,0.002248183375893348
6f42be76d48a3363bb6fcfd6719cb8ae67166e0dd0a87f45a8dc9f4e7d0175c6,Zigzag,25057704,14595710,25057444,14596190,300,1040,94,47,0.603376828686876
6f42be76d48a3363bb6fcfd6719cb8ae67166e0dd0a87f45a8dc9f4e7d0175c6,Zigzag,25057704,14595710,25057885,14595880,741,730,86,42,0.400986639273969
ce02a1283168afbd0f2d7a758d39a51735e202382dd472a83ba39da0ffa38148,Zigzag,24998052,14470793,24998248,14471092,756,859,80,43,0.4250486991969984
2727500c187a5ed422d4f75762308b1d7551abbc70cb25068ede0b4540f54ae6,Zigzag,24955177,14463649,24955409,14463542,792,453,39,81,1.3503803318067065
a9f6ff66a03313975ccec0f245b05552fe439119c9ba12f02916e21b80effe2a,FCBK,25054908,14626004,25055415,14626071,1068,626,44,82,0.11666122796714216
a9f6ff66a03313975ccec0f245b05552fe439119c9ba12f02916e21b80effe2a,FCBK,25054908,14626004,25054915,14625487,567,43,104,55,0.6567586943150239
a9f6ff66a03313975ccec0f245b05552fe439119c9ba12f02916e21b80effe2a,FCBK,25054908,14626004,25055452,14626326,1104,882,103,43,1.3420454365430854
9076de063ef07975e5c613d98be297fec220567255a573c7007b95400b28d8cf,Zigzag,24900185,14552171,24899974,14551669,349,58,38,81,0.017446736566353576
d44c219358f891428d8b7966f48a190981f8f66a5c4079a4c73a8bf5565dc8c0,FCBK,24920690,14615914,24920416,14616297,286,943,31,54,0.3234910151081306
5401da2effd199edd560e034057ba86fe31d17e70547ebbee111b8db9cda77be,Zigzag,25030674,14463649,25030865,14463443,751,354,88,46,0.8250148151412491
d061bef7398f144e71f2d3028abaca2ad6b5e9a254a4155f0d9d413c4e216fb9,Zigzag,24896456,14520696,24896279,14520478,383,342,31,74,0.09126073818164457
bbc21ac4760028ed25897dd1690d8a36a167eba1cbe520d24d6285b10657dfb8,Zigzag,25012965,14549129,25013047,14548809,642,241,41,79,1.2808057809606044
bbc21ac4760028ed25897dd1690d8a36a167eba1cbe520d24d6285b10657dfb8,Zigzag,25012965,14549129,25013224,14549148,819,580,43,78,1.5091430822951262
a4fcd6a25ea5c5c3aa7ba38ab85dadb869fd6ffd610d35d85b74d6ea887b07af,FCBK,24943060,14489147,24942572,14489045,72,459,36,70,1.2201408355413623
a4fcd6a25ea5c5c3aa7ba38ab85dadb869fd6ffd610d35d85b74d6ea887b07af,FCBK,24943060,14489147,24943396,14489096,896,509,74,43,0.4641936718222325
85874f740a3a8935ac7af31fb8940ad98a9dfbf8ee025f1b7d91d04000c0bf07,Zigzag,24919758,14473854,24919713,14473732,515,438,78,29,0.03572396327389155
66ffaa1846750b1936514d0c719ba8f3143edbba63981d5eec946a6d8f62554e,Zigzag,24973818,14641127,24973351,14641598,93,1031,47,92,0.09275919905849128
66ffaa1846750b1936514d0c719ba8f3143edbba63981d5eec946a6d8f62554e,Zigzag,24973818,14641127,24973340,14641032,82,464,40,86,0.3567798296543349
66ffaa1846750b1936514d0c719ba8f3143edbba63981d5eec946a6d8f62554e,Zigzag,24973818,14641127,24973289,14641214,30,646,75,39,0.24636051032774206
66ffaa1846750b1936514d0c719ba8f3143edbba63981d5eec946a6d8f62554e,Zigzag,24973818,14641127,24973362,14641452,104,885,30,75,0.4363572468442883
66ffaa1846750b1936514d0c719ba8f3143edbba63981d5eec946a6d8f62554e,Zigzag,24973818,14641127,24973480,14640890,222,323,77,45,0.13057400594301483
d0e279f26e46729cb79b9f406ee879fc8749eacd041508f8978a14de4778efbd,Zigzag,25002712,14618942,25002346,14619298,194,916,67,34,1.4998784774949585
2e7f0abbdcdfc2d90e52990ff9ca9faca5805d080decb427f3ee96275f882dcd,Zigzag,25017625,14574464,25017555,14574669,490,765,33,71,0.4498215235254564
30ca9c9f74836ca27b5cca98755b83d0cba1f1ac012a0fe9b225095ad5c5053b,FCBK,24781812,14544056,24781755,14544433,503,937,72,34,0.2487035760995506
75d0a6491bbe078ea8c50da042ad6ca4a813312a0ef83be1c208d79a63ce3fb8,Zigzag,25001780,14525778,25002152,14525396,932,178,61,44,0.007667973147637898
75d0a6491bbe078ea8c50da042ad6ca4a813312a0ef83be1c208d79a63ce3fb8,Zigzag,25001780,14525778,25002192,14525564,972,346,38,77,1.521352743786758
ae2e88f8ced9dbc4b5c0af86b78beff8cdb7985bbf1646becbe9550f698a5da2,FCBK,24891796,14502386,24891530,14502304,294,477,86,41,0.8885633648098016
ae2e88f8ced9dbc4b5c0af86b78beff8cdb7985bbf1646becbe9550f698a5da2,Zigzag,24891796,14502386,24891878,14502269,642,442,36,83,0.16628345082777626
7361e7e6bfa7d7dd11b24cccc32938caa096a892f2afc870f63163f57edc7d2a,Zigzag,25101511,14238082,25101801,14237685,849,163,81,38,1.4005152714338296
5b1b69d9daa71ec0acd280942526f9cd7b4816a7697f395f0562d7489ae23bfe,FCBK,24979410,14654220,24979816,14653756,965,95,48,91,0.5277750782407339
7e925ea02215b9aad6c51e7e0fe03eddfebff37dbbab16d2502613a167806ebc,FCBK,24936535,14564336,24937073,14564726,1098,951,66,33,0.49103603863379097
e5b6e2fe729f6b8b3ec7a55f81548729b63fe460730488be79cca4e243334225,Zigzag,24975682,14383772,24976132,14383555,1010,343,38,80,0.3701236648752042
a084b2f6d5dc780073c5e7c1f9bce72a96be1ab931939d45bd72b4b6b502fa3e,Zigzag,25026014,14488128,25025871,14487741,418,173,76,37,0.7922190515813592
c599b07ee77863901baa6056d0ed5da3371898ebdc7acf15c6235eed5f9eedb2,Zigzag,25061432,14584585,25061926,14584299,1054,274,25,57,1.1285198382432573
c599b07ee77863901baa6056d0ed5da3371898ebdc7acf15c6235eed5f9eedb2,Zigzag,25061432,14584585,25061574,14584475,702,450,29,61,1.2538191706865043
e4229702c0ab317500218bde0f2cb6695ff4464546e4671948976d81de4b9e44,Zigzag,25006440,14497296,25006438,14496891,557,156,38,75,1.5694228014626883
ef87d3255f3a0183c1f2248a634b20872ef320af62a164105cb07ba431d48ae0,Zigzag,24975682,14336430,24976025,14336306,903,437,41,83,0.0521644473088993
120e6a5438dcc047b5baf8004f56f0a5e0a0dad5b2efa5f7e59d324bff7e90c1,FCBK,24889000,14619951,24889474,14619437,1034,46,28,67,0.2884533026740712
648c1f69e20aae217063c5a0f1b657d0ec677012025c0853110fd1bcb376e940,Zigzag,25010169,14582562,25009631,14582949,22,947,34,66,0.4511641894785335
96973140a3254bfde4a6e8bdc6b7b65a0b086aca0f89412d182097e1cd7441c4,FCBK,24962633,14493222,24962364,14492913,291,251,33,78,0.19023788575325284
98a04d840dfeb93209c17ee74285d395dcf21384fd563ff8946815cabc486bda,Zigzag,24998052,14560282,24997855,14560157,363,435,78,47,0.29908347661269064
55be16e1efe119d2ced72c7e5f2e8eb3c23eed4190cc005a08df52f5778555ab,Zigzag,25029742,14648179,25029803,14648443,621,824,63,40,0.827562461619046
25b7514936d7f4f999ccf7e2860f1b4a503813e82ea9459b57e52e43f73da5f7,FCBK,25067025,14616923,25066641,14616780,176,417,39,90,0.664772878404372
25b7514936d7f4f999ccf7e2860f1b4a503813e82ea9459b57e52e43f73da5f7,FCBK,25067025,14616923,25066533,14616786,69,423,88,49,0.19833161513541034
b4b5f184d07df4b2e4942ae4f06b4026c35e51680d0aa3b1f5d3c578ee59c331,FCBK,24895524,14555213,24895585,14555017,621,364,75,33,0.010877255990832616
d41ee3f0a83f8318d0187de698199d8ad003a8b530c8646ba8570c4ede6bf01a,Zigzag,25010169,14583574,25010622,14583394,1013,380,27,65,0.24897375379213912
eeaef137e16376bd208a01b62144a9f2c804c40132cebb890e9ed458d86933ba,FCBK,24966362,14488128,24966480,14488169,679,602,29,66,0.10293907406867031
f940fe0082dd4372bb8ac6ce085be0bcd708e5d3ca34657aea6884666c123777,Zigzag,25001780,14431962,25002051,14432046,830,644,76,44,0.9292019380428929
68af752088ec19821079e4ccdeecab9e8b895421cc7b602ddf3424169ab92ec9,Zigzag,25042791,14477934,25042626,14477888,395,514,73,36,0.43394971592934295
a966a6131a4cea750736ed41620d9fc438da7bfd4d6f28c348ff7f0ca462a4ce,Zigzag,25005508,14523745,25005474,14523651,525,466,67,29,0.4505973689300237
9312153294f09ec0ee15199a9764d1f85b12230eccaa1c97748b629ebc8ae2af,Zigzag,25007373,14442192,25007721,14442388,908,757,71,34,0.3137690789697691
8fb8b4584707433e2353969438b39940f9aeb5815a38e27197af3b52a95634c3,Zigzag,25053976,14614904,25053858,14614965,442,621,94,44,1.0126279226136332
8fb8b4584707433e2353969438b39940f9aeb5815a38e27197af3b52a95634c3,Zigzag,25053976,14614904,25054015,14615230,599,886,105,55,1.5440760326298044
9e5a8fda11b0672b187753149083aeb46253b66e9b0dce2c90f91664bba724da,FCBK,24926283,14510527,24926175,14510181,452,214,83,42,0.48745122406946256
9e5a8fda11b0672b187753149083aeb46253b66e9b0dce2c90f91664bba724da,FCBK,24926283,14510527,24926375,14510047,652,80,94,41,1.164605404697722
a8659bf4dcf2fdd4b9abdf2a8242d469d25dba078d3811edd262a6b2d4f7503f,Zigzag,25026946,14520696,25026401,14520453,15,317,38,81,0.41172333965619157
20da4e28c70d9da125b852483c7961638fe8953b701cb8ab3a0e3a772019676c,Zigzag,24999916,14432985,24999553,14433331,197,905,43,82,0.40680684467828265
408a2e71eb173f2de5cb3c4194a3a731fda0a6fa14f1d118b93d9edf23c593f1,Zigzag,25068889,14635080,25069211,14635516,882,996,93,50,0.32217371576443654
79742e348037b1dc847c57bbd4d900f9ef5afc31f20e871a045eb50539379618,FCBK,24919758,14563322,24920059,14562805,860,43,36,78,0.31882978412070573
9d778745fdda0e6d5d4eeb23c80958b70908adfecdcf868e01dd5a032ad633aa,Zigzag,25001780,14451392,25001391,14450972,171,140,71,34,0.5047718578776063
15d91ef398b2802a1c11f0fa88488e6f22b7edf81a8318f2bb16e5e949e039a9,Zigzag,25025082,14480993,25025162,14481241,640,809,42,80,0.5445627136462118
5510a66216d369b4dab1a836c63a0d4f2119765e46811b74807c256e0fc63d58,FCBK,24899253,14502386,24899604,14501846,912,19,81,41,0.29847960483551517
12b10f38a153800794ff75190c9d282c4c7c18ed66de5c4b720e7c1577df76ed,FCBK,25053976,14630039,25054458,14630244,1042,765,79,43,0.8903163240183191
1fc1072df5c9d9414a287fbc54244b4dc366666fbe587dd238f0b0d679389cbf,Zigzag,25037199,14614904,25037026,14614583,388,239,68,36,0.14789131079979595
d096a7293473f8abde812f7109f8aa9fa545ed29db94893a93b256293480c6b5,FCBK,25067025,14618942,25066869,14618597,404,216,129,62,0.5006022464274101
aa08d6e72350c2f019e635e5a7a183928e8bb0dfe828ee307cd82b855b9c040e,FCBK,25107104,14259890,25107115,14259657,572,327,94,48,0.08033453724310605
db5da3881b5fbc2738190594926677568dbac2b7241f6b731bea150b0b99d95b,Zigzag,25098715,14256777,25099127,14257082,971,865,38,87,0.22030187853548025
9c66dd30dbecae176ed0f9e5b03f4a5c7fb6fef84123a3e030b37be8bad60bc7,Zigzag,25013897,14524762,25014099,14524686,762,484,51,80,0.4686926164307306
22578f06bf00673a098766b78a22a62aa1d0c759083faa6d11d99b544b9453b5,Zigzag,24971954,14661265,24972059,14661525,665,820,84,50,0.42165030590897556
22578f06bf00673a098766b78a22a62aa1d0c759083faa6d11d99b544b9453b5,Zigzag,24971954,14661265,24972310,14661645,916,940,88,50,0.43165064224979116
236ace95887006f561458d5613ad91eb66c19cba7ed96abfb13c5ef9bc99b08b,Zigzag,25029742,14513579,25030240,14514072,1058,1054,76,39,0.2084595168924408
cde94bcd9520d13fc68d3f30d053ffed22ca1893c8fdf5af8cccb01a5e3a0717,Zigzag,25005508,14470793,25006006,14471118,1058,885,78,43,0.010487832139543875
4120889c40d40b5a218b40265624eb4aca9715275f5f75f491bb5f352a4ed068,Zigzag,24910437,14682380,24910367,14682588,489,769,58,31,0.312168385996577
4120889c40d40b5a218b40265624eb4aca9715275f5f75f491bb5f352a4ed068,Zigzag,24910437,14682380,24910407,14682492,530,673,28,60,0.08162443099470751
1d35bca766ee458c2fabe96873aadf3d106bcd3827528acbc1e343c7bf12f8a4,FCBK,24886204,14603795,24886540,14604120,896,885,30,67,0.3257989105087932
1d35bca766ee458c2fabe96873aadf3d106bcd3827528acbc1e343c7bf12f8a4,FCBK,24886204,14603795,24886004,14603714,360,479,85,38,0.390304001061875
2e92085013d19942bbf429d16e6066a5e789e723365eb09d2b979fa25cdef3b1,Zigzag,25014829,14458543,25014539,14458064,270,81,42,79,0.21897955247522863
2e92085013d19942bbf429d16e6066a5e789e723365eb09d2b979fa25cdef3b1,Zigzag,25014829,14458543,25015126,14458017,857,34,43,78,0.36809553454705435
d15b4e516cba9211024d3ca7c97e85947890bb90b44c861378138d7a3c8995f3,FCBK,24874087,14549129,24873845,14549470,318,901,38,78,1.193811759740403
97ec16b5c40339e6fad5302904024f4c62a0b98ffefbeaf037fa018ee66b211a,Zigzag,25017625,14501368,25017422,14500992,357,184,40,83,0.33559767884460356
d749fa94d6acc7c4329595ec79e6a4f472d309c19d8fe399e44ad8510ee18279,FCBK,24875019,14601774,24874960,14601524,501,310,90,46,0.33549960793746136
b46dda23415022be8bd82fbb9d8c4b45c25dd264eefaeba943a7a33328fb4d91,FCBK,24861038,14512561,24860750,14512339,272,337,73,29,0.11304403935081249
854796c86d3d1f3286ee71614a6786342974c420e6e7c3deca26e73dd467867c,FCBK,25064229,14605815,25063837,14606170,169,914,117,48,1.5551479917037545
7add9fe15825da5d8d068221e0147845e57b7ac6da43cb9577868f276a9728d7,Zigzag,24965429,14600764,24965491,14600646,621,442,72,37,0.30423629384783046
cadf3421c9a85629b0dff8243d1535688c7b94b16024a518cb46cdfc1eb2f3da,Zigzag,24993392,14313724,24993390,14313374,559,210,75,41,0.15304181441373876
2e6beab4d183436e487031623dc9260a9c6af721b06a66146f322860ab051502,FCBK,24900185,14496277,24900369,14496420,744,703,40,77,0.440603091280688
cd3d7370a090f20bc9550d5249c848ed1238d76dcc59bed4daa4855e358cce0e,Zigzag,24984071,14350857,24983748,14350582,237,285,40,77,0.20939543492327872
80ae692f704e11714bc0dd1df32108eb89484b7b3fad547b0478a7fb60f2f2a9,Zigzag,24984071,14334367,24984366,14334679,855,872,47,82,0.1350201533829021
6c323aaa8978c99327f4a285d2933460b69ad0332d70fcc9116a752edfbc9125,Zigzag,25045587,14620960,25045239,14621425,212,1025,51,91,0.6000703810354882
4cbd9e1a24581aab0884089f80706ddd59db3b0080a708eae65fc45f6b260f3b,Zigzag,25063297,14605815,25062908,14606068,172,812,96,48,1.146551569351966
4cbd9e1a24581aab0884089f80706ddd59db3b0080a708eae65fc45f6b260f3b,Zigzag,25063297,14605815,25063363,14605851,626,596,37,90,0.08212049468200522
4cbd9e1a24581aab0884089f80706ddd59db3b0080a708eae65fc45f6b260f3b,FCBK,25063297,14605815,25063138,14605908,401,653,102,41,1.5687187948285257
9687859b00a84a1adc1266519ee7b38264a91a901afea115e5b4883302f52e99,Zigzag,24984071,14640119,24984129,14639765,618,206,35,72,0.7993973359835588
1b3ef00f44658d3825b412c661be88b99f550a8db671a2c66c0284e99b8331d3,FCBK,24890864,14501368,24891315,14501290,1011,482,91,43,0.19391549483681372
b561e8b4a8a739b6bb52ef388779d436cd9c25769fbfd31b87e26684d55cff91,Zigzag,25036267,14548114,25036095,14548406,389,851,37,81,0.21467694941809662
efd80396fc4420d2d352edeb1a917fad0cee10dd2a2825214beb3acdcce1e63c,Zigzag,25025082,14472834,25024597,14472624,75,350,80,38,1.5425416523677553
20e3930e77985dc77734f73a63ec06268953923acf10f81cf7f1c605e0b5a7c5,Zigzag,25042791,14620960,25042832,14620449,601,49,89,41,0.6299138973689706
58c8843f4d46ad7ca49de57ff3e671bd8542e4bddb8c8861f877f0013191c52c,FCBK,24927215,14511544,24927268,14511314,614,330,38,79,0.5367632469197513
309c23635b35052baefe541317b6b4126160bbb0ce58694ffe2d1fa3d2650723,Zigzag,25032538,14633064,25032623,14632719,645,215,87,50,0.39557752607342267
60eb9f645eaa0723ae686f855cf65a4897103805972962cf81a0138a449fa239,Zigzag,25062365,14618942,25062465,14618427,661,46,93,48,0.2298169037018994
c818edb54a91d8f00e494c30b2ab56171438c5fb0910e38a63e30de98476ff7a,Zigzag,24975682,14331273,24976080,14331065,957,352,37,74,0.19623214537956002
77468f19ab13b6f362e5f4e4304459855cd70b63bcd1ec504bd845d607ffab04,Zigzag,24964497,14588632,24965004,14588509,1066,438,38,76,1.5368223807687558
d551697b8483ea3debe5f227c2f3393f7c0d99f49f13c1b4f3a3285ec7b814b7,Zigzag,24943060,14567375,24942930,14567770,430,955,32,69,0.017386500231744647
e621ad116b14a052df435403f2f4b8e9c2a6a06095f42e516aa60b0273ad0e9f,Zigzag,24966362,14553185,24966417,14553684,616,1059,73,43,0.18358221342546768
e621ad116b14a052df435403f2f4b8e9c2a6a06095f42e516aa60b0273ad0e9f,Zigzag,24966362,14553185,24966147,14553587,346,961,76,43,0.04467198479947604
7bf5f19ca429ab35e5cc3c23ea533634b28c4010d5ed580e6835f65a97887258,Zigzag,24985003,14416602,24984768,14416436,325,395,40,82,1.3538846523270873
481908bae497ad328460b048ea41b195448342435d8eb1dbdf0819ad58005200,Zigzag,25027878,14512561,25028123,14512118,805,116,35,64,0.37917951113542325
d83e3efb0394e8becccedb49f5987b455df4ca8884d524c0bea058f0452f33b8,Zigzag,25022286,14463649,25022435,14463209,709,121,36,81,0.326184602813664
5ecb2850b7413d9cd348cdb01fa8a0400f3a3180c473e6fbf8e2abeb92c53eb5,FCBK,24836804,14583574,24837135,14583670,890,656,37,77,0.07815826857932054
c996c73fcc3a3a43510853044af93cba4214377798b977201d82d43a0d833984,Zigzag,24984071,14423772,24984602,14423619,1091,407,39,70,1.31983187673268
3708159b727ef482c88a21904c2b7cce55850ec9cf8d4a8f24d492a89db35c2a,FCBK,24957041,14463649,24956825,14464153,344,1064,71,41,0.15643295058779116
432e5f0516727833f73aa660227bbad47d110c47cde756cda7e4cd7648e853e2,Zigzag,25034402,14601774,25034570,14601659,728,445,64,41,0.42660175487619173
432e5f0516727833f73aa660227bbad47d110c47cde756cda7e4cd7648e853e2,Zigzag,25034402,14601774,25034817,14602117,974,903,38,69,0.000504899777515052
432e5f0516727833f73aa660227bbad47d110c47cde756cda7e4cd7648e853e2,Zigzag,25034402,14601774,25034509,14601470,666,256,74,34,1.3598791616247465
715376c47bd9f7ba51f8dabe999eb310ace11395e95d4799b1b1bd6a6d7e2d4b,FCBK,24923486,14499332,24923397,14499250,471,478,36,73,0.30184524124213
b90fd7675c3c01bdd0babe0e7d6b79f433c8bbc79f465ffcf7644d4ebd92288a,Zigzag,24999916,14454457,24999820,14454085,464,188,83,45,0.6715799847296418
5c9248a9bd8334aa1dbdd3c00e4921a8d6009bc4efc26163e70e7d90bd9bed6d,Zigzag,25025082,14512561,25024611,14512803,89,802,39,76,0.37702687802631224
3b17c1daeb857ec108f3e467d7f5aa23726fc4a44e88bc089d61999c89a9a9bf,Zigzag,24994324,14367325,24994563,14367302,800,537,45,83,1.436866355048975
c6d458632f24fbda5d119b5f4a3d92a4f5846b1e8c62cb755b977e73fa84f674,FCBK,25066093,14607836,25065755,14607510,223,234,50,116,0.9615263220898388
c6d458632f24fbda5d119b5f4a3d92a4f5846b1e8c62cb755b977e73fa84f674,FCBK,25066093,14607836,25065673,14607404,140,128,63,134,0.6302125043061957
c6d458632f24fbda5d119b5f4a3d92a4f5846b1e8c62cb755b977e73fa84f674,FCBK,25066093,14607836,25065820,14607879,288,603,54,107,1.4523129556875438
5ef44cae0fe3e92d93f6692c2908688c8adfdba6a815a4cbb987f2660d314ee9,Zigzag,25031606,14470793,25031449,14471045,403,812,32,69,0.6097620902954772
8ac820469a79608dbed193afc611003d83851b1d4c4efb8f6f875615fe95f8aa,Zigzag,25021354,14477934,25021065,14478321,271,947,38,68,1.5652255264266688
5fddc8c7e59e7f53f47287f495b50fd518bff09de08c1d3bfc5a0cd0551d3b99,FCBK,24910437,14496277,24909951,14496202,73,485,87,43,0.5676934661360407
5fddc8c7e59e7f53f47287f495b50fd518bff09de08c1d3bfc5a0cd0551d3b99,FCBK,24910437,14496277,24910772,14496128,894,411,92,45,0.3626350556269831
5fddc8c7e59e7f53f47287f495b50fd518bff09de08c1d3bfc5a0cd0551d3b99,FCBK,24910437,14496277,24910219,14495896,341,179,36,81,0.3936782261630054
207ba324c2fa5aad211dd49be2b72696e0e9a7ee17b8fcfbf5c636de863e11a5,FCBK,25031606,14656233,25031644,14656614,598,940,39,81,0.08821030353479738
207ba324c2fa5aad211dd49be2b72696e0e9a7ee17b8fcfbf5c636de863e11a5,FCBK,25031606,14656233,25031661,14656325,615,652,36,72,0.12613553173601832
dad4ec7420810dae5b3cc9436150f64d67e3c22fecdc0215eff412d176dcb101,Zigzag,25052112,14621969,25051894,14622246,343,837,42,86,0.7945468541111703
20328ec1273f3b13add5d6277eba824b1c96229c0179dc2b7b77ad6bac43263a,Zigzag,25035335,14613895,25035237,14614389,463,1055,35,75,1.0325252646449696
7bba7027150f76c62efb545866a28e39999ce74117e7f6207f572a90f15dc95f,Zigzag,25025082,14510527,25025242,14510123,720,156,124,41,1.5246944783225895
05d0962048fe114cce60d713290f2e7ddf2717f76bb8e33372eaf56bc450ce3e,Zigzag,24975682,14641127,24975488,14640812,366,245,69,36,0.09153939637782933
40b9de75fb965497412d7fd7337a17ee21af37003d1fb2bc660ea8d53f1556a5,FCBK,24830280,14531873,24830537,14531579,817,266,74,35,0.4595181263439485
879b8e096b0f168bbd303b72cf8c01c14d748dd25302e341d3ce956ac3dc813d,Zigzag,25020421,14477934,25020416,14478003,554,629,42,72,0.004086494036530217
